y,delta,z,alpha,mu1,mu2,mu3
-2.0,-2.0,0.3498353,0.40094826,0.04177588,0.5891318,0.36909235
-2.0,-1.96,0.35239857,0.402582,0.041335195,0.5875889,0.37107587
-2.0,-1.92,0.35494342,0.40420637,0.040901545,0.58605,0.3730485
-2.0,-1.88,0.35747018,0.40582153,0.040474687,0.5845149,0.3750104
-2.0,-1.84,0.35997924,0.40742767,0.04005449,0.58298373,0.37696183
-2.0,-1.8,0.36247104,0.4090249,0.039640754,0.58145636,0.37890285
-2.0,-1.76,0.3649459,0.41061336,0.039233383,0.5799329,0.38083372
-2.0,-1.72,0.36740428,0.4121933,0.038832176,0.5784131,0.38275462
-2.0,-1.68,0.36984652,0.4137649,0.038436957,0.57689726,0.38466582
-2.0,-1.64,0.372273,0.41532815,0.038047638,0.57538503,0.3865673
-2.0,-1.6,0.37468424,0.41688353,0.037664026,0.57387644,0.3884596
-2.0,-1.56,0.37708044,0.41843092,0.037285987,0.5723714,0.39034256
-2.0,-1.52,0.37946203,0.41997063,0.036913406,0.57087,0.39221656
-2.0,-1.48,0.38182947,0.4215029,0.036546122,0.569372,0.3940819
-2.0,-1.44,0.3841831,0.42302778,0.036184013,0.56787735,0.39593863
-2.0,-1.4,0.38652316,0.42454547,0.03582699,0.56638604,0.39778695
-2.0,-1.36,0.38885012,0.42605615,0.035474885,0.564898,0.3996271
-2.0,-1.32,0.39116433,0.42755997,0.035127576,0.56341314,0.40145925
-2.0,-1.28,0.3934661,0.4290572,0.03478496,0.5619314,0.4032837
-2.0,-1.24,0.3957557,0.4305477,0.03444695,0.56045264,0.40510035
-2.0,-1.2,0.39803347,0.43203205,0.034113426,0.55897695,0.4069097
-2.0,-1.16,0.40029973,0.43350998,0.033784285,0.5575041,0.40871164
-2.0,-1.12,0.40255478,0.43498182,0.033459432,0.5560341,0.41050646
-2.0,-1.08,0.4047988,0.43644765,0.033138774,0.554567,0.41229427
-2.0,-1.04,0.4070322,0.43790764,0.03282219,0.5531025,0.4140753
-2.0,-1.0,0.40925512,0.43936187,0.032509632,0.55164075,0.41584957
-2.0,-0.96,0.41146776,0.44081047,0.03220102,0.5501818,0.41761723
-2.0,-0.92,0.41367048,0.44225344,0.031896245,0.54872537,0.41937837
-2.0,-0.88,0.41586348,0.44369113,0.031595238,0.54727143,0.42113334
-2.0,-0.84,0.41804683,0.44512334,0.031297944,0.54582024,0.42288187
-2.0,-0.8,0.4202208,0.44655028,0.031004261,0.5443715,0.42462426
-2.0,-0.76,0.42238563,0.44797206,0.030714154,0.54292524,0.4263606
-2.0,-0.72,0.42454138,0.44938868,0.030427543,0.5414815,0.428091
-2.0,-0.68,0.42668822,0.45080018,0.03014436,0.5400403,0.42981532
-2.0,-0.64,0.42882633,0.45220673,0.029864548,0.5386016,0.43153387
-2.0,-0.6,0.4309558,0.45360827,0.029588072,0.5371654,0.43324652
-2.0,-0.56,0.4330768,0.45500487,0.029314835,0.5357317,0.43495345
-2.0,-0.52,0.4351895,0.45639664,0.029044816,0.5343005,0.4366547
-2.0,-0.48,0.43729383,0.4577835,0.028777974,0.53287184,0.43835017
-2.0,-0.44,0.43939003,0.4591656,0.028514205,0.53144574,0.44004005
-2.0,-0.4,0.44147813,0.4605428,0.028253525,0.53002226,0.44172424
-2.0,-0.36,0.44355825,0.46191525,0.027995856,0.52860135,0.44340277
-2.0,-0.32,0.44563046,0.463283,0.027741158,0.52718306,0.4450758
-2.0,-0.28,0.44769475,0.46464595,0.027489388,0.52576745,0.44674322
-2.0,-0.24,0.44975135,0.46600416,0.027240505,0.52435446,0.44840506
-2.0,-0.2,0.45180014,0.4673576,0.026994482,0.5229443,0.45006123
-2.0,-0.16,0.45384127,0.46870637,0.026751254,0.5215368,0.45171192
-2.0,-0.12,0.45587483,0.4700504,0.026510794,0.5201322,0.45335704
-2.0,-0.08,0.4579007,0.4713897,0.026273066,0.5187304,0.45499656
-2.0,-0.04,0.4599191,0.47272426,0.026038053,0.5173314,0.45663047
-2.0,0.0,0.46192995,0.47405407,0.02580571,0.5159355,0.45825878
-2.0,0.04,0.4639335,0.4753793,0.02557596,0.5145424,0.45988166
-2.0,0.08,0.4659295,0.47669968,0.025348812,0.51315236,0.46149883
-2.0,0.12,0.46791816,0.4780154,0.025124237,0.51176536,0.46311042
-2.0,0.16,0.4698995,0.47932637,0.024902169,0.5103814,0.4647164
-2.0,0.2,0.47187346,0.48063254,0.024682617,0.5090006,0.46631676
-2.0,0.24,0.4738402,0.48193404,0.024465522,0.507623,0.4679115
-2.0,0.28,0.47579953,0.48323068,0.024250874,0.50624865,0.46950048
-2.0,0.32,0.4777518,0.4845226,0.024038618,0.50487745,0.4710839
-2.0,0.36,0.47969678,0.4858098,0.02382873,0.50350964,0.47266167
-2.0,0.4,0.48163453,0.4870922,0.023621194,0.5021452,0.4742337
-2.0,0.44,0.48356512,0.4883698,0.023415966,0.500784,0.47580004
-2.0,0.48,0.48548844,0.4896425,0.023213044,0.49942636,0.47736055
-2.0,0.52,0.4874047,0.49091053,0.02301237,0.49807218,0.47891545
-2.0,0.56,0.4893137,0.49217355,0.022813952,0.49672157,0.48046443
-2.0,0.6,0.4912155,0.49343175,0.022617746,0.49537465,0.48200765
-2.0,0.64,0.49311015,0.49468505,0.02242372,0.49403128,0.48354498
-2.0,0.68,0.49499753,0.49593335,0.022231882,0.49269176,0.48507637
-2.0,0.72,0.49687767,0.49717677,0.022042172,0.49135602,0.48660186
-2.0,0.76,0.49875045,0.49841502,0.021854604,0.4900242,0.4881212
-2.0,0.8,0.500616,0.4996483,0.021669127,0.48869628,0.4896346
-2.0,0.84,0.50247407,0.5008764,0.021485765,0.4873725,0.49114177
-2.0,0.88,0.5043247,0.5020993,0.021304468,0.48605287,0.4926427
-2.0,0.92,0.5061677,0.5033169,0.021125223,0.48473752,0.49413726
-2.0,0.96,0.50800306,0.5045292,0.02094803,0.4834266,0.4956254
-2.0,1.0,0.50983065,0.505736,0.020772858,0.48212013,0.49710703
-2.0,1.04,0.5116504,0.50693727,0.020599721,0.4808183,0.49858198
-2.0,1.08,0.51346207,0.50813293,0.02042857,0.4795213,0.5000501
-2.0,1.12,0.5152655,0.50932276,0.020259444,0.47822925,0.5015113
-2.0,1.16,0.5170606,0.5105067,0.020092294,0.4769424,0.5029653
-2.0,1.2,0.5188473,0.5116848,0.019927124,0.47566065,0.50441223
-2.0,1.24,0.52062505,0.51285654,0.01976394,0.47438455,0.50585157
-2.0,1.28,0.5223939,0.514022,0.01960274,0.473114,0.5072833
-2.0,1.32,0.5241536,0.51518095,0.01944351,0.47184932,0.5087071
-2.0,1.36,0.5259038,0.5163333,0.019286247,0.4705908,0.5101229
-2.0,1.4,0.5276444,0.5174789,0.019130955,0.46933854,0.5115305
-2.0,1.44,0.5293751,0.5186174,0.018977623,0.4680928,0.51292956
-2.0,1.48,0.5310956,0.5197488,0.018826254,0.46685374,0.51432
-2.0,1.52,0.5328056,0.52087283,0.01867685,0.4656217,0.5157015
-2.0,1.56,0.53450495,0.52198935,0.018529417,0.46439683,0.5170738
-2.0,1.6,0.5361932,0.52309805,0.018383944,0.46317944,0.5184366
-2.0,1.64,0.5378702,0.5241989,0.018240426,0.46196967,0.5197899
-2.0,1.68,0.5395357,0.5252916,0.018098854,0.46076784,0.5211333
-2.0,1.72,0.5411893,0.52637607,0.017959256,0.45957416,0.5224666
-2.0,1.76,0.5428309,0.52745205,0.017821595,0.45838872,0.52378964
-2.0,1.8,0.54446006,0.52851945,0.017685894,0.45721197,0.52510214
-2.0,1.84,0.54607654,0.529578,0.017552143,0.45604405,0.52640384
-2.0,1.88,0.54768026,0.53062755,0.017420322,0.454885,0.52769464
-2.0,1.92,0.54927075,0.531668,0.017290443,0.4537353,0.5289743
-2.0,1.96,0.5508481,0.5326992,0.01716248,0.4525948,0.53024274
-2.0,2.0,0.55241203,0.5337212,0.017036421,0.4514638,0.5314998
-1.96,-2.0,0.34503537,0.3978957,0.042611502,0.59200096,0.3653876
-1.96,-1.96,0.34764642,0.3995551,0.04215522,0.59044343,0.36740133
-1.96,-1.92,0.35023874,0.40120524,0.041706245,0.5888894,0.36940435
-1.96,-1.88,0.35281274,0.40284622,0.041264374,0.5873389,0.3713967
-1.96,-1.84,0.35536867,0.40447804,0.040829446,0.58579206,0.37337846
-1.96,-1.8,0.35790706,0.40610105,0.04040126,0.5842488,0.37534997
-1.96,-1.76,0.36042824,0.4077153,0.039979678,0.582709,0.37731132
-1.96,-1.72,0.36293262,0.409321,0.039564513,0.5811727,0.37926278
-1.96,-1.68,0.3654205,0.41091818,0.03915566,0.57964003,0.3812043
-1.96,-1.64,0.36789235,0.41250724,0.0387529,0.5781107,0.38313636
-1.96,-1.6,0.37034863,0.4140882,0.038356125,0.5765848,0.38505906
-1.96,-1.56,0.37278956,0.41566128,0.037965175,0.57506233,0.38697252
-1.96,-1.52,0.37521565,0.4172265,0.0375799,0.57354313,0.38887691
-1.96,-1.48,0.37762716,0.41878423,0.03720019,0.57202727,0.39077252
-1.96,-1.44,0.3800246,0.42033464,0.03682584,0.5705145,0.39265966
-1.96,-1.4,0.38240823,0.42187774,0.036456805,0.56900495,0.39453828
-1.96,-1.36,0.38477847,0.42341378,0.036092896,0.5674983,0.3964087
-1.96,-1.32,0.38713568,0.42494297,0.03573401,0.56599486,0.3982711
-1.96,-1.28,0.3894801,0.4264654,0.03538004,0.5644943,0.40012565
-1.96,-1.24,0.3918122,0.4279813,0.035030857,0.56299657,0.4019726
-1.96,-1.2,0.39413223,0.42949075,0.03468634,0.5615016,0.40381205
-1.96,-1.16,0.3964405,0.43099385,0.034346398,0.5600094,0.40564412
-1.96,-1.12,0.3987373,0.4324909,0.034010928,0.55852,0.4074691
-1.96,-1.08,0.4010229,0.43398178,0.03367982,0.5570331,0.40928698
-1.96,-1.04,0.40329763,0.43546692,0.03335299,0.5555489,0.4110981
-1.96,-1.0,0.40556183,0.4369463,0.03303033,0.55406713,0.41290253
-1.96,-0.96,0.40781558,0.43842003,0.032711767,0.55258787,0.4147004
-1.96,-0.92,0.41005918,0.43988815,0.032397203,0.55111104,0.41649175
-1.96,-0.88,0.4122928,0.44135082,0.032086574,0.5496367,0.4182767
-1.96,-0.84,0.4145168,0.44280824,0.0317798,0.5481647,0.42005554
-1.96,-0.8,0.4167313,0.44426027,0.03147678,0.5466951,0.42182812
-1.96,-0.76,0.41893652,0.44570717,0.031177483,0.5452277,0.42359474
-1.96,-0.72,0.4211326,0.447149,0.0308818,0.54376274,0.42535543
-1.96,-0.68,0.4233197,0.44858572,0.030589692,0.54230005,0.4271102
-1.96,-0.64,0.42549795,0.45001754,0.030301072,0.5408398,0.42885917
-1.96,-0.6,0.4276676,0.45144436,0.030015921,0.53938174,0.43060237
-1.96,-0.56,0.42982864,0.45286632,0.029734144,0.53792596,0.43233985
-1.96,-0.52,0.43198135,0.45428345,0.029455692,0.53647256,0.43407172
-1.96,-0.48,0.43412578,0.45569584,0.029180508,0.5350215,0.43579802
-1.96,-0.44,0.43626198,0.4571034,0.028908549,0.53357273,0.4375187
-1.96,-0.4,0.43839014,0.45850623,0.028639762,0.53212637,0.43923384
-1.96,-0.36,0.44051024,0.45990434,0.028374096,0.53068244,0.44094342
-1.96,-0.32,0.44262254,0.46129784,0.028111516,0.52924085,0.44264764
-1.96,-0.28,0.44472694,0.4626866,0.027851962,0.5278018,0.44434628
-1.96,-0.24,0.44682363,0.4640707,0.027595403,0.52636516,0.44603947
-1.96,-0.2,0.4489126,0.46545017,0.027341766,0.524931,0.44772717
-1.96,-0.16,0.45099396,0.466825,0.027091052,0.52349955,0.44940948
-1.96,-0.12,0.45306772,0.4681952,0.026843196,0.5220705,0.45108628
-1.96,-0.08,0.455134,0.46956074,0.026598176,0.5206441,0.45275766
-1.96,-0.04,0.4571928,0.47092164,0.02635594,0.5192205,0.45442355
-1.96,0.0,0.45924413,0.47227794,0.02611645,0.5177995,0.456084
-1.96,0.04,0.4612881,0.47362962,0.025879677,0.5163813,0.45773903
-1.96,0.08,0.46332476,0.47497666,0.025645563,0.5149659,0.45938855
-1.96,0.12,0.46535408,0.47631904,0.02541412,0.51355326,0.4610326
-1.96,0.16,0.46737614,0.47765675,0.025185276,0.5121436,0.46267113
-1.96,0.2,0.46939093,0.47898984,0.024959018,0.5107368,0.46430418
-1.96,0.24,0.4713985,0.48031822,0.0247353,0.5093331,0.46593162
-1.96,0.28,0.47339883,0.48164195,0.024514113,0.5079323,0.46755356
-1.96,0.32,0.475392,0.4829609,0.024295392,0.50653464,0.46916988
-1.96,0.36,0.4773781,0.48427534,0.024079116,0.50514007,0.47078082
-1.96,0.4,0.47935688,0.4855849,0.023865286,0.5037488,0.47238597
-1.96,0.44,0.4813286,0.48688978,0.023653848,0.50236064,0.47398552
-1.96,0.48,0.48329315,0.48818985,0.02344478,0.5009758,0.4755794
-1.96,0.52,0.48525053,0.48948509,0.02323807,0.49959436,0.47716752
-1.96,0.56,0.48720077,0.4907756,0.023033662,0.4982164,0.47874996
-1.96,0.6,0.4891438,0.49206117,0.022831548,0.49684188,0.4803266
-1.96,0.64,0.4910796,0.49334183,0.02263172,0.49547094,0.48189735
-1.96,0.68,0.49300814,0.49461758,0.022434134,0.49410364,0.4834622
-1.96,0.72,0.49492946,0.49588835,0.022238776,0.4927401,0.4850211
-1.96,0.76,0.49684337,0.49715403,0.022045624,0.4913804,0.486574
-1.96,0.8,0.49874982,0.4984146,0.021854669,0.49002463,0.4881207
-1.96,0.84,0.50064886,0.49967003,0.021665886,0.48867288,0.48966125
-1.96,0.88,0.5025403,0.5009202,0.021479253,0.4873253,0.49119547
-1.96,0.92,0.504424,0.5021649,0.02129477,0.485982,0.4927232
-1.96,0.96,0.5063,0.50340426,0.021112414,0.48464307,0.49424452
-1.96,1.0,0.508168,0.5046381,0.020932166,0.48330867,0.4957591
-1.96,1.04,0.5100278,0.50586617,0.02075403,0.48197913,0.49726683
-1.96,1.08,0.51187944,0.5070885,0.020578003,0.4806544,0.4987676
-1.96,1.12,0.5137227,0.5083049,0.020404052,0.47933462,0.5002613
-1.96,1.16,0.51555735,0.5095153,0.020232184,0.47802013,0.5017477
-1.96,1.2,0.51738316,0.5107194,0.02006239,0.47671103,0.5032265
-1.96,1.24,0.51919985,0.51191723,0.019894665,0.47540763,0.50469774
-1.96,1.28,0.52100736,0.51310843,0.019729007,0.47410995,0.50616103
-1.96,1.32,0.52280533,0.514293,0.019565405,0.47281837,0.5076162
-1.96,1.36,0.52459353,0.5154707,0.01940387,0.4715331,0.50906307
-1.96,1.4,0.5263717,0.51664126,0.019244391,0.47025424,0.5105013
-1.96,1.44,0.5281396,0.5178046,0.019086972,0.46898213,0.5119308
-1.96,1.48,0.5298969,0.51896065,0.018931596,0.46771705,0.5133514
-1.96,1.52,0.53164333,0.52010894,0.018778281,0.46645918,0.5147626
-1.96,1.56,0.5333786,0.5212493,0.018627023,0.46520874,0.5161642
-1.96,1.6,0.5351025,0.5223817,0.018477807,0.46396598,0.51755613
-1.96,1.64,0.53681463,0.52350605,0.018330637,0.46273124,0.5189382
-1.96,1.68,0.5385148,0.52462184,0.018185511,0.46150464,0.52030987
-1.96,1.72,0.5402026,0.52572906,0.018042441,0.46028647,0.5216711
-1.96,1.76,0.5418779,0.52682745,0.017901389,0.45907694,0.52302164
-1.96,1.8,0.54354054,0.5279171,0.017762383,0.4578762,0.52436143
-1.96,1.84,0.5451901,0.5289976,0.017625382,0.45668456,0.52569014
-1.96,1.88,0.54682624,0.5300687,0.017490415,0.45550224,0.52700734
-1.96,1.92,0.54844904,0.5311305,0.01735744,0.45432928,0.5283132
-1.96,1.96,0.5500581,0.5321828,0.017226467,0.453166,0.52960753
-1.96,2.0,0.55165327,0.5332254,0.017097484,0.45201257,0.53089
-1.92,-2.0,0.3402177,0.39484078,0.04346403,0.5948541,0.3616818
-1.92,-1.96,0.34287685,0.3965258,0.042991735,0.59328264,0.36372563
-1.92,-1.92,0.34551704,0.39820156,0.042527016,0.5917142,0.36575875
-1.92,-1.88,0.34813857,0.39986822,0.04206969,0.59014904,0.36778134
-1.92,-1.84,0.3507418,0.4015258,0.04161958,0.588587,0.36979347
-1.92,-1.8,0.35332718,0.40317443,0.04117654,0.5870282,0.37179524
-1.92,-1.76,0.355895,0.4048144,0.040740337,0.58547264,0.373787
-1.92,-1.72,0.35844576,0.40644577,0.04031087,0.5839203,0.37576878
-1.92,-1.68,0.36097977,0.40806872,0.039887942,0.58237123,0.37774083
-1.92,-1.64,0.36349738,0.40968335,0.0394714,0.5808254,0.37970322
-1.92,-1.6,0.3659991,0.41129,0.039061073,0.5792826,0.38165632
-1.92,-1.56,0.36848518,0.41288865,0.038656827,0.57774293,0.38360018
-1.92,-1.52,0.3709561,0.4144795,0.038258534,0.5762065,0.38553494
-1.92,-1.48,0.3734122,0.41606277,0.037866004,0.57467306,0.38746098
-1.92,-1.44,0.3758539,0.41763863,0.03747909,0.57314247,0.3893784
-1.92,-1.4,0.37828153,0.41920725,0.037097685,0.57161486,0.3912874
-1.92,-1.36,0.38069543,0.42076874,0.036721673,0.57009023,0.39318812
-1.92,-1.32,0.38309607,0.4223233,0.03635088,0.5685682,0.3950808
-1.92,-1.28,0.38548368,0.4238711,0.035985205,0.56704915,0.39696562
-1.92,-1.24,0.3878587,0.42541233,0.035624545,0.5655327,0.3988428
-1.92,-1.2,0.39022127,0.42694697,0.035268757,0.56401885,0.40071237
-1.92,-1.16,0.39257205,0.4284755,0.034917712,0.56250745,0.4025748
-1.92,-1.12,0.394911,0.42999765,0.03457133,0.56099874,0.40442988
-1.92,-1.08,0.3972386,0.4315139,0.034229506,0.5594924,0.40627807
-1.92,-1.04,0.39955518,0.43302423,0.03389213,0.55798846,0.40811938
-1.92,-1.0,0.4018609,0.4345288,0.033559106,0.5564869,0.409954
-1.92,-0.96,0.40415603,0.43602768,0.033230364,0.55498767,0.41178203
-1.92,-0.92,0.40644088,0.43752095,0.032905772,0.55349064,0.41360354
-1.92,-0.88,0.40871575,0.4390089,0.032585252,0.5519959,0.4154189
-1.92,-0.84,0.41098064,0.44049147,0.032268744,0.5505034,0.41722792
-1.92,-0.8,0.41323596,0.44196874,0.03195619,0.54901296,0.41903087
-1.92,-0.76,0.41548195,0.4434409,0.03164744,0.5475247,0.42082787
-1.92,-0.72,0.41771865,0.444908,0.031342484,0.5460386,0.42261893
-1.92,-0.68,0.41994634,0.44637007,0.031041227,0.5445546,0.4244042
-1.92,-0.64,0.42216516,0.44782722,0.030743599,0.5430727,0.42618373
-1.92,-0.6,0.42437524,0.4492795,0.03044954,0.5415929,0.4279576
-1.92,-0.56,0.4265767,0.4507269,0.030159008,0.54011524,0.42972577
-1.92,-0.52,0.42876974,0.45216948,0.029871937,0.5386397,0.43148836
-1.92,-0.48,0.4309545,0.45360738,0.029588245,0.5371663,0.43324545
-1.92,-0.44,0.43313107,0.4550406,0.029307878,0.53569496,0.43499714
-1.92,-0.4,0.43529955,0.45646918,0.029030817,0.5342259,0.43674335
-1.92,-0.36,0.43746004,0.45789307,0.028756976,0.5327589,0.43848413
-1.92,-0.32,0.43961266,0.45931235,0.028486324,0.5312941,0.44021952
-1.92,-0.28,0.4417575,0.4607271,0.028218808,0.5298316,0.44194958
-1.92,-0.24,0.44389457,0.46213725,0.027954377,0.5283714,0.4436743
-1.92,-0.2,0.44602403,0.46354285,0.027693002,0.5269134,0.44539368
-1.92,-0.16,0.4481459,0.46494383,0.02743463,0.52545774,0.44710764
-1.92,-0.12,0.4502602,0.46634027,0.027179228,0.52400446,0.44881633
-1.92,-0.08,0.45236713,0.46773228,0.026926732,0.52255356,0.45051977
-1.92,-0.04,0.4544666,0.46911967,0.026677113,0.5211052,0.45221776
-1.92,0.0,0.45655864,0.4705025,0.026430342,0.5196593,0.4539104
-1.92,0.04,0.45864353,0.47188085,0.026186371,0.5182158,0.45559785
-1.92,0.08,0.460721,0.4732546,0.025945185,0.5167751,0.4572798
-1.92,0.12,0.4627913,0.47462383,0.025706714,0.5153368,0.45895645
-1.92,0.16,0.46485433,0.47598848,0.025470955,0.51390135,0.4606277
-1.92,0.2,0.46691018,0.47734848,0.025237858,0.51246864,0.4622935
-1.92,0.24,0.46895894,0.47870404,0.025007376,0.5110386,0.463954
-1.92,0.28,0.47100055,0.48005494,0.024779504,0.5096115,0.46560904
-1.92,0.32,0.47303495,0.4814011,0.02455421,0.50818723,0.46725848
-1.92,0.36,0.47506225,0.4827428,0.024331456,0.5067661,0.46890256
-1.92,0.4,0.4770825,0.48407972,0.024111198,0.5053478,0.47054106
-1.92,0.44,0.47909558,0.48541197,0.023893433,0.50393265,0.472174
-1.92,0.48,0.48110163,0.48673955,0.023678109,0.5025205,0.47380137
-1.92,0.52,0.48310044,0.48806226,0.023465222,0.50111175,0.475423
-1.92,0.56,0.4850921,0.48938024,0.023254728,0.49970624,0.47703898
-1.92,0.6,0.48707664,0.49069345,0.023046618,0.49830413,0.47864926
-1.92,0.64,0.48905388,0.49200165,0.022840872,0.49690548,0.4802536
-1.92,0.68,0.49102387,0.493305,0.022637447,0.49551037,0.48185214
-1.92,0.72,0.49298653,0.49460325,0.02243633,0.49411896,0.48344466
-1.92,0.76,0.49494168,0.49589643,0.02223753,0.4927314,0.48503107
-1.92,0.8,0.49688947,0.49718457,0.02204099,0.4913476,0.48661143
-1.92,0.84,0.49882966,0.49846742,0.021846708,0.4899678,0.4881855
-1.92,0.88,0.500762,0.4997448,0.021654686,0.48859233,0.489753
-1.92,0.92,0.5026866,0.50101686,0.021464875,0.487221,0.49131417
-1.92,0.96,0.50460327,0.5022834,0.02127729,0.4858541,0.49286863
-1.92,1.0,0.50651175,0.50354415,0.021091912,0.48449183,0.49441624
-1.92,1.04,0.50841194,0.5047991,0.02090873,0.48313436,0.49595687
-1.92,1.08,0.51030374,0.50604826,0.020727728,0.48178178,0.49749047
-1.92,1.12,0.5121868,0.5072914,0.020548912,0.4804344,0.49901673
-1.92,1.16,0.51406103,0.5085281,0.020372268,0.4790923,0.5005354
-1.92,1.2,0.5159261,0.50975853,0.020197783,0.47775578,0.5020464
-1.92,1.24,0.5177818,0.51098233,0.020025482,0.4764251,0.50354946
-1.92,1.28,0.519628,0.51219946,0.01985531,0.47510034,0.5050444
-1.92,1.32,0.52146417,0.5134094,0.019687334,0.47378188,0.5065307
-1.92,1.36,0.52329046,0.51461256,0.019521479,0.4724698,0.5080088
-1.92,1.4,0.5251062,0.5158082,0.019357776,0.47116446,0.50947773
-1.92,1.44,0.5269112,0.51699644,0.019196229,0.46986616,0.5109377
-1.92,1.48,0.52870524,0.5181768,0.019036839,0.46857503,0.51238817
-1.92,1.52,0.53048813,0.5193494,0.018879578,0.46729127,0.5138291
-1.92,1.56,0.53225935,0.52051383,0.018724471,0.46601537,0.5152602
-1.92,1.6,0.53401864,0.52166986,0.018571505,0.4647474,0.5166811
-1.92,1.64,0.53576595,0.5228175,0.018420666,0.46348757,0.51809174
-1.92,1.68,0.5375007,0.52395636,0.018271971,0.46223634,0.51949173
-1.92,1.72,0.5392228,0.5250863,0.018125385,0.46099365,0.5208809
-1.92,1.76,0.54093194,0.5262073,0.01798092,0.45975998,0.5222591
-1.92,1.8,0.5426278,0.52731895,0.017838575,0.4585354,0.52362597
-1.92,1.84,0.5443103,0.52842134,0.01769833,0.45732018,0.5249815
-1.92,1.88,0.54597896,0.5295141,0.017560188,0.4561146,0.5263253
-1.92,1.92,0.5476339,0.5305972,0.017424123,0.45491853,0.52765733
-1.92,1.96,0.5492746,0.5316705,0.017290125,0.45373246,0.5289774
-1.92,2.0,0.5509012,0.5327339,0.017158192,0.45255643,0.5302854
-1.88,-2.0,0.3353848,0.39178556,0.04433336,0.59768915,0.35797742
-1.88,-1.96,0.33809236,0.39349604,0.043844603,0.5961043,0.36005107
-1.88,-1.92,0.34078068,0.3951973,0.043363675,0.5945222,0.3621142
-1.88,-1.88,0.34345013,0.39688942,0.04289049,0.5929427,0.36416674
-1.88,-1.84,0.34610096,0.3985726,0.042424798,0.5913663,0.36620894
-1.88,-1.8,0.3487337,0.40024686,0.041966446,0.58979255,0.36824095
-1.88,-1.76,0.3513486,0.40191254,0.041515242,0.5882218,0.370263
-1.88,-1.72,0.35394603,0.40356943,0.04107107,0.58665395,0.37227497
-1.88,-1.68,0.3565265,0.40521806,0.040633667,0.585089,0.37427732
-1.88,-1.64,0.35909033,0.40685838,0.040202938,0.58352697,0.37627012
-1.88,-1.6,0.36163786,0.4084906,0.039778717,0.58196783,0.3782535
-1.88,-1.56,0.3641695,0.41011477,0.03936081,0.5804115,0.38022763
-1.88,-1.52,0.36668572,0.41173133,0.03894908,0.5788581,0.3821929
-1.88,-1.48,0.36918682,0.41334018,0.038543377,0.57730734,0.38414928
-1.88,-1.44,0.3716731,0.41494155,0.038143583,0.5757595,0.386097
-1.88,-1.4,0.3741451,0.41653562,0.037749518,0.5742143,0.38803625
-1.88,-1.36,0.37660313,0.41812256,0.037361033,0.57267165,0.3899673
-1.88,-1.32,0.3790476,0.41970265,0.03697801,0.5711317,0.39189035
-1.88,-1.28,0.38147876,0.42127582,0.036600336,0.5695942,0.39380544
-1.88,-1.24,0.3838971,0.42284238,0.036227863,0.56805927,0.39571285
-1.88,-1.2,0.3863028,0.42440248,0.035860475,0.5665267,0.39761278
-1.88,-1.16,0.38869628,0.42595625,0.03549806,0.56499654,0.3995054
-1.88,-1.12,0.39107785,0.42750376,0.035140492,0.5634687,0.4013908
-1.88,-1.08,0.39344788,0.42904532,0.03478767,0.5619431,0.40326923
-1.88,-1.04,0.39580652,0.43058085,0.03443948,0.56041974,0.40514073
-1.88,-1.0,0.3981542,0.4321107,0.03409583,0.55889857,0.4070056
-1.88,-0.96,0.40049118,0.43363485,0.033756595,0.5573794,0.4088639
-1.88,-0.92,0.40281764,0.43515342,0.033421744,0.5558625,0.4107158
-1.88,-0.88,0.40513396,0.43666667,0.0330911,0.55434746,0.41256145
-1.88,-0.84,0.4074402,0.43817443,0.03276464,0.5528346,0.41440076
-1.88,-0.8,0.40973678,0.43967706,0.03244225,0.55132353,0.41623417
-1.88,-0.76,0.41202384,0.44117463,0.03212386,0.54981446,0.41806164
-1.88,-0.72,0.41430157,0.44266713,0.03180937,0.54830736,0.4198833
-1.88,-0.68,0.41657013,0.4441546,0.03149875,0.54680216,0.4216991
-1.88,-0.64,0.41882974,0.4456371,0.031191923,0.5452989,0.42350918
-1.88,-0.6,0.42108053,0.4471148,0.030888777,0.5437975,0.42531368
-1.88,-0.56,0.42332277,0.4485878,0.03058928,0.542298,0.4271127
-1.88,-0.52,0.42555654,0.45005608,0.030293347,0.54080045,0.42890623
-1.88,-0.48,0.42778194,0.45151964,0.030000951,0.53930473,0.4306943
-1.88,-0.44,0.42999917,0.45297855,0.02971201,0.537811,0.432477
-1.88,-0.4,0.4322082,0.45443285,0.029426478,0.5363192,0.4342543
-1.88,-0.36,0.43440938,0.45588267,0.029144282,0.5348293,0.4360264
-1.88,-0.32,0.43660262,0.4573279,0.02886539,0.53334147,0.43779317
-1.88,-0.28,0.43878815,0.45876873,0.02858973,0.5318555,0.43955478
-1.88,-0.24,0.44096592,0.4602049,0.028317293,0.5303717,0.44131097
-1.88,-0.2,0.44313613,0.4616367,0.028047988,0.5288899,0.4430621
-1.88,-0.16,0.4452988,0.46306404,0.027781785,0.5274102,0.44480798
-1.88,-0.12,0.44745395,0.4644869,0.027518647,0.52593267,0.44654864
-1.88,-0.08,0.44960174,0.46590534,0.02725854,0.5244573,0.44828412
-1.88,-0.04,0.45174223,0.46731934,0.027001401,0.52298415,0.4500144
-1.88,0.0,0.45387524,0.46872887,0.02674721,0.5215134,0.45173943
-1.88,0.04,0.45600122,0.470134,0.026495896,0.52004474,0.45345935
-1.88,0.08,0.45811984,0.4715346,0.026247468,0.5185786,0.45517394
-1.88,0.12,0.46023136,0.47293082,0.026001865,0.5171149,0.45688334
-1.88,0.16,0.4623357,0.47432244,0.025759023,0.5156535,0.4585874
-1.88,0.2,0.46443295,0.47570965,0.025518954,0.5141947,0.46028626
-1.88,0.24,0.46652302,0.47709236,0.025281612,0.5127386,0.46197978
-1.88,0.28,0.46860608,0.47847056,0.025046948,0.51128507,0.463668
-1.88,0.32,0.4706821,0.4798442,0.024814934,0.50983423,0.46535087
-1.88,0.36,0.472751,0.4812132,0.02458555,0.50838614,0.46702826
-1.88,0.4,0.47481287,0.48257768,0.024358764,0.50694096,0.46870026
-1.88,0.44,0.47686762,0.4839375,0.024134543,0.5054987,0.47036675
-1.88,0.48,0.47891527,0.48529264,0.02391287,0.5040594,0.47202772
-1.88,0.52,0.4809558,0.48664305,0.023693703,0.5026232,0.4736831
-1.88,0.56,0.48298916,0.48798865,0.023477027,0.50119025,0.47533274
-1.88,0.6,0.4850154,0.48932952,0.02326281,0.49976042,0.47697675
-1.88,0.64,0.4870343,0.49066544,0.02305104,0.49833408,0.47861493
-1.88,0.68,0.48904586,0.49199638,0.022841703,0.49691117,0.48024714
-1.88,0.72,0.49105006,0.49332225,0.022634758,0.49549183,0.48187333
-1.88,0.76,0.49304676,0.49464312,0.022430187,0.49407625,0.48349354
-1.88,0.8,0.4950359,0.49595872,0.022227997,0.49266452,0.48510748
-1.88,0.84,0.4970173,0.49726906,0.022028146,0.49125677,0.4867151
-1.88,0.88,0.49899095,0.49857402,0.021830615,0.48985302,0.4883163
-1.88,0.92,0.5009565,0.49987337,0.021635428,0.48845378,0.48991078
-1.88,0.96,0.5029139,0.50116706,0.021442547,0.48705897,0.49149853
-1.88,1.0,0.504863,0.502455,0.021251976,0.48566872,0.49307927
-1.88,1.04,0.5068037,0.50373703,0.021063672,0.48428336,0.494653
-1.88,1.08,0.5087356,0.5050129,0.02087766,0.48290306,0.49621934
-1.88,1.12,0.51065856,0.50628257,0.020693934,0.48152795,0.4977781
-1.88,1.16,0.51257235,0.50754577,0.020512467,0.4801584,0.49932915
-1.88,1.2,0.5144768,0.5088025,0.020333253,0.47879443,0.5008723
-1.88,1.24,0.5163714,0.5100522,0.02015631,0.47743657,0.50240713
-1.88,1.28,0.51825625,0.5112951,0.01998163,0.47608477,0.5039336
-1.88,1.32,0.5201309,0.51253086,0.019809185,0.47473934,0.5054515
-1.88,1.36,0.5219949,0.5137591,0.019639006,0.47340065,0.5069603
-1.88,1.4,0.52384824,0.51497996,0.019471057,0.47206882,0.5084601
-1.88,1.44,0.5256903,0.51619273,0.019305373,0.47074437,0.5099502
-1.88,1.48,0.5275212,0.51739776,0.019141912,0.4694272,0.51143086
-1.88,1.52,0.52934027,0.5185945,0.018980697,0.46811786,0.5129014
-1.88,1.56,0.5311474,0.5197829,0.018821709,0.4668164,0.5143619
-1.88,1.6,0.5329421,0.5209625,0.018664975,0.4655233,0.5158117
-1.88,1.64,0.5347244,0.52213347,0.018510442,0.46423864,0.51725096
-1.88,1.68,0.5364937,0.52329534,0.018358145,0.46296272,0.51867914
-1.88,1.72,0.53825,0.52444816,0.018208053,0.46169564,0.5200963
-1.88,1.76,0.53999287,0.5255915,0.018060178,0.4604379,0.52150196
-1.88,1.8,0.541722,0.5267253,0.017914478,0.45918953,0.522896
-1.88,1.84,0.54343736,0.52784944,0.017770978,0.4579507,0.5242783
-1.88,1.88,0.5451386,0.5289638,0.017629642,0.45672175,0.5256486
-1.88,1.92,0.5468255,0.5300682,0.017490469,0.45550275,0.52700675
-1.88,1.96,0.548498,0.5311625,0.017353449,0.45429394,0.5283526
-1.88,2.0,0.5501558,0.5322467,0.01721854,0.45309538,0.5296861
-1.84,-2.0,0.3305392,0.38873208,0.04521933,0.6005037,0.354277
-1.84,-1.96,0.33329543,0.3904678,0.04471361,0.5989062,0.3563802
-1.84,-1.92,0.33603215,0.39219427,0.044216104,0.5973111,0.35847285
-1.84,-1.88,0.33874974,0.39391178,0.043726582,0.5957182,0.3605552
-1.84,-1.84,0.34144852,0.3956204,0.043244895,0.59412783,0.36262733
-1.84,-1.8,0.3441289,0.39732015,0.04277085,0.59253985,0.36468932
-1.84,-1.76,0.34679115,0.39901125,0.042304244,0.5909545,0.3667413
-1.84,-1.72,0.34943575,0.40069383,0.041844897,0.5893716,0.3687835
-1.84,-1.68,0.352063,0.40236795,0.041392688,0.5877914,0.37081596
-1.84,-1.64,0.3546733,0.40403384,0.040947396,0.58621365,0.37283894
-1.84,-1.6,0.3572671,0.40569165,0.04050885,0.5846385,0.37485263
-1.84,-1.56,0.3598447,0.40734145,0.04007693,0.583066,0.37685707
-1.84,-1.52,0.36240652,0.40898347,0.039651442,0.581496,0.37885255
-1.84,-1.48,0.36495292,0.41061792,0.03923223,0.5799286,0.38083923
-1.84,-1.44,0.36748436,0.41224483,0.038819157,0.5783636,0.38281727
-1.84,-1.4,0.37000117,0.4138644,0.038412042,0.576801,0.38478687
-1.84,-1.36,0.37250373,0.4154769,0.038010783,0.5752409,0.38674825
-1.84,-1.32,0.37499237,0.41708243,0.03761523,0.57368326,0.3887016
-1.84,-1.28,0.37746745,0.41868103,0.037225235,0.5721278,0.39064693
-1.84,-1.24,0.37992945,0.4202731,0.03684066,0.5705747,0.3925847
-1.84,-1.2,0.38237867,0.42185858,0.03646136,0.5690237,0.39451495
-1.84,-1.16,0.38481534,0.4234377,0.036087263,0.56747496,0.3964378
-1.84,-1.12,0.38723987,0.42501062,0.035718214,0.5659283,0.3983535
-1.84,-1.08,0.38965264,0.4265775,0.03535412,0.5643837,0.40026224
-1.84,-1.04,0.39205387,0.42813843,0.03499484,0.5628411,0.40216407
-1.84,-1.0,0.39444387,0.42969358,0.034640286,0.5613005,0.40405926
-1.84,-0.96,0.396823,0.4312431,0.034290347,0.55976176,0.40594792
-1.84,-0.92,0.39919147,0.43278703,0.03394491,0.5582249,0.40783018
-1.84,-0.88,0.40154952,0.43432552,0.03360392,0.55669,0.40970612
-1.84,-0.84,0.40389755,0.43585873,0.033267245,0.5551567,0.411576
-1.84,-0.8,0.4062356,0.43738678,0.032934822,0.55362535,0.41343984
-1.84,-0.76,0.40856406,0.43890968,0.03260654,0.55209565,0.4152978
-1.84,-0.72,0.4108831,0.44042757,0.032282334,0.5505677,0.41714996
-1.84,-0.68,0.4131928,0.44194043,0.031962145,0.5490415,0.4189963
-1.84,-0.64,0.41549364,0.4434486,0.03164585,0.54751694,0.42083725
-1.84,-0.6,0.41778556,0.4449519,0.0313334,0.5459941,0.42267254
-1.84,-0.56,0.42006877,0.44645047,0.031024747,0.5444729,0.42450237
-1.84,-0.52,0.42234352,0.44794437,0.03071978,0.5429534,0.42632684
-1.84,-0.48,0.42460984,0.44943368,0.030418469,0.54143554,0.42814595
-1.84,-0.44,0.42686796,0.4509184,0.030120755,0.53991944,0.42995974
-1.84,-0.4,0.42911795,0.45239857,0.02982657,0.53840506,0.4317683
-1.84,-0.36,0.4313601,0.4538744,0.029535808,0.5368923,0.43357182
-1.84,-0.32,0.43359423,0.4553457,0.029248511,0.53538144,0.43537003
-1.84,-0.28,0.43582073,0.4568126,0.02896455,0.53387225,0.43716317
-1.84,-0.24,0.43803948,0.45827508,0.0286839,0.5323649,0.4389512
-1.84,-0.2,0.44025072,0.45973316,0.028406508,0.53085935,0.44073412
-1.84,-0.16,0.44245437,0.46118686,0.028132359,0.52935576,0.4425119
-1.84,-0.12,0.44465068,0.46263623,0.027861344,0.52785397,0.44428465
-1.84,-0.08,0.4468396,0.46408123,0.027593456,0.5263542,0.44605234
-1.84,-0.04,0.44902128,0.46552196,0.027328629,0.5248563,0.44781503
-1.84,0.0,0.4511957,0.46695828,0.027066857,0.52336055,0.4495726
-1.84,0.04,0.45336288,0.46839023,0.026808076,0.5218669,0.451325
-1.84,0.08,0.45552295,0.46981782,0.026552262,0.5203754,0.45307234
-1.84,0.12,0.4576759,0.47124112,0.026299365,0.518886,0.4548146
-1.84,0.16,0.45982173,0.4726599,0.026049355,0.517399,0.45655164
-1.84,0.2,0.4619606,0.47407442,0.025802176,0.5159142,0.45828366
-1.84,0.24,0.4640924,0.4754844,0.025557822,0.51443183,0.46001038
-1.84,0.28,0.46621722,0.47689006,0.02531621,0.5129518,0.46173197
-1.84,0.32,0.4683349,0.47829112,0.025077384,0.51147443,0.4634482
-1.84,0.36,0.47044563,0.4796877,0.024841262,0.5099996,0.46515912
-1.84,0.4,0.47254926,0.48107973,0.02460784,0.50852746,0.46686468
-1.84,0.44,0.47464594,0.48246726,0.02437705,0.507058,0.46856493
-1.84,0.48,0.47673553,0.48385006,0.024148898,0.50559145,0.4702596
-1.84,0.52,0.4788179,0.4852282,0.02392336,0.5041279,0.47194874
-1.84,0.56,0.48089325,0.48660162,0.02370039,0.50266725,0.4736323
-1.84,0.6,0.48296124,0.48797017,0.023479994,0.5012099,0.4753101
-1.84,0.64,0.485022,0.48933393,0.023262106,0.4997558,0.47698215
-1.84,0.68,0.48707533,0.49069256,0.023046754,0.49830505,0.4786482
-1.84,0.72,0.48912132,0.4920463,0.022833876,0.49685776,0.48030835
-1.84,0.76,0.4911596,0.49339473,0.022623496,0.49541423,0.48196226
-1.84,0.8,0.49319026,0.49473798,0.022415549,0.49397445,0.48360994
-1.84,0.84,0.495213,0.4960759,0.022210062,0.49253872,0.48525122
-1.84,0.88,0.4972279,0.49740833,0.022006996,0.49110705,0.48688596
-1.84,0.92,0.49923447,0.49873504,0.021806363,0.4896798,0.4885139
-1.84,0.96,0.50123286,0.500056,0.021608116,0.48825693,0.49013498
-1.84,1.0,0.50322264,0.5013711,0.021412257,0.48683882,0.4917489
-1.84,1.04,0.5052038,0.5026801,0.02121881,0.48542556,0.49335566
-1.84,1.08,0.5071758,0.5039828,0.021027738,0.48401755,0.49495468
-1.84,1.12,0.5091387,0.5052791,0.020839026,0.48261487,0.4965461
-1.84,1.16,0.5110921,0.50656873,0.02065269,0.4812178,0.4981295
-1.84,1.2,0.5130358,0.5078516,0.020468729,0.4798266,0.4997047
-1.84,1.24,0.51496947,0.50912744,0.020287119,0.47844145,0.5012714
-1.84,1.28,0.51689285,0.5103961,0.02010785,0.47706267,0.5028295
-1.84,1.32,0.51880574,0.5116574,0.01993095,0.47569045,0.5043786
-1.84,1.36,0.5207076,0.5129109,0.019756392,0.47432524,0.5059183
-1.84,1.4,0.5225983,0.51415664,0.019584185,0.4729671,0.5074487
-1.84,1.44,0.52447754,0.51539433,0.019414322,0.47161645,0.50896925
-1.84,1.48,0.52634495,0.5166237,0.019246781,0.4702735,0.5104797
-1.84,1.52,0.5282003,0.5178447,0.019081574,0.46893847,0.51198
-1.84,1.56,0.5300432,0.5190568,0.018918721,0.46761173,0.5134696
-1.84,1.6,0.5318733,0.52026004,0.018758187,0.46629354,0.5149483
-1.84,1.64,0.5336904,0.5214542,0.018599954,0.464984,0.516416
-1.84,1.68,0.5354942,0.52263904,0.018444045,0.46368355,0.5178724
-1.84,1.72,0.53728455,0.5238145,0.018290421,0.46239224,0.5193173
-1.84,1.76,0.539061,0.52498025,0.018139098,0.46111044,0.52075046
-1.84,1.8,0.54082334,0.5261361,0.01799007,0.45983836,0.52217156
-1.84,1.84,0.54257154,0.5272821,0.017843287,0.45857605,0.5235807
-1.84,1.88,0.5443051,0.52841794,0.017698767,0.45732394,0.5249773
-1.84,1.92,0.54602414,0.52954364,0.017556474,0.45608187,0.52636164
-1.84,1.96,0.5477283,0.530659,0.017416388,0.4548503,0.5277333
-1.84,2.0,0.5494175,0.5317639,0.017278505,0.4536292,0.5290923
-1.8,-2.0,0.32568344,0.38568214,0.046121687,0.6032955,0.3505828
-1.8,-1.96,0.3284885,0.38744274,0.04559864,0.60168624,0.35271508
-1.8,-1.92,0.33127388,0.3891944,0.045084067,0.60007876,0.35483715
-1.8,-1.88,0.33403987,0.39093706,0.044577826,0.59847325,0.35694897
-1.8,-1.84,0.3367868,0.39267096,0.044079732,0.5968696,0.35905072
-1.8,-1.8,0.33951512,0.39439604,0.043589547,0.595268,0.36114243
-1.8,-1.76,0.34222507,0.39611253,0.043107107,0.5936686,0.3632243
-1.8,-1.72,0.344917,0.3978205,0.04263226,0.5920714,0.36529636
-1.8,-1.68,0.34759146,0.39952016,0.042164806,0.5904763,0.36735892
-1.8,-1.64,0.35024863,0.40121156,0.04170456,0.58888346,0.36941198
-1.8,-1.6,0.35288897,0.40289485,0.041251358,0.58729297,0.37145573
-1.8,-1.56,0.3555129,0.40457016,0.040805027,0.5857047,0.37349036
-1.8,-1.52,0.35812074,0.40623772,0.040365394,0.5841185,0.37551606
-1.8,-1.48,0.36071286,0.40789765,0.039932303,0.58253473,0.37753296
-1.8,-1.44,0.3632897,0.4095501,0.039505616,0.5809531,0.37954125
-1.8,-1.4,0.36585167,0.41119522,0.039085165,0.5793737,0.3815411
-1.8,-1.36,0.3683991,0.41283327,0.038670763,0.5777964,0.38353282
-1.8,-1.32,0.3709323,0.41446418,0.03826234,0.5762213,0.38551638
-1.8,-1.28,0.3734518,0.41608834,0.03785968,0.57464826,0.3874921
-1.8,-1.24,0.37595785,0.41770577,0.037462685,0.5730772,0.3894601
-1.8,-1.2,0.37845084,0.41931674,0.03707121,0.57150817,0.39142066
-1.8,-1.16,0.38093108,0.42092127,0.036685128,0.5699411,0.3933738
-1.8,-1.12,0.38339898,0.4225196,0.036304317,0.5683758,0.39531982
-1.8,-1.08,0.38585484,0.42411187,0.03592865,0.5668125,0.39725885
-1.8,-1.04,0.388299,0.4256982,0.035558008,0.56525093,0.39919105
-1.8,-1.0,0.3907317,0.42727873,0.035192277,0.5636911,0.40111658
-1.8,-0.96,0.39315337,0.4288537,0.03483134,0.562133,0.4030357
-1.8,-0.92,0.39556417,0.43042302,0.03447512,0.5605765,0.40494835
-1.8,-0.88,0.3979644,0.4319869,0.034123518,0.5590217,0.4068547
-1.8,-0.84,0.40035433,0.43354553,0.033776388,0.5574686,0.40875503
-1.8,-0.8,0.4027343,0.435099,0.03343369,0.55591697,0.41064942
-1.8,-0.76,0.40510452,0.43664744,0.033095285,0.55436677,0.41253796
-1.8,-0.72,0.40746516,0.4381908,0.032761116,0.5528182,0.41442072
-1.8,-0.68,0.4098165,0.43972933,0.032431107,0.551271,0.4162979
-1.8,-0.64,0.4121587,0.441263,0.03210516,0.54972535,0.4181695
-1.8,-0.6,0.41449198,0.44279194,0.0317832,0.5481812,0.42003563
-1.8,-0.56,0.41681656,0.4443162,0.031465165,0.5466384,0.42189643
-1.8,-0.52,0.4191325,0.44583583,0.031150997,0.5450972,0.42375183
-1.8,-0.48,0.4214401,0.44735098,0.030840581,0.54355735,0.4256021
-1.8,-0.44,0.42373943,0.4488616,0.030533891,0.542019,0.42744714
-1.8,-0.4,0.4260306,0.45036775,0.030230856,0.54048204,0.42928702
-1.8,-0.36,0.42831385,0.45186955,0.029931417,0.53894675,0.43112186
-1.8,-0.32,0.43058923,0.45336694,0.029635502,0.5374128,0.43295163
-1.8,-0.28,0.43285692,0.45486003,0.029343067,0.5358805,0.43477643
-1.8,-0.24,0.43511692,0.45634884,0.029054062,0.5343497,0.43659624
-1.8,-0.2,0.43736932,0.45783332,0.028768424,0.5328206,0.43841106
-1.8,-0.16,0.43961433,0.45931342,0.028486118,0.531293,0.44022086
-1.8,-0.12,0.44185197,0.46078944,0.028207066,0.52976704,0.44202584
-1.8,-0.08,0.44408235,0.4622612,0.027931245,0.5282429,0.44382593
-1.8,-0.04,0.4463054,0.46372858,0.027658623,0.5267205,0.4456209
-1.8,0.0,0.44852132,0.46519175,0.027389118,0.52519983,0.447411
-1.8,0.04,0.45073012,0.46665066,0.027122732,0.52368104,0.44919616
-1.8,0.08,0.45293182,0.46810538,0.026859382,0.5221642,0.45097637
-1.8,0.12,0.45512643,0.46955574,0.026599074,0.5206494,0.45275152
-1.8,0.16,0.45731404,0.47100183,0.026341734,0.51913655,0.45452172
-1.8,0.2,0.45949474,0.47244364,0.026087318,0.51762575,0.4562869
-1.8,0.24,0.46166843,0.47388113,0.025835808,0.51611716,0.458047
-1.8,0.28,0.46383515,0.47531423,0.0255872,0.5146108,0.45980197
-1.8,0.32,0.4659948,0.47674295,0.025341414,0.5131069,0.4615518
-1.8,0.36,0.46814752,0.47816715,0.025098452,0.5116053,0.4632963
-1.8,0.4,0.4702932,0.47958684,0.02485826,0.5101062,0.46503556
-1.8,0.44,0.47243193,0.48100206,0.02462081,0.50860965,0.46676952
-1.8,0.48,0.47456357,0.48241276,0.024386086,0.5071158,0.4684981
-1.8,0.52,0.47668803,0.48381865,0.024154069,0.50562483,0.4702211
-1.8,0.56,0.47880533,0.4852199,0.023924729,0.50413674,0.47193852
-1.8,0.6,0.48091543,0.48661634,0.023698024,0.5026517,0.47365034
-1.8,0.64,0.48301816,0.48800784,0.023473943,0.5011698,0.47535625
-1.8,0.68,0.48511338,0.48939434,0.02325249,0.49969122,0.47705624
-1.8,0.72,0.4872012,0.49077585,0.02303361,0.49821603,0.47875035
-1.8,0.76,0.4892812,0.4921521,0.02281732,0.4967446,0.4804381
-1.8,0.8,0.49135342,0.49352297,0.022603573,0.49527687,0.48211953
-1.8,0.84,0.4934177,0.49488848,0.022392357,0.49381307,0.48379454
-1.8,0.88,0.49547386,0.49624836,0.022183683,0.49235344,0.4854628
-1.8,0.92,0.49752164,0.49760255,0.021977523,0.4908982,0.4871243
-1.8,0.96,0.4995609,0.49895087,0.021773871,0.48944747,0.4887787
-1.8,1.0,0.5015914,0.50029296,0.021572702,0.4880015,0.49042577
-1.8,1.04,0.50361294,0.50162905,0.02137403,0.48656052,0.4920655
-1.8,1.08,0.50562507,0.5029585,0.021177867,0.48512492,0.4936973
-1.8,1.12,0.50762784,0.50428134,0.020984145,0.48369467,0.49532118
-1.8,1.16,0.5096209,0.5055975,0.0207929,0.48227012,0.49693698
-1.8,1.2,0.5116037,0.5069065,0.02060414,0.48085174,0.49854416
-1.8,1.24,0.5135763,0.5082083,0.020417826,0.47943947,0.5001427
-1.8,1.28,0.5155383,0.5095027,0.020233963,0.47803378,0.50173223
-1.8,1.32,0.51748925,0.5107894,0.02005256,0.47663495,0.50331247
-1.8,1.36,0.5194289,0.51206815,0.0198736,0.47524324,0.50488317
-1.8,1.4,0.52135694,0.51333886,0.0196971,0.4738589,0.50644404
-1.8,1.44,0.52327305,0.51460105,0.019523045,0.4724823,0.50799465
-1.8,1.48,0.525177,0.51585484,0.019351415,0.47111353,0.5095351
-1.8,1.52,0.5270684,0.5170998,0.019182224,0.46975303,0.5110647
-1.8,1.56,0.5289469,0.51833576,0.019015467,0.46840107,0.5125835
-1.8,1.6,0.5308122,0.5195625,0.01885111,0.46705782,0.514091
-1.8,1.64,0.5326641,0.5207798,0.01868918,0.46572363,0.5155871
-1.8,1.68,0.53450227,0.52198756,0.018529642,0.46439874,0.5170716
-1.8,1.72,0.5363265,0.52318555,0.018372495,0.46308324,0.5185442
-1.8,1.76,0.5381365,0.5243736,0.018217724,0.46177757,0.5200047
-1.8,1.8,0.539932,0.52555156,0.018065315,0.4604818,0.5214529
-1.8,1.84,0.5417128,0.5267192,0.017915256,0.45919612,0.52288854
-1.8,1.88,0.5434788,0.5278766,0.017767524,0.45792082,0.52431166
-1.8,1.92,0.54522973,0.52902347,0.017622108,0.4566559,0.52572197
-1.8,1.96,0.54696554,0.53015983,0.017478958,0.4554016,0.52711946
-1.8,2.0,0.54868597,0.5312855,0.017338095,0.45415804,0.5285039
-1.76,-2.0,0.32082012,0.38263774,0.047040254,0.6060625,0.34689727
-1.76,-1.96,0.32367423,0.3844231,0.046499394,0.60444224,0.3490584
-1.76,-1.92,0.3265084,0.38619956,0.045967344,0.60282326,0.3512094
-1.76,-1.88,0.32932302,0.38796723,0.04544396,0.6012056,0.3533504
-1.76,-1.84,0.33211842,0.38972613,0.04492901,0.5995895,0.35548145
-1.76,-1.8,0.33489487,0.39147642,0.04442229,0.5979751,0.3576027
-1.76,-1.76,0.3376528,0.39321816,0.043923642,0.5963622,0.35971418
-1.76,-1.72,0.34039244,0.39495143,0.04343287,0.5947512,0.361816
-1.76,-1.68,0.34311426,0.39667642,0.04294978,0.593142,0.3639083
-1.76,-1.64,0.3458186,0.3983932,0.04247419,0.59153455,0.36599126
-1.76,-1.6,0.34850585,0.4001019,0.042005938,0.58992904,0.368065
-1.76,-1.56,0.35117644,0.40180272,0.041544817,0.58832544,0.3701297
-1.76,-1.52,0.35383055,0.40349573,0.041090712,0.58672386,0.37218544
-1.76,-1.48,0.3564688,0.40518117,0.040643416,0.58512414,0.3742325
-1.76,-1.44,0.35909143,0.40685904,0.040202755,0.58352625,0.37627092
-1.76,-1.4,0.3616989,0.4085297,0.039768595,0.5819304,0.37830105
-1.76,-1.36,0.36429152,0.41019318,0.039340753,0.58033633,0.3803229
-1.76,-1.32,0.36686972,0.4118496,0.03891912,0.57874423,0.3823367
-1.76,-1.28,0.3694339,0.4134992,0.038503498,0.5771538,0.3843427
-1.76,-1.24,0.37198436,0.41514212,0.038093776,0.5755653,0.38634098
-1.76,-1.2,0.37452155,0.4167785,0.037689805,0.57397836,0.3883318
-1.76,-1.16,0.37704575,0.41840854,0.037291437,0.57239324,0.39031532
-1.76,-1.12,0.37955728,0.42003226,0.03689858,0.57080984,0.3922916
-1.76,-1.08,0.38205662,0.42165,0.03651105,0.569228,0.39426097
-1.76,-1.04,0.38454404,0.42326176,0.03612876,0.5676477,0.39622357
-1.76,-1.0,0.3870198,0.42486778,0.035751577,0.5660689,0.39817953
-1.76,-0.96,0.3894843,0.42646813,0.03537942,0.5644917,0.40012896
-1.76,-0.92,0.39193773,0.4280629,0.03501214,0.5629158,0.40207204
-1.76,-0.88,0.39438045,0.4296523,0.03464965,0.5613414,0.40400895
-1.76,-0.84,0.39681274,0.43123636,0.03429185,0.5597684,0.40593973
-1.76,-0.8,0.3992349,0.43281537,0.03393861,0.5581967,0.4078647
-1.76,-0.76,0.40164715,0.4343892,0.033589873,0.5566263,0.4097838
-1.76,-0.72,0.40404975,0.4359582,0.03324552,0.55505717,0.4116973
-1.76,-0.68,0.40644288,0.4375223,0.032905478,0.5534894,0.41360518
-1.76,-0.64,0.40882686,0.43908158,0.03256967,0.55192274,0.41550758
-1.76,-0.6,0.4112018,0.44063625,0.032237984,0.55035734,0.41740462
-1.76,-0.56,0.4135679,0.4421862,0.031910393,0.54879326,0.41929632
-1.76,-0.52,0.41592538,0.44373173,0.03158678,0.54723036,0.42118287
-1.76,-0.48,0.41827443,0.44527265,0.031267095,0.54566866,0.4230642
-1.76,-0.44,0.42061526,0.44680926,0.030951247,0.5441082,0.42494056
-1.76,-0.4,0.42294785,0.44834146,0.030639175,0.542549,0.4268118
-1.76,-0.36,0.4252726,0.44986936,0.030330842,0.540991,0.42867815
-1.76,-0.32,0.42758942,0.45139298,0.030026153,0.5394343,0.43053958
-1.76,-0.28,0.4298985,0.45291233,0.029725073,0.5378789,0.43239608
-1.76,-0.24,0.4321999,0.4544274,0.029427532,0.5363248,0.43424764
-1.76,-0.2,0.43449387,0.45593834,0.02913349,0.53477204,0.43609446
-1.76,-0.16,0.43678042,0.45744514,0.028842874,0.5332207,0.43793646
-1.76,-0.12,0.43905964,0.45894766,0.028555648,0.5316707,0.4397736
-1.76,-0.08,0.44133157,0.46044612,0.028271748,0.5301222,0.441606
-1.76,-0.04,0.4435964,0.46194044,0.027991151,0.52857524,0.44343358
-1.76,0.0,0.44585392,0.46343052,0.0277138,0.52702993,0.44525626
-1.76,0.04,0.44810453,0.46491653,0.02743965,0.5254861,0.44707423
-1.76,0.08,0.45034805,0.4663983,0.027168654,0.523944,0.44888732
-1.76,0.12,0.45258462,0.46787593,0.026900772,0.5224036,0.45069557
-1.76,0.16,0.45481417,0.46934935,0.026635967,0.5208651,0.4524989
-1.76,0.2,0.45703688,0.47081858,0.026374226,0.51932836,0.4542974
-1.76,0.24,0.45925254,0.47228354,0.02611546,0.51779366,0.45609084
-1.76,0.28,0.4614614,0.4737442,0.025859678,0.5162609,0.45787936
-1.76,0.32,0.46366316,0.4752005,0.025606858,0.51473045,0.4596627
-1.76,0.36,0.46585813,0.47665244,0.02535691,0.5132021,0.46144098
-1.76,0.4,0.46804604,0.4781,0.025109854,0.5116761,0.46321407
-1.76,0.44,0.4702269,0.47954297,0.024865657,0.5101525,0.4649818
-1.76,0.48,0.47240078,0.48098147,0.02462426,0.50863147,0.4667443
-1.76,0.52,0.47456744,0.4824153,0.024385665,0.5071131,0.46850124
-1.76,0.56,0.47672695,0.48384443,0.024149828,0.5055975,0.47025266
-1.76,0.6,0.47887915,0.48526877,0.023916755,0.5040848,0.47199845
-1.76,0.64,0.48102388,0.48668808,0.023686413,0.5025753,0.47373828
-1.76,0.68,0.4831612,0.48810253,0.023458777,0.5010689,0.47547233
-1.76,0.72,0.48529086,0.48951176,0.023233814,0.49956593,0.47720024
-1.76,0.76,0.4874127,0.49091583,0.023011535,0.49806654,0.47892195
-1.76,0.8,0.48952654,0.4923144,0.022791924,0.49657097,0.48063716
-1.76,0.84,0.49163234,0.49370748,0.022574933,0.4950792,0.48234585
-1.76,0.88,0.49372974,0.49509484,0.02236059,0.49359167,0.48404768
-1.76,0.92,0.4958187,0.49647647,0.022148848,0.4921085,0.48574266
-1.76,0.96,0.4978988,0.49785197,0.021939727,0.49063,0.4874303
-1.76,1.0,0.49996993,0.49922124,0.021733215,0.4891563,0.48911053
-1.76,1.04,0.50203186,0.5005841,0.02152929,0.48768762,0.49078307
-1.76,1.08,0.50408417,0.50194037,0.021327958,0.48622438,0.4924476
-1.76,1.12,0.5061267,0.5032898,0.021129208,0.48476672,0.494104
-1.76,1.16,0.5081591,0.50463223,0.020933017,0.48331505,0.49575192
-1.76,1.2,0.5101813,0.5059675,0.0207394,0.48186937,0.49739125
-1.76,1.24,0.51219255,0.50729513,0.020548364,0.48043025,0.49902135
-1.76,1.28,0.5141928,0.5086151,0.020359887,0.47899786,0.5006422
-1.76,1.32,0.51618177,0.50992715,0.020173978,0.47757253,0.50225353
-1.76,1.36,0.5181591,0.51123106,0.019990595,0.47615442,0.50385493
-1.76,1.4,0.5201243,0.5125265,0.01980979,0.47474405,0.5054462
-1.76,1.44,0.5220772,0.5138134,0.019631518,0.47334152,0.507027
-1.76,1.48,0.52401745,0.5150913,0.019455785,0.47194722,0.50859696
-1.76,1.52,0.5259447,0.5163602,0.019282585,0.47056141,0.510156
-1.76,1.56,0.52785873,0.5176199,0.019111907,0.46918428,0.5117038
-1.76,1.6,0.5297591,0.51887006,0.018943736,0.4678163,0.51324004
-1.76,1.64,0.5316457,0.5201105,0.018778076,0.46645746,0.5147645
-1.76,1.68,0.5335181,0.52134097,0.018614914,0.46510822,0.51627684
-1.76,1.72,0.53537613,0.5225615,0.018454226,0.4637687,0.5177771
-1.76,1.76,0.5372194,0.52377176,0.018295996,0.46243924,0.5192648
-1.76,1.8,0.539048,0.52497166,0.018140215,0.46111983,0.52074
-1.76,1.84,0.54086137,0.526161,0.017986862,0.4598109,0.5222022
-1.76,1.88,0.5426597,0.52733994,0.017835906,0.4585124,0.5236517
-1.76,1.92,0.5444425,0.5285079,0.017687362,0.45722467,0.52508795
-1.76,1.96,0.54620975,0.5296652,0.017541157,0.4559478,0.5265111
-1.76,2.0,0.5479614,0.5308115,0.0173973,0.45468178,0.5279209
-1.72,-2.0,0.3159519,0.37960094,0.047974676,0.6088024,0.34322292
-1.72,-1.96,0.31885517,0.38141072,0.04741559,0.607172,0.34541237
-1.72,-1.92,0.3217384,0.38321176,0.046865664,0.60554224,0.34759203
-1.72,-1.88,0.32460177,0.3850041,0.0463247,0.6039135,0.3497618
-1.72,-1.84,0.3274458,0.3867879,0.0457925,0.60228556,0.35192192
-1.72,-1.8,0.33027065,0.38856313,0.045268863,0.6006589,0.3540723
-1.72,-1.76,0.33307672,0.3903299,0.044753578,0.59903336,0.3562131
-1.72,-1.72,0.33586434,0.3920883,0.04424648,0.5974091,0.35834438
-1.72,-1.68,0.3386338,0.39383844,0.0437474,0.59578633,0.36046627
-1.72,-1.64,0.3413856,0.3955805,0.043256078,0.59416497,0.36257893
-1.72,-1.6,0.34412003,0.39731455,0.042772397,0.59254515,0.36468247
-1.72,-1.56,0.34683746,0.3990407,0.04229615,0.5909268,0.36677706
-1.72,-1.52,0.3495383,0.40075913,0.041827176,0.5893101,0.36886278
-1.72,-1.48,0.35222295,0.40246993,0.04136528,0.5876949,0.3709398
-1.72,-1.44,0.35489166,0.4041733,0.040910326,0.5860813,0.37300834
-1.72,-1.4,0.357545,0.40586936,0.0404621,0.5844693,0.37506855
-1.72,-1.36,0.36018318,0.40755832,0.04002048,0.582859,0.37712058
-1.72,-1.32,0.36280668,0.40924016,0.039585315,0.58125013,0.37916452
-1.72,-1.28,0.3654159,0.41091532,0.039156403,0.5796429,0.3812008
-1.72,-1.24,0.36801115,0.41258365,0.038733654,0.5780371,0.38322926
-1.72,-1.2,0.3705928,0.4142455,0.038316872,0.5764328,0.38525036
-1.72,-1.16,0.3731613,0.41590098,0.037905928,0.57483,0.38726413
-1.72,-1.12,0.3757169,0.4175502,0.03750071,0.57322854,0.38927078
-1.72,-1.08,0.37826005,0.4191934,0.037101068,0.5716285,0.3912705
-1.72,-1.04,0.380791,0.4208306,0.03670687,0.57002974,0.39326343
-1.72,-1.0,0.3833101,0.422462,0.036317986,0.56843233,0.39524966
-1.72,-0.96,0.38581774,0.42408782,0.0359343,0.5668362,0.39722955
-1.72,-0.92,0.3883142,0.42570812,0.0355557,0.5652412,0.39920312
-1.72,-0.88,0.39079973,0.427323,0.03518209,0.5636474,0.40117052
-1.72,-0.84,0.39327466,0.42893258,0.034813352,0.5620548,0.40313184
-1.72,-0.8,0.39573932,0.43053716,0.034449365,0.5604633,0.4050874
-1.72,-0.76,0.39819387,0.4321365,0.03409005,0.5588728,0.40703708
-1.72,-0.72,0.40063873,0.43373108,0.033735298,0.5572834,0.40898126
-1.72,-0.68,0.40307397,0.43532085,0.033384997,0.55569506,0.41091996
-1.72,-0.64,0.40549994,0.43690586,0.033039115,0.5541077,0.4128532
-1.72,-0.6,0.40791675,0.4384862,0.03269751,0.55252135,0.41478112
-1.72,-0.56,0.41032475,0.44006205,0.03236014,0.55093604,0.4167039
-1.72,-0.52,0.41272408,0.44163334,0.032026913,0.5493516,0.4186215
-1.72,-0.48,0.41511488,0.44320026,0.031697724,0.5477682,0.4205341
-1.72,-0.44,0.41749734,0.4447628,0.031372543,0.54618585,0.42244166
-1.72,-0.4,0.41987163,0.446321,0.031051286,0.54460436,0.4243443
-1.72,-0.36,0.422238,0.44787505,0.03073387,0.54302394,0.42624217
-1.72,-0.32,0.4245965,0.4494249,0.030420242,0.54144454,0.42813522
-1.72,-0.28,0.4269472,0.45097053,0.030110348,0.53986615,0.43002343
-1.72,-0.24,0.42929035,0.4525121,0.029804122,0.53828883,0.43190697
-1.72,-0.2,0.43162602,0.45404953,0.029501494,0.5367127,0.4337858
-1.72,-0.16,0.43395433,0.4555829,0.029202426,0.5351376,0.43565997
-1.72,-0.12,0.4362753,0.45711216,0.028906872,0.5335637,0.4375294
-1.72,-0.08,0.438589,0.45863736,0.02861476,0.53199106,0.43939418
-1.72,-0.04,0.44089562,0.46015856,0.028326051,0.53041965,0.4412543
-1.72,0.0,0.4431952,0.4616757,0.028040677,0.52884954,0.44310978
-1.72,0.04,0.4454877,0.46318877,0.027758632,0.5272808,0.44496056
-1.72,0.08,0.44777325,0.46469772,0.027479855,0.52571356,0.44680658
-1.72,0.12,0.45005184,0.46620265,0.027204303,0.52414775,0.44864792
-1.72,0.16,0.45232362,0.46770352,0.026931902,0.52258354,0.45048457
-1.72,0.2,0.45458838,0.4692002,0.026662683,0.521021,0.4523163
-1.72,0.24,0.45684627,0.47069255,0.02639658,0.51946026,0.4541431
-1.72,0.28,0.4590974,0.47218096,0.026133515,0.51790124,0.45596525
-1.72,0.32,0.46134147,0.4736649,0.02587351,0.51634425,0.45778224
-1.72,0.36,0.4635787,0.47514462,0.025616508,0.5147892,0.45959428
-1.72,0.4,0.46580893,0.4766199,0.025362497,0.5132364,0.4614011
-1.72,0.44,0.46803212,0.47809076,0.025111418,0.5116858,0.46320274
-1.72,0.48,0.47024825,0.4795571,0.024863271,0.5101376,0.4649991
-1.72,0.52,0.47245726,0.48101887,0.024618011,0.5085919,0.4667901
-1.72,0.56,0.47465903,0.4824759,0.024375632,0.50704885,0.4685755
-1.72,0.6,0.47685346,0.48392814,0.024136076,0.5055086,0.4703553
-1.72,0.64,0.47904038,0.48537543,0.023899375,0.5039714,0.47212923
-1.72,0.68,0.48121965,0.48681763,0.02366549,0.5024374,0.4738971
-1.72,0.72,0.48339123,0.48825476,0.023434382,0.5009067,0.47565898
-1.72,0.76,0.48555487,0.48968652,0.023206055,0.49937943,0.4774145
-1.72,0.8,0.48771045,0.49111283,0.022980494,0.497856,0.47916356
-1.72,0.84,0.4898576,0.49253336,0.022757681,0.49633652,0.48090574
-1.72,0.88,0.49199635,0.49394828,0.022537608,0.4948212,0.48264122
-1.72,0.92,0.49412632,0.4953572,0.022320256,0.49331027,0.4843695
-1.72,0.96,0.4962473,0.4967599,0.022105621,0.49180397,0.4860904
-1.72,1.0,0.498359,0.49815616,0.021893706,0.49030268,0.48780358
-1.72,1.04,0.5004612,0.499546,0.02168448,0.48880652,0.48950905
-1.72,1.08,0.5025536,0.50092894,0.02147795,0.48731583,0.49120626
-1.72,1.12,0.5046358,0.5023049,0.021274114,0.48583087,0.49289504
-1.72,1.16,0.50670755,0.50367355,0.021072973,0.48435202,0.49457505
-1.72,1.2,0.5087686,0.50503474,0.020874506,0.48287946,0.4962461
-1.72,1.24,0.51081854,0.5063882,0.020678712,0.4814135,0.4979078
-1.72,1.28,0.5128571,0.5077337,0.020485582,0.47995454,0.49955988
-1.72,1.32,0.51488376,0.509071,0.020295136,0.4785029,0.50120205
-1.72,1.36,0.5168985,0.5103999,0.020107336,0.47705862,0.5028341
-1.72,1.4,0.5189007,0.51172,0.019922206,0.47562233,0.5044555
-1.72,1.44,0.52089024,0.51303124,0.019739706,0.47419408,0.5060662
-1.72,1.48,0.5228666,0.5143333,0.019559849,0.47277436,0.50766575
-1.72,1.52,0.5248296,0.5156262,0.019382631,0.47136334,0.5092541
-1.72,1.56,0.52677894,0.51690936,0.01920803,0.46996132,0.5108307
-1.72,1.6,0.52871424,0.51818275,0.019036053,0.46856853,0.51239544
-1.72,1.64,0.53063524,0.51944613,0.018866654,0.46718535,0.513948
-1.72,1.68,0.53254175,0.52069944,0.018699838,0.46581185,0.5154883
-1.72,1.72,0.5344333,0.52194226,0.018535603,0.46444848,0.51701593
-1.72,1.76,0.5363099,0.5231747,0.018373912,0.46309528,0.51853085
-1.72,1.8,0.5381713,0.5243964,0.01821476,0.4617525,0.52003276
-1.72,1.84,0.54001725,0.52560747,0.018058108,0.46042028,0.5215216
-1.72,1.88,0.5418476,0.5268076,0.017903939,0.45909882,0.5229972
-1.72,1.92,0.5436622,0.52799684,0.017752247,0.45778832,0.5244595
-1.72,1.96,0.54546094,0.529175,0.017602978,0.45648888,0.52590823
-1.72,2.0,0.54724365,0.53034186,0.017456124,0.45520055,0.5273433
-1.68,-2.0,0.31108147,0.37657365,0.048924718,0.61151326,0.33956206
-1.68,-1.96,0.31403396,0.3784075,0.048346974,0.60987353,0.34177947
-1.68,-1.92,0.31696627,0.3802328,0.047778722,0.6082339,0.3439873
-1.68,-1.88,0.31987864,0.38204962,0.047219794,0.6065947,0.3461855
-1.68,-1.84,0.32277143,0.38385794,0.0466699,0.6049558,0.34837422
-1.68,-1.8,0.3256448,0.3856579,0.04612895,0.6033176,0.35055345
-1.68,-1.76,0.32849926,0.38744953,0.04559662,0.6016801,0.3527233
-1.68,-1.72,0.33133504,0.38923293,0.045072816,0.6000434,0.35488382
-1.68,-1.68,0.33415243,0.39100808,0.04455732,0.5984076,0.35703504
-1.68,-1.64,0.33695188,0.3927752,0.044049937,0.59677297,0.3591771
-1.68,-1.6,0.33973378,0.39453444,0.04355044,0.59513927,0.36131027
-1.68,-1.56,0.34249836,0.39628577,0.043058716,0.5935068,0.36343446
-1.68,-1.52,0.34524617,0.39802957,0.0425745,0.5918755,0.36555004
-1.68,-1.48,0.34797746,0.39976564,0.042097684,0.59024537,0.3676569
-1.68,-1.44,0.35069263,0.4014944,0.04162805,0.58861655,0.3697554
-1.68,-1.4,0.35339203,0.40321583,0.041165467,0.58698905,0.37184554
-1.68,-1.36,0.3560761,0.40493014,0.040709734,0.5853627,0.3739276
-1.68,-1.32,0.35874525,0.40663743,0.040260702,0.5837376,0.37600166
-1.68,-1.28,0.36139977,0.40833795,0.039818194,0.5821138,0.378068
-1.68,-1.24,0.36404014,0.41003177,0.039382074,0.58049124,0.3801267
-1.68,-1.2,0.36666667,0.41171908,0.038952183,0.5788698,0.382178
-1.68,-1.16,0.36927974,0.4134,0.038528375,0.5772496,0.38422203
-1.68,-1.12,0.3718797,0.41507465,0.038110517,0.57563055,0.3862589
-1.68,-1.08,0.37446693,0.41674322,0.037698463,0.57401264,0.3882889
-1.68,-1.04,0.3770418,0.41840598,0.037292056,0.57239574,0.3903122
-1.68,-1.0,0.37960458,0.42006287,0.036891207,0.5707799,0.39232886
-1.68,-0.96,0.38215563,0.4217141,0.03649576,0.56916517,0.39433905
-1.68,-0.92,0.38469538,0.42335993,0.0361056,0.5675513,0.3963431
-1.68,-0.88,0.38722405,0.42500034,0.035720617,0.5659384,0.398341
-1.68,-0.84,0.3897419,0.4266355,0.035340697,0.5643264,0.40033287
-1.68,-0.8,0.39224932,0.42826557,0.034965727,0.56271523,0.402319
-1.68,-0.76,0.3947465,0.4298906,0.034595598,0.561105,0.4042994
-1.68,-0.72,0.3972339,0.43151087,0.03423019,0.5594955,0.40627435
-1.68,-0.68,0.3997115,0.4331262,0.033869468,0.55788684,0.40824372
-1.68,-0.64,0.40217966,0.43473688,0.03351328,0.55627894,0.41020778
-1.68,-0.6,0.4046387,0.43634307,0.03316155,0.5546718,0.4121667
-1.68,-0.56,0.4070888,0.43794462,0.032814212,0.55306536,0.4141204
-1.68,-0.52,0.40953013,0.43954185,0.032471143,0.5514596,0.41606918
-1.68,-0.48,0.41196293,0.44113472,0.03213229,0.5498547,0.41801295
-1.68,-0.44,0.41438735,0.44272333,0.03179759,0.54825056,0.41995192
-1.68,-0.4,0.41680357,0.4443077,0.031466942,0.5466471,0.42188603
-1.68,-0.36,0.41921175,0.44588786,0.03114029,0.54504436,0.42381537
-1.68,-0.32,0.42161214,0.447464,0.030817555,0.5434424,0.4257401
-1.68,-0.28,0.42400473,0.44903594,0.030498665,0.5418412,0.42766008
-1.68,-0.24,0.4263898,0.45060396,0.03018359,0.5402408,0.42957556
-1.68,-0.2,0.42876735,0.45216793,0.029872242,0.5386413,0.43148646
-1.68,-0.16,0.43113753,0.45372796,0.02956456,0.5370427,0.43339282
-1.68,-0.12,0.43350047,0.4552839,0.029260518,0.5354449,0.4352945
-1.68,-0.08,0.43585616,0.45683596,0.028960057,0.53384817,0.43719172
-1.68,-0.04,0.43820482,0.45838407,0.02866309,0.53225243,0.43908447
-1.68,0.0,0.44054648,0.45992827,0.028369576,0.53065777,0.44097272
-1.68,0.04,0.44288114,0.46146843,0.028079515,0.5290642,0.44285628
-1.68,0.08,0.44520885,0.46300468,0.027792815,0.5274718,0.44473535
-1.68,0.12,0.44752964,0.4645369,0.027509455,0.52588075,0.4466098
-1.68,0.16,0.44984365,0.4660651,0.027229384,0.524291,0.44847962
-1.68,0.2,0.4521507,0.46758926,0.026952561,0.52270275,0.4503447
-1.68,0.24,0.454451,0.46910933,0.026678964,0.5211159,0.45220512
-1.68,0.28,0.45674437,0.47062525,0.026408527,0.5195308,0.4540607
-1.68,0.32,0.45903096,0.472137,0.026141247,0.5179473,0.45591146
-1.68,0.36,0.4613105,0.47364444,0.02587709,0.51636577,0.45775717
-1.68,0.4,0.46358314,0.47514755,0.025616005,0.5147861,0.45959783
-1.68,0.44,0.46584883,0.47664633,0.02535797,0.51320857,0.46143347
-1.68,0.48,0.4681073,0.47814053,0.025102958,0.51163334,0.46326372
-1.68,0.52,0.47035864,0.47963017,0.024850965,0.5100604,0.46508864
-1.68,0.56,0.4726027,0.48111516,0.02460193,0.5084901,0.46690807
-1.68,0.6,0.47483927,0.48259518,0.02435588,0.5069224,0.4687217
-1.68,0.64,0.4770684,0.4840704,0.024112724,0.5053577,0.47052965
-1.68,0.68,0.47928977,0.48554048,0.023872513,0.503796,0.4723315
-1.68,0.72,0.48150322,0.48700532,0.023635197,0.5022376,0.4741272
-1.68,0.76,0.48370868,0.4884648,0.023400776,0.5006827,0.4759165
-1.68,0.8,0.48590577,0.48991868,0.023169208,0.49913156,0.4776992
-1.68,0.84,0.48809442,0.4913669,0.022940505,0.49758437,0.47947514
-1.68,0.88,0.49027443,0.49280918,0.022714645,0.49604133,0.48124403
-1.68,0.92,0.49244538,0.49424532,0.02249164,0.49450284,0.48300558
-1.68,0.96,0.49460703,0.49567515,0.02227146,0.49296904,0.48475957
-1.68,1.0,0.49675924,0.49709842,0.022054087,0.49144018,0.48650575
-1.68,1.04,0.49890152,0.49851486,0.02183954,0.4899167,0.48824373
-1.68,1.08,0.5010337,0.4999244,0.021627793,0.48839873,0.48997343
-1.68,1.12,0.5031554,0.5013267,0.021418853,0.48688677,0.49169436
-1.68,1.16,0.50526637,0.5027215,0.021212714,0.4853809,0.49340636
-1.68,1.2,0.5073662,0.50410855,0.021009365,0.4838816,0.49510902
-1.68,1.24,0.50945455,0.5054877,0.02080881,0.4823891,0.49680212
-1.68,1.28,0.5115311,0.5068586,0.020611018,0.48090369,0.49848533
-1.68,1.32,0.51359546,0.508221,0.020416018,0.47942576,0.50015825
-1.68,1.36,0.51564735,0.50957465,0.020223772,0.4779556,0.5018206
-1.68,1.4,0.51768637,0.5109194,0.020034306,0.47649354,0.50347215
-1.68,1.44,0.51971227,0.51225495,0.019847581,0.47503984,0.5051126
-1.68,1.48,0.5217246,0.51358104,0.019663602,0.47359484,0.5067415
-1.68,1.52,0.5237231,0.5148975,0.01948236,0.4721588,0.50835884
-1.68,1.56,0.5257075,0.51620406,0.01930383,0.47073203,0.5099641
-1.68,1.6,0.5276774,0.5175005,0.019128015,0.46931478,0.51155716
-1.68,1.64,0.5296327,0.51878685,0.018954888,0.4679073,0.5131378
-1.68,1.68,0.53157294,0.5200626,0.018784445,0.46650988,0.51470566
-1.68,1.72,0.53349817,0.5213279,0.018616645,0.46512258,0.5162608
-1.68,1.76,0.53540784,0.52258235,0.018451493,0.4637458,0.5178027
-1.68,1.8,0.5373019,0.52382594,0.018288946,0.46237972,0.5193314
-1.68,1.84,0.53918016,0.5250584,0.018128997,0.46102443,0.52084655
-1.68,1.88,0.5410425,0.5262798,0.017971607,0.45968014,0.5223483
-1.68,1.92,0.54288876,0.52749,0.01781676,0.45834696,0.52383626
-1.68,1.96,0.54471886,0.52868897,0.017664423,0.45702502,0.5253106
-1.68,2.0,0.5465327,0.5298766,0.017514568,0.45571443,0.52677107
-1.64,-2.0,0.3062116,0.37355787,0.049889944,0.6141929,0.3359172
-1.64,-1.96,0.30921343,0.37541547,0.049293157,0.6125448,0.33816206
-1.64,-1.92,0.31219482,0.37726468,0.048706185,0.6108962,0.34039754
-1.64,-1.88,0.31515625,0.3791056,0.048128854,0.6092473,0.34262377
-1.64,-1.84,0.31809786,0.3809383,0.04756091,0.60759836,0.34484076
-1.64,-1.8,0.32102,0.38276267,0.0470022,0.60594934,0.3470485
-1.64,-1.76,0.32392296,0.3845789,0.04645248,0.6043005,0.349247
-1.64,-1.72,0.32680705,0.386387,0.04591159,0.6026521,0.35143635
-1.64,-1.68,0.32967257,0.388187,0.045379303,0.60100406,0.35361663
-1.64,-1.64,0.33251992,0.38997906,0.044855442,0.5993567,0.35578793
-1.64,-1.6,0.33534947,0.39176327,0.044339787,0.59770983,0.3579504
-1.64,-1.56,0.3381615,0.39353973,0.04383218,0.59606373,0.36010408
-1.64,-1.52,0.34095648,0.39530864,0.043332394,0.5944184,0.3622492
-1.64,-1.48,0.34373465,0.39706993,0.0428403,0.5927739,0.36438575
-1.64,-1.44,0.3464965,0.39882392,0.04235567,0.5911303,0.366514
-1.64,-1.4,0.34924233,0.40057066,0.041878365,0.5894877,0.368634
-1.64,-1.36,0.35197255,0.40231028,0.041408177,0.58784586,0.37074596
-1.64,-1.32,0.3546876,0.40404296,0.04094497,0.586205,0.37285003
-1.64,-1.28,0.35738784,0.40576884,0.04048855,0.584565,0.37494642
-1.64,-1.24,0.3600735,0.40748805,0.040038764,0.58292603,0.3770352
-1.64,-1.2,0.3627452,0.40920073,0.039595474,0.581288,0.3791166
-1.64,-1.16,0.36540315,0.4109071,0.039158493,0.5796507,0.3811908
-1.64,-1.12,0.3680477,0.4126072,0.03872772,0.5780144,0.3832579
-1.64,-1.08,0.37067938,0.41430128,0.038302954,0.5763789,0.3853182
-1.64,-1.04,0.3732984,0.41598937,0.0378841,0.5747442,0.3873717
-1.64,-1.0,0.37590522,0.41767177,0.037470993,0.5731103,0.38941872
-1.64,-0.96,0.37850007,0.41934857,0.037063517,0.5714771,0.39145938
-1.64,-0.92,0.38108337,0.42101985,0.03666154,0.56984466,0.3934938
-1.64,-0.88,0.3836554,0.42268577,0.036264937,0.56821287,0.39552218
-1.64,-0.84,0.3862165,0.4243465,0.035873596,0.5665817,0.39754462
-1.64,-0.8,0.3887669,0.42600212,0.035487413,0.56495136,0.39956126
-1.64,-0.76,0.391307,0.42765275,0.035106253,0.5633215,0.4015723
-1.64,-0.72,0.39383712,0.4292986,0.034730013,0.56169206,0.4035779
-1.64,-0.68,0.39635736,0.4309397,0.0343586,0.5600633,0.4055781
-1.64,-0.64,0.39886808,0.43257612,0.033991907,0.558435,0.40757304
-1.64,-0.6,0.40136954,0.4342081,0.033629842,0.5568073,0.40956292
-1.64,-0.56,0.40386197,0.43583554,0.03327231,0.55517995,0.4115477
-1.64,-0.52,0.40634555,0.43745863,0.032919247,0.5535532,0.41352755
-1.64,-0.48,0.4088205,0.43907747,0.032570552,0.5519269,0.41550255
-1.64,-0.44,0.41128707,0.44069207,0.032226138,0.5503011,0.41747275
-1.64,-0.4,0.41374543,0.44230258,0.031885926,0.5486757,0.41943833
-1.64,-0.36,0.41619572,0.44390896,0.03154984,0.54705083,0.42139927
-1.64,-0.32,0.41863814,0.4455113,0.031217832,0.54542655,0.4233556
-1.64,-0.28,0.42107278,0.44710973,0.030889835,0.5438027,0.42530745
-1.64,-0.24,0.4234999,0.4487042,0.03056571,0.5421794,0.4272549
-1.64,-0.2,0.4259195,0.45029473,0.030245498,0.5405567,0.4291978
-1.64,-0.16,0.42833176,0.45188132,0.029929081,0.5389347,0.43113625
-1.64,-0.12,0.43073684,0.45346415,0.029616402,0.5373132,0.43307042
-1.64,-0.08,0.43313476,0.45504308,0.0293074,0.53569245,0.43500015
-1.64,-0.04,0.43552557,0.45661807,0.02900206,0.5340725,0.43692538
-1.64,0.0,0.43790936,0.45818928,0.028700301,0.5324534,0.4388463
-1.64,0.04,0.44028628,0.45975664,0.028402071,0.5308351,0.4407628
-1.64,0.08,0.44265625,0.4613201,0.028107341,0.52921784,0.44267485
-1.64,0.12,0.44501948,0.4628797,0.027816039,0.5276015,0.44458246
-1.64,0.16,0.4473758,0.4644353,0.027528172,0.5259863,0.4464855
-1.64,0.2,0.44972533,0.465987,0.027243638,0.52437234,0.44838402
-1.64,0.24,0.45206803,0.4675346,0.02696244,0.5227597,0.45027784
-1.64,0.28,0.45440385,0.46907818,0.026684534,0.52114844,0.452167
-1.64,0.32,0.4567328,0.4706176,0.026409898,0.5195388,0.45405135
-1.64,0.36,0.45905486,0.4721528,0.026138475,0.51793075,0.4559308
-1.64,0.4,0.46137005,0.47368383,0.02587022,0.5163244,0.4578054
-1.64,0.44,0.4636781,0.4752104,0.025605148,0.51472014,0.45967478
-1.64,0.48,0.46597898,0.47673243,0.025343213,0.51311785,0.4615389
-1.64,0.52,0.4682727,0.47824994,0.02508438,0.5115179,0.46339774
-1.64,0.56,0.47055906,0.47976276,0.02482863,0.5099203,0.4652511
-1.64,0.6,0.47283787,0.4812707,0.02457596,0.50832534,0.46709868
-1.64,0.64,0.47510907,0.48277378,0.024326326,0.5067332,0.46894053
-1.64,0.68,0.47737244,0.48427156,0.024079729,0.50514406,0.4707762
-1.64,0.72,0.47962776,0.48576412,0.023836149,0.50355816,0.47260565
-1.64,0.76,0.48187482,0.48725125,0.023595562,0.5019758,0.47442868
-1.64,0.8,0.4841135,0.48873273,0.02335795,0.500397,0.47624502
-1.64,0.84,0.48634353,0.49020836,0.023123316,0.49882233,0.4780544
-1.64,0.88,0.4885645,0.49167788,0.022891652,0.49725184,0.47985652
-1.64,0.92,0.4907763,0.49314123,0.022662925,0.49568585,0.48165128
-1.64,0.96,0.49297854,0.494598,0.022437148,0.49412462,0.48343822
-1.64,1.0,0.49517098,0.49604812,0.022214321,0.49256858,0.48521712
-1.64,1.04,0.4973533,0.49749118,0.02199441,0.49101788,0.48698768
-1.64,1.08,0.4995251,0.49892715,0.02177743,0.48947296,0.48874962
-1.64,1.12,0.50168616,0.5003556,0.021563366,0.48793396,0.49050263
-1.64,1.16,0.50383604,0.50177646,0.02135221,0.48640138,0.49224642
-1.64,1.2,0.5059744,0.5031892,0.021143964,0.4848755,0.49398053
-1.64,1.24,0.5081009,0.50459385,0.02093861,0.48335662,0.4957048
-1.64,1.28,0.51021516,0.5059898,0.020736171,0.48184514,0.49741867
-1.64,1.32,0.5123169,0.5073772,0.020536605,0.4803413,0.49912214
-1.64,1.36,0.5144058,0.5087556,0.02033992,0.47884536,0.5008148
-1.64,1.4,0.51648134,0.51012474,0.020146092,0.47735775,0.5024962
-1.64,1.44,0.5185433,0.5114843,0.019955145,0.47587878,0.50416607
-1.64,1.48,0.5205913,0.51283425,0.019767035,0.4744087,0.5058242
-1.64,1.52,0.5226251,0.5141743,0.019581748,0.4729479,0.5074703
-1.64,1.56,0.5246443,0.5155041,0.0193993,0.47149658,0.50910413
-1.64,1.6,0.52664876,0.51682365,0.019219644,0.47005492,0.51072544
-1.64,1.64,0.52863806,0.5181326,0.019042784,0.46862337,0.51233387
-1.64,1.68,0.530612,0.51943094,0.018868698,0.46720207,0.5139293
-1.64,1.72,0.53257036,0.5207182,0.018697347,0.46579126,0.51551145
-1.64,1.76,0.53451294,0.52199453,0.018528715,0.46439108,0.5170802
-1.64,1.8,0.53643954,0.52325976,0.018362794,0.4630018,0.5186354
-1.64,1.84,0.53835,0.52451366,0.018199544,0.46162352,0.5201769
-1.64,1.88,0.5402443,0.5257564,0.01803892,0.46025637,0.52170473
-1.64,1.92,0.5421221,0.5269876,0.017880917,0.45890057,0.5232185
-1.64,1.96,0.5439834,0.52820724,0.0177255,0.45755628,0.5247182
-1.64,2.0,0.54582816,0.5294153,0.017572641,0.4562235,0.5262038
-1.6,-2.0,0.30134493,0.37055546,0.05087002,0.61683935,0.3322906
-1.6,-1.96,0.30439603,0.37243643,0.050253738,0.61518383,0.3345624
-1.6,-1.92,0.30742672,0.37430927,0.049647655,0.6135272,0.33682516
-1.6,-1.88,0.31043717,0.376174,0.049051512,0.6118695,0.33907896
-1.6,-1.84,0.3134277,0.37803063,0.048465155,0.6102112,0.34132367
-1.6,-1.8,0.31639868,0.3798792,0.047888298,0.6085522,0.3435595
-1.6,-1.76,0.31935024,0.38171974,0.047320787,0.60689294,0.3457863
-1.6,-1.72,0.3222828,0.38355225,0.046762425,0.6052334,0.3480042
-1.6,-1.68,0.3251966,0.38537693,0.04621297,0.6035738,0.35021323
-1.6,-1.64,0.328092,0.38719368,0.04567227,0.6019143,0.35241342
-1.6,-1.6,0.33096936,0.38900274,0.0451401,0.600255,0.35460493
-1.6,-1.56,0.33382905,0.39080414,0.044616256,0.5985959,0.35678786
-1.6,-1.52,0.33667138,0.392598,0.044100557,0.5969372,0.3589623
-1.6,-1.48,0.3394967,0.39438444,0.043592826,0.59527886,0.36112833
-1.6,-1.44,0.34230548,0.39616352,0.043092877,0.593621,0.36328614
-1.6,-1.4,0.34509796,0.3979354,0.0426005,0.5919637,0.36543578
-1.6,-1.36,0.34787467,0.39970028,0.042115547,0.59030694,0.36757752
-1.6,-1.32,0.3506358,0.4014582,0.041637845,0.58865076,0.36971143
-1.6,-1.28,0.35338193,0.4032094,0.0411672,0.5869951,0.3718377
-1.6,-1.24,0.3561133,0.4049539,0.04070344,0.5853401,0.37395647
-1.6,-1.2,0.35883036,0.4066919,0.04024645,0.5836857,0.37606785
-1.6,-1.16,0.3615334,0.40842354,0.03979603,0.58203185,0.37817207
-1.6,-1.12,0.36422306,0.4101492,0.039352015,0.58037853,0.38026944
-1.6,-1.08,0.36689937,0.41186863,0.038914282,0.5787258,0.38235986
-1.6,-1.04,0.36956283,0.41358224,0.038482696,0.57707363,0.38444367
-1.6,-1.0,0.3722139,0.4152901,0.038057093,0.5754219,0.38652098
-1.6,-0.96,0.37485284,0.41699237,0.037637297,0.57377076,0.388592
-1.6,-0.92,0.37747994,0.4186891,0.037223276,0.57212,0.39065674
-1.6,-0.88,0.38009557,0.42038056,0.03681481,0.5704696,0.39271557
-1.6,-0.84,0.38270015,0.42206684,0.03641181,0.5688197,0.3947685
-1.6,-0.8,0.3852939,0.42374802,0.03601416,0.5671701,0.39681572
-1.6,-0.76,0.38787717,0.42542434,0.035621732,0.5655209,0.39885744
-1.6,-0.72,0.3904502,0.4270958,0.035234433,0.56387186,0.4008937
-1.6,-0.68,0.39301333,0.42876258,0.034852136,0.56222326,0.40292466
-1.6,-0.64,0.39556682,0.43042478,0.034474738,0.56057477,0.40495047
-1.6,-0.6,0.39811087,0.43208244,0.034102157,0.55892676,0.40697116
-1.6,-0.56,0.40064585,0.43373573,0.03373426,0.55727875,0.40898696
-1.6,-0.52,0.40317193,0.4353848,0.03337099,0.5556311,0.41099796
-1.6,-0.48,0.4056893,0.43702963,0.033012245,0.55398357,0.4130042
-1.6,-0.44,0.40819818,0.4386703,0.03265795,0.5523363,0.41500574
-1.6,-0.4,0.41069883,0.44030696,0.032307982,0.5506893,0.41700277
-1.6,-0.36,0.41319132,0.44193947,0.03196234,0.5490425,0.41899514
-1.6,-0.32,0.41567597,0.44356814,0.03162089,0.54739594,0.4209832
-1.6,-0.28,0.41815293,0.44519296,0.031283557,0.5457496,0.42296687
-1.6,-0.24,0.42062223,0.44681388,0.030950302,0.54410356,0.42494616
-1.6,-0.2,0.4230841,0.44843096,0.030621037,0.54245776,0.42692113
-1.6,-0.16,0.42553863,0.4500443,0.030295717,0.54081243,0.42889187
-1.6,-0.12,0.4279859,0.4516538,0.02997427,0.53916746,0.43085825
-1.6,-0.08,0.43042603,0.4532595,0.02965665,0.53752303,0.43282032
-1.6,-0.04,0.43285918,0.45486158,0.02934278,0.53587896,0.4347783
-1.6,0.0,0.4352853,0.4564598,0.029032614,0.53423554,0.43673187
-1.6,0.04,0.43770462,0.4580543,0.028726114,0.5325926,0.43868127
-1.6,0.08,0.44011697,0.45964497,0.028423222,0.5309505,0.44062626
-1.6,0.12,0.4425226,0.4612319,0.028123898,0.52930915,0.44256696
-1.6,0.16,0.44492128,0.46281487,0.027828105,0.5276687,0.44450316
-1.6,0.2,0.4473133,0.46439406,0.027535765,0.5260292,0.44643503
-1.6,0.24,0.4496985,0.4659693,0.027246881,0.5243908,0.44836235
-1.6,0.28,0.45207682,0.4675404,0.0269614,0.52275366,0.45028496
-1.6,0.32,0.45444837,0.4691076,0.026679276,0.5211177,0.452203
-1.6,0.36,0.45681292,0.47067055,0.026400493,0.5194834,0.45411617
-1.6,0.4,0.45917046,0.47222927,0.026125014,0.5178506,0.4560244
-1.6,0.44,0.46152097,0.4737836,0.02585282,0.51621956,0.45792758
-1.6,0.48,0.4638643,0.4753336,0.025583856,0.51459056,0.45982566
-1.6,0.52,0.46620032,0.47687888,0.025318125,0.51296365,0.4617183
-1.6,0.56,0.46852893,0.47841945,0.025055602,0.51133895,0.46360543
-1.6,0.6,0.47084993,0.47995523,0.024796251,0.50971687,0.46548688
-1.6,0.64,0.47316313,0.48148596,0.02454008,0.50809747,0.46736246
-1.6,0.68,0.47546846,0.48301157,0.024287038,0.506481,0.46923196
-1.6,0.72,0.47776547,0.48453173,0.024037132,0.50486785,0.47109506
-1.6,0.76,0.48005417,0.48604634,0.023790328,0.5032581,0.4729516
-1.6,0.8,0.4823342,0.4875552,0.02354664,0.501652,0.47480133
-1.6,0.84,0.48460525,0.48905808,0.02330603,0.50004995,0.47664395
-1.6,0.88,0.48686722,0.49055487,0.023068514,0.4984522,0.47847933
-1.6,0.92,0.48911968,0.49204516,0.022834053,0.49685892,0.48030698
-1.6,0.96,0.49136227,0.4935288,0.022602655,0.4952706,0.48212668
-1.6,1.0,0.49359483,0.4950056,0.022374315,0.49368742,0.48393825
-1.6,1.04,0.49581677,0.49647516,0.022149052,0.49210986,0.48574105
-1.6,1.08,0.49802807,0.4979374,0.0219268,0.49053806,0.48753518
-1.6,1.12,0.5002281,0.49939188,0.021707583,0.48897246,0.48931992
-1.6,1.16,0.5024167,0.5008384,0.021491421,0.48741335,0.49109516
-1.6,1.2,0.5045933,0.5022768,0.021278257,0.48586118,0.49286053
-1.6,1.24,0.5067577,0.50370663,0.021068113,0.48431626,0.49461567
-1.6,1.28,0.50890946,0.5051277,0.020860992,0.48277873,0.49636027
-1.6,1.32,0.5110483,0.5065398,0.020656858,0.48124912,0.498094
-1.6,1.36,0.51317376,0.50794274,0.020455716,0.4797278,0.49981654
-1.6,1.4,0.5152855,0.509336,0.020257568,0.47821495,0.5015275
-1.6,1.44,0.51738334,0.51071954,0.020062367,0.47671092,0.5032267
-1.6,1.48,0.5194668,0.5120932,0.019870121,0.47521603,0.5049139
-1.6,1.52,0.5215356,0.5134565,0.019680815,0.47373062,0.5065886
-1.6,1.56,0.52358943,0.5148094,0.01949444,0.47225487,0.50825065
-1.6,1.6,0.525628,0.5161518,0.01931096,0.47078922,0.50989985
-1.6,1.64,0.5276511,0.51748323,0.019130358,0.46933374,0.5115359
-1.6,1.68,0.52965844,0.5188038,0.01895262,0.46788874,0.5131586
-1.6,1.72,0.5316499,0.52011317,0.018777722,0.46645442,0.5147678
-1.6,1.76,0.5336251,0.52141136,0.018605623,0.46503106,0.5163633
-1.6,1.8,0.5355841,0.5226981,0.018436313,0.4636187,0.517945
-1.6,1.84,0.53752667,0.5239734,0.018269746,0.46221757,0.5195127
-1.6,1.88,0.53945255,0.525237,0.018105902,0.46082783,0.5210662
-1.6,1.92,0.5413618,0.52648914,0.017944744,0.45944962,0.52260566
-1.6,1.96,0.5432542,0.52772945,0.017786257,0.458083,0.5241307
-1.6,2.0,0.54512984,0.5289581,0.017630368,0.4567281,0.52564156
-1.56,-2.0,0.29648438,0.3675685,0.051864445,0.6194508,0.32868475
-1.56,-1.96,0.29958466,0.36947235,0.051228337,0.61778885,0.33098283
-1.56,-1.92,0.30266452,0.3713684,0.050602723,0.61612487,0.33327237
-1.56,-1.88,0.30572402,0.37325656,0.049987417,0.61445946,0.33555314
-1.56,-1.84,0.30876356,0.37513685,0.049382217,0.61279255,0.33782527
-1.56,-1.8,0.31178337,0.37700927,0.04878686,0.61112446,0.3400887
-1.56,-1.76,0.31478363,0.37887377,0.048201177,0.6094554,0.34234336
-1.56,-1.72,0.3177647,0.3807305,0.047624946,0.60778564,0.34458938
-1.56,-1.68,0.32072687,0.38257948,0.047058,0.6061152,0.34682676
-1.56,-1.64,0.3236705,0.3844208,0.04650008,0.6044443,0.34905562
-1.56,-1.6,0.32659584,0.38625443,0.045951035,0.6027731,0.35127583
-1.56,-1.56,0.3295033,0.38808057,0.045410607,0.6011017,0.3534877
-1.56,-1.52,0.3323932,0.38989922,0.044878654,0.5994302,0.3556912
-1.56,-1.48,0.33526587,0.39171052,0.044354953,0.5977586,0.35788646
-1.56,-1.44,0.33812177,0.39351463,0.043839306,0.59608704,0.36007363
-1.56,-1.4,0.3409611,0.3953116,0.04333157,0.59441566,0.36225277
-1.56,-1.36,0.34378445,0.39710158,0.042831507,0.59274435,0.3644241
-1.56,-1.32,0.34659198,0.39888462,0.042339005,0.59107333,0.36658764
-1.56,-1.28,0.34938425,0.400661,0.041853804,0.58940244,0.36874366
-1.56,-1.24,0.3521615,0.4024308,0.04137581,0.58773196,0.3708923
-1.56,-1.2,0.3549243,0.40419415,0.040904783,0.58606154,0.37303367
-1.56,-1.16,0.35767275,0.40595114,0.040440638,0.58439153,0.37516785
-1.56,-1.12,0.3604075,0.407702,0.03998314,0.5827217,0.37729517
-1.56,-1.08,0.36312878,0.40944684,0.039532155,0.5810521,0.37941572
-1.56,-1.04,0.365837,0.41118583,0.039087553,0.5793828,0.3815297
-1.56,-1.0,0.36853254,0.4129191,0.03864917,0.57771367,0.3836372
-1.56,-0.96,0.3712157,0.41464674,0.03821687,0.5760447,0.3857384
-1.56,-0.92,0.3738869,0.41636902,0.037790503,0.5743759,0.3878336
-1.56,-0.88,0.3765465,0.41808596,0.03736994,0.57270724,0.38992277
-1.56,-0.84,0.3791948,0.4197978,0.036955062,0.5710388,0.3920062
-1.56,-0.8,0.38183206,0.4215046,0.03654572,0.5693704,0.39408395
-1.56,-0.76,0.38445866,0.42320645,0.03614183,0.567702,0.3961562
-1.56,-0.72,0.38707495,0.4249036,0.035743225,0.56603366,0.39822313
-1.56,-0.68,0.38968116,0.42659605,0.03534983,0.5643654,0.4002848
-1.56,-0.64,0.3922776,0.4282839,0.034961518,0.56269705,0.40234137
-1.56,-0.6,0.3948645,0.42996743,0.034578186,0.5610288,0.40439302
-1.56,-0.56,0.39744225,0.43164665,0.034199752,0.55936044,0.40643984
-1.56,-0.52,0.40001097,0.4333215,0.033826083,0.557692,0.40848187
-1.56,-0.48,0.4025709,0.43499234,0.03345711,0.5560236,0.4105193
-1.56,-0.44,0.40512234,0.4366591,0.033092767,0.5543551,0.41255218
-1.56,-0.4,0.4076654,0.43832174,0.03273291,0.5526866,0.4145805
-1.56,-0.36,0.41020042,0.43998057,0.0323775,0.55101794,0.41660452
-1.56,-0.32,0.41272745,0.44163555,0.032026425,0.54934937,0.4186242
-1.56,-0.28,0.4152467,0.44328666,0.031679653,0.54768074,0.4206396
-1.56,-0.24,0.4177584,0.44493407,0.03133707,0.54601216,0.42265078
-1.56,-0.2,0.4202626,0.44657767,0.03099865,0.5443436,0.42465773
-1.56,-0.16,0.42275947,0.44821763,0.03066427,0.5426751,0.4266606
-1.56,-0.12,0.42524913,0.44985393,0.030333936,0.54100674,0.42865932
-1.56,-0.08,0.4277316,0.4514865,0.030007532,0.53933865,0.43065384
-1.56,-0.04,0.4302071,0.45311546,0.029685024,0.5376707,0.4326443
-1.56,0.0,0.4326757,0.45474073,0.029366344,0.53600305,0.4346306
-1.56,0.04,0.4351374,0.45636234,0.029051447,0.5343358,0.43661276
-1.56,0.08,0.43759224,0.45798025,0.028740285,0.532669,0.4385907
-1.56,0.12,0.44004026,0.4595944,0.028432818,0.5310028,0.4405644
-1.56,0.16,0.44248155,0.4612048,0.02812899,0.52933717,0.44253382
-1.56,0.2,0.44491604,0.46281144,0.027828744,0.52767235,0.44449896
-1.56,0.24,0.44734374,0.46441412,0.027532065,0.52600837,0.4464596
-1.56,0.28,0.44976455,0.4660129,0.027238913,0.5243454,0.44841573
-1.56,0.32,0.45217854,0.46760762,0.026949247,0.5226835,0.4503672
-1.56,0.36,0.45458564,0.46919832,0.026663015,0.5210229,0.45231405
-1.56,0.4,0.45698562,0.47078475,0.026380228,0.5193639,0.45425594
-1.56,0.44,0.4593786,0.4723669,0.026100812,0.51770633,0.4561929
-1.56,0.48,0.46176416,0.47394446,0.025824796,0.51605064,0.45812455
-1.56,0.52,0.46414244,0.4755175,0.0255521,0.51439697,0.46005094
-1.56,0.56,0.4665132,0.47708583,0.025282731,0.5127455,0.4619718
-1.56,0.6,0.46887627,0.4786493,0.025016654,0.5110964,0.46388695
-1.56,0.64,0.4712314,0.48020762,0.024753852,0.50944996,0.46579614
-1.56,0.68,0.4735784,0.48176077,0.024494326,0.50780654,0.4676992
-1.56,0.72,0.47591713,0.48330846,0.024238039,0.5061661,0.46959582
-1.56,0.76,0.4782472,0.4848505,0.023984998,0.5045292,0.47148576
-1.56,0.8,0.48056838,0.48638666,0.023735175,0.5028961,0.47336876
-1.56,0.84,0.48288044,0.48791674,0.023488566,0.5012669,0.47524455
-1.56,0.88,0.48518297,0.4894404,0.023245167,0.4996421,0.47711274
-1.56,0.92,0.48747587,0.49095765,0.023004947,0.49802187,0.47897324
-1.56,0.96,0.48975858,0.49246788,0.022767922,0.4964066,0.48082542
-1.56,1.0,0.49203092,0.49397117,0.022534074,0.49479666,0.4826693
-1.56,1.04,0.49429238,0.495467,0.02230339,0.4931924,0.48450425
-1.56,1.08,0.49654263,0.4969552,0.022075871,0.49159414,0.48633
-1.56,1.12,0.49878144,0.4984355,0.02185152,0.49000216,0.48814633
-1.56,1.16,0.5010084,0.49990767,0.0216303,0.4884168,0.4899529
-1.56,1.2,0.50322294,0.50137126,0.021412233,0.4868386,0.49174914
-1.56,1.24,0.5054249,0.5028262,0.021197302,0.48526776,0.49353495
-1.56,1.28,0.50761396,0.50427216,0.020985492,0.48370454,0.49530992
-1.56,1.32,0.50978947,0.5057088,0.020776795,0.4821496,0.49707368
-1.56,1.36,0.51195127,0.50713587,0.020571206,0.48060295,0.49882582
-1.56,1.4,0.51409906,0.5085532,0.020368682,0.47906506,0.50056624
-1.56,1.44,0.5162323,0.5099604,0.020169271,0.4775363,0.5022944
-1.56,1.48,0.5183509,0.5113575,0.019972896,0.47601682,0.50401026
-1.56,1.52,0.5204543,0.512744,0.019779569,0.47450712,0.50571334
-1.56,1.56,0.5225425,0.51411986,0.019589256,0.4730073,0.5074035
-1.56,1.6,0.524615,0.5154848,0.019401936,0.47151762,0.5090804
-1.56,1.64,0.5266716,0.5168387,0.019217605,0.47003856,0.5107439
-1.56,1.68,0.5287121,0.5181813,0.019036237,0.46857008,0.5123937
-1.56,1.72,0.5307364,0.5195126,0.018857766,0.46711245,0.51402974
-1.56,1.76,0.5327441,0.5208324,0.018682208,0.46566603,0.51565176
-1.56,1.8,0.5347352,0.52214056,0.01850951,0.4642308,0.51725966
-1.56,1.84,0.53670955,0.5234371,0.018339647,0.462807,0.51885337
-1.56,1.88,0.53866696,0.5247217,0.018172577,0.4613948,0.5204326
-1.56,1.92,0.5406074,0.52599454,0.01800827,0.45999426,0.5219975
-1.56,1.96,0.54253083,0.5272555,0.017846692,0.45860544,0.5235479
-1.56,2.0,0.54443717,0.5285045,0.0176878,0.4572285,0.5250837
-1.52,-2.0,0.29163262,0.36459878,0.052872792,0.6220253,0.32510188
-1.52,-1.96,0.294782,0.3665251,0.05221645,0.6203578,0.32742572
-1.52,-1.92,0.29791096,0.36844394,0.051570952,0.6186876,0.32974136
-1.52,-1.88,0.30101952,0.37035516,0.050936084,0.61701524,0.3320487
-1.52,-1.84,0.304108,0.37225872,0.050311647,0.6153407,0.33434767
-1.52,-1.8,0.3071766,0.37415454,0.04969744,0.6136644,0.33663818
-1.52,-1.76,0.3102256,0.3760428,0.04909323,0.6119864,0.33892035
-1.52,-1.72,0.31325525,0.37792343,0.048498783,0.6103071,0.3411941
-1.52,-1.68,0.3162659,0.3797965,0.047913954,0.60862654,0.3434595
-1.52,-1.64,0.31925786,0.38166204,0.047338467,0.60694504,0.3457165
-1.52,-1.6,0.32223123,0.38352007,0.046772182,0.6052627,0.34796518
-1.52,-1.56,0.3251866,0.3853706,0.046214845,0.6035795,0.3502056
-1.52,-1.52,0.32812425,0.38721398,0.04566627,0.6018958,0.35243797
-1.52,-1.48,0.33104435,0.3890499,0.045126304,0.60021156,0.35466206
-1.52,-1.44,0.33394748,0.3908788,0.04459467,0.598527,0.35687834
-1.52,-1.4,0.33683398,0.3927007,0.044071216,0.596842,0.3590868
-1.52,-1.36,0.3397041,0.39451566,0.043555763,0.5951567,0.36128747
-1.52,-1.32,0.34255823,0.39632377,0.043048106,0.59347135,0.36348054
-1.52,-1.28,0.34539685,0.39812523,0.04254807,0.5917857,0.36566612
-1.52,-1.24,0.34822026,0.3999201,0.042055514,0.5901001,0.36784437
-1.52,-1.2,0.35102886,0.4017087,0.041570187,0.5884143,0.37001553
-1.52,-1.16,0.353823,0.4034909,0.041092012,0.5867284,0.3721796
-1.52,-1.12,0.35660312,0.4052671,0.040620737,0.5850425,0.37433687
-1.52,-1.08,0.35936964,0.4070372,0.040156245,0.5833563,0.37648737
-1.52,-1.04,0.36212274,0.4088015,0.039698377,0.5816702,0.37863135
-1.52,-1.0,0.36486307,0.41056016,0.039246965,0.57998407,0.38076904
-1.52,-0.96,0.36759073,0.4123132,0.038801886,0.5782977,0.38290042
-1.52,-0.92,0.37030625,0.4140609,0.038362946,0.5766112,0.38502586
-1.52,-0.88,0.37300992,0.41580334,0.03793005,0.57492465,0.38714537
-1.52,-0.84,0.3757021,0.4175406,0.037503038,0.57323784,0.38925913
-1.52,-0.8,0.37838313,0.41927296,0.037081804,0.57155085,0.39136735
-1.52,-0.76,0.38105336,0.42100036,0.036666192,0.5698637,0.3934701
-1.52,-0.72,0.38371304,0.4227231,0.03625611,0.5681763,0.39556763
-1.52,-0.68,0.38636258,0.42444125,0.0358514,0.56648856,0.39766002
-1.52,-0.64,0.38900214,0.4261549,0.03545198,0.5648006,0.3997474
-1.52,-0.6,0.39163214,0.42786416,0.035057724,0.5631124,0.4018299
-1.52,-0.56,0.39425275,0.42956913,0.034668516,0.56142384,0.4039076
-1.52,-0.52,0.39686427,0.43126997,0.034284297,0.559735,0.4059807
-1.52,-0.48,0.39946696,0.4329667,0.03390492,0.5580458,0.40804926
-1.52,-0.44,0.40206107,0.43465948,0.033530325,0.5563563,0.41011336
-1.52,-0.4,0.40464678,0.43634832,0.03316042,0.5546665,0.4121731
-1.52,-0.36,0.40722433,0.4380333,0.03279509,0.55297637,0.4142286
-1.52,-0.32,0.40979382,0.43971446,0.03243427,0.551286,0.4162798
-1.52,-0.28,0.4123557,0.44139197,0.032077882,0.5495951,0.41832694
-1.52,-0.24,0.4149098,0.44306582,0.031725843,0.54790413,0.42036998
-1.52,-0.2,0.4174564,0.44473594,0.03137811,0.54621303,0.42240888
-1.52,-0.16,0.41999573,0.4464025,0.031034568,0.54452163,0.4244438
-1.52,-0.12,0.42252785,0.44806546,0.030695185,0.54283005,0.42647475
-1.52,-0.08,0.42505282,0.44972488,0.03035986,0.54113847,0.42850167
-1.52,-0.04,0.42757076,0.45138067,0.03002859,0.53944683,0.43052456
-1.52,0.0,0.43008187,0.453033,0.029701278,0.5377552,0.43254355
-1.52,0.04,0.43258598,0.4546816,0.029377876,0.53606373,0.43455833
-1.52,0.08,0.43508333,0.45632672,0.029058335,0.53437245,0.43656918
-1.52,0.12,0.43757388,0.45796818,0.028742602,0.53268147,0.43857592
-1.52,0.16,0.4400576,0.4596058,0.02843064,0.53099096,0.44057837
-1.52,0.2,0.44253466,0.46123984,0.028122393,0.5293009,0.4425767
-1.52,0.24,0.4450048,0.46286997,0.027817843,0.5276115,0.4445706
-1.52,0.28,0.44746816,0.4644963,0.027516935,0.52592295,0.44656014
-1.52,0.32,0.4499246,0.4661186,0.027219623,0.5242353,0.44854507
-1.52,0.36,0.45237404,0.4677368,0.026925897,0.5225488,0.4505253
-1.52,0.4,0.45481637,0.4693508,0.026635721,0.5208636,0.4525007
-1.52,0.44,0.4572516,0.47096056,0.02634905,0.51917976,0.45447117
-1.52,0.48,0.4596795,0.47256583,0.026065862,0.51749766,0.45643649
-1.52,0.52,0.46209994,0.4741665,0.025786147,0.51581734,0.45839646
-1.52,0.56,0.4645127,0.47576243,0.025509859,0.51413924,0.4603509
-1.52,0.6,0.46691766,0.47735345,0.02523701,0.5124634,0.4622996
-1.52,0.64,0.46931452,0.47893924,0.024967559,0.5107902,0.4642422
-1.52,0.68,0.4717031,0.4805198,0.024701513,0.50911987,0.46617863
-1.52,0.72,0.4740831,0.48209473,0.024438828,0.5074527,0.46810842
-1.52,0.76,0.47645438,0.48366404,0.024179494,0.5057889,0.4700316
-1.52,0.8,0.4788166,0.48522735,0.0239235,0.5041288,0.47194767
-1.52,0.84,0.4811693,0.48678434,0.023670863,0.5024728,0.4738563
-1.52,0.88,0.4835123,0.4883348,0.023421556,0.50082123,0.47575715
-1.52,0.92,0.4858452,0.4898786,0.023175567,0.4991744,0.47765005
-1.52,0.96,0.48816776,0.49141538,0.022932883,0.4975325,0.4795346
-1.52,1.0,0.4904796,0.4929449,0.02269349,0.495896,0.4814105
-1.52,1.04,0.49278015,0.49446678,0.022457402,0.49426535,0.48327723
-1.52,1.08,0.49506927,0.49598083,0.022224613,0.49264082,0.4851346
-1.52,1.12,0.49734643,0.49748668,0.021995097,0.49102274,0.4869821
-1.52,1.16,0.4996113,0.49898416,0.021768859,0.48941162,0.48881957
-1.52,1.2,0.50186354,0.5004729,0.021545872,0.4878076,0.49064654
-1.52,1.24,0.5041027,0.5019526,0.021326138,0.48621118,0.49246266
-1.52,1.28,0.50632846,0.5034231,0.021109654,0.48462275,0.4942676
-1.52,1.32,0.5085404,0.50488406,0.020896392,0.4830426,0.49606106
-1.52,1.36,0.51073825,0.5063352,0.020686345,0.48147097,0.4978427
-1.52,1.4,0.5129216,0.50777626,0.020479497,0.47990835,0.49961215
-1.52,1.44,0.51509,0.50920695,0.020275844,0.47835502,0.50136906
-1.52,1.48,0.5172433,0.5106272,0.020075336,0.47681135,0.5031133
-1.52,1.52,0.51938117,0.5120367,0.01987799,0.47527748,0.5048445
-1.52,1.56,0.52150327,0.51343524,0.01968377,0.47375384,0.5065625
-1.52,1.6,0.52360934,0.5148226,0.019492628,0.4722406,0.5082668
-1.52,1.64,0.5256993,0.5161987,0.019304559,0.47073793,0.50995755
-1.52,1.68,0.5277727,0.5175633,0.019119553,0.4692462,0.51163423
-1.52,1.72,0.5298295,0.5189163,0.018937541,0.4677656,0.5132969
-1.52,1.76,0.5318695,0.52025753,0.018758519,0.46629623,0.5149452
-1.52,1.8,0.5338925,0.521587,0.018582432,0.46483833,0.5165793
-1.52,1.84,0.5358984,0.5229044,0.018409265,0.46339205,0.5181986
-1.52,1.88,0.53788716,0.52421004,0.01823898,0.4619575,0.5198036
-1.52,1.92,0.5398587,0.52550346,0.018071512,0.4605347,0.5213937
-1.52,1.96,0.54181284,0.5267849,0.017906854,0.4591239,0.52296925
-1.52,2.0,0.5437498,0.5280542,0.017744942,0.45772505,0.52453
-1.48,-2.0,0.2867924,0.3616481,0.053894572,0.6245612,0.32154417
-1.48,-1.96,0.28999078,0.36359656,0.053217623,0.6228892,0.32389322
-1.48,-1.92,0.29316866,0.36553767,0.052551858,0.62121373,0.3262344
-1.48,-1.88,0.29632616,0.36747146,0.05189708,0.61953527,0.32856762
-1.48,-1.84,0.2994635,0.36939788,0.051253077,0.61785406,0.33089292
-1.48,-1.8,0.3025809,0.37131688,0.050619643,0.6161702,0.3332101
-1.48,-1.76,0.30567864,0.3732285,0.049996514,0.61448425,0.33551925
-1.48,-1.72,0.3087569,0.37513268,0.049383536,0.6127962,0.33782023
-1.48,-1.68,0.31181598,0.37702948,0.04878045,0.6111064,0.34011316
-1.48,-1.64,0.31485614,0.37891892,0.04818708,0.60941494,0.34239796
-1.48,-1.6,0.3178778,0.38080105,0.047603216,0.60772204,0.3446747
-1.48,-1.56,0.32088116,0.3826759,0.04702863,0.6060279,0.34694344
-1.48,-1.52,0.32386655,0.38454354,0.0464631,0.6043327,0.3492042
-1.48,-1.48,0.32683435,0.3864041,0.04590649,0.6026364,0.3514571
-1.48,-1.44,0.3297849,0.3882576,0.045358546,0.6009393,0.35370216
-1.48,-1.4,0.33271855,0.3901042,0.044819064,0.5992414,0.3559396
-1.48,-1.36,0.33563557,0.39194387,0.04428793,0.59754276,0.35816932
-1.48,-1.32,0.33853653,0.39377695,0.043764845,0.59584355,0.36039168
-1.48,-1.28,0.34142163,0.3956033,0.04324968,0.5941437,0.3626066
-1.48,-1.24,0.34429133,0.3974233,0.042742252,0.5924434,0.36481443
-1.48,-1.2,0.34714597,0.39923683,0.042242356,0.5907425,0.36701506
-1.48,-1.16,0.349986,0.40104422,0.041749865,0.5890413,0.36920884
-1.48,-1.12,0.35281175,0.40284556,0.04126453,0.5873396,0.37139592
-1.48,-1.08,0.35562357,0.40464094,0.04078627,0.58563745,0.3735763
-1.48,-1.04,0.35842186,0.40643048,0.040314898,0.58393496,0.3757502
-1.48,-1.0,0.3612071,0.40821442,0.03985017,0.5822319,0.3779179
-1.48,-0.96,0.3639795,0.40999278,0.03939205,0.58052856,0.38007936
-1.48,-0.92,0.36673957,0.41176593,0.038940318,0.5788247,0.38223496
-1.48,-0.88,0.36948758,0.41353375,0.038494848,0.5771205,0.38438472
-1.48,-0.84,0.37222388,0.4152965,0.038055483,0.57541573,0.38652876
-1.48,-0.8,0.37494883,0.4170543,0.03762212,0.57371056,0.38866737
-1.48,-0.76,0.37766284,0.41880733,0.03719458,0.5720048,0.39080063
-1.48,-0.72,0.3803661,0.4205556,0.0367728,0.5702986,0.39292863
-1.48,-0.68,0.38305908,0.42229933,0.036356583,0.5685918,0.39505163
-1.48,-0.64,0.385742,0.42403865,0.03594586,0.56688446,0.3971697
-1.48,-0.6,0.38841516,0.42577365,0.03554048,0.56517655,0.39928296
-1.48,-0.56,0.39107886,0.42750445,0.035140354,0.5634681,0.4013916
-1.48,-0.52,0.3937334,0.42923117,0.03474536,0.561759,0.40349567
-1.48,-0.48,0.396379,0.4309538,0.034355424,0.5600493,0.4055953
-1.48,-0.44,0.39901587,0.4326725,0.03397042,0.558339,0.40769055
-1.48,-0.4,0.40164435,0.43438748,0.03359027,0.5566281,0.40978166
-1.48,-0.36,0.40426454,0.43609852,0.03321487,0.5549166,0.41186845
-1.48,-0.32,0.40687677,0.437806,0.03284415,0.5532046,0.41395128
-1.48,-0.28,0.40948108,0.43950972,0.032478016,0.551492,0.41602996
-1.48,-0.24,0.41207778,0.44121,0.03211638,0.5497789,0.41810483
-1.48,-0.2,0.41466698,0.44290662,0.031759173,0.5480652,0.42017564
-1.48,-0.16,0.41724882,0.44459975,0.031406324,0.5463511,0.4222426
-1.48,-0.12,0.41982338,0.44628936,0.03105778,0.54463655,0.42430565
-1.48,-0.08,0.42239088,0.44797552,0.030713445,0.5429217,0.42636487
-1.48,-0.04,0.42495134,0.44965816,0.030373292,0.54120654,0.42842016
-1.48,0.0,0.42750487,0.45133734,0.03003722,0.5394912,0.4304716
-1.48,0.04,0.43005154,0.453013,0.029705198,0.53777564,0.4325191
-1.48,0.08,0.4325913,0.45468515,0.02937719,0.53606015,0.43456265
-1.48,0.12,0.4351244,0.45635375,0.029053109,0.5343446,0.43660226
-1.48,0.16,0.43765065,0.45801875,0.028732914,0.5326293,0.4386378
-1.48,0.2,0.44017008,0.45967996,0.028416594,0.5309143,0.44066906
-1.48,0.24,0.44268265,0.46133748,0.028104076,0.52919984,0.4426961
-1.48,0.28,0.44518843,0.46299118,0.027795326,0.5274858,0.44471887
-1.48,0.32,0.4476872,0.46464095,0.02749032,0.52577263,0.44673708
-1.48,0.36,0.45017898,0.4662866,0.027188996,0.5240603,0.44875064
-1.48,0.4,0.45266366,0.46792823,0.026891345,0.5223492,0.45075956
-1.48,0.44,0.45514104,0.46956542,0.026597343,0.52063924,0.45276338
-1.48,0.48,0.45761102,0.4711982,0.026306955,0.518931,0.4547621
-1.48,0.52,0.4600734,0.47282627,0.026020154,0.51722443,0.4567554
-1.48,0.56,0.46252802,0.47444966,0.025736947,0.5155199,0.4587432
-1.48,0.6,0.46497464,0.47606802,0.025457269,0.51381755,0.46072516
-1.48,0.64,0.467413,0.47768116,0.02518113,0.51211786,0.46270102
-1.48,0.68,0.46984297,0.47928894,0.02490849,0.5104209,0.46467057
-1.48,0.72,0.47226408,0.48089102,0.024639376,0.5087272,0.46663344
-1.48,0.76,0.47467625,0.4824873,0.024373736,0.50703675,0.46858945
-1.48,0.8,0.47707903,0.4840774,0.024111576,0.5053502,0.47053823
-1.48,0.84,0.4794721,0.48566115,0.023852887,0.5036677,0.47247943
-1.48,0.88,0.48185524,0.4872383,0.023597643,0.5019896,0.47441277
-1.48,0.92,0.48422793,0.4888084,0.023345867,0.5003163,0.4763378
-1.48,0.96,0.48658994,0.4903714,0.023097519,0.49864817,0.47825435
-1.48,1.0,0.48894078,0.49192685,0.022852603,0.49698555,0.48016185
-1.48,1.04,0.4912801,0.4934745,0.022611106,0.49532884,0.48206007
-1.48,1.08,0.4936076,0.49501413,0.022373015,0.49367836,0.48394865
-1.48,1.12,0.4959228,0.49654528,0.022138339,0.49203452,0.4858271
-1.48,1.16,0.49822527,0.4980678,0.021907074,0.4903978,0.48769513
-1.48,1.2,0.50051475,0.49958134,0.02167917,0.48876837,0.48955244
-1.48,1.24,0.50279075,0.5010857,0.021454649,0.48714676,0.4913986
-1.48,1.28,0.5050529,0.5025805,0.021233482,0.48553327,0.49323332
-1.48,1.32,0.5073009,0.5040654,0.021015666,0.4839282,0.49505612
-1.48,1.36,0.5095343,0.5055403,0.020801175,0.48233205,0.49686676
-1.48,1.4,0.5117528,0.50700486,0.020590004,0.48074505,0.49866498
-1.48,1.44,0.513956,0.5084588,0.020382116,0.47916752,0.5004503
-1.48,1.48,0.5161437,0.509902,0.020177513,0.47759983,0.50222266
-1.48,1.52,0.5183157,0.5113343,0.019976135,0.4760421,0.50398177
-1.48,1.56,0.5204714,0.5127553,0.019778002,0.47449484,0.5057272
-1.48,1.6,0.52261084,0.5141649,0.019583045,0.47295812,0.5074588
-1.48,1.64,0.52473366,0.51556295,0.019391265,0.47143233,0.50917643
-1.48,1.68,0.5268397,0.51694924,0.019202614,0.46991757,0.51087976
-1.48,1.72,0.52892876,0.5183238,0.019017063,0.4684141,0.5125688
-1.48,1.76,0.5310007,0.5196864,0.01883458,0.4669221,0.5142433
-1.48,1.8,0.53305537,0.521037,0.018655125,0.46544173,0.5159032
-1.48,1.84,0.53509265,0.5223753,0.018478662,0.4639731,0.5175482
-1.48,1.88,0.53711253,0.52370155,0.018305143,0.4625163,0.5191785
-1.48,1.92,0.5391149,0.5250156,0.01813453,0.46107158,0.5207939
-1.48,1.96,0.5410998,0.52631736,0.017966788,0.45963877,0.5223944
-1.48,2.0,0.5430669,0.5276068,0.01780188,0.45821828,0.52397984
-1.44,-2.0,0.28196645,0.3587184,0.05492921,0.6270569,0.3180139
-1.44,-1.96,0.28521362,0.36068833,0.05423131,0.62538135,0.3203874
-1.44,-1.92,0.2884403,0.36265135,0.05354493,0.6237016,0.32275355
-1.44,-1.88,0.29164657,0.3646073,0.052869875,0.622018,0.32511216
-1.44,-1.84,0.29483268,0.36655617,0.052205946,0.62033087,0.32746318
-1.44,-1.8,0.2979988,0.36849785,0.05155293,0.6186406,0.32980645
-1.44,-1.76,0.3011451,0.37043244,0.05091058,0.61694735,0.33214203
-1.44,-1.72,0.30427197,0.37235987,0.050278697,0.6152515,0.33446988
-1.44,-1.68,0.30737942,0.37428004,0.04965705,0.6135531,0.33678982
-1.44,-1.64,0.310468,0.3761931,0.04904546,0.6118525,0.33910203
-1.44,-1.6,0.31353778,0.37809902,0.048443664,0.6101499,0.3414064
-1.44,-1.56,0.31658918,0.37999788,0.04785151,0.60844547,0.34370306
-1.44,-1.52,0.31962243,0.3818896,0.04726875,0.60673934,0.34599188
-1.44,-1.48,0.32263795,0.3837745,0.046695177,0.6050317,0.34827316
-1.44,-1.44,0.32563594,0.38565236,0.046130605,0.6033227,0.35054672
-1.44,-1.4,0.32861686,0.3875234,0.04557481,0.6016124,0.3528128
-1.44,-1.36,0.3315811,0.38938782,0.04502761,0.5999009,0.35507149
-1.44,-1.32,0.33452886,0.39124548,0.04448881,0.5981884,0.35732278
-1.44,-1.28,0.33746067,0.39309672,0.043958236,0.5964749,0.35956693
-1.44,-1.24,0.3403768,0.39494154,0.04343565,0.5947604,0.36180398
-1.44,-1.2,0.34327766,0.39678,0.042920914,0.593045,0.36403403
-1.44,-1.16,0.34616372,0.3986125,0.042413816,0.59132886,0.3662574
-1.44,-1.12,0.34903517,0.4004388,0.041914213,0.5896118,0.36847392
-1.44,-1.08,0.35189256,0.40225932,0.041421887,0.5878941,0.37068406
-1.44,-1.04,0.35473624,0.404074,0.040936705,0.5861755,0.37288776
-1.44,-1.0,0.3575665,0.40588316,0.040458497,0.58445626,0.37508526
-1.44,-0.96,0.36038384,0.4076869,0.03998706,0.58273613,0.3772768
-1.44,-0.92,0.36318862,0.40948522,0.03952228,0.5810153,0.37946236
-1.44,-0.88,0.36598107,0.41127843,0.039064016,0.5792937,0.38164225
-1.44,-0.84,0.36876166,0.41306657,0.038612105,0.57757145,0.3838165
-1.44,-0.8,0.37153074,0.41484982,0.038166378,0.5758483,0.3859854
-1.44,-0.76,0.37428868,0.4166282,0.037726726,0.57412434,0.38814893
-1.44,-0.72,0.3770358,0.41840208,0.03729299,0.57239956,0.39030743
-1.44,-0.68,0.3797723,0.42017138,0.036865093,0.570674,0.39246094
-1.44,-0.64,0.38249874,0.42193633,0.036442854,0.5689475,0.39460963
-1.44,-0.6,0.38521528,0.42369705,0.036026176,0.5672202,0.39675367
-1.44,-0.56,0.3879222,0.4254535,0.03561494,0.565492,0.398893
-1.44,-0.52,0.3906198,0.427206,0.035209034,0.56376296,0.40102798
-1.44,-0.48,0.3933084,0.42895454,0.03480835,0.56203306,0.4031586
-1.44,-0.44,0.39598823,0.43069923,0.034412783,0.56030226,0.405285
-1.44,-0.4,0.39865956,0.4324402,0.03402223,0.5585705,0.40740728
-1.44,-0.36,0.40132248,0.43417734,0.033636626,0.5568379,0.40952542
-1.44,-0.32,0.4039774,0.43591094,0.033255845,0.5551045,0.41163966
-1.44,-0.28,0.40662444,0.437641,0.0328798,0.5533702,0.41375
-1.44,-0.24,0.4092637,0.4393675,0.03250843,0.55163515,0.41585642
-1.44,-0.2,0.4118955,0.44109055,0.03214165,0.5498993,0.41795906
-1.44,-0.16,0.41451994,0.4428102,0.03177937,0.54816264,0.42005795
-1.44,-0.12,0.41713703,0.44452637,0.03142154,0.5464254,0.42215303
-1.44,-0.08,0.41974705,0.44623923,0.031068055,0.54468745,0.42424443
-1.44,-0.04,0.42235,0.44794863,0.030718919,0.5429491,0.42633203
-1.44,0.0,0.424946,0.44965464,0.030373987,0.5412101,0.42841586
-1.44,0.04,0.42753518,0.4513573,0.030033262,0.5394708,0.43049598
-1.44,0.08,0.43011743,0.4530564,0.02969667,0.5377312,0.43257213
-1.44,0.12,0.43269286,0.45475203,0.029364135,0.5359915,0.4346444
-1.44,0.16,0.4352615,0.45644408,0.02903565,0.53425163,0.43671268
-1.44,0.2,0.43782333,0.45813257,0.028711151,0.53251195,0.43877694
-1.44,0.24,0.44037828,0.4598173,0.02839058,0.5307724,0.440837
-1.44,0.28,0.44292632,0.46149826,0.028073924,0.5290333,0.44289276
-1.44,0.32,0.44546735,0.46317533,0.027761124,0.52729475,0.4449441
-1.44,0.36,0.44800133,0.4648484,0.02745216,0.525557,0.44699088
-1.44,0.4,0.4505281,0.46651727,0.027147,0.5238201,0.44903287
-1.44,0.44,0.45304745,0.46818182,0.026845615,0.52208453,0.45106992
-1.44,0.48,0.4555593,0.46984187,0.026547981,0.5203502,0.45310178
-1.44,0.52,0.4580634,0.47149724,0.026254075,0.5186177,0.45512822
-1.44,0.56,0.46055964,0.47314787,0.025963852,0.516887,0.45714915
-1.44,0.6,0.46304768,0.47479334,0.02567731,0.51515853,0.45916408
-1.44,0.64,0.46552736,0.47643363,0.02539445,0.51343256,0.46117297
-1.44,0.68,0.4679983,0.47806844,0.025115233,0.51170945,0.4631754
-1.44,0.72,0.47046024,0.47969738,0.02483965,0.5099894,0.46517098
-1.44,0.76,0.47291297,0.4813204,0.024567667,0.5082727,0.4671596
-1.44,0.8,0.47535607,0.4829372,0.024299316,0.50655985,0.46914083
-1.44,0.84,0.47778913,0.48454738,0.024034562,0.5048512,0.47111425
-1.44,0.88,0.48021194,0.4861508,0.02377339,0.503147,0.47307962
-1.44,0.92,0.48262408,0.48774704,0.023515811,0.5014476,0.47503653
-1.44,0.96,0.4850251,0.48933595,0.023261782,0.4997536,0.47698468
-1.44,1.0,0.48741466,0.49091715,0.023011342,0.49806517,0.47892356
-1.44,1.04,0.4897923,0.49249026,0.022764431,0.49638277,0.48085284
-1.44,1.08,0.49215782,0.49405506,0.02252107,0.49470666,0.4827722
-1.44,1.12,0.49451056,0.4956113,0.02228124,0.49303752,0.48468128
-1.44,1.16,0.4968502,0.49715856,0.022044929,0.49137554,0.48657954
-1.44,1.2,0.49917653,0.49869674,0.021812132,0.48972106,0.4884669
-1.44,1.24,0.50148886,0.5002252,0.02158282,0.48807454,0.4903426
-1.44,1.28,0.503787,0.501744,0.021356998,0.48643637,0.49220657
-1.44,1.32,0.50607044,0.5032526,0.021134652,0.48480695,0.4940584
-1.44,1.36,0.5083391,0.5047511,0.02091571,0.48318642,0.49589783
-1.44,1.4,0.5105924,0.5062389,0.020700216,0.48157528,0.49772447
-1.44,1.44,0.5128301,0.5077159,0.020488141,0.47997388,0.499538
-1.44,1.48,0.5150518,0.50918174,0.020279413,0.47838244,0.5013381
-1.44,1.52,0.51725733,0.51063645,0.02007404,0.47680128,0.50312465
-1.44,1.56,0.51944643,0.5120797,0.019871999,0.47523066,0.50489736
-1.44,1.6,0.5216187,0.5135113,0.01967324,0.47367087,0.5066559
-1.44,1.64,0.5237742,0.5149312,0.019477744,0.47212207,0.5084002
-1.44,1.68,0.52591246,0.516339,0.019285472,0.47058463,0.5101299
-1.44,1.72,0.5280335,0.5177349,0.01909639,0.46905854,0.5118451
-1.44,1.76,0.5301371,0.5191186,0.018910456,0.46754405,0.5135455
-1.44,1.8,0.5322232,0.52049005,0.018727621,0.46604136,0.515231
-1.44,1.84,0.5342917,0.5218492,0.018547857,0.46455058,0.51690155
-1.44,1.88,0.5363424,0.52319604,0.018371128,0.46307185,0.5185571
-1.44,1.92,0.53837544,0.5245304,0.018197378,0.46160513,0.52019745
-1.44,1.96,0.5403907,0.5258524,0.018026553,0.4601507,0.52182275
-1.44,2.0,0.5423881,0.5271619,0.017858637,0.45870855,0.5234328
-1.4,-2.0,0.2771574,0.3558113,0.055976164,0.62951076,0.31451312
-1.4,-1.96,0.28045312,0.3578022,0.055256955,0.62783265,0.3169104
-1.4,-1.92,0.2837284,0.35978663,0.054549634,0.62614954,0.31930083
-1.4,-1.88,0.28698328,0.3617643,0.05385398,0.6244619,0.32168418
-1.4,-1.84,0.29021794,0.3637351,0.053169817,0.6227699,0.32406032
-1.4,-1.8,0.2934326,0.3656991,0.05249686,0.62107396,0.32642916
-1.4,-1.76,0.2966275,0.36765626,0.051834933,0.6193744,0.32879066
-1.4,-1.72,0.29980272,0.36960647,0.05118383,0.61767143,0.33114475
-1.4,-1.68,0.3029586,0.37154973,0.05054332,0.61596537,0.33349133
-1.4,-1.64,0.3060954,0.37348604,0.04991316,0.61425644,0.3358304
-1.4,-1.6,0.30921337,0.37541544,0.049293153,0.6125448,0.33816203
-1.4,-1.56,0.31231278,0.377338,0.048683073,0.6108308,0.34048614
-1.4,-1.52,0.3153939,0.37925354,0.04808275,0.6091145,0.3428027
-1.4,-1.48,0.31845707,0.38116232,0.047491934,0.6073962,0.34511185
-1.4,-1.44,0.32150272,0.38306442,0.046910424,0.6056759,0.34741366
-1.4,-1.4,0.324531,0.38495976,0.046338025,0.60395384,0.3497081
-1.4,-1.36,0.32754233,0.38684848,0.04577452,0.60223013,0.3519953
-1.4,-1.32,0.3305371,0.38873073,0.045219723,0.60050493,0.35427538
-1.4,-1.28,0.33351573,0.39060664,0.04467339,0.5987781,0.35654846
-1.4,-1.24,0.33647838,0.3924761,0.044135418,0.59705013,0.3588145
-1.4,-1.2,0.3394256,0.39433935,0.043605555,0.5953207,0.3610737
-1.4,-1.16,0.34235778,0.39619672,0.043083604,0.5935901,0.36332637
-1.4,-1.12,0.34527516,0.39804798,0.04256942,0.59185827,0.36557236
-1.4,-1.08,0.34817824,0.39989346,0.042062793,0.59012526,0.367812
-1.4,-1.04,0.35106736,0.40173322,0.04156359,0.58839107,0.3700453
-1.4,-1.0,0.35394293,0.40356746,0.041071586,0.5866558,0.37227255
-1.4,-0.96,0.3568053,0.40539634,0.040586647,0.5849195,0.3744939
-1.4,-0.92,0.3596549,0.40721992,0.040108606,0.58318204,0.3767094
-1.4,-0.88,0.362492,0.4090383,0.039637312,0.5814435,0.37891918
-1.4,-0.84,0.36531705,0.41085178,0.039172582,0.57970387,0.38112354
-1.4,-0.8,0.3681304,0.41266033,0.03871431,0.5779631,0.38332254
-1.4,-0.76,0.37093237,0.41446424,0.038262345,0.5762213,0.3855164
-1.4,-0.72,0.3737234,0.4162635,0.0378165,0.5744783,0.38770518
-1.4,-0.68,0.37650374,0.41805834,0.037376683,0.5727342,0.38988915
-1.4,-0.64,0.37927374,0.41984886,0.036942743,0.5709889,0.39206836
-1.4,-0.6,0.38203374,0.42163515,0.03651459,0.5692425,0.39424294
-1.4,-0.56,0.384784,0.42341736,0.036092058,0.56749487,0.39641303
-1.4,-0.52,0.38752484,0.42519557,0.03567506,0.5657461,0.3985788
-1.4,-0.48,0.3902565,0.4269699,0.03526347,0.56399626,0.4007403
-1.4,-0.44,0.3929794,0.42874047,0.03485718,0.5622451,0.40289772
-1.4,-0.4,0.39569357,0.4305073,0.0344561,0.5604929,0.40505105
-1.4,-0.36,0.39839944,0.43227056,0.03406009,0.55873936,0.40720052
-1.4,-0.32,0.4010971,0.43403026,0.033669125,0.55698484,0.40934604
-1.4,-0.28,0.40378684,0.4357865,0.033283047,0.5552291,0.41148785
-1.4,-0.24,0.4064688,0.43753922,0.032901805,0.55347234,0.41362584
-1.4,-0.2,0.40914312,0.43928853,0.032525335,0.5517145,0.4157601
-1.4,-0.16,0.4118101,0.44103462,0.032153487,0.54995567,0.41789082
-1.4,-0.12,0.41446972,0.4427773,0.03178627,0.5481959,0.4200178
-1.4,-0.08,0.41712224,0.4445167,0.031423554,0.5464352,0.4221412
-1.4,-0.04,0.41976768,0.4462528,0.031065295,0.54467374,0.424261
-1.4,0.0,0.42240617,0.4479856,0.030711409,0.54291147,0.42637715
-1.4,0.04,0.42503768,0.44971493,0.030361883,0.5411486,0.4284895
-1.4,0.08,0.42766234,0.45144096,0.030016595,0.5393852,0.4305982
-1.4,0.12,0.43028018,0.45316353,0.029675547,0.5376214,0.43270305
-1.4,0.16,0.43289113,0.45488265,0.029338676,0.5358573,0.43480405
-1.4,0.2,0.4354952,0.4565981,0.029005926,0.53409314,0.43690097
-1.4,0.24,0.43809238,0.45830992,0.028677247,0.53232896,0.4389938
-1.4,0.28,0.44068256,0.46001798,0.028352613,0.53056496,0.44108242
-1.4,0.32,0.4432657,0.46172222,0.028031973,0.5288014,0.4431667
-1.4,0.36,0.4458416,0.4634224,0.027715323,0.5270384,0.44524634
-1.4,0.4,0.44841024,0.4651184,0.027402576,0.5252761,0.44732127
-1.4,0.44,0.45097134,0.46681008,0.027093774,0.52351505,0.44939122
-1.4,0.48,0.45352483,0.46849725,0.026788838,0.52175516,0.45145598
-1.4,0.52,0.45607048,0.47017977,0.02648776,0.5199969,0.45351538
-1.4,0.56,0.458608,0.47185734,0.026190503,0.5182404,0.45556906
-1.4,0.6,0.46113718,0.4735298,0.025897093,0.51648605,0.45761678
-1.4,0.64,0.46365774,0.4751969,0.025607474,0.51473427,0.4596583
-1.4,0.68,0.46616936,0.47685838,0.025321644,0.51298517,0.4616932
-1.4,0.72,0.46867183,0.47851402,0.025039567,0.5112392,0.46372125
-1.4,0.76,0.47116467,0.4801635,0.024761267,0.5094967,0.46574208
-1.4,0.8,0.4736477,0.48180664,0.024486702,0.5077579,0.46775538
-1.4,0.84,0.4761204,0.48344305,0.024215868,0.5060234,0.46976075
-1.4,0.88,0.47858244,0.48507237,0.023948785,0.5042935,0.4717577
-1.4,0.92,0.4810335,0.48669446,0.023685385,0.5025685,0.4737461
-1.4,0.96,0.48347312,0.48830894,0.023425711,0.5008489,0.4757254
-1.4,1.0,0.48590094,0.4899155,0.023169724,0.49913502,0.4776953
-1.4,1.04,0.4883165,0.49151382,0.022917407,0.49742725,0.47965533
-1.4,1.08,0.49071938,0.49310353,0.022668796,0.49572614,0.48160505
-1.4,1.12,0.49310926,0.49468446,0.022423822,0.49403197,0.48354426
-1.4,1.16,0.4954857,0.4962562,0.02218249,0.4923451,0.48547244
-1.4,1.2,0.49784827,0.49781853,0.021944795,0.4906659,0.4873893
-1.4,1.24,0.5001965,0.499371,0.02171073,0.488995,0.4892943
-1.4,1.28,0.50253016,0.50091344,0.021480259,0.48733252,0.49118724
-1.4,1.32,0.5048489,0.5024457,0.02125334,0.48567885,0.49306786
-1.4,1.36,0.50715214,0.50396717,0.021030024,0.4840345,0.4949355
-1.4,1.4,0.50943977,0.5054779,0.020810222,0.4823996,0.49679017
-1.4,1.44,0.5117114,0.50697756,0.020593934,0.48077464,0.49863142
-1.4,1.48,0.5139668,0.508466,0.020381115,0.4791598,0.50045913
-1.4,1.52,0.51620555,0.5099428,0.020171754,0.47755548,0.5022728
-1.4,1.56,0.5184275,0.51140803,0.019965818,0.4759619,0.5040723
-1.4,1.6,0.5206325,0.51286143,0.019763255,0.47437912,0.5058576
-1.4,1.64,0.5228202,0.5143028,0.019564057,0.4728077,0.5076282
-1.4,1.68,0.52499044,0.51573205,0.019368177,0.4712477,0.50938416
-1.4,1.72,0.5271432,0.51714903,0.019175556,0.46969926,0.5111252
-1.4,1.76,0.52927816,0.5185536,0.018986177,0.46816254,0.51285124
-1.4,1.8,0.5313954,0.5199459,0.018799987,0.4666378,0.51456225
-1.4,1.84,0.5334947,0.52132565,0.018616939,0.46512502,0.516258
-1.4,1.88,0.53557605,0.5226928,0.018436993,0.46362457,0.5179385
-1.4,1.92,0.53763944,0.52404743,0.018260118,0.4621362,0.51960367
-1.4,1.96,0.5396849,0.52538943,0.018086223,0.46066013,0.5212536
-1.4,2.0,0.5417123,0.5267189,0.0179153,0.45919657,0.5228882
-1.36,-2.0,0.27236804,0.35292858,0.057034805,0.6319213,0.31104392
-1.36,-1.96,0.275712,0.35493997,0.05629397,0.63024175,0.31346428
-1.36,-1.92,0.27903548,0.3569451,0.055565402,0.62855643,0.3158782
-1.36,-1.88,0.28233874,0.35894397,0.05484883,0.6268655,0.31828564
-1.36,-1.84,0.28562176,0.36093634,0.05414408,0.62516963,0.32068628
-1.36,-1.8,0.28888485,0.36292222,0.0534509,0.623469,0.32308012
-1.36,-1.76,0.292128,0.36490142,0.052769132,0.621764,0.3254669
-1.36,-1.72,0.29535156,0.366874,0.052098483,0.6200548,0.32784668
-1.36,-1.68,0.29855576,0.36884,0.05143875,0.61834186,0.33021942
-1.36,-1.64,0.3017407,0.37079918,0.050789732,0.6166253,0.33258492
-1.36,-1.6,0.30490673,0.3727517,0.0501512,0.61490554,0.33494326
-1.36,-1.56,0.30805412,0.3746975,0.049522933,0.6131827,0.33729434
-1.36,-1.52,0.3111831,0.37663668,0.048904736,0.611457,0.3396383
-1.36,-1.48,0.31429404,0.37856928,0.048296344,0.60972863,0.3419751
-1.36,-1.44,0.31738713,0.38049513,0.047697634,0.6079978,0.3443046
-1.36,-1.4,0.32046282,0.38241452,0.04710831,0.6062646,0.34662712
-1.36,-1.36,0.32352144,0.38432744,0.046528213,0.6045292,0.34894258
-1.36,-1.32,0.32656318,0.38623396,0.045957137,0.60279185,0.35125104
-1.36,-1.28,0.3295886,0.38813418,0.045394823,0.6010525,0.35355267
-1.36,-1.24,0.33259794,0.39002824,0.04484114,0.59931135,0.35584754
-1.36,-1.2,0.33559158,0.39191616,0.044295896,0.59756845,0.3581357
-1.36,-1.16,0.33856994,0.39379805,0.043758858,0.5958239,0.3604173
-1.36,-1.12,0.3415334,0.39567417,0.043229815,0.59407765,0.36269256
-1.36,-1.08,0.34448224,0.39754447,0.042708676,0.59232986,0.36496145
-1.36,-1.04,0.34741697,0.39940917,0.042195156,0.5905806,0.36722425
-1.36,-1.0,0.3503379,0.40126836,0.04168917,0.5888299,0.36948097
-1.36,-0.96,0.35324544,0.40312228,0.04119047,0.5870776,0.3717319
-1.36,-0.92,0.35613996,0.40497094,0.040698953,0.5853239,0.37397715
-1.36,-0.88,0.35902187,0.40681455,0.04021439,0.58356875,0.37621686
-1.36,-0.84,0.36189145,0.40865317,0.039736673,0.5818122,0.3784511
-1.36,-0.8,0.36474922,0.41048703,0.03926564,0.5800542,0.3806801
-1.36,-0.76,0.3675954,0.4123162,0.03880111,0.57829475,0.38290408
-1.36,-0.72,0.37043044,0.41414088,0.038342964,0.57653385,0.38512313
-1.36,-0.68,0.3732546,0.4159611,0.037891082,0.5747716,0.3873373
-1.36,-0.64,0.37606838,0.41777712,0.037445277,0.5730078,0.38954693
-1.36,-0.6,0.37887186,0.41958892,0.037005436,0.5712426,0.39175195
-1.36,-0.56,0.38166556,0.4213968,0.036571454,0.5694759,0.39395273
-1.36,-0.52,0.38444972,0.42320064,0.036143187,0.56770766,0.39614913
-1.36,-0.48,0.3872246,0.42500067,0.035720523,0.56593806,0.3983414
-1.36,-0.44,0.38999048,0.426797,0.03530338,0.564167,0.40052965
-1.36,-0.4,0.39274764,0.4285897,0.034891598,0.5623944,0.40271398
-1.36,-0.36,0.39549643,0.43037885,0.0344851,0.5606203,0.40489453
-1.36,-0.32,0.39823684,0.43216455,0.034083784,0.5588449,0.40707126
-1.36,-0.28,0.40096933,0.43394682,0.033687565,0.55706805,0.40924433
-1.36,-0.24,0.403694,0.43572587,0.03329631,0.5552898,0.4114139
-1.36,-0.2,0.40641093,0.43750137,0.03291,0.5535103,0.41357967
-1.36,-0.16,0.40912044,0.43927374,0.03252851,0.5517295,0.415742
-1.36,-0.12,0.41182262,0.4410428,0.032151766,0.5499474,0.4179008
-1.36,-0.08,0.41451755,0.44280863,0.031779706,0.5481642,0.42005605
-1.36,-0.04,0.4172054,0.44457123,0.03141224,0.5463799,0.4222078
-1.36,0.0,0.41988626,0.4463306,0.031049326,0.54459465,0.424356
-1.36,0.04,0.42256016,0.4480867,0.030690854,0.5428084,0.42650068
-1.36,0.08,0.42522705,0.4498394,0.030336853,0.5410216,0.42864156
-1.36,0.12,0.42788714,0.4515888,0.029987186,0.539234,0.43077886
-1.36,0.16,0.4305402,0.4533347,0.029641854,0.53744596,0.4329122
-1.36,0.2,0.4331864,0.45507708,0.02930078,0.5356575,0.4350417
-1.36,0.24,0.43582565,0.45681587,0.028963925,0.5338689,0.43716717
-1.36,0.28,0.4384578,0.45855087,0.028631262,0.53208035,0.4392884
-1.36,0.32,0.44108275,0.46028197,0.028302738,0.53029203,0.44140524
-1.36,0.36,0.44370043,0.4620091,0.027978314,0.5285041,0.44351757
-1.36,0.4,0.44631064,0.463732,0.027657976,0.5267169,0.4456251
-1.36,0.44,0.44891325,0.46545058,0.0273417,0.5249306,0.4477277
-1.36,0.48,0.45150807,0.46716464,0.027029429,0.52314544,0.44982508
-1.36,0.52,0.45409486,0.46887398,0.026721153,0.52136177,0.45191705
-1.36,0.56,0.45667338,0.47057825,0.026416862,0.5195799,0.4540032
-1.36,0.6,0.4592433,0.47227743,0.026116546,0.5178001,0.45608336
-1.36,0.64,0.46180445,0.47397113,0.025820157,0.5160227,0.45815718
-1.36,0.68,0.46435633,0.475659,0.0255277,0.51424813,0.4602242
-1.36,0.72,0.4668988,0.47734097,0.025239145,0.51247656,0.4622843
-1.36,0.76,0.46943143,0.47901663,0.02495449,0.5107086,0.46433696
-1.36,0.8,0.47195387,0.48068577,0.024673715,0.50894433,0.46638194
-1.36,0.84,0.47446576,0.48234797,0.02439682,0.5071844,0.46841875
-1.36,0.88,0.47696662,0.48400304,0.02412379,0.50542915,0.4704471
-1.36,0.92,0.47945613,0.48565054,0.023854602,0.5036789,0.47246644
-1.36,0.96,0.4819339,0.48729032,0.023589266,0.5019342,0.47447658
-1.36,1.0,0.4843994,0.48892194,0.023327757,0.5001953,0.476477
-1.36,1.04,0.48685232,0.490545,0.023070065,0.49846274,0.47846723
-1.36,1.08,0.48929217,0.49215934,0.022816183,0.49673682,0.480447
-1.36,1.12,0.4917187,0.49376464,0.022566063,0.49501804,0.48241594
-1.36,1.16,0.49413133,0.49536046,0.022319749,0.4933067,0.4843735
-1.36,1.2,0.49652964,0.4969466,0.022077186,0.49160334,0.48631948
-1.36,1.24,0.49891338,0.49852276,0.021838358,0.48990825,0.4882534
-1.36,1.28,0.501282,0.5000885,0.021603258,0.4882219,0.4901748
-1.36,1.32,0.50363535,0.50164384,0.021371841,0.48654458,0.49208364
-1.36,1.36,0.50597286,0.5031882,0.021144105,0.4848766,0.49397928
-1.36,1.4,0.5082944,0.5047215,0.020920018,0.48321837,0.4958616
-1.36,1.44,0.5105996,0.50624365,0.02069954,0.48157015,0.4977303
-1.36,1.48,0.51288813,0.5077542,0.020482644,0.4799323,0.49958503
-1.36,1.52,0.5151597,0.50925297,0.020269323,0.4783051,0.50142556
-1.36,1.56,0.51741415,0.5107398,0.020059515,0.4766888,0.5032516
-1.36,1.6,0.5196513,0.5122148,0.019853178,0.4750836,0.50506324
-1.36,1.64,0.5218709,0.5136774,0.01965029,0.47348976,0.50685996
-1.36,1.68,0.5240727,0.5151277,0.019450802,0.47190747,0.50864166
-1.36,1.72,0.5262568,0.5165657,0.019254662,0.47033688,0.5104084
-1.36,1.76,0.52842283,0.51799107,0.019061854,0.46877828,0.5121599
-1.36,1.8,0.5305708,0.5194037,0.018872317,0.4672317,0.5138959
-1.36,1.84,0.53270084,0.5208039,0.018685983,0.4656972,0.5156168
-1.36,1.88,0.5348125,0.52219135,0.018502843,0.4641751,0.51732206
-1.36,1.92,0.5369061,0.52356607,0.01832281,0.4626652,0.519012
-1.36,1.96,0.53898144,0.5249281,0.018145863,0.46116787,0.5206863
-1.36,2.0,0.5410386,0.5262772,0.017971944,0.45968294,0.52234507
-1.32,-2.0,0.26760095,0.35007176,0.058104496,0.6342873,0.30760816
-1.32,-1.96,0.27099273,0.35210305,0.05734177,0.63260734,0.31005087
-1.32,-1.92,0.27436423,0.35412854,0.056591615,0.63092065,0.31248772
-1.32,-1.88,0.2777155,0.35614803,0.05585386,0.62922764,0.31491852
-1.32,-1.84,0.28104663,0.35816142,0.05512823,0.6275288,0.31734303
-1.32,-1.8,0.28435785,0.3601686,0.05441454,0.6258243,0.31976113
-1.32,-1.76,0.28764912,0.36216953,0.05371255,0.6241148,0.3221727
-1.32,-1.72,0.29092076,0.36416405,0.053022094,0.62240034,0.32457757
-1.32,-1.68,0.29417303,0.36615223,0.052342862,0.62068135,0.3269758
-1.32,-1.64,0.29740602,0.36813396,0.051674686,0.61895806,0.32936722
-1.32,-1.6,0.30062,0.3701092,0.051017348,0.61723095,0.33175173
-1.32,-1.56,0.30381528,0.37207803,0.05037058,0.6154999,0.33412945
-1.32,-1.52,0.30699202,0.37404045,0.049734212,0.61376554,0.3365003
-1.32,-1.48,0.31015056,0.3759963,0.049108002,0.6120279,0.33886412
-1.32,-1.44,0.31329122,0.37794578,0.048491787,0.6102871,0.3412211
-1.32,-1.4,0.31641427,0.3798889,0.04788529,0.60854346,0.34357122
-1.32,-1.36,0.31952003,0.3818257,0.047288332,0.60679716,0.3459145
-1.32,-1.32,0.32260886,0.38375625,0.04670067,0.6050482,0.3482511
-1.32,-1.28,0.32568115,0.38568068,0.04612211,0.6032968,0.35058105
-1.32,-1.24,0.32873714,0.387599,0.045552507,0.6015432,0.35290435
-1.32,-1.2,0.33177727,0.38951132,0.044991583,0.59978724,0.35522118
-1.32,-1.16,0.33480188,0.39141777,0.044439185,0.59802926,0.3575316
-1.32,-1.12,0.3378114,0.39331847,0.0438951,0.5962692,0.35983577
-1.32,-1.08,0.3408062,0.39521348,0.043359138,0.5945071,0.36213377
-1.32,-1.04,0.34378654,0.3971029,0.042831156,0.5927431,0.36442572
-1.32,-1.0,0.34675294,0.39898697,0.04231091,0.59097725,0.36671183
-1.32,-0.96,0.34970576,0.40086576,0.041798256,0.58920956,0.3689922
-1.32,-0.92,0.3526453,0.40273938,0.04129301,0.5874401,0.37126696
-1.32,-0.88,0.35557202,0.40460795,0.040795006,0.5856687,0.37353623
-1.32,-0.84,0.35848638,0.4064718,0.040304057,0.58389556,0.3758004
-1.32,-0.8,0.36138853,0.40833074,0.039820064,0.5821207,0.37805924
-1.32,-0.76,0.364279,0.41018513,0.039342813,0.5803441,0.38031313
-1.32,-0.72,0.36715817,0.41203505,0.038872175,0.5785656,0.3825622
-1.32,-0.68,0.37002632,0.41388062,0.03840799,0.5767854,0.38480657
-1.32,-0.64,0.3728838,0.415722,0.037950147,0.57500345,0.38704643
-1.32,-0.6,0.37573093,0.41755927,0.03749849,0.5732198,0.3892818
-1.32,-0.56,0.37856814,0.41939256,0.03705287,0.57143414,0.39151296
-1.32,-0.52,0.38139564,0.42122203,0.036613207,0.5696469,0.39373994
-1.32,-0.48,0.38421375,0.4230477,0.036179338,0.56785786,0.39596286
-1.32,-0.44,0.38702273,0.4248697,0.035751145,0.56606704,0.39818183
-1.32,-0.4,0.38982293,0.42668816,0.03532853,0.56427443,0.40039706
-1.32,-0.36,0.39261454,0.4285031,0.03491138,0.5624801,0.40260845
-1.32,-0.32,0.3953978,0.43031466,0.034499615,0.5606841,0.40481624
-1.32,-0.28,0.398173,0.43212292,0.034093097,0.55888635,0.4070205
-1.32,-0.24,0.40094027,0.4339279,0.033691745,0.557087,0.40922126
-1.32,-0.2,0.40369985,0.43572965,0.033295475,0.555286,0.41141856
-1.32,-0.16,0.40645188,0.43752816,0.0329042,0.5534834,0.41361234
-1.32,-0.12,0.40919647,0.4393235,0.032517854,0.5516794,0.41580275
-1.32,-0.08,0.41193384,0.44111568,0.032136325,0.54987395,0.41798973
-1.32,-0.04,0.41466397,0.44290465,0.03175958,0.5480672,0.42017326
-1.32,0.0,0.41738704,0.4446904,0.031387534,0.54625916,0.4223533
-1.32,0.04,0.42010313,0.446473,0.031020124,0.54445,0.4245299
-1.32,0.08,0.42281222,0.44825232,0.030657265,0.5426398,0.42670295
-1.32,0.12,0.4255143,0.4500283,0.030298926,0.54082876,0.42887232
-1.32,0.16,0.42820942,0.45180085,0.029945064,0.539017,0.43103793
-1.32,0.2,0.4308975,0.4535699,0.029595617,0.5372048,0.43319964
-1.32,0.24,0.43357855,0.45533538,0.029250525,0.5353921,0.43535742
-1.32,0.28,0.43625236,0.45709705,0.028909767,0.5335793,0.43751094
-1.32,0.32,0.4389189,0.4588549,0.028573316,0.5317666,0.43966016
-1.32,0.36,0.44157806,0.46060872,0.028241111,0.5299541,0.44180483
-1.32,0.4,0.44422966,0.4623584,0.027913118,0.5281421,0.44394478
-1.32,0.44,0.44687343,0.46410364,0.027589329,0.526331,0.44607973
-1.32,0.48,0.4495092,0.4658442,0.027269712,0.52452093,0.44820932
-1.32,0.52,0.45213675,0.46758005,0.02695423,0.5227123,0.45033345
-1.32,0.56,0.4547558,0.4693108,0.026642885,0.52090544,0.4524517
-1.32,0.6,0.45736614,0.47103626,0.026335632,0.5191005,0.45456386
-1.32,0.64,0.45996734,0.47275618,0.026032457,0.517298,0.45666954
-1.32,0.68,0.46255922,0.47447026,0.025733346,0.51549816,0.45876843
-1.32,0.72,0.4651412,0.4761782,0.02543832,0.5137016,0.4608601
-1.32,0.76,0.46771318,0.47787976,0.025147317,0.5119084,0.4629443
-1.32,0.8,0.47027448,0.47957447,0.02486035,0.51011926,0.4650204
-1.32,0.84,0.47282496,0.48126215,0.02457739,0.5083344,0.46708822
-1.32,0.88,0.47536418,0.48294255,0.02429842,0.5065542,0.4691474
-1.32,0.92,0.47789162,0.4846152,0.024023458,0.50477916,0.47119737
-1.32,0.96,0.4804069,0.4862798,0.023752486,0.50300974,0.47323775
-1.32,1.0,0.48290965,0.48793608,0.023485463,0.50124633,0.47526827
-1.32,1.04,0.4853994,0.4895836,0.023222405,0.49948928,0.47728834
-1.32,1.08,0.48787573,0.49122217,0.022963276,0.49773908,0.47929764
-1.32,1.12,0.49033824,0.49285138,0.022708075,0.49599618,0.4812958
-1.32,1.16,0.49278647,0.49447092,0.022456778,0.49426088,0.48328233
-1.32,1.2,0.49522004,0.4960805,0.02220935,0.4925337,0.48525688
-1.32,1.24,0.49763858,0.4976799,0.021965796,0.49081504,0.48721918
-1.32,1.28,0.5000418,0.4992687,0.021726089,0.48910514,0.4891688
-1.32,1.32,0.50242925,0.5008468,0.02149017,0.48740444,0.4911054
-1.32,1.36,0.50480056,0.5024137,0.021258058,0.48571336,0.4930286
-1.32,1.4,0.50715554,0.5039694,0.021029694,0.48403206,0.49493825
-1.32,1.44,0.5094937,0.50551355,0.020805057,0.4823611,0.4968339
-1.32,1.48,0.51181495,0.5070459,0.020584114,0.48070052,0.49871534
-1.32,1.52,0.5141189,0.5085663,0.020366827,0.47905084,0.50058234
-1.32,1.56,0.51640546,0.51007473,0.020153156,0.47741213,0.50243473
-1.32,1.6,0.5186744,0.51157075,0.019943047,0.47578472,0.5042722
-1.32,1.64,0.5209254,0.51305443,0.019736487,0.47416884,0.5060947
-1.32,1.68,0.5231586,0.5145257,0.01953341,0.47256452,0.5079021
-1.32,1.72,0.5253736,0.5159843,0.01933377,0.47097218,0.5096941
-1.32,1.76,0.5275704,0.5174302,0.019137526,0.4693918,0.5114707
-1.32,1.8,0.52974886,0.51886326,0.018944642,0.46782365,0.5132317
-1.32,1.84,0.5319091,0.5202836,0.018755052,0.46626768,0.5149773
-1.32,1.88,0.5340509,0.521691,0.018568706,0.46472412,0.5167071
-1.32,1.92,0.53617436,0.52308565,0.018385557,0.46319303,0.5184214
-1.32,1.96,0.53827935,0.52446735,0.01820556,0.46167448,0.5201199
-1.32,2.0,0.54036605,0.5258362,0.018028634,0.46016848,0.5218029
-1.28,-2.0,0.2628585,0.34724241,0.059184674,0.6366077,0.30420768
-1.28,-1.96,0.2662978,0.34929305,0.05839973,0.6349283,0.30667204
-1.28,-1.92,0.2697169,0.35133824,0.057627738,0.6332413,0.309131
-1.28,-1.88,0.2731158,0.3533778,0.056868464,0.63154715,0.31158438
-1.28,-1.84,0.2764947,0.3554117,0.05612169,0.6298463,0.31403208
-1.28,-1.8,0.27985364,0.35743964,0.05538723,0.628139,0.31647375
-1.28,-1.76,0.28319284,0.35946175,0.05466477,0.6264258,0.31890944
-1.28,-1.72,0.28651235,0.3614778,0.053954177,0.624707,0.32133886
-1.28,-1.68,0.2898125,0.36348778,0.053255156,0.62298274,0.32376206
-1.28,-1.64,0.29309332,0.3654916,0.052567568,0.6212536,0.3261788
-1.28,-1.6,0.29635507,0.3674892,0.051891133,0.6195198,0.32858902
-1.28,-1.56,0.29959807,0.36948064,0.051225595,0.61778164,0.33099282
-1.28,-1.52,0.30282244,0.3714658,0.050570805,0.6160392,0.33338997
-1.28,-1.48,0.30602857,0.37344474,0.04992651,0.6142929,0.33578053
-1.28,-1.44,0.30921662,0.3754175,0.04929251,0.61254305,0.33816448
-1.28,-1.4,0.312387,0.37738407,0.048668552,0.6107896,0.34054187
-1.28,-1.36,0.3155399,0.37934446,0.048054468,0.60903287,0.34291264
-1.28,-1.32,0.31867573,0.38129878,0.047449987,0.6072731,0.34527692
-1.28,-1.28,0.3217948,0.38324708,0.046854973,0.6055103,0.34763476
-1.28,-1.24,0.32489753,0.38518947,0.046269126,0.6037447,0.34998626
-1.28,-1.2,0.32798412,0.3871259,0.04569233,0.60197634,0.3523313
-1.28,-1.16,0.33105502,0.38905665,0.045124326,0.6002054,0.35467026
-1.28,-1.12,0.33411068,0.39098173,0.044564925,0.598432,0.35700312
-1.28,-1.08,0.33715132,0.39290118,0.04401398,0.59665614,0.35932988
-1.28,-1.04,0.3401774,0.39481524,0.04347123,0.5948779,0.36165082
-1.28,-1.0,0.3431893,0.396724,0.042936537,0.5930974,0.36396602
-1.28,-0.96,0.34618744,0.39862752,0.04240967,0.5913147,0.36627564
-1.28,-0.92,0.34917215,0.400526,0.04189051,0.58952975,0.36857975
-1.28,-0.88,0.3521438,0.4024195,0.041378845,0.5877426,0.37087855
-1.28,-0.84,0.3551028,0.40430817,0.040874504,0.58595335,0.37317213
-1.28,-0.8,0.35804954,0.40619218,0.040377337,0.58416194,0.3754607
-1.28,-0.76,0.36098439,0.4080717,0.039887186,0.58236843,0.3777444
-1.28,-0.72,0.36390772,0.40994674,0.03940386,0.5805728,0.38002336
-1.28,-0.68,0.36681977,0.41181746,0.03892725,0.57877505,0.38229764
-1.28,-0.64,0.3697211,0.41368413,0.03845717,0.5769752,0.3845676
-1.28,-0.6,0.37261194,0.4155467,0.037993506,0.5751733,0.38683313
-1.28,-0.56,0.37549266,0.4174054,0.037536114,0.5733693,0.3890946
-1.28,-0.52,0.37836352,0.4192602,0.037084877,0.57156324,0.39135185
-1.28,-0.48,0.38122484,0.4211114,0.03663963,0.569755,0.3936053
-1.28,-0.44,0.384077,0.422959,0.036200274,0.5679448,0.3958549
-1.28,-0.4,0.3869202,0.42480314,0.0357667,0.5661325,0.3981008
-1.28,-0.36,0.38975474,0.42664385,0.03533877,0.5643182,0.4003431
-1.28,-0.32,0.39258072,0.42848116,0.03491642,0.5625019,0.40258172
-1.28,-0.28,0.39539862,0.43031523,0.034499485,0.56068355,0.40481693
-1.28,-0.24,0.39820853,0.43214613,0.034087922,0.55886334,0.4070488
-1.28,-0.2,0.4010106,0.43397382,0.033681594,0.55704117,0.40927723
-1.28,-0.16,0.40380505,0.43579832,0.033280455,0.5552172,0.4115023
-1.28,-0.12,0.40659198,0.4376198,0.032884393,0.55339146,0.41372412
-1.28,-0.08,0.40937164,0.4394381,0.032493334,0.55156404,0.41594258
-1.28,-0.04,0.41214395,0.4412533,0.032107208,0.5497351,0.4181577
-1.28,0.0,0.41490918,0.44306538,0.031725936,0.54790455,0.42036948
-1.28,0.04,0.41766727,0.4448743,0.031349458,0.5460728,0.4225778
-1.28,0.08,0.42041832,0.44667998,0.03097771,0.54423964,0.42478266
-1.28,0.12,0.42316225,0.4484823,0.030610647,0.5424055,0.42698383
-1.28,0.16,0.42589912,0.45028132,0.030248182,0.54057044,0.42918143
-1.28,0.2,0.4286289,0.45207685,0.029890293,0.5387346,0.43137515
-1.28,0.24,0.43135142,0.45386872,0.029536944,0.53689826,0.43356484
-1.28,0.28,0.43406668,0.45565692,0.029188065,0.53506154,0.43575045
-1.28,0.32,0.4367745,0.4574412,0.028843625,0.53322476,0.43793166
-1.28,0.36,0.43947476,0.45922145,0.028503586,0.53138804,0.44010836
-1.28,0.4,0.4421673,0.46099743,0.028167937,0.52955174,0.44228023
-1.28,0.44,0.44485188,0.4627691,0.027836619,0.5277163,0.44444716
-1.28,0.48,0.44752827,0.46453598,0.02750962,0.5258817,0.44660866
-1.28,0.52,0.45019615,0.46629795,0.027186925,0.5240485,0.44876453
-1.28,0.56,0.45285544,0.46805492,0.026868481,0.52221686,0.45091462
-1.28,0.6,0.45550567,0.46980643,0.02655431,0.52038735,0.45305836
-1.28,0.64,0.45814645,0.47155216,0.026244363,0.5185602,0.45519543
-1.28,0.68,0.4607776,0.473292,0.02593863,0.51673573,0.4573256
-1.28,0.72,0.46339872,0.4750256,0.025637107,0.51491445,0.4594485
-1.28,0.76,0.46600935,0.47675255,0.025339762,0.51309675,0.46156356
-1.28,0.8,0.46860915,0.47847256,0.025046611,0.511283,0.46367046
-1.28,0.84,0.4711977,0.4801854,0.024757594,0.50947356,0.46576887
-1.28,0.88,0.4737746,0.48189062,0.024472727,0.507669,0.46785828
-1.28,0.92,0.47633937,0.4835879,0.024192022,0.5058697,0.46993828
-1.28,0.96,0.4788917,0.48527706,0.023915408,0.504076,0.47200862
-1.28,1.0,0.48143107,0.48695755,0.02364291,0.5022884,0.47406864
-1.28,1.04,0.48395696,0.4886291,0.023374503,0.50050753,0.47611797
-1.28,1.08,0.48646915,0.49029148,0.023110157,0.4987335,0.47815633
-1.28,1.12,0.48896712,0.4919443,0.02284985,0.49696693,0.48018327
-1.28,1.16,0.49145043,0.49358714,0.022593608,0.49520814,0.48219824
-1.28,1.2,0.49391875,0.49521992,0.022341348,0.4934576,0.4842011
-1.28,1.24,0.49637163,0.4968421,0.022093093,0.49171567,0.48619124
-1.28,1.28,0.49880874,0.49845353,0.021848796,0.48998266,0.48816848
-1.28,1.32,0.5012297,0.50005394,0.021608418,0.48825917,0.49013242
-1.28,1.36,0.50363433,0.50164306,0.021371938,0.48654523,0.49208277
-1.28,1.4,0.50602204,0.5032207,0.02113935,0.48484153,0.49401912
-1.28,1.44,0.5083929,0.5047866,0.02091057,0.48314798,0.49594146
-1.28,1.48,0.5107463,0.5063405,0.020685585,0.4814652,0.49784923
-1.28,1.52,0.51308227,0.5078823,0.020464344,0.47979328,0.4997424
-1.28,1.56,0.5154004,0.50941175,0.02024683,0.47813258,0.50162053
-1.28,1.6,0.5177007,0.5109288,0.020032981,0.4764833,0.5034837
-1.28,1.64,0.5199828,0.5124333,0.019822754,0.47484562,0.50533164
-1.28,1.68,0.5222468,0.5139251,0.019616097,0.4732197,0.5071642
-1.28,1.72,0.52449244,0.5154041,0.019412968,0.47160575,0.5089813
-1.28,1.76,0.52671957,0.51687026,0.019213334,0.470004,0.51078266
-1.28,1.8,0.5289283,0.5183235,0.019017102,0.46841443,0.5125684
-1.28,1.84,0.5311184,0.5197638,0.018824255,0.46683732,0.51433843
-1.28,1.88,0.5332899,0.52119106,0.018634735,0.4652727,0.5160926
-1.28,1.92,0.53544295,0.52260536,0.018448463,0.46372047,0.517831
-1.28,1.96,0.53757745,0.5240067,0.018265408,0.46218094,0.51955366
-1.28,2.0,0.53969336,0.52539504,0.01808551,0.46065408,0.52126044
-1.24,-2.0,0.25814337,0.34444207,0.06027455,0.63888115,0.3008443
-1.24,-1.96,0.2616296,0.34651133,0.05946718,0.6372034,0.30332938
-1.24,-1.92,0.26509577,0.3485756,0.058673106,0.6355172,0.30580968
-1.24,-1.88,0.26854202,0.35063475,0.05789207,0.6338229,0.30828503
-1.24,-1.84,0.2719683,0.35268855,0.057123892,0.632121,0.31075513
-1.24,-1.8,0.27537477,0.35473686,0.05636833,0.63041186,0.31321985
-1.24,-1.76,0.27876148,0.35677958,0.055625163,0.6286959,0.3156789
-1.24,-1.72,0.28212857,0.35881662,0.054894205,0.62697357,0.31813225
-1.24,-1.68,0.28547627,0.3608479,0.05417517,0.6252451,0.3205797
-1.24,-1.64,0.2888047,0.3628734,0.05346783,0.62351096,0.32302126
-1.24,-1.6,0.29211402,0.3648929,0.05277204,0.62177134,0.32545662
-1.24,-1.56,0.29540452,0.36690652,0.052087516,0.62002665,0.3278859
-1.24,-1.52,0.29867637,0.36891407,0.05141404,0.618277,0.33030885
-1.24,-1.48,0.3019298,0.3709157,0.050751388,0.61652297,0.3327256
-1.24,-1.44,0.30516514,0.37291133,0.050099358,0.61476463,0.33513606
-1.24,-1.4,0.30838272,0.374901,0.049457695,0.61300206,0.33754024
-1.24,-1.36,0.31158274,0.3768847,0.048826218,0.6112356,0.33993813
-1.24,-1.32,0.31476545,0.3788625,0.0482047,0.60946554,0.3423297
-1.24,-1.28,0.31793135,0.38083446,0.0475929,0.60769194,0.34471515
-1.24,-1.24,0.32108065,0.38280064,0.04699065,0.605915,0.3470944
-1.24,-1.2,0.32421368,0.384761,0.046397705,0.6041348,0.34946746
-1.24,-1.16,0.32733086,0.38671574,0.045813918,0.60235155,0.35183454
-1.24,-1.12,0.33043262,0.38866502,0.045238975,0.60056525,0.35419577
-1.24,-1.08,0.3335192,0.39060882,0.04467277,0.59877616,0.3565511
-1.24,-1.04,0.33659095,0.3925472,0.044115074,0.59698427,0.3589007
-1.24,-1.0,0.33964846,0.39448047,0.043565694,0.5951896,0.3612448
-1.24,-0.96,0.34269193,0.39640853,0.04302445,0.5933922,0.36358336
-1.24,-0.92,0.3457217,0.39833158,0.042491157,0.59159225,0.36591652
-1.24,-0.88,0.34873828,0.40024978,0.041965637,0.58978975,0.36824453
-1.24,-0.84,0.35174206,0.4021633,0.041447718,0.5879848,0.3705675
-1.24,-0.8,0.35473338,0.40407223,0.040937193,0.58617723,0.37288556
-1.24,-0.76,0.35771254,0.4059766,0.04043395,0.5843673,0.37519875
-1.24,-0.72,0.36068004,0.40787664,0.03993776,0.5825549,0.3775074
-1.24,-0.68,0.36363626,0.4097725,0.039448522,0.58073986,0.37981156
-1.24,-0.64,0.36658138,0.41166422,0.038966067,0.57892257,0.3821113
-1.24,-0.6,0.3695159,0.41355205,0.038490273,0.57710284,0.38440692
-1.24,-0.56,0.37244013,0.4154359,0.038020954,0.57528067,0.38669837
-1.24,-0.52,0.3753544,0.41731614,0.037557963,0.5734561,0.38898596
-1.24,-0.48,0.37825897,0.4191926,0.03710122,0.5716291,0.3912696
-1.24,-0.44,0.38115418,0.42106566,0.036650583,0.56979984,0.3935496
-1.24,-0.4,0.3840404,0.4229353,0.036205895,0.56796813,0.395826
-1.24,-0.36,0.38691768,0.42480147,0.03576708,0.5661341,0.39809877
-1.24,-0.32,0.3897865,0.42666444,0.035334002,0.5642978,0.40036815
-1.24,-0.28,0.392647,0.42852426,0.03490656,0.56245923,0.40263423
-1.24,-0.24,0.3954994,0.43038085,0.034484643,0.5606184,0.40489694
-1.24,-0.2,0.39834386,0.43223432,0.034068204,0.5587755,0.40715632
-1.24,-0.16,0.40118065,0.43408474,0.033657074,0.55693036,0.40941253
-1.24,-0.12,0.40400982,0.43593213,0.033251215,0.55508333,0.4116655
-1.24,-0.08,0.40683156,0.43777645,0.032850545,0.5532343,0.41391525
-1.24,-0.04,0.40964592,0.43961763,0.032454956,0.55138344,0.41616163
-1.24,0.0,0.41245306,0.44145584,0.032064397,0.5495308,0.41840485
-1.24,0.04,0.41525298,0.4432908,0.0316788,0.54767656,0.4206446
-1.24,0.08,0.4180457,0.4451226,0.03129809,0.54582095,0.42288095
-1.24,0.12,0.4208313,0.44695118,0.030922225,0.54396397,0.42511383
-1.24,0.16,0.42360967,0.4487763,0.03055112,0.54210585,0.42734295
-1.24,0.2,0.42638078,0.450598,0.030184776,0.5402469,0.42956832
-1.24,0.24,0.42914453,0.4524161,0.029823102,0.5383872,0.4317897
-1.24,0.28,0.43190092,0.45423055,0.029466048,0.536527,0.43400705
-1.24,0.32,0.43464965,0.45604095,0.02911361,0.5346665,0.4362199
-1.24,0.36,0.43739069,0.45784736,0.02876573,0.532806,0.43842825
-1.24,0.4,0.44012374,0.45964947,0.028422374,0.5309459,0.44063175
-1.24,0.44,0.44284868,0.46144706,0.02808352,0.52908635,0.44283012
-1.24,0.48,0.44556525,0.46323997,0.027749151,0.52722776,0.44502315
-1.24,0.52,0.44827303,0.4650278,0.02741921,0.5253704,0.4472104
-1.24,0.56,0.45097193,0.46681046,0.027093688,0.52351457,0.4493917
-1.24,0.6,0.4536615,0.46858758,0.026772607,0.5216609,0.45156655
-1.24,0.64,0.45634142,0.47035885,0.026455885,0.5198095,0.4537346
-1.24,0.68,0.45901138,0.47212404,0.026143534,0.51796085,0.4558956
-1.24,0.72,0.46167096,0.4738828,0.025835523,0.51611537,0.45804906
-1.24,0.76,0.46431977,0.4756348,0.02553187,0.5142735,0.4601946
-1.24,0.8,0.4669574,0.47737974,0.025232539,0.51243573,0.46233177
-1.24,0.84,0.46958342,0.4791172,0.024937497,0.51060236,0.46446016
-1.24,0.88,0.47219738,0.48084688,0.024646746,0.50877386,0.46657938
-1.24,0.92,0.47479898,0.48256847,0.024360286,0.50695074,0.46868896
-1.24,0.96,0.47738764,0.4842817,0.024078077,0.5051334,0.47078857
-1.24,1.0,0.47996297,0.48598596,0.02380013,0.50332224,0.47287762
-1.24,1.04,0.48252454,0.4876812,0.023526395,0.50151783,0.4749558
-1.24,1.08,0.48507187,0.48936692,0.02325686,0.49972057,0.47702262
-1.24,1.12,0.4876047,0.49104282,0.022991506,0.4979307,0.47907773
-1.24,1.16,0.49012247,0.49270865,0.022730336,0.496149,0.48112074
-1.24,1.2,0.49262482,0.494364,0.022473292,0.4943755,0.48315117
-1.24,1.24,0.49511144,0.4960087,0.022220343,0.4926108,0.48516878
-1.24,1.28,0.4975819,0.49764237,0.021971473,0.49085534,0.48717317
-1.24,1.32,0.50003594,0.49926487,0.021726657,0.48910934,0.48916405
-1.24,1.36,0.5024731,0.5008758,0.021485854,0.48737317,0.491141
-1.24,1.4,0.50489324,0.5024749,0.021249026,0.4856472,0.49310377
-1.24,1.44,0.5072961,0.50406224,0.021016132,0.48393166,0.49505222
-1.24,1.48,0.5096813,0.50563735,0.020787137,0.48222694,0.4969859
-1.24,1.52,0.51204866,0.5072002,0.020561973,0.48053324,0.49890476
-1.24,1.56,0.514398,0.5087505,0.020340644,0.47885093,0.5008085
-1.24,1.6,0.5167292,0.5102882,0.020123063,0.47718003,0.50269693
-1.24,1.64,0.519042,0.51181316,0.019909184,0.47552094,0.50456995
-1.24,1.68,0.5213364,0.5133253,0.019698985,0.47387367,0.50642735
-1.24,1.72,0.5236122,0.5148245,0.019492375,0.47223854,0.50826913
-1.24,1.76,0.52586937,0.51631063,0.019289328,0.47061557,0.51009506
-1.24,1.8,0.5281078,0.51778376,0.019089783,0.46900502,0.5119052
-1.24,1.84,0.5303277,0.5192439,0.018893685,0.46740687,0.5136995
-1.24,1.88,0.53252864,0.5206908,0.018700983,0.4658213,0.5154777
-1.24,1.92,0.53471094,0.5221246,0.018511618,0.46424833,0.51724005
-1.24,1.96,0.5368745,0.5235453,0.018325513,0.46268806,0.51898646
-1.24,2.0,0.53901935,0.5249529,0.01814264,0.4611405,0.52071685
-1.2,-2.0,0.2534577,0.3416719,0.061373543,0.64110696,0.2975195
-1.2,-1.96,0.2569904,0.34375924,0.060543485,0.63943195,0.30002457
-1.2,-1.92,0.26050326,0.345842,0.059727076,0.63774747,0.30252546
-1.2,-1.88,0.2639963,0.3479201,0.058924053,0.63605404,0.3050219
-1.2,-1.84,0.26746953,0.34999323,0.058134235,0.6343521,0.3075137
-1.2,-1.8,0.27092302,0.35206124,0.057357367,0.6326421,0.31000057
-1.2,-1.76,0.27435687,0.35412407,0.05659325,0.63092434,0.31248236
-1.2,-1.72,0.27777123,0.35618168,0.055841643,0.6291994,0.31495902
-1.2,-1.68,0.28116617,0.35823378,0.05510232,0.6274675,0.31743017
-1.2,-1.64,0.28454185,0.3602804,0.05437509,0.62572914,0.31989577
-1.2,-1.6,0.28789848,0.36232138,0.053659663,0.62398463,0.32235572
-1.2,-1.56,0.29123625,0.36435673,0.052955877,0.6222342,0.32480994
-1.2,-1.52,0.2945553,0.36638632,0.052263487,0.62047833,0.32725823
-1.2,-1.48,0.29785597,0.36841017,0.051582243,0.61871713,0.32970062
-1.2,-1.44,0.30113843,0.37042832,0.050911944,0.616951,0.33213705
-1.2,-1.4,0.30440295,0.3724407,0.050252356,0.6151801,0.33456755
-1.2,-1.36,0.30764988,0.37444735,0.049603265,0.6134047,0.33699203
-1.2,-1.32,0.31087947,0.37644833,0.04896443,0.61162496,0.33941057
-1.2,-1.28,0.31409198,0.3784436,0.048335686,0.6098412,0.3418231
-1.2,-1.24,0.3172878,0.3804332,0.047716763,0.60805357,0.3442297
-1.2,-1.2,0.32046723,0.3824173,0.047107477,0.60626215,0.34663045
-1.2,-1.16,0.32363066,0.38439587,0.046507597,0.60446703,0.3490254
-1.2,-1.12,0.3267784,0.38636902,0.045916934,0.6026685,0.3514146
-1.2,-1.08,0.32991084,0.38833684,0.045335263,0.6008666,0.35379815
-1.2,-1.04,0.33302835,0.39029938,0.044762414,0.5990614,0.35617614
-1.2,-1.0,0.33613127,0.39225686,0.04419816,0.5972531,0.35854873
-1.2,-0.96,0.33922008,0.39420936,0.04364234,0.5954417,0.36091602
-1.2,-0.92,0.34229496,0.39615682,0.04309474,0.5936272,0.36327803
-1.2,-0.88,0.34535652,0.39809966,0.04255517,0.5918098,0.36563507
-1.2,-0.84,0.348405,0.4000377,0.042023443,0.5899894,0.3679871
-1.2,-0.8,0.35144088,0.4019713,0.041499387,0.58816624,0.3703344
-1.2,-0.76,0.3544645,0.4039005,0.040982857,0.5863401,0.37267703
-1.2,-0.72,0.35747615,0.40582532,0.04047369,0.5845112,0.37501502
-1.2,-0.68,0.36047632,0.40774608,0.039971676,0.5826795,0.37734878
-1.2,-0.64,0.36346534,0.40966278,0.03947668,0.58084506,0.37967822
-1.2,-0.6,0.36644346,0.41157556,0.03898857,0.57900786,0.38200355
-1.2,-0.56,0.36941126,0.41348463,0.038507152,0.57716787,0.38432497
-1.2,-0.52,0.3723688,0.41538998,0.038032327,0.57532525,0.3866425
-1.2,-0.48,0.3753166,0.41729176,0.037563935,0.57347983,0.38895628
-1.2,-0.44,0.3782549,0.41919002,0.037101865,0.57163167,0.3912664
-1.2,-0.4,0.38118395,0.42108497,0.036645964,0.569781,0.39357308
-1.2,-0.36,0.3841041,0.42297658,0.036196116,0.56792754,0.3958763
-1.2,-0.32,0.38701555,0.42486504,0.035752226,0.56607157,0.3981762
-1.2,-0.28,0.38991857,0.42675027,0.035314176,0.5642131,0.40047273
-1.2,-0.24,0.39281332,0.42863247,0.034881845,0.5623521,0.40276608
-1.2,-0.2,0.39570004,0.43051153,0.034455154,0.5604887,0.4050562
-1.2,-0.16,0.39857903,0.43238768,0.03403396,0.55862284,0.40734327
-1.2,-0.12,0.40145028,0.43426073,0.03361821,0.5567546,0.40962714
-1.2,-0.08,0.40431392,0.43613076,0.033207834,0.5548843,0.4119078
-1.2,-0.04,0.40717015,0.43799785,0.032802723,0.55301195,0.41418535
-1.2,0.0,0.41001895,0.43986177,0.032402832,0.5511376,0.41645956
-1.2,0.04,0.41286045,0.4417227,0.032008056,0.5492614,0.41873056
-1.2,0.08,0.41569468,0.44358042,0.031618312,0.54738355,0.4209982
-1.2,0.12,0.41852158,0.44543487,0.0312336,0.54550415,0.42326227
-1.2,0.16,0.42134106,0.44728595,0.030853853,0.5436235,0.42552269
-1.2,0.2,0.42415324,0.44913352,0.030478984,0.54174167,0.4277793
-1.2,0.24,0.42695788,0.45097756,0.030108958,0.53985906,0.43003204
-1.2,0.28,0.42975497,0.45281786,0.029743716,0.53797567,0.43228063
-1.2,0.32,0.4325442,0.45465413,0.029383244,0.536092,0.43452474
-1.2,0.36,0.43532553,0.4564863,0.02902751,0.53420824,0.4367643
-1.2,0.4,0.4380988,0.45831418,0.028676435,0.5323246,0.438999
-1.2,0.44,0.44086355,0.46013737,0.028330034,0.5304415,0.44122842
-1.2,0.48,0.4436197,0.46195582,0.027988266,0.5285593,0.44345242
-1.2,0.52,0.4463669,0.46376914,0.027651116,0.5266783,0.44567055
-1.2,0.56,0.44910493,0.4655772,0.027318526,0.52479887,0.4478826
-1.2,0.6,0.4518333,0.4673796,0.026990514,0.52292144,0.4500881
-1.2,0.64,0.45455173,0.46917588,0.026667027,0.52104634,0.4522866
-1.2,0.68,0.45725998,0.47096613,0.02634806,0.519174,0.454478
-1.2,0.72,0.4599574,0.47274962,0.026033618,0.5173049,0.4566615
-1.2,0.76,0.46264374,0.4745262,0.02572365,0.5154394,0.4588369
-1.2,0.8,0.46531853,0.47629553,0.025418159,0.51357806,0.46100378
-1.2,0.84,0.4679814,0.4780572,0.025117131,0.5117212,0.46316162
-1.2,0.88,0.4706318,0.4798109,0.024820525,0.5098694,0.46531007
-1.2,0.92,0.47326946,0.48155633,0.024528356,0.50802296,0.46744865
-1.2,0.96,0.47589383,0.4832931,0.02424058,0.50618243,0.46957695
-1.2,1.0,0.47850442,0.48502076,0.02395721,0.5043484,0.47169447
-1.2,1.04,0.48110098,0.48673913,0.02367817,0.502521,0.47380087
-1.2,1.08,0.48368293,0.4884478,0.023403496,0.5007009,0.47589564
-1.2,1.12,0.48624983,0.49014634,0.023133127,0.49888846,0.47797835
-1.2,1.16,0.48880148,0.49183473,0.022867043,0.49708414,0.48004887
-1.2,1.2,0.4913373,0.49351233,0.022605224,0.4952883,0.48210648
-1.2,1.24,0.49385697,0.49517903,0.022347651,0.4935014,0.48415095
-1.2,1.28,0.49636018,0.49683452,0.022094248,0.4917238,0.48618197
-1.2,1.32,0.49884668,0.49847862,0.021845013,0.48995575,0.48819926
-1.2,1.36,0.50131595,0.5001109,0.021599896,0.48819774,0.49020234
-1.2,1.4,0.5037679,0.5017314,0.021358863,0.48645,0.49219114
-1.2,1.44,0.50620216,0.5033397,0.021121884,0.48471293,0.49416524
-1.2,1.48,0.50861853,0.5049356,0.020888884,0.48298675,0.49612442
-1.2,1.52,0.5110169,0.50651914,0.020659853,0.4812716,0.49806854
-1.2,1.56,0.5133969,0.5080899,0.020434694,0.47956795,0.49999732
-1.2,1.6,0.5157585,0.509648,0.020213408,0.47787595,0.5019107
-1.2,1.64,0.5181016,0.5111932,0.019995913,0.47619572,0.50380844
-1.2,1.68,0.5204259,0.5127253,0.019782163,0.47452748,0.50569034
-1.2,1.72,0.52273154,0.51424444,0.0195721,0.47287142,0.5075565
-1.2,1.76,0.5250183,0.51575035,0.019365683,0.47122768,0.5094066
-1.2,1.8,0.5272863,0.51724315,0.019162811,0.46959627,0.5112409
-1.2,1.84,0.5295353,0.5187228,0.018963482,0.4679774,0.5130591
-1.2,1.88,0.53176534,0.52018905,0.018767614,0.4663712,0.5148611
-1.2,1.92,0.53397655,0.5216422,0.01857515,0.4647777,0.5166471
-1.2,1.96,0.536169,0.5230822,0.018386014,0.46319693,0.5184171
-1.2,2.0,0.5383424,0.5245088,0.018200185,0.461629,0.52017087
-1.16,-2.0,0.24880381,0.33893335,0.0624809,0.64328426,0.29423487
-1.16,-1.96,0.2523824,0.34103805,0.06162799,0.641613,0.29675904
-1.16,-1.92,0.2559414,0.34313864,0.060789026,0.6399313,0.29927966
-1.16,-1.88,0.25948068,0.345235,0.0599638,0.63823974,0.30179644
-1.16,-1.84,0.2630004,0.34732684,0.059152126,0.63653874,0.30430913
-1.16,-1.8,0.2665005,0.34941408,0.05835374,0.63482875,0.3068175
-1.16,-1.76,0.26998103,0.35149652,0.05756844,0.6331103,0.30932134
-1.16,-1.72,0.2734422,0.35357398,0.056795962,0.63138354,0.31182045
-1.16,-1.68,0.27688402,0.35564637,0.05603615,0.6296492,0.3143146
-1.16,-1.64,0.28030664,0.3577136,0.05528876,0.6279075,0.31680366
-1.16,-1.6,0.2837102,0.3597756,0.054553516,0.62615895,0.31928757
-1.16,-1.56,0.28709492,0.36183226,0.05383023,0.6244037,0.3217661
-1.16,-1.52,0.29046097,0.3638834,0.05311869,0.62264216,0.32423913
-1.16,-1.48,0.29380855,0.36592916,0.052418612,0.6208747,0.32670668
-1.16,-1.44,0.2971379,0.3679694,0.051729836,0.6191016,0.3291686
-1.16,-1.4,0.30044925,0.37000418,0.05105208,0.61732304,0.3316249
-1.16,-1.36,0.30374286,0.3720334,0.05038515,0.6155393,0.3340755
-1.16,-1.32,0.30701903,0.37405705,0.049728844,0.61375076,0.3365204
-1.16,-1.28,0.31027806,0.37607536,0.049082883,0.61195743,0.33895966
-1.16,-1.24,0.31352028,0.37808815,0.04844708,0.6101596,0.34139326
-1.16,-1.2,0.31674594,0.38009554,0.047821242,0.60835755,0.3438212
-1.16,-1.16,0.3199555,0.38209757,0.04720512,0.6065513,0.34624356
-1.16,-1.12,0.3231492,0.38409442,0.046598487,0.60474104,0.34866047
-1.16,-1.08,0.32632735,0.386086,0.046001192,0.60292697,0.35107183
-1.16,-1.04,0.32949045,0.38807246,0.045412987,0.60110915,0.3534779
-1.16,-1.0,0.3326389,0.39005402,0.044833656,0.59928757,0.35587877
-1.16,-0.96,0.33577293,0.39203063,0.044263024,0.59746253,0.35827446
-1.16,-0.92,0.33889294,0.39400238,0.043700926,0.59563404,0.36066505
-1.16,-0.88,0.34199938,0.3959695,0.043147117,0.59380215,0.3630508
-1.16,-0.84,0.34509256,0.397932,0.04260145,0.5919669,0.36543164
-1.16,-0.8,0.34817293,0.39989004,0.04206373,0.5901284,0.36780787
-1.16,-0.76,0.3512408,0.40184373,0.041533753,0.5882867,0.3701795
-1.16,-0.72,0.35429668,0.40379333,0.041011393,0.58644176,0.37254688
-1.16,-0.68,0.35734078,0.40573877,0.040496446,0.58459365,0.37490988
-1.16,-0.64,0.36037362,0.40768027,0.039988767,0.5827424,0.3772688
-1.16,-0.6,0.3633954,0.40961793,0.039488193,0.5808881,0.37962368
-1.16,-0.56,0.36640656,0.41155183,0.038994584,0.57903075,0.38197467
-1.16,-0.52,0.36940745,0.4134822,0.038507774,0.57717025,0.384322
-1.16,-0.48,0.37239835,0.415409,0.038027607,0.5753068,0.38666564
-1.16,-0.44,0.37537962,0.4173324,0.037553996,0.57344025,0.38900575
-1.16,-0.4,0.37835145,0.41925246,0.037086755,0.5715709,0.3913424
-1.16,-0.36,0.3813143,0.42116934,0.0366258,0.56969845,0.39367577
-1.16,-0.32,0.38426825,0.423083,0.036170974,0.5678232,0.39600587
-1.16,-0.28,0.38721368,0.4249936,0.035722185,0.565945,0.39833277
-1.16,-0.24,0.39015073,0.42690113,0.03527933,0.56406415,0.40065652
-1.16,-0.2,0.39307958,0.42880568,0.03484231,0.5621805,0.4029772
-1.16,-0.16,0.39600044,0.43070716,0.034411,0.5602943,0.4052947
-1.16,-0.12,0.3989136,0.43260583,0.033985287,0.5584055,0.40760925
-1.16,-0.08,0.40181896,0.4345014,0.033565138,0.55651426,0.40992063
-1.16,-0.04,0.4047167,0.43639404,0.033150453,0.55462074,0.41222888
-1.16,0.0,0.40760702,0.4382836,0.032741122,0.5527249,0.41453394
-1.16,0.04,0.41048986,0.4401701,0.03233713,0.55082715,0.41683578
-1.16,0.08,0.41336516,0.44205338,0.03193836,0.5489275,0.41913417
-1.16,0.12,0.4162331,0.44393352,0.031544752,0.5470261,0.42142922
-1.16,0.16,0.41909343,0.44581014,0.031156287,0.5451232,0.4237205
-1.16,0.2,0.42194623,0.4476834,0.030772848,0.5432191,0.42600808
-1.16,0.24,0.42479134,0.44955298,0.030394457,0.5413139,0.42829168
-1.16,0.28,0.42762864,0.45141876,0.030021012,0.5394079,0.43057108
-1.16,0.32,0.43045804,0.45328057,0.029652493,0.53750134,0.4328461
-1.16,0.36,0.4332792,0.45513818,0.02928889,0.53559476,0.43511638
-1.16,0.4,0.436092,0.45699137,0.028930107,0.5336881,0.43738174
-1.16,0.44,0.43889612,0.45883983,0.028576165,0.53178203,0.43964174
-1.16,0.48,0.44169137,0.4606835,0.028227018,0.5298767,0.4418963
-1.16,0.52,0.44447744,0.46252188,0.02788262,0.5279725,0.4441448
-1.16,0.56,0.44725394,0.46435484,0.027542986,0.52606994,0.44638705
-1.16,0.6,0.45002058,0.46618202,0.027208066,0.5241693,0.44862264
-1.16,0.64,0.4527769,0.46800303,0.026877848,0.52227104,0.4508511
-1.16,0.68,0.45552263,0.4698176,0.026552299,0.52037555,0.45307207
-1.16,0.72,0.45825726,0.47162545,0.026231442,0.5184834,0.45528516
-1.16,0.76,0.4609805,0.47342616,0.025915183,0.5165948,0.4574899
-1.16,0.8,0.46369177,0.4752194,0.025603592,0.51471055,0.45968583
-1.16,0.84,0.46639073,0.47700483,0.02529658,0.51283085,0.46187258
-1.16,0.88,0.4690769,0.4787821,0.024994172,0.5109562,0.46404964
-1.16,0.92,0.47174987,0.48055074,0.024696318,0.50908715,0.46621653
-1.16,0.96,0.4744093,0.48231065,0.024403002,0.50722396,0.46837303
-1.16,1.0,0.4770545,0.48406118,0.024114238,0.50536746,0.47051832
-1.16,1.04,0.4796853,0.4858022,0.023829954,0.5035176,0.47265235
-1.16,1.08,0.48230115,0.48753336,0.023550157,0.5016753,0.47477454
-1.16,1.12,0.48490152,0.48925418,0.023274794,0.49984083,0.4768844
-1.16,1.16,0.48748627,0.49096447,0.023003867,0.49801454,0.47898164
-1.16,1.2,0.4900549,0.49266398,0.022737311,0.4961968,0.48106593
-1.16,1.24,0.49260706,0.49435225,0.022475097,0.4943881,0.48313674
-1.16,1.28,0.49514237,0.4960291,0.022217218,0.49258888,0.48519385
-1.16,1.32,0.49766067,0.49769443,0.021963589,0.49079937,0.48723704
-1.16,1.36,0.50016147,0.49934784,0.021714209,0.48901993,0.48926586
-1.16,1.4,0.5026446,0.5009891,0.02146901,0.48725092,0.49128008
-1.16,1.44,0.5051098,0.502618,0.021227945,0.48549265,0.4932794
-1.16,1.48,0.50755686,0.50423443,0.02099098,0.48374537,0.49526364
-1.16,1.52,0.5099856,0.50583833,0.020758063,0.4820093,0.49723265
-1.16,1.56,0.5123958,0.50742924,0.020529144,0.48028478,0.49918607
-1.16,1.6,0.5147874,0.5090074,0.020304153,0.47857198,0.50112396
-1.16,1.64,0.51716024,0.51057243,0.020083053,0.4768709,0.50304604
-1.16,1.68,0.51951414,0.51212436,0.019865781,0.47518206,0.5049522
-1.16,1.72,0.52184916,0.5136631,0.019652262,0.47350535,0.5068424
-1.16,1.76,0.5241651,0.5151886,0.019442463,0.4718411,0.5087164
-1.16,1.8,0.526462,0.51670074,0.01923632,0.4701893,0.5105744
-1.16,1.84,0.5287399,0.5181996,0.019033773,0.46855006,0.5124162
-1.16,1.88,0.53099877,0.51968515,0.018834753,0.4669235,0.51424176
-1.16,1.92,0.53323853,0.5211573,0.018639198,0.4653097,0.5160511
-1.16,1.96,0.53545934,0.52261615,0.018447056,0.4637087,0.51784426
-1.16,2.0,0.5376612,0.52406174,0.018258253,0.46212053,0.51962125
-1.12,-2.0,0.24418385,0.33622742,0.06359595,0.6454123,0.29099172
-1.12,-1.96,0.24780776,0.33834887,0.06271999,0.6437459,0.29353416
-1.12,-1.92,0.2514122,0.34046668,0.061858304,0.642068,0.29607368
-1.12,-1.88,0.25499722,0.34258068,0.061010692,0.64037937,0.29860997
-1.12,-1.84,0.25856283,0.34469062,0.060176954,0.6386803,0.30114275
-1.12,-1.8,0.262109,0.34679645,0.059356842,0.6369713,0.3036719
-1.12,-1.76,0.26563585,0.34889784,0.05855015,0.6352529,0.306197
-1.12,-1.72,0.2691433,0.3509947,0.057756655,0.6335255,0.30871788
-1.12,-1.68,0.2726316,0.35308683,0.056976117,0.6317895,0.31123433
-1.12,-1.64,0.2761007,0.35517415,0.056208383,0.6300454,0.31374618
-1.12,-1.6,0.27955085,0.3572566,0.055453118,0.6282936,0.3162533
-1.12,-1.56,0.2829822,0.35933405,0.054710113,0.62653434,0.31875557
-1.12,-1.52,0.28639486,0.3614063,0.05397921,0.6247681,0.3212527
-1.12,-1.48,0.289789,0.36347347,0.053260125,0.62299514,0.32374477
-1.12,-1.44,0.2931649,0.36553538,0.05255262,0.62121576,0.32623163
-1.12,-1.4,0.2965228,0.36759207,0.051856518,0.6194303,0.32871318
-1.12,-1.36,0.2998629,0.36964348,0.051171567,0.61763906,0.33118942
-1.12,-1.32,0.30318552,0.37168968,0.05049753,0.6158422,0.33366033
-1.12,-1.28,0.30649084,0.37373048,0.049834162,0.61404,0.33612576
-1.12,-1.24,0.30977923,0.37576613,0.049181323,0.6122328,0.33858588
-1.12,-1.2,0.313051,0.3777965,0.048538696,0.6104207,0.34104058
-1.12,-1.16,0.31630647,0.37982175,0.047906116,0.6086039,0.34349
-1.12,-1.12,0.31954595,0.38184193,0.047283348,0.6067825,0.34593418
-1.12,-1.08,0.32276982,0.38385698,0.0466702,0.60495675,0.34837303
-1.12,-1.04,0.32597846,0.38586712,0.046066437,0.60312676,0.3508068
-1.12,-1.0,0.32917213,0.38787234,0.045471888,0.6012926,0.35323548
-1.12,-0.96,0.33235133,0.38987285,0.04488631,0.59945446,0.35565925
-1.12,-0.92,0.33551633,0.39186862,0.04430953,0.59761244,0.3580781
-1.12,-0.88,0.33866754,0.39385977,0.043741345,0.59576654,0.36049214
-1.12,-0.84,0.34180537,0.3958465,0.04318154,0.59391683,0.3629016
-1.12,-0.8,0.3449302,0.39782888,0.042629957,0.59206355,0.36530653
-1.12,-0.76,0.34804234,0.39980698,0.042086396,0.59020656,0.36770704
-1.12,-0.72,0.35114226,0.40178096,0.0415507,0.588346,0.37010327
-1.12,-0.68,0.3542303,0.40375093,0.04102269,0.58648187,0.37249538
-1.12,-0.64,0.35730684,0.40571707,0.04050217,0.58461434,0.3748835
-1.12,-0.6,0.36037213,0.40767935,0.03998903,0.58274335,0.37726766
-1.12,-0.56,0.36342666,0.40963802,0.03948304,0.5808689,0.3796481
-1.12,-0.52,0.3664707,0.41159308,0.038984124,0.57899106,0.38202482
-1.12,-0.48,0.36950466,0.4135448,0.038492076,0.5771098,0.38439813
-1.12,-0.44,0.37252873,0.41549304,0.038006783,0.57522535,0.38676786
-1.12,-0.4,0.3755433,0.4174381,0.037528113,0.5733375,0.38913435
-1.12,-0.36,0.37854862,0.41937992,0.03705593,0.57144654,0.39149755
-1.12,-0.32,0.38154498,0.42131865,0.0365901,0.5695523,0.39385757
-1.12,-0.28,0.38453257,0.42325434,0.03613051,0.56765497,0.39621451
-1.12,-0.24,0.3875117,0.42518705,0.03567704,0.5657545,0.3985684
-1.12,-0.2,0.3904825,0.42711678,0.03522961,0.5638512,0.40091926
-1.12,-0.16,0.3934452,0.4290436,0.034788053,0.5619449,0.4032671
-1.12,-0.12,0.39639986,0.43096742,0.03435236,0.5600358,0.4056119
-1.12,-0.08,0.39934674,0.43288827,0.03392238,0.558124,0.40795362
-1.12,-0.04,0.40228578,0.43480623,0.033498045,0.5562097,0.41029233
-1.12,0.0,0.4052172,0.43672103,0.033079278,0.554293,0.41262776
-1.12,0.04,0.40814102,0.43863288,0.032665975,0.5523739,0.4149601
-1.12,0.08,0.4110571,0.4405415,0.032258116,0.5504529,0.41728902
-1.12,0.12,0.41396564,0.4424469,0.031855587,0.54852986,0.4196145
-1.12,0.16,0.41686645,0.44434887,0.03145838,0.5466052,0.42193633
-1.12,0.2,0.41975948,0.4462474,0.031066392,0.54467916,0.42425442
-1.12,0.24,0.42264456,0.44814217,0.030679604,0.54275197,0.4265684
-1.12,0.28,0.42552173,0.45003316,0.030297954,0.5408238,0.42887825
-1.12,0.32,0.42839062,0.45192006,0.029921401,0.5388951,0.43118358
-1.12,0.36,0.43125114,0.4538027,0.029549893,0.53696597,0.43348417
-1.12,0.4,0.43410295,0.4556808,0.029183421,0.5350369,0.43577963
-1.12,0.44,0.43694586,0.45755416,0.028821936,0.5331083,0.43806976
-1.12,0.48,0.43977964,0.4594225,0.028465418,0.5311803,0.4403542
-1.12,0.52,0.44260386,0.46128547,0.028113835,0.5292536,0.44263253
-1.12,0.56,0.44541824,0.4631429,0.027767148,0.52732843,0.44490445
-1.12,0.6,0.44822237,0.46499434,0.027425345,0.52540517,0.44716948
-1.12,0.64,0.45101598,0.46683958,0.027088417,0.52348435,0.44942728
-1.12,0.68,0.45379853,0.46867812,0.026756322,0.5215663,0.45167735
-1.12,0.72,0.45656973,0.47050977,0.026429053,0.5196516,0.45391935
-1.12,0.76,0.45932907,0.47233412,0.02610656,0.5177406,0.45615277
-1.12,0.8,0.46207613,0.47415078,0.025788875,0.5158339,0.45837718
-1.12,0.84,0.4648105,0.47595942,0.025475947,0.51393193,0.46059212
-1.12,0.88,0.4675317,0.4777597,0.025167746,0.5120351,0.4627972
-1.12,0.92,0.4702394,0.4795513,0.024864253,0.5101438,0.46499196
-1.12,0.96,0.47293296,0.48133367,0.024565473,0.5082587,0.4671758
-1.12,1.0,0.47561207,0.4831066,0.024271343,0.5063802,0.46934843
-1.12,1.04,0.4782764,0.4848698,0.023981845,0.5045087,0.47150946
-1.12,1.08,0.48092532,0.4866228,0.023696965,0.5026447,0.4736583
-1.12,1.12,0.48355857,0.48836547,0.023416664,0.50078857,0.47579473
-1.12,1.16,0.48617572,0.49009728,0.023140885,0.49894086,0.47791824
-1.12,1.2,0.48877648,0.49181816,0.02286965,0.49710184,0.48002854
-1.12,1.24,0.49136046,0.49352762,0.02260285,0.4952719,0.48212522
-1.12,1.28,0.49392718,0.4952255,0.02234049,0.4934516,0.48420793
-1.12,1.32,0.49647665,0.49691153,0.02208252,0.491641,0.48627645
-1.12,1.36,0.49900833,0.4985855,0.021828892,0.48984075,0.4883304
-1.12,1.4,0.50152206,0.5002472,0.02157955,0.48805088,0.49036956
-1.12,1.44,0.50401765,0.50189644,0.021334456,0.48627186,0.4923937
-1.12,1.48,0.5064948,0.50353295,0.021093555,0.48450392,0.4944025
-1.12,1.52,0.50895345,0.50515676,0.020856775,0.4827473,0.49639592
-1.12,1.56,0.5113933,0.5067676,0.020624101,0.4810023,0.49837363
-1.12,1.6,0.51381433,0.50836533,0.020395437,0.47926903,0.5003355
-1.12,1.64,0.5162164,0.50995,0.020170746,0.47754768,0.50228155
-1.12,1.68,0.5185994,0.51152134,0.019949969,0.47583848,0.5042115
-1.12,1.72,0.5209633,0.51307946,0.019733025,0.4741416,0.5061254
-1.12,1.76,0.52330816,0.51462424,0.01951987,0.47245708,0.5080231
-1.12,1.8,0.5256337,0.5161555,0.01931044,0.47078508,0.50990444
-1.12,1.84,0.52794,0.5176733,0.019104684,0.46912584,0.5117695
-1.12,1.88,0.5302271,0.51917773,0.018902527,0.46747923,0.5136182
-1.12,1.92,0.5324952,0.52066886,0.018703893,0.4658454,0.5154507
-1.12,1.96,0.5347441,0.5221464,0.018508753,0.46422443,0.5172668
-1.12,2.0,0.5369739,0.5236106,0.018316997,0.46261632,0.5190667
-1.08,-2.0,0.23959978,0.33355525,0.06471801,0.6474908,0.28779125
-1.08,-1.96,0.24326825,0.3356927,0.063818835,0.6458301,0.29035106
-1.08,-1.92,0.24691764,0.33782706,0.06293424,0.6441571,0.29290867
-1.08,-1.88,0.2505477,0.339958,0.062064104,0.64247227,0.2954636
-1.08,-1.84,0.25415865,0.34208548,0.061208114,0.6407761,0.29801574
-1.08,-1.8,0.25775033,0.3442092,0.06036613,0.6390691,0.30056474
-1.08,-1.76,0.2613228,0.3463289,0.05953791,0.6373518,0.30311027
-1.08,-1.72,0.2648761,0.34844458,0.058723178,0.63562465,0.30565223
-1.08,-1.68,0.26841033,0.35055593,0.057921764,0.633888,0.30819026
-1.08,-1.64,0.27192548,0.35266277,0.057133447,0.63214236,0.31072417
-1.08,-1.6,0.27542177,0.35476512,0.056357972,0.63038814,0.31325385
-1.08,-1.56,0.27889928,0.35686284,0.055595104,0.62862575,0.31577915
-1.08,-1.52,0.28235814,0.3589557,0.05484464,0.6268555,0.3182998
-1.08,-1.48,0.28579858,0.36104378,0.05410635,0.62507784,0.32081577
-1.08,-1.44,0.28922075,0.36312702,0.053379953,0.6232931,0.32332703
-1.08,-1.4,0.29262483,0.3652051,0.0526653,0.62150145,0.32583323
-1.08,-1.36,0.2960111,0.36727828,0.05196212,0.61970335,0.3283345
-1.08,-1.32,0.29937983,0.36934644,0.05127016,0.61789906,0.3308308
-1.08,-1.28,0.30273122,0.37140954,0.050589234,0.61608875,0.33332202
-1.08,-1.24,0.3060656,0.37346762,0.049919125,0.6142728,0.33580816
-1.08,-1.2,0.3093832,0.3755207,0.049259577,0.61245126,0.33828923
-1.08,-1.16,0.3126844,0.37756878,0.048610356,0.61062443,0.34076524
-1.08,-1.12,0.31596956,0.37961197,0.047971252,0.60879254,0.34323624
-1.08,-1.08,0.3192389,0.3816502,0.047342096,0.6069557,0.3457022
-1.08,-1.04,0.3224928,0.38368365,0.046722632,0.6051141,0.34816325
-1.08,-1.0,0.32573172,0.38571241,0.046112638,0.60326785,0.35061947
-1.08,-0.96,0.3289559,0.38773644,0.04551195,0.6014172,0.35307086
-1.08,-0.92,0.33216575,0.38975593,0.04492033,0.59956205,0.35551757
-1.08,-0.88,0.33536163,0.39177096,0.044337586,0.59770274,0.3579597
-1.08,-0.84,0.33854395,0.39378163,0.043763522,0.59583914,0.36039737
-1.08,-0.8,0.3417131,0.395788,0.04319793,0.5939715,0.36283064
-1.08,-0.76,0.3448694,0.39779025,0.042640634,0.59209967,0.36525965
-1.08,-0.72,0.34801328,0.3997885,0.042091448,0.59022397,0.3676846
-1.08,-0.68,0.3511451,0.40178278,0.041550227,0.58834434,0.37010548
-1.08,-0.64,0.35426512,0.40377316,0.041016765,0.5864608,0.37252235
-1.08,-0.6,0.3573739,0.40575993,0.040490873,0.5845735,0.37493557
-1.08,-0.56,0.36047164,0.4077431,0.039972458,0.58268243,0.37734511
-1.08,-0.52,0.36355877,0.40972278,0.039461292,0.58078754,0.37975112
-1.08,-0.48,0.36663562,0.41169906,0.038957257,0.578889,0.3821537
-1.08,-0.44,0.3697024,0.41367206,0.03846021,0.5769869,0.38455293
-1.08,-0.4,0.37275946,0.41564184,0.03796998,0.57508117,0.38694888
-1.08,-0.36,0.37580717,0.41760844,0.03748646,0.57317185,0.38934168
-1.08,-0.32,0.3788457,0.41957203,0.037009526,0.5712591,0.39173138
-1.08,-0.28,0.38187534,0.4215326,0.03653905,0.5693429,0.39411807
-1.08,-0.24,0.3848963,0.4234902,0.036074888,0.56742334,0.39650172
-1.08,-0.2,0.38790876,0.42544484,0.035616975,0.5655006,0.39888242
-1.08,-0.16,0.3909129,0.42739654,0.03516517,0.56357473,0.40126008
-1.08,-0.12,0.39390898,0.4293454,0.034719374,0.5616457,0.40363494
-1.08,-0.08,0.39689696,0.43129128,0.034279514,0.55971384,0.4060067
-1.08,-0.04,0.39987698,0.43323416,0.03384549,0.5577792,0.40837532
-1.08,0.0,0.40284926,0.4351741,0.03341721,0.5558418,0.41074097
-1.08,0.04,0.4058136,0.4371109,0.032994617,0.5539021,0.4131033
-1.08,0.08,0.40877017,0.43904456,0.03257761,0.55196005,0.41546237
-1.08,0.12,0.41171888,0.4409749,0.032166164,0.550016,0.4178179
-1.08,0.16,0.41465962,0.44290176,0.03176018,0.5480701,0.42016974
-1.08,0.2,0.41759244,0.44482514,0.031359624,0.54612255,0.4225178
-1.08,0.24,0.42051703,0.44674477,0.030964443,0.5441738,0.4248618
-1.08,0.28,0.42343348,0.44866055,0.030574542,0.5422239,0.42720154
-1.08,0.32,0.42634138,0.45057213,0.030189956,0.5402733,0.42953673
-1.08,0.36,0.4292406,0.45247936,0.029810593,0.53832245,0.43186697
-1.08,0.4,0.4321309,0.45438194,0.02943642,0.5363714,0.4341921
-1.08,0.44,0.435012,0.4562797,0.029067423,0.53442085,0.43651173
-1.08,0.48,0.4378836,0.45817232,0.02870355,0.53247094,0.43882555
-1.08,0.52,0.44074532,0.46005946,0.028344775,0.53052217,0.4411331
-1.08,0.56,0.44359693,0.46194082,0.027991077,0.5285749,0.44343406
-1.08,0.6,0.44643793,0.4638161,0.027642433,0.5266296,0.44572797
-1.08,0.64,0.44926798,0.4656849,0.027298821,0.52468675,0.44801438
-1.08,0.68,0.45208672,0.46754694,0.026960207,0.5227468,0.45029297
-1.08,0.72,0.45489362,0.46940187,0.026626585,0.5208102,0.4525632
-1.08,0.76,0.4576883,0.47124925,0.026297905,0.5188774,0.45482463
-1.08,0.8,0.4604704,0.47308886,0.025974164,0.5169489,0.45707688
-1.08,0.84,0.46323946,0.47492018,0.025655342,0.5150252,0.4593194
-1.08,0.88,0.4659949,0.47674295,0.025341414,0.51310676,0.46155182
-1.08,0.92,0.46873638,0.47855675,0.025032323,0.51119405,0.46377358
-1.08,0.96,0.4714635,0.48036128,0.024728086,0.50928754,0.46598437
-1.08,1.0,0.4741757,0.48215604,0.024428656,0.50738776,0.46818355
-1.08,1.04,0.47687277,0.48394093,0.024133978,0.5054951,0.47037095
-1.08,1.08,0.4795541,0.48571536,0.023844067,0.50361,0.4725459
-1.08,1.12,0.48221943,0.48747933,0.023558844,0.50173295,0.4747083
-1.08,1.16,0.48486838,0.48923224,0.02327829,0.49986422,0.47685748
-1.08,1.2,0.4875005,0.4909739,0.02300239,0.49800444,0.47899318
-1.08,1.24,0.4901155,0.49270403,0.022731049,0.4961539,0.48111507
-1.08,1.28,0.49271306,0.4944224,0.022464266,0.49431294,0.48322278
-1.08,1.32,0.49529296,0.49612874,0.022201981,0.49248198,0.48531607
-1.08,1.36,0.49785495,0.49782288,0.021944128,0.49066114,0.48739466
-1.08,1.4,0.5003987,0.49950466,0.021690676,0.48885104,0.48945832
-1.08,1.44,0.50292397,0.5011737,0.021441566,0.48705176,0.49150664
-1.08,1.48,0.5054307,0.50283,0.02119674,0.48526362,0.49353963
-1.08,1.52,0.50791866,0.50447345,0.020956153,0.48348686,0.49555698
-1.08,1.56,0.51038766,0.5061037,0.020719722,0.48172173,0.4975585
-1.08,1.6,0.5128377,0.5077209,0.020487418,0.47996837,0.4995442
-1.08,1.64,0.5152685,0.5093247,0.020259146,0.47822714,0.50151366
-1.08,1.68,0.5176801,0.5109153,0.020034883,0.47649807,0.5034671
-1.08,1.72,0.5200726,0.5124924,0.019814529,0.47478116,0.5054043
-1.08,1.76,0.52244556,0.5140561,0.01959805,0.4730769,0.5073251
-1.08,1.8,0.5247993,0.51560616,0.019385353,0.47138515,0.5092295
-1.08,1.84,0.52713376,0.5171429,0.019176405,0.46970603,0.51111764
-1.08,1.88,0.52944887,0.5186659,0.01897111,0.4680396,0.5129892
-1.08,1.92,0.5317447,0.5201755,0.018769415,0.4663861,0.5148445
-1.08,1.96,0.5340214,0.52167165,0.018571263,0.4647454,0.5166833
-1.08,2.0,0.5362787,0.52315414,0.018376598,0.46311775,0.51850563
-1.04,-2.0,0.23505351,0.33091775,0.06584635,0.649519,0.28463462
-1.04,-1.96,0.23876582,0.3330705,0.06492383,0.64786524,0.2872109
-1.04,-1.92,0.24245931,0.33522063,0.064016245,0.64619815,0.28978562
-1.04,-1.88,0.24613383,0.33736795,0.063123405,0.64451814,0.2923584
-1.04,-1.84,0.24978939,0.33951217,0.062245082,0.64282596,0.29492897
-1.04,-1.8,0.25342602,0.34165323,0.061381016,0.64112186,0.2974971
-1.04,-1.76,0.2570435,0.3437907,0.060531087,0.6394066,0.3000623
-1.04,-1.72,0.26064208,0.34592444,0.05969501,0.63768053,0.30262443
-1.04,-1.68,0.2642217,0.3480544,0.05887254,0.6359442,0.30518332
-1.04,-1.64,0.2677824,0.35018027,0.058063492,0.6341979,0.3077386
-1.04,-1.6,0.27132434,0.352302,0.057267632,0.63244224,0.3102902
-1.04,-1.56,0.27484754,0.3544194,0.056484744,0.6306775,0.31283775
-1.04,-1.52,0.2783522,0.3565324,0.05571455,0.6289042,0.3153813
-1.04,-1.48,0.28183845,0.35864085,0.05495688,0.62712264,0.31792048
-1.04,-1.44,0.28530642,0.3607447,0.05421145,0.6253332,0.32045537
-1.04,-1.4,0.2887564,0.36284396,0.053478073,0.62353617,0.32298577
-1.04,-1.36,0.29218847,0.36493838,0.052756496,0.62173206,0.3255115
-1.04,-1.32,0.29560298,0.36702812,0.05204645,0.61992097,0.32803264
-1.04,-1.28,0.2990001,0.36911306,0.051347777,0.61810315,0.33054906
-1.04,-1.24,0.30238017,0.3711932,0.05066022,0.61627907,0.33306074
-1.04,-1.2,0.30574337,0.37326849,0.049983557,0.61444885,0.33556756
-1.04,-1.16,0.30909008,0.3753391,0.04931753,0.6126127,0.3380697
-1.04,-1.12,0.31242052,0.37740484,0.048661996,0.610771,0.340567
-1.04,-1.08,0.3157352,0.37946603,0.04801662,0.6089237,0.34305972
-1.04,-1.04,0.31903422,0.38152248,0.047381297,0.60707116,0.34554762
-1.04,-1.0,0.32231808,0.38357437,0.04675573,0.60521334,0.34803092
-1.04,-0.96,0.32558706,0.38562167,0.04613976,0.60335064,0.35050958
-1.04,-0.92,0.32884166,0.38766468,0.045533117,0.601483,0.35298392
-1.04,-0.88,0.33208206,0.3897032,0.04493567,0.5996106,0.3554537
-1.04,-0.84,0.33530873,0.3917376,0.044347163,0.5977336,0.35791928
-1.04,-0.8,0.33852202,0.39376774,0.043767445,0.595852,0.36038053
-1.04,-0.76,0.3417223,0.39579383,0.043196283,0.59396595,0.3628377
-1.04,-0.72,0.34490994,0.397816,0.04263351,0.59207565,0.3652909
-1.04,-0.68,0.3480854,0.3998344,0.042078923,0.5901808,0.3677403
-1.04,-0.64,0.35124892,0.40184897,0.041532364,0.5882818,0.37018582
-1.04,-0.6,0.3544009,0.40385985,0.040993676,0.58637863,0.37262765
-1.04,-0.56,0.35754177,0.40586737,0.040462643,0.5844713,0.3750661
-1.04,-0.52,0.36067176,0.4078713,0.039939146,0.5825599,0.37750092
-1.04,-0.48,0.36379126,0.409872,0.039423022,0.5806444,0.3799325
-1.04,-0.44,0.36690056,0.4118694,0.038914092,0.5787251,0.38236082
-1.04,-0.4,0.36999997,0.41386366,0.038412243,0.5768018,0.38478595
-1.04,-0.36,0.37308982,0.4158548,0.037917323,0.57487464,0.387208
-1.04,-0.32,0.3761703,0.41784298,0.037429202,0.5729437,0.38962704
-1.04,-0.28,0.37924176,0.41982818,0.03694775,0.5710091,0.39204317
-1.04,-0.24,0.38230425,0.42181033,0.036472842,0.5690709,0.3944562
-1.04,-0.2,0.38535818,0.42378974,0.03600436,0.56712914,0.39686653
-1.04,-0.16,0.38840356,0.4257661,0.035542224,0.565184,0.39927378
-1.04,-0.12,0.39144054,0.42773962,0.03508632,0.5632356,0.40167812
-1.04,-0.08,0.39446935,0.42971015,0.03463651,0.561284,0.40407947
-1.04,-0.04,0.39749008,0.43167782,0.034192763,0.5593294,0.40647787
-1.04,0.0,0.40050268,0.4336424,0.03375495,0.557372,0.40887308
-1.04,0.04,0.40350723,0.43560386,0.033323012,0.55541193,0.4112651
-1.04,0.08,0.40650374,0.4375621,0.03289688,0.55344945,0.41365373
-1.04,0.12,0.4094922,0.43951705,0.032476448,0.5514847,0.4160389
-1.04,0.16,0.41247243,0.44146845,0.032061704,0.549518,0.41842028
-1.04,0.2,0.41544452,0.44341636,0.03165257,0.5475495,0.42079788
-1.04,0.24,0.4184081,0.44536042,0.031248977,0.54557973,0.42317134
-1.04,0.28,0.42136317,0.44730043,0.030850891,0.5436087,0.42554036
-1.04,0.32,0.42430955,0.4492363,0.030458264,0.5416369,0.42790484
-1.04,0.36,0.42724687,0.4511676,0.030071044,0.5396647,0.43026423
-1.04,0.4,0.43017498,0.45309427,0.029689198,0.5376924,0.4326184
-1.04,0.44,0.43309355,0.4550159,0.02931269,0.5357204,0.43496695
-1.04,0.48,0.43600228,0.45693228,0.028941495,0.53374904,0.43730947
-1.04,0.52,0.43890086,0.45884302,0.028575586,0.5317789,0.43964562
-1.04,0.56,0.44178885,0.46074775,0.028214896,0.52981013,0.44197488
-1.04,0.6,0.44466597,0.46264634,0.02785947,0.5278435,0.44429702
-1.04,0.64,0.4475318,0.46453834,0.027509188,0.52587926,0.44661155
-1.04,0.68,0.45038584,0.46642324,0.027164105,0.52391803,0.44891784
-1.04,0.72,0.45322773,0.46830094,0.026824156,0.52196014,0.45121568
-1.04,0.76,0.45605707,0.47017092,0.026489332,0.5200061,0.45350453
-1.04,0.8,0.45887333,0.47203276,0.026159609,0.5180566,0.4557838
-1.04,0.84,0.46167618,0.47388625,0.025834933,0.5161118,0.4580533
-1.04,0.88,0.46446502,0.4757309,0.025515297,0.5141724,0.46031228
-1.04,0.92,0.4672396,0.47756642,0.025200665,0.51223886,0.46256047
-1.04,0.96,0.46999943,0.47939244,0.024891017,0.51031154,0.4647974
-1.04,1.0,0.47274405,0.48120862,0.024586327,0.508391,0.46702263
-1.04,1.04,0.47547302,0.4830146,0.024286527,0.50647783,0.4692357
-1.04,1.08,0.478186,0.48481,0.023991616,0.5045723,0.4714361
-1.04,1.12,0.4808826,0.48659462,0.023701528,0.50267476,0.4736237
-1.04,1.16,0.48356247,0.48836803,0.023416247,0.5007858,0.4757979
-1.04,1.2,0.48622528,0.49013007,0.023135707,0.49890584,0.4779584
-1.04,1.24,0.48887074,0.49188054,0.022859862,0.49703512,0.48010504
-1.04,1.28,0.49149844,0.49361897,0.022588672,0.4951741,0.48223725
-1.04,1.32,0.49410817,0.49534518,0.022322094,0.49332312,0.48435476
-1.04,1.36,0.4966997,0.49705905,0.022060074,0.4914825,0.48645744
-1.04,1.4,0.49927282,0.4987603,0.021802537,0.48965245,0.48854494
-1.04,1.44,0.5018273,0.50044894,0.021549452,0.4878334,0.49061713
-1.04,1.48,0.50436294,0.5021246,0.021300733,0.48602557,0.49267375
-1.04,1.52,0.5068796,0.50378716,0.021056335,0.48422912,0.49471456
-1.04,1.56,0.5093772,0.50543654,0.020816194,0.48244435,0.4967394
-1.04,1.6,0.51185566,0.50707275,0.020580258,0.4806714,0.49874833
-1.04,1.64,0.5143147,0.5086955,0.020348463,0.4789106,0.50074095
-1.04,1.68,0.5167545,0.5103048,0.020120703,0.47716185,0.5027174
-1.04,1.72,0.5191748,0.51190066,0.019896967,0.47542557,0.5046774
-1.04,1.76,0.52157575,0.5134829,0.019677168,0.47370175,0.50662106
-1.04,1.8,0.5239573,0.5150517,0.01946122,0.47199047,0.5085483
-1.04,1.84,0.5263193,0.5166068,0.019249085,0.47029194,0.51045895
-1.04,1.88,0.528662,0.51814836,0.019040668,0.4686061,0.5123532
-1.04,1.92,0.53098524,0.51967627,0.018835936,0.46693322,0.51423085
-1.04,1.96,0.5332892,0.52119064,0.018634794,0.4652732,0.51609206
-1.04,2.0,0.5355738,0.52269125,0.018437201,0.46362615,0.5179366
-1.0,-2.0,0.23054665,0.3283157,0.06698031,0.65149707,0.28152266
-1.0,-1.96,0.23430206,0.330483,0.06603437,0.6498511,0.2841145
-1.0,-1.92,0.23803891,0.33264828,0.06510365,0.64819086,0.28670552
-1.0,-1.88,0.2417571,0.3348112,0.064187996,0.64651674,0.28929526
-1.0,-1.84,0.2454566,0.33697158,0.063287206,0.6448294,0.2918834
-1.0,-1.8,0.24913737,0.3391292,0.062400997,0.6431293,0.2944697
-1.0,-1.76,0.25279936,0.3412838,0.061529215,0.64141697,0.29705384
-1.0,-1.72,0.25644252,0.34343505,0.06067162,0.63969296,0.2996354
-1.0,-1.68,0.26006696,0.34558296,0.059827987,0.6379577,0.30221432
-1.0,-1.64,0.26367256,0.3477272,0.058998108,0.63621175,0.30479014
-1.0,-1.6,0.26725957,0.3498677,0.058181733,0.6344555,0.30736282
-1.0,-1.56,0.27082798,0.35200423,0.05737864,0.6326893,0.30993202
-1.0,-1.52,0.27437794,0.3541368,0.056588586,0.63091373,0.31249768
-1.0,-1.48,0.2779095,0.35626513,0.05581137,0.6291291,0.31505948
-1.0,-1.44,0.28142288,0.35838914,0.055046756,0.62733585,0.31761733
-1.0,-1.4,0.28491825,0.36050892,0.054294467,0.6255343,0.32017118
-1.0,-1.36,0.28839576,0.36262423,0.053554352,0.6237248,0.32272086
-1.0,-1.32,0.29185563,0.364735,0.052826114,0.6219077,0.3252662
-1.0,-1.28,0.2952982,0.36684135,0.052109517,0.6200832,0.32780728
-1.0,-1.24,0.29872355,0.36894304,0.051404368,0.61825174,0.33034384
-1.0,-1.2,0.302132,0.37104028,0.050710447,0.61641353,0.33287606
-1.0,-1.16,0.3055239,0.37313288,0.05002749,0.6145687,0.33540374
-1.0,-1.12,0.3088995,0.375221,0.04935527,0.6127177,0.337927
-1.0,-1.08,0.31225914,0.37730467,0.04869359,0.6108606,0.34044585
-1.0,-1.04,0.31560305,0.37938374,0.048042227,0.60899764,0.34296018
-1.0,-1.0,0.31893164,0.38145846,0.04740096,0.6071289,0.34547016
-1.0,-0.96,0.3222453,0.38352883,0.046769515,0.6052547,0.34797582
-1.0,-0.92,0.32554424,0.38559484,0.046147786,0.60337514,0.3504771
-1.0,-0.88,0.32882893,0.3876567,0.045535486,0.6014903,0.3529742
-1.0,-0.84,0.33209977,0.38971442,0.04493241,0.5996003,0.35546723
-1.0,-0.8,0.33535704,0.39176813,0.0443384,0.59770536,0.35795626
-1.0,-0.76,0.3386011,0.39381778,0.043753248,0.5958056,0.36044124
-1.0,-0.72,0.3418324,0.39586365,0.04317674,0.5939009,0.3629224
-1.0,-0.68,0.34505123,0.3979057,0.042608693,0.5919915,0.36539978
-1.0,-0.64,0.348258,0.3999442,0.04204895,0.59007746,0.36787358
-1.0,-0.6,0.35145304,0.4019791,0.041497298,0.5881589,0.3703438
-1.0,-0.56,0.35463676,0.4040105,0.040953595,0.58623576,0.37281063
-1.0,-0.52,0.35780945,0.40603855,0.04041766,0.5843082,0.37527406
-1.0,-0.48,0.36097142,0.40806335,0.039889324,0.58237636,0.3777343
-1.0,-0.44,0.36412302,0.41008493,0.039368454,0.58044016,0.38019136
-1.0,-0.4,0.3672645,0.4121034,0.038854882,0.57849973,0.38264534
-1.0,-0.36,0.37039632,0.4141189,0.038348448,0.57655513,0.38509637
-1.0,-0.32,0.37351847,0.41613132,0.03784908,0.57460654,0.38754436
-1.0,-0.28,0.37663138,0.41814083,0.03735658,0.5726539,0.3899895
-1.0,-0.24,0.37973523,0.4201474,0.03687086,0.57069737,0.39243174
-1.0,-0.2,0.38283017,0.42215103,0.036391813,0.56873715,0.39487103
-1.0,-0.16,0.3859164,0.42415184,0.03591927,0.56677324,0.39730752
-1.0,-0.12,0.3889941,0.42614967,0.03545318,0.56480575,0.39974102
-1.0,-0.08,0.3920634,0.4281446,0.03499342,0.562835,0.4021716
-1.0,-0.04,0.39512423,0.4301365,0.034539904,0.56086093,0.4045991
-1.0,0.0,0.39817682,0.43212542,0.03409254,0.5588839,0.40702355
-1.0,0.04,0.40122113,0.4341112,0.03365123,0.556904,0.40944478
-1.0,0.08,0.40425712,0.43609366,0.033215944,0.5549215,0.41186252
-1.0,0.12,0.4072848,0.43807283,0.032786567,0.5529367,0.4142768
-1.0,0.16,0.41030404,0.44004846,0.032363027,0.5509497,0.41668734
-1.0,0.2,0.41331476,0.44202036,0.031945292,0.5489608,0.41909388
-1.0,0.24,0.41631675,0.44398838,0.031533327,0.5469705,0.4214962
-1.0,0.28,0.4193099,0.4459523,0.031127041,0.544979,0.42389405
-1.0,0.32,0.42229405,0.44791192,0.030726383,0.5429865,0.42628717
-1.0,0.36,0.4252688,0.4498669,0.03033134,0.5409936,0.42867512
-1.0,0.4,0.42823404,0.451817,0.029941835,0.53900045,0.4310577
-1.0,0.44,0.43118942,0.4537621,0.029557869,0.53700763,0.43343455
-1.0,0.48,0.43413454,0.45570162,0.029179396,0.5350155,0.43580508
-1.0,0.52,0.43706918,0.45763543,0.028806346,0.53302455,0.43816915
-1.0,0.56,0.43999287,0.45956317,0.028438738,0.53103507,0.4405262
-1.0,0.6,0.44290528,0.4614844,0.028076522,0.52904767,0.4428758
-1.0,0.64,0.44580597,0.46339884,0.027719663,0.5270628,0.44521755
-1.0,0.68,0.4486946,0.46530622,0.027368149,0.5250808,0.44755104
-1.0,0.72,0.4515706,0.46720597,0.027021937,0.52310234,0.44987568
-1.0,0.76,0.4544337,0.46909785,0.026681,0.5211278,0.4521911
-1.0,0.8,0.45728338,0.47098154,0.026345318,0.51915777,0.4544969
-1.0,0.84,0.46011916,0.47285655,0.026014868,0.51719266,0.45679244
-1.0,0.88,0.4629407,0.47472262,0.025689585,0.515233,0.45907745
-1.0,0.92,0.46574745,0.4765793,0.025369462,0.51327926,0.46135136
-1.0,0.96,0.46853912,0.47842625,0.02505446,0.51133186,0.46361372
-1.0,1.0,0.47131526,0.48026317,0.024744537,0.5093913,0.46586418
-1.0,1.04,0.47407544,0.48208973,0.024439676,0.5074581,0.46810228
-1.0,1.08,0.47681925,0.48390552,0.024139797,0.5055327,0.47032756
-1.0,1.12,0.47954637,0.48571032,0.023844905,0.50361544,0.4725397
-1.0,1.16,0.4822565,0.48750386,0.0235549,0.5017068,0.47473836
-1.0,1.2,0.4849492,0.48928568,0.023269776,0.49980715,0.47692302
-1.0,1.24,0.48762426,0.49105576,0.022989472,0.49791688,0.4790936
-1.0,1.28,0.4902814,0.4928138,0.02271394,0.49603638,0.4812497
-1.0,1.32,0.4929203,0.49455947,0.022443099,0.494166,0.48339093
-1.0,1.36,0.49554077,0.49629262,0.022176921,0.49230596,0.4855171
-1.0,1.4,0.49814257,0.49801314,0.021915335,0.4904566,0.48762807
-1.0,1.44,0.50072557,0.49972072,0.021658294,0.48861822,0.48972347
-1.0,1.48,0.5032895,0.5014153,0.021405723,0.48679113,0.49180317
-1.0,1.52,0.5058344,0.50309676,0.021157546,0.48497546,0.493867
-1.0,1.56,0.50836,0.5047649,0.020913707,0.48317146,0.49591482
-1.0,1.6,0.5108663,0.5064197,0.020674163,0.4813794,0.4979465
-1.0,1.64,0.51335317,0.50806105,0.020438824,0.47959927,0.49996185
-1.0,1.68,0.5158205,0.50968885,0.020207629,0.4778315,0.5019609
-1.0,1.72,0.5182684,0.5113031,0.019980507,0.476076,0.5039435
-1.0,1.76,0.5206967,0.51290375,0.019757394,0.47433302,0.50590956
-1.0,1.8,0.52310544,0.51449066,0.01953822,0.4726027,0.50785905
-1.0,1.84,0.52549475,0.51606405,0.019322898,0.47088504,0.5097921
-1.0,1.88,0.5278645,0.51762366,0.019111395,0.4691801,0.51170844
-1.0,1.92,0.5302147,0.5191696,0.018903615,0.46748817,0.5136082
-1.0,1.96,0.53254557,0.52070194,0.018699508,0.4658091,0.5154914
-1.0,2.0,0.53485703,0.5222206,0.01849899,0.464143,0.51735806
-0.96,-2.0,0.22608079,0.32574975,0.06811923,0.65342456,0.27845618
-0.96,-1.96,0.22987841,0.32793093,0.067149766,0.6517875,0.2810627
-0.96,-1.92,0.23365782,0.33011055,0.066195875,0.65013504,0.28366902
-0.96,-1.88,0.23741889,0.33228844,0.06525735,0.64846784,0.28627482
-0.96,-1.84,0.24116161,0.3344642,0.064333975,0.64678633,0.28887966
-0.96,-1.8,0.24488582,0.3366377,0.06342553,0.6450911,0.2914833
-0.96,-1.76,0.24859148,0.33880866,0.062531814,0.6433828,0.2940854
-0.96,-1.72,0.2522786,0.34097686,0.0616526,0.64166176,0.29668567
-0.96,-1.68,0.2559471,0.34314206,0.060787685,0.6399286,0.29928374
-0.96,-1.64,0.25959706,0.34530407,0.059936836,0.63818383,0.30187938
-0.96,-1.6,0.26322857,0.3474627,0.059099816,0.6364278,0.30447236
-0.96,-1.56,0.26684156,0.34961784,0.058276404,0.63466114,0.30706245
-0.96,-1.52,0.2704362,0.3517693,0.057466377,0.6328842,0.30964944
-0.96,-1.48,0.27401263,0.35391703,0.056669496,0.6310973,0.3122332
-0.96,-1.44,0.27757087,0.35606074,0.05588553,0.629301,0.3148134
-0.96,-1.4,0.2811112,0.3582005,0.05511423,0.62749565,0.31739008
-0.96,-1.36,0.28463367,0.36033607,0.054355428,0.62568164,0.31996292
-0.96,-1.32,0.28813854,0.36246747,0.053608816,0.6238592,0.3225319
-0.96,-1.28,0.291626,0.3645947,0.0528742,0.6220288,0.32509696
-0.96,-1.24,0.29509628,0.36671764,0.052151334,0.6201907,0.327658
-0.96,-1.2,0.29854968,0.36883625,0.051439986,0.6183451,0.33021492
-0.96,-1.16,0.30198643,0.37095058,0.050739914,0.61649233,0.33276772
-0.96,-1.12,0.30540675,0.37306052,0.05005094,0.6146327,0.33531633
-0.96,-1.08,0.308811,0.37516624,0.04937282,0.6127664,0.3378608
-0.96,-1.04,0.3121995,0.37726754,0.048705276,0.6108936,0.34040102
-0.96,-1.0,0.31557256,0.3793648,0.048048146,0.60901463,0.34293723
-0.96,-0.96,0.31893054,0.38145772,0.047401167,0.6071296,0.34546927
-0.96,-0.92,0.32227367,0.3835466,0.046764135,0.6052386,0.34799728
-0.96,-0.88,0.32560247,0.38563135,0.04613686,0.6033418,0.3505213
-0.96,-0.84,0.32891712,0.38771212,0.045519136,0.60143954,0.35304135
-0.96,-0.8,0.3322181,0.38978896,0.044910714,0.59953177,0.35555756
-0.96,-0.76,0.33550575,0.39186192,0.04431145,0.5976186,0.35806996
-0.96,-0.72,0.33878043,0.3939312,0.04372109,0.5957002,0.36057875
-0.96,-0.68,0.34204242,0.39599675,0.043139476,0.59377664,0.36308384
-0.96,-0.64,0.3452922,0.3980588,0.042566426,0.59184813,0.3655855
-0.96,-0.6,0.3485301,0.40011734,0.042001743,0.5899145,0.36808375
-0.96,-0.56,0.35175642,0.40217248,0.041445237,0.58797616,0.37057865
-0.96,-0.52,0.35497153,0.40422428,0.040896766,0.5860329,0.37307027
-0.96,-0.48,0.35817575,0.40627298,0.04035616,0.584085,0.37555885
-0.96,-0.44,0.36136937,0.40831846,0.039823245,0.58213246,0.3780443
-0.96,-0.4,0.3645527,0.4103609,0.039297868,0.58017534,0.3805268
-0.96,-0.36,0.36772603,0.41240028,0.038779903,0.5782139,0.3830063
-0.96,-0.32,0.37088963,0.4144367,0.03826918,0.57624793,0.3854829
-0.96,-0.28,0.37404376,0.41647017,0.037765607,0.5742777,0.38795665
-0.96,-0.24,0.3771885,0.41850078,0.03726902,0.5723034,0.39042756
-0.96,-0.2,0.38032418,0.4205284,0.036779307,0.5703251,0.39289558
-0.96,-0.16,0.38345096,0.42255333,0.036296334,0.56834286,0.39536086
-0.96,-0.12,0.38656887,0.4245751,0.03582003,0.56635684,0.39782307
-0.96,-0.08,0.38967818,0.42659408,0.035350267,0.5643673,0.40028244
-0.96,-0.04,0.39277884,0.42861003,0.034886956,0.5623743,0.40273878
-0.96,0.0,0.39587092,0.43062282,0.03443002,0.56037813,0.40519187
-0.96,0.04,0.39895448,0.4326325,0.033979345,0.5583789,0.40764177
-0.96,0.08,0.4020294,0.4346388,0.033534877,0.556377,0.41008812
-0.96,0.12,0.40509573,0.43664166,0.033096537,0.5543725,0.41253096
-0.96,0.16,0.40815333,0.43864092,0.032664247,0.5523658,0.4149699
-0.96,0.2,0.4112021,0.44063646,0.03223795,0.5503572,0.41740486
-0.96,0.24,0.41424188,0.442628,0.031817585,0.5483469,0.41983554
-0.96,0.28,0.41727245,0.44461524,0.031403113,0.54633534,0.42226154
-0.96,0.32,0.4202937,0.44659814,0.030994473,0.54432285,0.4246827
-0.96,0.36,0.42330515,0.4485762,0.030591622,0.5423098,0.42709854
-0.96,0.4,0.42630675,0.45054933,0.03019452,0.5402966,0.42950884
-0.96,0.44,0.4292981,0.45251715,0.029803105,0.53828365,0.4319132
-0.96,0.48,0.432279,0.45447946,0.029417358,0.53627133,0.43431127
-0.96,0.52,0.43524876,0.45643568,0.029037278,0.5342603,0.4367024
-0.96,0.56,0.4382074,0.45838577,0.028662762,0.5322507,0.43908656
-0.96,0.6,0.44115433,0.46032923,0.028293807,0.53024316,0.44146302
-0.96,0.64,0.44408906,0.46226558,0.02793042,0.5282383,0.4438313
-0.96,0.68,0.44701132,0.46419466,0.027572526,0.52623636,0.4461911
-0.96,0.72,0.44992065,0.466116,0.0272201,0.52423805,0.44854188
-0.96,0.76,0.45281664,0.4680293,0.026873115,0.5222437,0.45088324
-0.96,0.8,0.45569885,0.46993408,0.02653153,0.5202538,0.45321465
-0.96,0.84,0.45856673,0.47183004,0.026195338,0.518269,0.45553562
-0.96,0.88,0.46141997,0.4737168,0.025864469,0.5162897,0.45784575
-0.96,0.92,0.4642582,0.4755941,0.025538888,0.51431644,0.46014473
-0.96,0.96,0.4670809,0.47746146,0.025218591,0.5123496,0.46243188
-0.96,1.0,0.46988764,0.4793185,0.024903504,0.51038975,0.46470678
-0.96,1.04,0.47267818,0.48116502,0.024593594,0.50843716,0.4669692
-0.96,1.08,0.47545204,0.4830007,0.024288824,0.50649256,0.46921864
-0.96,1.12,0.47820887,0.48482516,0.023989141,0.5045562,0.4714547
-0.96,1.16,0.48094842,0.4866382,0.023694493,0.50262845,0.4736771
-0.96,1.2,0.48367032,0.4884394,0.023404822,0.5007097,0.4758854
-0.96,1.24,0.4863743,0.49022868,0.023120092,0.49880055,0.47807932
-0.96,1.28,0.48906004,0.4920058,0.022840235,0.49690112,0.48025867
-0.96,1.32,0.4917274,0.49377042,0.022565186,0.49501184,0.48242304
-0.96,1.36,0.49437615,0.4955224,0.02229487,0.49313286,0.4845722
-0.96,1.4,0.49700603,0.4972616,0.022029275,0.49126476,0.486706
-0.96,1.44,0.4996169,0.49898785,0.0217683,0.48940763,0.4888241
-0.96,1.48,0.50220865,0.50070095,0.021511875,0.48756164,0.49092647
-0.96,1.52,0.50478107,0.5024008,0.02125996,0.48572722,0.4930128
-0.96,1.56,0.5073341,0.5040873,0.02101246,0.48390448,0.49508303
-0.96,1.6,0.50986767,0.50576043,0.020769332,0.48209366,0.497137
-0.96,1.64,0.51238173,0.50741994,0.020530466,0.48029482,0.49917465
-0.96,1.68,0.5148762,0.50906587,0.020295847,0.47850823,0.50119585
-0.96,1.72,0.51735103,0.51069826,0.020065358,0.47673404,0.50320053
-0.96,1.76,0.51980627,0.51231694,0.019838952,0.47497237,0.50518876
-0.96,1.8,0.52224183,0.5139218,0.019616554,0.47322327,0.5071602
-0.96,1.84,0.5246578,0.51551294,0.019398095,0.47148687,0.509115
-0.96,1.88,0.5270542,0.51709044,0.019183492,0.46976325,0.5110532
-0.96,1.92,0.5294309,0.51865417,0.018972697,0.46805257,0.51297474
-0.96,1.96,0.5317884,0.5202042,0.018765604,0.46635464,0.5148797
-0.96,2.0,0.5341262,0.52174056,0.018562175,0.46466985,0.516768
-0.92,-2.0,0.22165726,0.3232206,0.06926243,0.6553017,0.2754359
-0.92,-1.96,0.2254962,0.32541484,0.06826945,0.6536745,0.27805606
-0.92,-1.92,0.22931732,0.32760808,0.06729231,0.6520309,0.28067678
-0.92,-1.88,0.23312043,0.32980013,0.06633084,0.65037143,0.28329772
-0.92,-1.84,0.2369055,0.33199066,0.06538485,0.6486968,0.2859184
-0.92,-1.8,0.24067236,0.33417934,0.06445408,0.6470074,0.28853852
-0.92,-1.76,0.24442095,0.336366,0.06353835,0.6453039,0.29115772
-0.92,-1.72,0.24815123,0.3385503,0.06263747,0.6435868,0.29377568
-0.92,-1.68,0.2518632,0.34073222,0.061751135,0.6418567,0.29639217
-0.92,-1.64,0.25555676,0.3429113,0.060879234,0.640114,0.29900676
-0.92,-1.6,0.25923204,0.34508747,0.060021486,0.6383592,0.3016193
-0.92,-1.56,0.26288906,0.3472606,0.059177663,0.6365928,0.3042295
-0.92,-1.52,0.2665278,0.34943044,0.05834754,0.63481534,0.30683714
-0.92,-1.48,0.27014843,0.35159677,0.057530895,0.63302714,0.30944195
-0.92,-1.44,0.27375102,0.35375965,0.056727473,0.6312286,0.31204385
-0.92,-1.4,0.27733567,0.35591882,0.055937085,0.6294204,0.31464255
-0.92,-1.36,0.28090265,0.35807425,0.055159435,0.6276025,0.317238
-0.92,-1.32,0.28445196,0.3602258,0.054394357,0.6257757,0.31983
-0.92,-1.28,0.28798392,0.36237335,0.053641576,0.62394,0.3224184
-0.92,-1.24,0.29149872,0.36451697,0.052900873,0.6220959,0.32500324
-0.92,-1.2,0.29499656,0.36665654,0.052171994,0.62024367,0.32758427
-0.92,-1.16,0.2984777,0.36879203,0.051454738,0.61838377,0.33016154
-0.92,-1.12,0.30194244,0.37092346,0.05074883,0.6165162,0.332735
-0.92,-1.08,0.305391,0.3730508,0.050054085,0.6146413,0.3353046
-0.92,-1.04,0.3088237,0.37517405,0.04937029,0.6127594,0.33787027
-0.92,-1.0,0.31224087,0.3772933,0.048697177,0.6108707,0.34043214
-0.92,-0.96,0.3156428,0.3794085,0.048034515,0.60897535,0.34299013
-0.92,-0.92,0.31902984,0.38151973,0.04738213,0.6070736,0.34554428
-0.92,-0.88,0.32240233,0.3836271,0.046739772,0.60516554,0.34809473
-0.92,-0.84,0.3257606,0.3857305,0.04610724,0.60325134,0.35064137
-0.92,-0.8,0.32910502,0.38783023,0.04548433,0.6013313,0.35318443
-0.92,-0.76,0.33243594,0.38992617,0.044870812,0.59940535,0.35572383
-0.92,-0.72,0.33575368,0.39201847,0.044266522,0.59747374,0.3582597
-0.92,-0.68,0.33905864,0.3941072,0.043671235,0.5955366,0.36079216
-0.92,-0.64,0.34235114,0.3961925,0.043084767,0.593594,0.36332124
-0.92,-0.6,0.34563157,0.3982743,0.042506948,0.59164596,0.36584702
-0.92,-0.56,0.3489003,0.40035295,0.041937567,0.5896927,0.36836973
-0.92,-0.52,0.3521575,0.40242818,0.041376498,0.58773434,0.37088913
-0.92,-0.48,0.35540366,0.40450042,0.040823516,0.5857709,0.37340564
-0.92,-0.44,0.358639,0.40656945,0.040278487,0.58380246,0.37591904
-0.92,-0.4,0.3618638,0.40863544,0.03974126,0.58182925,0.37842953
-0.92,-0.36,0.36507845,0.41069847,0.03921166,0.5798511,0.38093722
-0.92,-0.32,0.3682831,0.4127586,0.03868958,0.5778684,0.383442
-0.92,-0.28,0.37147802,0.41481575,0.038174815,0.5758811,0.385944
-0.92,-0.24,0.37466332,0.41687003,0.037667327,0.57388955,0.38844314
-0.92,-0.2,0.37783936,0.4189214,0.03716693,0.57189363,0.3909395
-0.92,-0.16,0.38100618,0.4209698,0.036673494,0.56989354,0.39343292
-0.92,-0.12,0.384164,0.42301542,0.036186956,0.56788945,0.39592355
-0.92,-0.08,0.38731277,0.42505792,0.035707176,0.56588167,0.39841112
-0.92,-0.04,0.3904527,0.42709744,0.03523406,0.56387025,0.40089568
-0.92,0.0,0.39358377,0.42913374,0.03476753,0.5618555,0.403377
-0.92,0.04,0.396706,0.43116686,0.03430748,0.5598376,0.405855
-0.92,0.08,0.39981934,0.43319654,0.033853836,0.5578166,0.40832952
-0.92,0.12,0.40292376,0.43522277,0.03340652,0.5557932,0.4108003
-0.92,0.16,0.4060191,0.43724522,0.03296548,0.5537673,0.41326717
-0.92,0.2,0.4091053,0.43926382,0.032530632,0.55173945,0.4157299
-0.92,0.24,0.41218215,0.4412783,0.03210192,0.54970986,0.4181882
-0.92,0.28,0.4152495,0.44328853,0.031679276,0.54767895,0.42064184
-0.92,0.32,0.418307,0.44529405,0.03126266,0.545647,0.4230903
-0.92,0.36,0.4213545,0.44729477,0.030852055,0.5436145,0.42553344
-0.92,0.4,0.42439172,0.44929034,0.030447364,0.5415818,0.42797083
-0.92,0.44,0.4274183,0.4512804,0.03004858,0.5395494,0.430402
-0.92,0.48,0.4304339,0.45326468,0.029655632,0.53751767,0.43282667
-0.92,0.52,0.43343818,0.45524293,0.029268503,0.5354871,0.4352444
-0.92,0.56,0.43643078,0.45721465,0.028887147,0.5334581,0.4376547
-0.92,0.6,0.43941125,0.45917955,0.028511543,0.5314313,0.44005713
-0.92,0.64,0.44237924,0.46113732,0.02814165,0.5294071,0.4424513
-0.92,0.68,0.44533435,0.46308753,0.027777439,0.5273859,0.4448367
-0.92,0.72,0.44827607,0.46502984,0.027418854,0.52536833,0.44721287
-0.92,0.76,0.45120403,0.4669638,0.027065855,0.5233548,0.4495793
-0.92,0.8,0.4541178,0.46888912,0.026718441,0.5213459,0.4519356
-0.92,0.84,0.45701697,0.47080544,0.026376553,0.5193421,0.4542813
-0.92,0.88,0.45990112,0.47271237,0.026040146,0.51734394,0.45661592
-0.92,0.92,0.4627698,0.47460958,0.025709182,0.5153518,0.45893905
-0.92,0.96,0.46562263,0.47649673,0.025383621,0.51336616,0.46125022
-0.92,1.0,0.46845925,0.47837335,0.025063425,0.5113876,0.46354893
-0.92,1.04,0.47127926,0.48023933,0.024748541,0.50941646,0.46583498
-0.92,1.08,0.47408226,0.48209423,0.024438929,0.5074533,0.4681078
-0.92,1.12,0.47686806,0.4839378,0.0241345,0.5054984,0.4703671
-0.92,1.16,0.47963628,0.4857698,0.023835218,0.50355214,0.47261262
-0.92,1.2,0.48238653,0.48758987,0.023541061,0.5016151,0.47484383
-0.92,1.24,0.4851187,0.48939782,0.023251936,0.49968746,0.47706053
-0.92,1.28,0.4878324,0.49119353,0.022967787,0.4977697,0.4792625
-0.92,1.32,0.49052754,0.49297664,0.022688555,0.49586207,0.48144943
-0.92,1.36,0.4932038,0.49474698,0.022414176,0.49396488,0.48362094
-0.92,1.4,0.49586108,0.49650446,0.022144575,0.4920784,0.485777
-0.92,1.44,0.49849918,0.49824888,0.0218797,0.49020296,0.48791733
-0.92,1.48,0.50111794,0.4999801,0.021619475,0.48833877,0.49004176
-0.92,1.52,0.50371736,0.501698,0.02136381,0.48648605,0.49215016
-0.92,1.56,0.50629735,0.50340253,0.021112667,0.48464495,0.4942424
-0.92,1.6,0.5088576,0.50509346,0.02086596,0.4828158,0.4963182
-0.92,1.64,0.5113984,0.50677097,0.02062362,0.4809987,0.49837774
-0.92,1.68,0.5139193,0.50843465,0.020385567,0.47919387,0.50042063
-0.92,1.72,0.5164206,0.5100846,0.02015174,0.4774013,0.50244695
-0.92,1.76,0.51890224,0.511721,0.019922048,0.4756212,0.50445676
-0.92,1.8,0.52136415,0.5133436,0.019696442,0.47385377,0.5064498
-0.92,1.84,0.5238064,0.51495236,0.01947484,0.47209895,0.50842625
-0.92,1.88,0.5262289,0.5165473,0.019257162,0.470357,0.5103859
-0.92,1.92,0.52863187,0.5181286,0.019043334,0.46862784,0.51232886
-0.92,1.96,0.5310153,0.51969606,0.018833302,0.4669116,0.51425517
-0.92,2.0,0.53337914,0.5212497,0.018626986,0.46520838,0.51616466
-0.88,-2.0,0.21727723,0.32072857,0.07040931,0.6571286,0.27246213
-0.88,-1.96,0.22115655,0.3229351,0.06939277,0.6555121,0.27509508
-0.88,-1.92,0.22501846,0.32514125,0.06839238,0.65387833,0.2777293
-0.88,-1.88,0.2288627,0.32734668,0.067407966,0.65222764,0.28036436
-0.88,-1.84,0.23268922,0.32955116,0.06643929,0.6505608,0.28299993
-0.88,-1.8,0.2364979,0.33175427,0.06548619,0.6488782,0.28563556
-0.88,-1.76,0.2402886,0.33395594,0.0645484,0.64718056,0.28827104
-0.88,-1.72,0.24406128,0.3361558,0.063625775,0.64546835,0.29090592
-0.88,-1.68,0.24781586,0.33835357,0.06271804,0.6437421,0.29353982
-0.88,-1.64,0.2515523,0.34054917,0.06182499,0.6420024,0.29617262
-0.88,-1.6,0.25527066,0.3427422,0.060946416,0.6402497,0.29880384
-0.88,-1.56,0.25897095,0.34493262,0.0600821,0.63848454,0.30143335
-0.88,-1.52,0.26265317,0.34712023,0.059231814,0.6367074,0.30406085
-0.88,-1.48,0.26631734,0.34930474,0.05839528,0.6349187,0.30668607
-0.88,-1.44,0.26996362,0.35148606,0.05757235,0.63311887,0.3093088
-0.88,-1.4,0.2735921,0.3536641,0.05676271,0.6313084,0.31192887
-0.88,-1.36,0.27720287,0.35583872,0.055966195,0.6294877,0.31454614
-0.88,-1.32,0.2807962,0.35800982,0.055182517,0.62765706,0.3171604
-0.88,-1.28,0.28437212,0.36017728,0.05441148,0.62581694,0.31977156
-0.88,-1.24,0.28793088,0.36234105,0.053652816,0.6239677,0.32237947
-0.88,-1.2,0.2914727,0.36450106,0.052906316,0.62210965,0.324984
-0.88,-1.16,0.29499778,0.36665732,0.05217173,0.62024313,0.32758522
-0.88,-1.12,0.29850644,0.3688097,0.051448833,0.6183683,0.33018285
-0.88,-1.08,0.30199888,0.37095824,0.050737403,0.6164856,0.33277696
-0.88,-1.04,0.30547538,0.3731029,0.0500372,0.61459523,0.3353675
-0.88,-1.0,0.3089363,0.37524378,0.049347978,0.6126974,0.33795455
-0.88,-0.96,0.31238183,0.37738085,0.048669554,0.61079246,0.340538
-0.88,-0.92,0.3158124,0.3795141,0.04800169,0.6088804,0.34311783
-0.88,-0.88,0.3192283,0.38164356,0.04734413,0.60696167,0.34569415
-0.88,-0.84,0.32262978,0.3837694,0.046696708,0.6050363,0.348267
-0.88,-0.8,0.3260173,0.38589147,0.046059184,0.6031045,0.3508363
-0.88,-0.76,0.32939115,0.38801003,0.045431364,0.6011664,0.35340226
-0.88,-0.72,0.3327517,0.39012507,0.044813,0.59922206,0.3559649
-0.88,-0.68,0.33609924,0.39223662,0.04420396,0.5972718,0.3585242
-0.88,-0.64,0.33943415,0.3943448,0.04360402,0.5953157,0.3610803
-0.88,-0.6,0.34275687,0.3964497,0.043012965,0.59335375,0.3636333
-0.88,-0.56,0.34606755,0.39855134,0.042430636,0.5913862,0.3661832
-0.88,-0.52,0.34936658,0.40064976,0.041856878,0.5894131,0.36873
-0.88,-0.48,0.3526543,0.40274513,0.041291457,0.5874346,0.37127396
-0.88,-0.44,0.35593104,0.40483737,0.040734254,0.58545077,0.37381494
-0.88,-0.4,0.35919705,0.40692672,0.040185098,0.5834618,0.3763531
-0.88,-0.36,0.36245257,0.40901303,0.03964383,0.58146775,0.37888846
-0.88,-0.32,0.36569786,0.4110964,0.03911029,0.57946867,0.38142097
-0.88,-0.28,0.36893314,0.41317683,0.03858436,0.5774649,0.38395068
-0.88,-0.24,0.37215868,0.41525447,0.038065914,0.5754565,0.38647765
-0.88,-0.2,0.3753746,0.41732913,0.03755478,0.5734434,0.3890018
-0.88,-0.16,0.37858105,0.41940093,0.03705086,0.57142603,0.3915231
-0.88,-0.12,0.38177815,0.42146963,0.03655406,0.56940454,0.39404142
-0.88,-0.08,0.38496605,0.4235354,0.03606424,0.56737894,0.3965568
-0.88,-0.04,0.3881447,0.42559806,0.035581302,0.56534964,0.39906904
-0.88,0.0,0.39131418,0.42765743,0.035105184,0.5633168,0.40157795
-0.88,0.04,0.39447448,0.4297135,0.034635756,0.56128067,0.40408355
-0.88,0.08,0.39762563,0.4317661,0.034172945,0.5592415,0.4065855
-0.88,0.12,0.40076748,0.4338151,0.0337167,0.55719954,0.40908372
-0.88,0.16,0.40389988,0.43586034,0.033266902,0.55515516,0.4115779
-0.88,0.2,0.4070228,0.43790153,0.032823518,0.5531087,0.4140678
-0.88,0.24,0.410136,0.43993843,0.032386478,0.55106044,0.41655308
-0.88,0.28,0.41323927,0.44197088,0.031955723,0.54901075,0.4190335
-0.88,0.32,0.41633242,0.44399863,0.03153118,0.54696006,0.42150873
-0.88,0.36,0.4194151,0.44602135,0.031112835,0.5449088,0.42397836
-0.88,0.4,0.4224871,0.44803876,0.030700604,0.5428573,0.4264421
-0.88,0.44,0.425548,0.45005038,0.03029449,0.5408062,0.42889932
-0.88,0.48,0.42859763,0.4520563,0.029894365,0.53875566,0.43135002
-0.88,0.52,0.4316354,0.45405567,0.029500289,0.5367064,0.43379334
-0.88,0.56,0.43466115,0.45604855,0.029112145,0.5346587,0.43622917
-0.88,0.6,0.43767434,0.45803434,0.028729938,0.5326132,0.43865687
-0.88,0.64,0.44067463,0.46001282,0.028353596,0.5305704,0.44107607
-0.88,0.68,0.4436616,0.46198347,0.027983109,0.52853066,0.4434862
-0.88,0.72,0.44663477,0.46394598,0.02761842,0.5264946,0.44588688
-0.88,0.76,0.44959384,0.46590012,0.027259503,0.52446276,0.44827774
-0.88,0.8,0.45253834,0.46784538,0.02690628,0.5224355,0.45065817
-0.88,0.84,0.45546782,0.4697814,0.026558772,0.52041346,0.45302776
-0.88,0.88,0.45838186,0.47170782,0.026216883,0.5183971,0.45538598
-0.88,0.92,0.4612802,0.4736244,0.025880575,0.5163868,0.45773262
-0.88,0.96,0.46416232,0.47553065,0.025549825,0.5143831,0.46006703
-0.88,1.0,0.46702784,0.47742635,0.025224565,0.51238656,0.46238887
-0.88,1.04,0.4698765,0.47931114,0.024904747,0.5103975,0.46469778
-0.88,1.08,0.47270796,0.48118475,0.0245903,0.5084163,0.46699336
-0.88,1.12,0.4755218,0.4830469,0.024281202,0.50644356,0.46927524
-0.88,1.16,0.4783178,0.48489726,0.023977373,0.5044796,0.47154307
-0.88,1.2,0.48109576,0.4867357,0.023678731,0.5025247,0.47379664
-0.88,1.24,0.48385528,0.48856178,0.023385257,0.50057924,0.47603545
-0.88,1.28,0.48659617,0.49037555,0.02309686,0.4986437,0.4782594
-0.88,1.32,0.48931834,0.4921767,0.022813464,0.4967183,0.48046827
-0.88,1.36,0.49202147,0.4939649,0.022535043,0.49480337,0.4826616
-0.88,1.4,0.49470544,0.49574018,0.022261469,0.49289918,0.48483935
-0.88,1.44,0.49737015,0.49750233,0.021992719,0.4910059,0.48700133
-0.88,1.48,0.5000154,0.4992513,0.0217287,0.48912397,0.4891474
-0.88,1.52,0.50264114,0.5009868,0.021469342,0.48725343,0.49127728
-0.88,1.56,0.50524724,0.50270885,0.02121458,0.4853946,0.4933909
-0.88,1.6,0.5078338,0.50441736,0.020964324,0.4835475,0.49548817
-0.88,1.64,0.51040053,0.5061122,0.0207185,0.48171255,0.49756896
-0.88,1.68,0.5129476,0.5077934,0.020477049,0.4798897,0.49963325
-0.88,1.72,0.51547486,0.50946087,0.020239886,0.47807926,0.50168085
-0.88,1.76,0.51798224,0.5111145,0.020006945,0.47628134,0.50371176
-0.88,1.8,0.52047,0.5127543,0.019778127,0.47449583,0.50572604
-0.88,1.84,0.52293795,0.51438046,0.019553382,0.4727231,0.50772357
-0.88,1.88,0.52538633,0.51599264,0.019332627,0.470963,0.50970435
-0.88,1.92,0.5278149,0.51759106,0.019115804,0.4692158,0.5116684
-0.88,1.96,0.5302239,0.51917565,0.018902823,0.46748158,0.5136156
-0.88,2.0,0.5326133,0.5207464,0.018693605,0.4657603,0.5155461
-0.84,-2.0,0.2129417,0.31827396,0.071559325,0.6589054,0.2695353
-0.84,-1.96,0.2168604,0.32049206,0.07051925,0.6573007,0.27218005
-0.84,-1.92,0.2207621,0.3227103,0.069495596,0.6556777,0.27482677
-0.84,-1.88,0.22464654,0.32492843,0.068488225,0.65403676,0.2774751
-0.84,-1.84,0.22851361,0.32714605,0.0674969,0.6523785,0.28012455
-0.84,-1.8,0.23236321,0.329363,0.066521406,0.6507037,0.2827749
-0.84,-1.76,0.23619513,0.33157888,0.06556156,0.6490128,0.28542566
-0.84,-1.72,0.24000932,0.33379346,0.06461714,0.6473065,0.28807646
-0.84,-1.68,0.24380574,0.33600655,0.06368792,0.645585,0.29072708
-0.84,-1.64,0.24758424,0.33821777,0.06277373,0.64384925,0.293377
-0.84,-1.6,0.25134492,0.34042704,0.06187429,0.6420995,0.29602617
-0.84,-1.56,0.25508767,0.34263408,0.060989447,0.64033645,0.29867408
-0.84,-1.52,0.2588126,0.34483877,0.06011888,0.6385605,0.3013206
-0.84,-1.48,0.26251966,0.34704077,0.059262473,0.63677216,0.3039654
-0.84,-1.44,0.26620895,0.34924,0.058419906,0.63497186,0.30660826
-0.84,-1.4,0.26988056,0.35143626,0.05759099,0.6331601,0.3092489
-0.84,-1.36,0.2735346,0.35362956,0.0567755,0.6313372,0.3118873
-0.84,-1.32,0.27717122,0.35581964,0.055973127,0.6295037,0.31452316
-0.84,-1.28,0.28079054,0.35800642,0.05518374,0.6276599,0.3171563
-0.84,-1.24,0.28439274,0.3601898,0.054407056,0.6258063,0.31978664
-0.84,-1.2,0.287978,0.36236975,0.05364284,0.6239431,0.32241404
-0.84,-1.16,0.29154655,0.36454624,0.052890826,0.62207067,0.3250385
-0.84,-1.12,0.29509866,0.36671907,0.05215083,0.6201894,0.32765973
-0.84,-1.08,0.29863447,0.36888832,0.0514226,0.61829954,0.33027777
-0.84,-1.04,0.3021543,0.371054,0.050705936,0.61640143,0.33289263
-0.84,-1.0,0.3056585,0.37321603,0.05000055,0.6144952,0.3355042
-0.84,-0.96,0.30914724,0.37537447,0.04930624,0.61258125,0.3381125
-0.84,-0.92,0.3126209,0.3775293,0.048622783,0.6106597,0.3407175
-0.84,-0.88,0.31607974,0.3796806,0.047949947,0.60873085,0.34331924
-0.84,-0.84,0.3195241,0.38182825,0.047287554,0.60679483,0.3459176
-0.84,-0.8,0.32295436,0.38397247,0.0466353,0.60485184,0.34851283
-0.84,-0.76,0.3263708,0.38611323,0.04599306,0.60290205,0.35110486
-0.84,-0.72,0.32977372,0.3882506,0.045360614,0.6009457,0.35369366
-0.84,-0.68,0.33316353,0.3903846,0.044737715,0.59898293,0.3562794
-0.84,-0.64,0.3365405,0.3925153,0.044124212,0.59701383,0.35886204
-0.84,-0.6,0.33990496,0.3946428,0.043519855,0.5950385,0.36144167
-0.84,-0.56,0.34325734,0.39676714,0.04292451,0.5930571,0.36401838
-0.84,-0.52,0.34659785,0.39888838,0.04233797,0.5910698,0.3665922
-0.84,-0.48,0.34992677,0.40100652,0.041760083,0.5890769,0.36916307
-0.84,-0.44,0.3532445,0.40312174,0.041190624,0.58707815,0.37173125
-0.84,-0.4,0.3565512,0.40523383,0.040629506,0.585074,0.3742965
-0.84,-0.36,0.35984725,0.4073431,0.040076487,0.58306444,0.37685904
-0.84,-0.32,0.36313277,0.40944943,0.03953151,0.5810497,0.37941888
-0.84,-0.28,0.36640808,0.41155288,0.03899433,0.5790298,0.38197592
-0.84,-0.24,0.36967328,0.41365334,0.038464896,0.577005,0.38453013
-0.84,-0.2,0.3729286,0.41575086,0.037943006,0.57497543,0.38708153
-0.84,-0.16,0.3761742,0.4178455,0.03742858,0.57294124,0.38963014
-0.84,-0.12,0.3794101,0.41993707,0.03692151,0.5709028,0.3921757
-0.84,-0.08,0.3826365,0.4220256,0.036421623,0.5688601,0.3947183
-0.84,-0.04,0.38585326,0.42411086,0.035928886,0.56681347,0.39725763
-0.84,0.0,0.3890606,0.42619288,0.035443164,0.5647632,0.39979365
-0.84,0.04,0.39225844,0.42827147,0.034964375,0.5627094,0.4023262
-0.84,0.08,0.3954466,0.43034646,0.03449244,0.56065255,0.404855
-0.84,0.12,0.3986252,0.43241775,0.034027245,0.5585928,0.40737996
-0.84,0.16,0.40179402,0.43448514,0.033568744,0.5565305,0.40990075
-0.84,0.2,0.40495294,0.43654838,0.033116832,0.554466,0.41241714
-0.84,0.24,0.4081017,0.43860716,0.032671515,0.55239975,0.41492873
-0.84,0.28,0.4112402,0.44066143,0.032232646,0.55033207,0.41743535
-0.84,0.32,0.41436806,0.44271067,0.031800237,0.5482633,0.41993645
-0.84,0.36,0.41748515,0.44475478,0.03137421,0.54619396,0.4224319
-0.84,0.4,0.42059103,0.44679335,0.0309545,0.5441244,0.4249211
-0.84,0.44,0.4236855,0.44882613,0.030541051,0.5420551,0.4274038
-0.84,0.48,0.42676806,0.4508527,0.03013387,0.5399866,0.42987946
-0.84,0.52,0.42983854,0.45287284,0.02973285,0.5379193,0.43234783
-0.84,0.56,0.4328965,0.45488608,0.029337982,0.5358537,0.43480828
-0.84,0.6,0.43594146,0.45689216,0.028949223,0.5337903,0.43726045
-0.84,0.64,0.43897313,0.45889068,0.028566495,0.53172964,0.43970388
-0.84,0.68,0.44199103,0.46088114,0.028189797,0.52967215,0.44213802
-0.84,0.72,0.44499478,0.4628634,0.02781907,0.5276184,0.44456252
-0.84,0.76,0.44798395,0.4648369,0.027454274,0.52556884,0.44697684
-0.84,0.8,0.4509582,0.4668014,0.027095336,0.52352405,0.44938058
-0.84,0.84,0.45391703,0.46875644,0.02674226,0.52148455,0.4517732
-0.84,0.88,0.4568602,0.4707018,0.026394943,0.5194506,0.45415443
-0.84,0.92,0.45978716,0.47263703,0.026053365,0.517423,0.45652366
-0.84,0.96,0.46269763,0.47456187,0.025717458,0.51540196,0.45888057
-0.84,1.0,0.46559122,0.4764759,0.025387194,0.5133881,0.4612247
-0.84,1.04,0.4684677,0.47837898,0.02506248,0.51138175,0.4635558
-0.84,1.08,0.47132665,0.48027065,0.024743289,0.5093833,0.46587336
-0.84,1.12,0.47416773,0.4821508,0.024429537,0.5073934,0.4681771
-0.84,1.16,0.47699082,0.48401904,0.024121158,0.50541216,0.4704667
-0.84,1.2,0.47979558,0.4858752,0.023818098,0.50344,0.4727418
-0.84,1.24,0.4825817,0.48771903,0.023520304,0.50147754,0.4750022
-0.84,1.28,0.4853491,0.48955032,0.023227694,0.4995248,0.4772475
-0.84,1.32,0.48809752,0.49136892,0.022940185,0.4975822,0.4794776
-0.84,1.36,0.4908268,0.49317464,0.02265772,0.49565008,0.48169225
-0.84,1.4,0.4935368,0.49496722,0.022380225,0.4937286,0.48389116
-0.84,1.44,0.49622738,0.49674672,0.022107633,0.49181813,0.48607424
-0.84,1.48,0.49889848,0.49851286,0.02183984,0.48991886,0.48824129
-0.84,1.52,0.5015499,0.5002656,0.0215768,0.4880311,0.49039215
-0.84,1.56,0.50418174,0.50200486,0.021318417,0.48615485,0.4925268
-0.84,1.6,0.5067938,0.50373054,0.021064637,0.48429045,0.49464497
-0.84,1.64,0.509386,0.5054424,0.020815352,0.4824381,0.49674654
-0.84,1.68,0.5119585,0.50714064,0.02057052,0.4805978,0.49883166
-0.84,1.72,0.51451117,0.5088251,0.02033004,0.47876978,0.50090015
-0.84,1.76,0.517044,0.5104958,0.020093827,0.47695428,0.5029519
-0.84,1.8,0.519557,0.5121526,0.019861836,0.47515127,0.5049869
-0.84,1.84,0.5220503,0.5137957,0.01963396,0.47336087,0.5070052
-0.84,1.88,0.5245238,0.5154248,0.019410152,0.47158322,0.5090067
-0.84,1.92,0.52697754,0.51704,0.019190317,0.46981844,0.5109913
-0.84,1.96,0.5294117,0.51864153,0.01897439,0.46806645,0.51295924
-0.84,2.0,0.53182626,0.5202292,0.018762294,0.46632737,0.5149104
-0.8,-2.0,0.20865147,0.31585702,0.07271183,0.6606326,0.26665556
-0.8,-1.96,0.21260852,0.31808582,0.07164828,0.6590406,0.26931107
-0.8,-1.92,0.21654896,0.32031542,0.07060147,0.6574293,0.27196935
-0.8,-1.88,0.22047259,0.32254538,0.069571175,0.655799,0.2746299
-0.8,-1.84,0.22437924,0.32477546,0.06855717,0.6541504,0.2772924
-0.8,-1.8,0.22826876,0.32700533,0.06755933,0.6524843,0.2799564
-0.8,-1.76,0.23214097,0.32923475,0.066577405,0.6508011,0.28262153
-0.8,-1.72,0.23599581,0.3314634,0.06561121,0.6491014,0.28528747
-0.8,-1.68,0.23983313,0.33369094,0.06466053,0.6473857,0.28795373
-0.8,-1.64,0.24365288,0.3359173,0.06372514,0.6456548,0.29062015
-0.8,-1.6,0.24745499,0.338142,0.06280482,0.64390904,0.2932862
-0.8,-1.56,0.25123945,0.34036496,0.061899394,0.6421489,0.2959517
-0.8,-1.52,0.25500628,0.34258604,0.061008565,0.640375,0.2986164
-0.8,-1.48,0.25875545,0.34480485,0.060132165,0.6385879,0.3012799
-0.8,-1.44,0.26248702,0.34702134,0.059269942,0.636788,0.30394205
-0.8,-1.4,0.26620108,0.3492353,0.058421694,0.63497573,0.3066026
-0.8,-1.36,0.2698977,0.35144657,0.057587136,0.63315153,0.3092613
-0.8,-1.32,0.27357695,0.353655,0.056766078,0.631316,0.31191793
-0.8,-1.28,0.27723905,0.35586056,0.055958252,0.62946934,0.31457242
-0.8,-1.24,0.28088403,0.358063,0.05516347,0.62761205,0.31722447
-0.8,-1.2,0.28451216,0.36026233,0.054381453,0.6257445,0.31987405
-0.8,-1.16,0.2881236,0.36245844,0.053611975,0.62386703,0.32252097
-0.8,-1.12,0.29171857,0.3646513,0.052854802,0.62198,0.3251652
-0.8,-1.08,0.29529724,0.36684075,0.0521097,0.6200837,0.32780656
-0.8,-1.04,0.29885995,0.3690269,0.051376455,0.6181785,0.33044505
-0.8,-1.0,0.30240688,0.37120968,0.050654806,0.6162646,0.33308062
-0.8,-0.96,0.30593836,0.373389,0.049944554,0.61434233,0.33571318
-0.8,-0.92,0.30945465,0.375565,0.04924543,0.61241186,0.33834276
-0.8,-0.88,0.31295604,0.37773752,0.048557237,0.6104735,0.34096926
-0.8,-0.84,0.31644282,0.37990674,0.047879763,0.6085275,0.3435928
-0.8,-0.8,0.31991535,0.38207257,0.04721278,0.60657394,0.34621325
-0.8,-0.76,0.3233739,0.38423514,0.046556044,0.6046132,0.3488308
-0.8,-0.72,0.32681882,0.38639432,0.04590939,0.6026453,0.3514453
-0.8,-0.68,0.3302504,0.38855034,0.045272592,0.6006705,0.35405684
-0.8,-0.64,0.3336691,0.39070326,0.044645417,0.59868896,0.3566656
-0.8,-0.6,0.337075,0.39285302,0.044027735,0.59670085,0.35927144
-0.8,-0.56,0.34046856,0.39499962,0.0434193,0.5947063,0.3618744
-0.8,-0.52,0.34385008,0.39714324,0.04281994,0.5927054,0.36447465
-0.8,-0.48,0.34721985,0.39928383,0.042229503,0.5906984,0.3670721
-0.8,-0.44,0.3505781,0.40142137,0.041647777,0.58868545,0.36966673
-0.8,-0.4,0.35392514,0.40355608,0.04107462,0.58666664,0.37225875
-0.8,-0.36,0.3572612,0.40568787,0.04050985,0.5846421,0.37484804
-0.8,-0.32,0.3605865,0.4078167,0.039953325,0.5826121,0.37743455
-0.8,-0.28,0.36390126,0.4099426,0.03940491,0.5805767,0.38001832
-0.8,-0.24,0.36720568,0.4120656,0.038864456,0.5785362,0.38259935
-0.8,-0.2,0.3704999,0.41418558,0.038331807,0.57649064,0.3851775
-0.8,-0.16,0.373784,0.41630262,0.037806854,0.57444036,0.3877528
-0.8,-0.12,0.37705818,0.41841653,0.03728949,0.57238543,0.39032504
-0.8,-0.08,0.3803224,0.4205273,0.036779564,0.57032627,0.3928942
-0.8,-0.04,0.3835768,0.42263484,0.036277,0.5682629,0.39546013
-0.8,0.0,0.38682127,0.42473894,0.03578171,0.56619567,0.3980226
-0.8,0.04,0.3900559,0.4268395,0.035293557,0.56412494,0.40058145
-0.8,0.08,0.39328054,0.42893645,0.03481249,0.562051,0.40313652
-0.8,0.12,0.39649516,0.43102944,0.034338396,0.5599741,0.4056875
-0.8,0.16,0.39969957,0.4331184,0.033871196,0.5578946,0.4082342
-0.8,0.2,0.4028937,0.43520308,0.033410836,0.55581284,0.41077635
-0.8,0.24,0.4060773,0.43728328,0.03295724,0.55372924,0.4133136
-0.8,0.28,0.40925008,0.43935856,0.03251036,0.55164415,0.4158455
-0.8,0.32,0.4124119,0.44142884,0.032070085,0.549558,0.41837192
-0.8,0.36,0.41556242,0.44349366,0.03163643,0.54747134,0.42089227
-0.8,0.4,0.41870135,0.4455529,0.031209277,0.54538447,0.42340633
-0.8,0.44,0.4218284,0.447606,0.030788612,0.5432978,0.42591357
-0.8,0.48,0.42494312,0.44965276,0.030374387,0.5412121,0.42841357
-0.8,0.52,0.4280453,0.45169288,0.029966513,0.5391275,0.430906
-0.8,0.56,0.4311345,0.4537259,0.02956498,0.53704476,0.4333903
-0.8,0.6,0.43421033,0.4557515,0.029169707,0.53496414,0.4358661
-0.8,0.64,0.43727237,0.45776936,0.02878067,0.5328864,0.4383329
-0.8,0.68,0.44032028,0.45977908,0.028397825,0.53081197,0.44079024
-0.8,0.72,0.44335362,0.46178025,0.028021108,0.52874124,0.44323766
-0.8,0.76,0.44637197,0.46377257,0.027650485,0.52667487,0.4456747
-0.8,0.8,0.449375,0.46575558,0.027285894,0.5246132,0.44810086
-0.8,0.84,0.45236236,0.46772906,0.026927302,0.52255684,0.45051584
-0.8,0.88,0.4553335,0.46969265,0.026574621,0.5205063,0.4529191
-0.8,0.92,0.4582883,0.47164592,0.026227798,0.5184619,0.45531026
-0.8,0.96,0.46122622,0.4735887,0.025886813,0.5164243,0.45768893
-0.8,1.0,0.46414703,0.47552055,0.02555157,0.51439375,0.46005467
-0.8,1.04,0.46705037,0.47744122,0.02522203,0.5123708,0.4624071
-0.8,1.08,0.46993595,0.47935048,0.024898117,0.51035595,0.46474597
-0.8,1.12,0.47280353,0.481248,0.024579745,0.50834936,0.46707085
-0.8,1.16,0.47565275,0.48313355,0.024266912,0.5063517,0.46938145
-0.8,1.2,0.4784835,0.4850069,0.023959467,0.50436306,0.47167748
-0.8,1.24,0.48129556,0.4868679,0.023657382,0.5023839,0.47395873
-0.8,1.28,0.4840886,0.48871624,0.023360578,0.50041467,0.4762248
-0.8,1.32,0.48686263,0.49055186,0.023068981,0.4984554,0.47847563
-0.8,1.36,0.48961732,0.49237442,0.022782525,0.49650663,0.4807108
-0.8,1.4,0.49235263,0.494184,0.022501122,0.49456853,0.48293033
-0.8,1.44,0.4950685,0.49598026,0.022224681,0.49264133,0.48513392
-0.8,1.48,0.49776474,0.49776325,0.021953166,0.49072537,0.48732147
-0.8,1.52,0.50044125,0.4995328,0.021686446,0.4888207,0.48949283
-0.8,1.56,0.5030981,0.5012887,0.021424491,0.48692763,0.49164784
-0.8,1.6,0.5057351,0.5030312,0.021167174,0.4850464,0.4937865
-0.8,1.64,0.5083523,0.5047598,0.020914454,0.483177,0.49590856
-0.8,1.68,0.5109496,0.5064747,0.020666238,0.48131976,0.49801397
-0.8,1.72,0.51352715,0.5081759,0.020422447,0.4794747,0.5001029
-0.8,1.76,0.5160848,0.50986314,0.020182997,0.47764203,0.5021749
-0.8,1.8,0.5186226,0.51153666,0.019947816,0.47582188,0.5042303
-0.8,1.84,0.5211406,0.5131962,0.019716838,0.47401428,0.5062688
-0.8,1.88,0.52363884,0.514842,0.019489972,0.47221935,0.50829065
-0.8,1.92,0.5261173,0.5164739,0.019267134,0.47043723,0.5102956
-0.8,1.96,0.52857614,0.51809186,0.01904827,0.46866792,0.51228374
-0.8,2.0,0.5310153,0.51969606,0.018833302,0.4669116,0.51425517
-0.76,-2.0,0.20440708,0.31347772,0.07386636,0.6623107,0.26382288
-0.76,-1.96,0.20840137,0.3157165,0.07277946,0.66073227,0.2664882
-0.76,-1.92,0.21237952,0.31795657,0.07170952,0.65913343,0.26915702
-0.76,-1.88,0.21634126,0.32019764,0.070656344,0.6575148,0.27182886
-0.76,-1.84,0.22028646,0.32243937,0.06961976,0.6558769,0.2745034
-0.76,-1.8,0.22421491,0.32468146,0.0685996,0.65422034,0.27718014
-0.76,-1.76,0.22812644,0.32692358,0.06759566,0.6525457,0.27985868
-0.76,-1.72,0.23202091,0.32916552,0.0666077,0.65085363,0.28253874
-0.76,-1.68,0.23589823,0.33140683,0.065635525,0.64914465,0.28521982
-0.76,-1.64,0.23975824,0.33364743,0.06467897,0.64741945,0.2879016
-0.76,-1.6,0.24360093,0.33588696,0.06373777,0.6456785,0.2905838
-0.76,-1.56,0.24742623,0.33812514,0.06281173,0.6439223,0.29326597
-0.76,-1.52,0.25123414,0.34036186,0.061900634,0.6421514,0.29594797
-0.76,-1.48,0.25502464,0.34259686,0.061004233,0.6403663,0.2986294
-0.76,-1.44,0.2587977,0.3448299,0.060122367,0.6385676,0.30130997
-0.76,-1.4,0.2625534,0.34706083,0.059254702,0.63675576,0.3039895
-0.76,-1.36,0.26629186,0.3492895,0.058401078,0.6349312,0.30666775
-0.76,-1.32,0.27001303,0.35151568,0.057561237,0.6330944,0.3093444
-0.76,-1.28,0.27371716,0.35373932,0.056734983,0.6312457,0.31201938
-0.76,-1.24,0.2774043,0.35596022,0.05592203,0.62938553,0.3146924
-0.76,-1.2,0.28107464,0.35817832,0.055122156,0.6275144,0.31736338
-0.76,-1.16,0.28472832,0.36039358,0.054335155,0.62563264,0.3200322
-0.76,-1.12,0.28836557,0.36260584,0.05356073,0.6237406,0.32269868
-0.76,-1.08,0.29198655,0.36481503,0.052798696,0.6218386,0.3253627
-0.76,-1.04,0.2955915,0.36702102,0.052048847,0.61992705,0.32802412
-0.76,-1.0,0.2991807,0.369224,0.051310856,0.6180061,0.33068302
-0.76,-0.96,0.30275434,0.3714238,0.05058455,0.6160762,0.33333924
-0.76,-0.92,0.30631274,0.37362036,0.049869724,0.61413753,0.33599272
-0.76,-0.88,0.30985612,0.37581375,0.04916612,0.6121904,0.33864346
-0.76,-0.84,0.31338486,0.378004,0.0484735,0.610235,0.3412915
-0.76,-0.8,0.31689918,0.3801911,0.04779167,0.60827166,0.34393674
-0.76,-0.76,0.32039943,0.3823749,0.047120407,0.6063005,0.34657916
-0.76,-0.72,0.3238859,0.3845557,0.046459466,0.60432166,0.3492189
-0.76,-0.68,0.32735887,0.3867333,0.04580869,0.6023355,0.35185578
-0.76,-0.64,0.33081865,0.38890788,0.045167834,0.6003421,0.35449
-0.76,-0.6,0.3342656,0.39107946,0.044536732,0.59834176,0.35712153
-0.76,-0.56,0.33769992,0.39324793,0.043915167,0.5963346,0.35975027
-0.76,-0.52,0.341122,0.39541352,0.043302935,0.59432065,0.36237642
-0.76,-0.48,0.34453207,0.3975761,0.042699914,0.59230024,0.36499983
-0.76,-0.44,0.3479304,0.39973575,0.04210585,0.59027356,0.36762062
-0.76,-0.4,0.35131726,0.40189254,0.041520625,0.5882407,0.37023872
-0.76,-0.36,0.35469282,0.40404633,0.040944073,0.58620185,0.3728541
-0.76,-0.32,0.3580574,0.40619722,0.040376022,0.58415717,0.37546682
-0.76,-0.28,0.36141112,0.40834522,0.03981632,0.5821069,0.37807682
-0.76,-0.24,0.3647542,0.41049027,0.03926481,0.5800511,0.38068408
-0.76,-0.2,0.3680867,0.4126323,0.038721398,0.57799023,0.3832884
-0.76,-0.16,0.37140876,0.41477114,0.03818593,0.57592434,0.38588974
-0.76,-0.12,0.3747205,0.41690692,0.03765825,0.5738537,0.38848805
-0.76,-0.08,0.37802204,0.41903952,0.0371383,0.5717785,0.39108324
-0.76,-0.04,0.3813133,0.4211687,0.036625944,0.56969905,0.39367503
-0.76,0.0,0.38459432,0.42329437,0.036121067,0.5676156,0.39626327
-0.76,0.04,0.387865,0.4254164,0.035623576,0.56552863,0.39884782
-0.76,0.08,0.39112535,0.42753464,0.035133403,0.56343824,0.4014284
-0.76,0.12,0.39437526,0.4296489,0.034650408,0.5613448,0.4040048
-0.76,0.16,0.39761448,0.43175888,0.034174576,0.55924875,0.4065767
-0.76,0.2,0.40084296,0.4338644,0.033705804,0.5571504,0.40914384
-0.76,0.24,0.40406054,0.43596527,0.03324397,0.5550501,0.4117059
-0.76,0.28,0.40726686,0.43806106,0.03278908,0.5529484,0.41426247
-0.76,0.32,0.41046166,0.44015163,0.032341048,0.5508457,0.41681322
-0.76,0.36,0.41364473,0.44223657,0.031899795,0.5487424,0.41935778
-0.76,0.4,0.41681576,0.44431564,0.03146528,0.5466389,0.42189574
-0.76,0.44,0.41997448,0.44638857,0.031037439,0.5445358,0.4244268
-0.76,0.48,0.42312047,0.44845486,0.030616196,0.54243344,0.4269503
-0.76,0.52,0.42625338,0.45051423,0.030201547,0.5403325,0.42946598
-0.76,0.56,0.42937282,0.4525663,0.029793395,0.5382333,0.43197325
-0.76,0.6,0.43247852,0.45461088,0.029391691,0.53613645,0.4344719
-0.76,0.64,0.43556994,0.45664737,0.02899641,0.5340424,0.43696117
-0.76,0.68,0.43864688,0.4586756,0.028607473,0.53195167,0.43944088
-0.76,0.72,0.44170883,0.460695,0.028224846,0.5298648,0.44191033
-0.76,0.76,0.44475538,0.46270537,0.027848477,0.5277823,0.44436923
-0.76,0.8,0.44778624,0.4647063,0.027478285,0.5257046,0.44681707
-0.76,0.84,0.45080107,0.46669757,0.027114207,0.5236322,0.44925353
-0.76,0.88,0.45379946,0.46867874,0.026756205,0.5215657,0.4516781
-0.76,0.92,0.45678103,0.47064948,0.026404232,0.5195054,0.45409036
-0.76,0.96,0.4597455,0.47260955,0.026058197,0.5174519,0.45648998
-0.76,1.0,0.4626926,0.47455853,0.02571804,0.5154054,0.45887652
-0.76,1.04,0.46562195,0.47649625,0.025383705,0.51336664,0.46124962
-0.76,1.08,0.4685333,0.47842237,0.025055118,0.5113359,0.46360898
-0.76,1.12,0.47142646,0.48033673,0.024732195,0.50931346,0.4659543
-0.76,1.16,0.47430113,0.482239,0.024414884,0.50729984,0.46828523
-0.76,1.2,0.4771571,0.48412907,0.024103092,0.50529534,0.47060156
-0.76,1.24,0.47999412,0.4860066,0.02379678,0.5033003,0.47290286
-0.76,1.28,0.48281217,0.48787156,0.023495821,0.501315,0.47518918
-0.76,1.32,0.48561093,0.4897236,0.023200171,0.49933985,0.47746
-0.76,1.36,0.48839042,0.49156266,0.022909727,0.49737495,0.47971526
-0.76,1.4,0.49115032,0.49338865,0.022624442,0.4954208,0.48195475
-0.76,1.44,0.49389073,0.49520138,0.0223442,0.49347743,0.48417836
-0.76,1.48,0.49661142,0.49700066,0.02206896,0.4915452,0.48638582
-0.76,1.52,0.49931243,0.49878657,0.0217986,0.48962432,0.48857713
-0.76,1.56,0.50199366,0.50055885,0.021533048,0.48771486,0.49075207
-0.76,1.6,0.50465506,0.5023176,0.021272229,0.48581716,0.49291065
-0.76,1.64,0.5072966,0.5040626,0.02101609,0.48393133,0.49505264
-0.76,1.68,0.5099182,0.5057938,0.0207645,0.4820575,0.497178
-0.76,1.72,0.51252,0.50751126,0.020517403,0.48019588,0.49928674
-0.76,1.76,0.5151019,0.5092149,0.020274725,0.47834656,0.5013788
-0.76,1.8,0.517664,0.51090467,0.020036375,0.47650957,0.5034541
-0.76,1.84,0.5202063,0.5125805,0.019802283,0.4746852,0.50551254
-0.76,1.88,0.52272874,0.5142426,0.019572359,0.47287342,0.50755423
-0.76,1.92,0.52523136,0.51589066,0.019346537,0.47107446,0.509579
-0.76,1.96,0.5277144,0.51752496,0.019124733,0.4692882,0.51158714
-0.76,2.0,0.5301777,0.5191453,0.018906878,0.46751484,0.5135783
-0.72,-2.0,0.20020895,0.31113607,0.075022504,0.6639403,0.26103717
-0.72,-1.96,0.20423931,0.31338394,0.07391229,0.66237646,0.26371124
-0.72,-1.92,0.20825402,0.3156337,0.07281934,0.66079104,0.2663896
-0.72,-1.88,0.21225281,0.31788504,0.071743384,0.6591848,0.26907176
-0.72,-1.84,0.21623546,0.32013765,0.07068433,0.6575583,0.27175733
-0.72,-1.8,0.22020176,0.32239112,0.069641896,0.6559123,0.2744458
-0.72,-1.76,0.22415155,0.32464522,0.06861594,0.6542472,0.27713686
-0.72,-1.72,0.22808467,0.32689962,0.0676063,0.6525637,0.27983004
-0.72,-1.68,0.23200096,0.32915395,0.06661272,0.65086234,0.28252494
-0.72,-1.64,0.23590031,0.33140805,0.065635026,0.64914376,0.28522125
-0.72,-1.6,0.23978262,0.33366162,0.06467298,0.6474085,0.2879186
-0.72,-1.56,0.24364786,0.33591437,0.06372637,0.64565706,0.29061663
-0.72,-1.52,0.24749595,0.338166,0.06279498,0.64389,0.29331496
-0.72,-1.48,0.25132683,0.34041643,0.061878607,0.642108,0.29601339
-0.72,-1.44,0.25514057,0.34266537,0.06097701,0.6403114,0.2987116
-0.72,-1.4,0.25893712,0.34491256,0.060089957,0.63850075,0.30140924
-0.72,-1.36,0.26271656,0.3471579,0.05921725,0.6366766,0.30410615
-0.72,-1.32,0.26647893,0.34940118,0.058358632,0.63483936,0.306802
-0.72,-1.28,0.27022436,0.3516423,0.05751386,0.6329894,0.30949673
-0.72,-1.24,0.27395293,0.35388106,0.056682702,0.6311273,0.31218997
-0.72,-1.2,0.27766472,0.35611737,0.055864982,0.6292534,0.3148816
-0.72,-1.16,0.28136,0.35835114,0.05506036,0.62736815,0.31757152
-0.72,-1.12,0.28503883,0.3605821,0.054268684,0.62547183,0.32025942
-0.72,-1.08,0.28870144,0.36281043,0.05348968,0.62356496,0.32294536
-0.72,-1.04,0.29234806,0.3650359,0.05272313,0.6216478,0.32562912
-0.72,-1.0,0.2959789,0.36725855,0.051968757,0.6197206,0.3283107
-0.72,-0.96,0.29959413,0.3694782,0.051226396,0.61778367,0.33098987
-0.72,-0.92,0.30319408,0.37169486,0.050495796,0.6158375,0.33366665
-0.72,-0.88,0.30677897,0.3739086,0.04977669,0.61388224,0.33634102
-0.72,-0.84,0.31034908,0.3761194,0.049068883,0.6119182,0.33901292
-0.72,-0.8,0.3139047,0.37832713,0.04837214,0.6099456,0.34168226
-0.72,-0.76,0.31744605,0.38053185,0.047686297,0.60796463,0.34434903
-0.72,-0.72,0.32097355,0.38273358,0.047011048,0.6059756,0.3470133
-0.72,-0.68,0.32448733,0.3849324,0.04634622,0.60397875,0.34967497
-0.72,-0.64,0.3279878,0.38712826,0.045691635,0.60197425,0.35233414
-0.72,-0.6,0.3314752,0.38932115,0.04504706,0.59996223,0.35499072
-0.72,-0.56,0.33494985,0.39151114,0.04441231,0.597943,0.35764477
-0.72,-0.52,0.33841196,0.39369813,0.0437872,0.5959167,0.36029613
-0.72,-0.48,0.3418618,0.39588234,0.043171518,0.5938835,0.36294505
-0.72,-0.44,0.34529972,0.39806354,0.042565107,0.5918436,0.3655913
-0.72,-0.4,0.34872583,0.40024188,0.041967805,0.5897973,0.3682349
-0.72,-0.36,0.3521404,0.40241736,0.041379414,0.58774465,0.37087595
-0.72,-0.32,0.35554364,0.40458983,0.04079981,0.58568597,0.37351424
-0.72,-0.28,0.35893577,0.40675944,0.040228788,0.5836214,0.3761499
-0.72,-0.24,0.36231685,0.408926,0.03966627,0.5815511,0.37878266
-0.72,-0.2,0.36568707,0.41108948,0.039112054,0.5794754,0.38141257
-0.72,-0.16,0.36904654,0.41324988,0.038566034,0.5773945,0.3840395
-0.72,-0.12,0.37239525,0.41540697,0.038028102,0.5753087,0.38666317
-0.72,-0.08,0.37573335,0.41756085,0.03749811,0.5732182,0.38928372
-0.72,-0.04,0.37906078,0.41971108,0.036975965,0.57112336,0.39190066
-0.72,0.0,0.3823776,0.42185792,0.036461525,0.5690244,0.39451414
-0.72,0.04,0.3856836,0.4240008,0.035954755,0.5669217,0.39712358
-0.72,0.08,0.38897884,0.42613974,0.035455484,0.5648156,0.39972895
-0.72,0.12,0.39226317,0.42827457,0.034963664,0.56270635,0.40232998
-0.72,0.16,0.39553645,0.43040496,0.034479212,0.5605945,0.40492633
-0.72,0.2,0.39879847,0.43253076,0.034002032,0.55848026,0.4075177
-0.72,0.24,0.40204903,0.43465164,0.033532053,0.5563642,0.41010383
-0.72,0.28,0.40528795,0.43676728,0.03306921,0.55424654,0.41268417
-0.72,0.32,0.40851492,0.43887752,0.03261343,0.552128,0.4152586
-0.72,0.36,0.41172966,0.44098195,0.032164656,0.5500088,0.41782653
-0.72,0.4,0.41493183,0.44308022,0.031722825,0.54788953,0.42038757
-0.72,0.44,0.41812125,0.4451722,0.031287856,0.54577065,0.4229415
-0.72,0.48,0.4212974,0.44725725,0.030859703,0.54365265,0.42548764
-0.72,0.52,0.42446005,0.44933522,0.030438311,0.54153603,0.42802566
-0.72,0.56,0.42760882,0.45140573,0.030023603,0.5394212,0.43055516
-0.72,0.6,0.4307434,0.4534684,0.029615534,0.5373088,0.43307564
-0.72,0.64,0.43386322,0.45552287,0.029214093,0.5351993,0.4355866
-0.72,0.68,0.43696815,0.45756885,0.028819133,0.53309315,0.43808773
-0.72,0.72,0.44005767,0.45960587,0.028430643,0.53099096,0.44057843
-0.72,0.76,0.44313154,0.4616337,0.028048543,0.52889305,0.44305843
-0.72,0.8,0.44618925,0.46365196,0.027672812,0.5268001,0.44552714
-0.72,0.84,0.44923058,0.4656602,0.027303355,0.52471256,0.44798416
-0.72,0.88,0.45225516,0.46765822,0.026940087,0.52263075,0.45042914
-0.72,0.92,0.45526263,0.46964574,0.026582979,0.52055526,0.45286173
-0.72,0.96,0.4582527,0.4716224,0.026231963,0.51848656,0.45528144
-0.72,1.0,0.46122515,0.47358796,0.02588693,0.516425,0.45768803
-0.72,1.04,0.46417966,0.47554213,0.02554785,0.5143711,0.46008107
-0.72,1.08,0.46711594,0.47748464,0.02521463,0.5123251,0.46246028
-0.72,1.12,0.47003385,0.4794153,0.024887184,0.5102875,0.46482536
-0.72,1.16,0.47293305,0.48133373,0.024565453,0.5082587,0.4671759
-0.72,1.2,0.47581342,0.48323983,0.024249364,0.50623894,0.46951172
-0.72,1.24,0.47867477,0.48513344,0.023938812,0.5042286,0.4718326
-0.72,1.28,0.481517,0.4870144,0.023633737,0.5022279,0.47413835
-0.72,1.32,0.48433983,0.48888248,0.023334045,0.50023735,0.47642863
-0.72,1.36,0.48714325,0.49073753,0.023039665,0.49825704,0.47870332
-0.72,1.4,0.48992717,0.49257943,0.022750497,0.49628723,0.48096222
-0.72,1.44,0.4926914,0.4944081,0.022466479,0.49432835,0.48320523
-0.72,1.48,0.49543598,0.49622333,0.022187518,0.49238035,0.4854321
-0.72,1.52,0.49816075,0.49802512,0.021913521,0.49044374,0.4876428
-0.72,1.56,0.50086576,0.4998134,0.021644417,0.48851845,0.4898372
-0.72,1.6,0.5035509,0.501588,0.021380112,0.48660478,0.49201515
-0.72,1.64,0.5062161,0.5033489,0.021120539,0.48470294,0.49417654
-0.72,1.68,0.50886154,0.5050961,0.02086559,0.482813,0.49632138
-0.72,1.72,0.51148707,0.5068295,0.020615209,0.48093522,0.49844962
-0.72,1.76,0.51409274,0.50854903,0.02036929,0.47906962,0.5005611
-0.72,1.8,0.5166785,0.51025474,0.020127757,0.47721636,0.50265586
-0.72,1.84,0.5192445,0.5119466,0.019890567,0.4753756,0.50473386
-0.72,1.88,0.5217906,0.51362455,0.01965759,0.4735474,0.506795
-0.72,1.92,0.524317,0.51528865,0.019428777,0.47173187,0.50883937
-0.72,1.96,0.5268237,0.5169388,0.019204032,0.4699291,0.5108669
-0.72,2.0,0.52931064,0.5185751,0.018983308,0.4681392,0.5128775
-0.68,-2.0,0.19605716,0.30883178,0.076179765,0.6655222,0.25829804
-0.68,-1.96,0.20012245,0.31108794,0.07504645,0.66397357,0.26097992
-0.68,-1.92,0.20417255,0.31334662,0.07393058,0.6624025,0.26366687
-0.68,-1.88,0.20820719,0.3156074,0.07283203,0.6608097,0.2663583
-0.68,-1.84,0.21222617,0.31787005,0.07175054,0.6591956,0.26905388
-0.68,-1.8,0.21622922,0.3201341,0.07068596,0.65756094,0.2717531
-0.68,-1.76,0.22021618,0.32239932,0.06963813,0.65590626,0.27445558
-0.68,-1.72,0.22418687,0.32466543,0.068606846,0.6542322,0.277161
-0.68,-1.68,0.2281411,0.32693198,0.06759192,0.6525393,0.27986875
-0.68,-1.64,0.23207875,0.3291988,0.06659309,0.6508283,0.2825786
-0.68,-1.6,0.23599969,0.33146563,0.06561024,0.64909965,0.28529015
-0.68,-1.56,0.23990385,0.33373213,0.06464311,0.6473539,0.28800303
-0.68,-1.52,0.24379116,0.335998,0.06369148,0.6455916,0.29071686
-0.68,-1.48,0.24766156,0.33826315,0.062755115,0.6438135,0.29343143
-0.68,-1.44,0.251515,0.3405272,0.061833866,0.6420199,0.29614624
-0.68,-1.4,0.2553515,0.34279,0.060927436,0.64021134,0.2988612
-0.68,-1.36,0.2591711,0.34505135,0.060035624,0.63838845,0.3015759
-0.68,-1.32,0.26297385,0.34731108,0.05915822,0.6365516,0.30429018
-0.68,-1.28,0.26675975,0.349569,0.058294933,0.6347014,0.3070037
-0.68,-1.24,0.27052897,0.35182494,0.057445582,0.6328381,0.30971637
-0.68,-1.2,0.27428153,0.35407877,0.056609936,0.63096225,0.31242785
-0.68,-1.16,0.27801764,0.3563304,0.055787724,0.6290742,0.31513807
-0.68,-1.12,0.2817374,0.35857964,0.05497874,0.6271745,0.31784678
-0.68,-1.08,0.28544095,0.36082643,0.0541827,0.6252634,0.32055384
-0.68,-1.04,0.28912854,0.36307076,0.053399432,0.6233414,0.3232592
-0.68,-1.0,0.29280034,0.3653124,0.052628685,0.6214087,0.32596263
-0.68,-0.96,0.29645655,0.36755145,0.05187018,0.61946565,0.32866415
-0.68,-0.92,0.3000974,0.36978772,0.051123735,0.6175127,0.33136356
-0.68,-0.88,0.30372316,0.37202126,0.050389137,0.61555004,0.33406085
-0.68,-0.84,0.30733407,0.37425202,0.049666096,0.613578,0.33675593
-0.68,-0.8,0.31093037,0.37647992,0.04895442,0.6115968,0.33944875
-0.68,-0.76,0.3145123,0.378705,0.048253916,0.60960686,0.34213924
-0.68,-0.72,0.31808025,0.3809273,0.047564317,0.6076082,0.34482747
-0.68,-0.68,0.3216343,0.3831467,0.04688542,0.6056013,0.34751326
-0.68,-0.64,0.3251749,0.38536334,0.046217047,0.6035862,0.35019675
-0.68,-0.6,0.3287022,0.38757706,0.045558978,0.6015632,0.35287777
-0.68,-0.56,0.33221653,0.38978788,0.044911023,0.5995326,0.3555563
-0.68,-0.52,0.33571818,0.39199603,0.04427296,0.5974945,0.35823253
-0.68,-0.48,0.33920732,0.39420125,0.04364462,0.59544915,0.3609062
-0.68,-0.44,0.34268412,0.3964036,0.04302582,0.5933968,0.36357737
-0.68,-0.4,0.34614897,0.39860308,0.042416394,0.5913376,0.36624599
-0.68,-0.36,0.34960192,0.40079963,0.04181617,0.58927184,0.36891195
-0.68,-0.32,0.35304326,0.40299326,0.041224975,0.58719975,0.37157527
-0.68,-0.28,0.35647318,0.40518397,0.04064266,0.5851214,0.37423593
-0.68,-0.24,0.35989162,0.40737152,0.040069092,0.58303726,0.3768936
-0.68,-0.2,0.36329886,0.40955597,0.039504103,0.58094746,0.37954837
-0.68,-0.16,0.366695,0.41173726,0.038947582,0.57885236,0.38220012
-0.68,-0.12,0.37008,0.41391522,0.038399357,0.576752,0.38484865
-0.68,-0.08,0.37345394,0.4160897,0.037859343,0.5746469,0.3874938
-0.68,-0.04,0.37681678,0.41826057,0.03732743,0.57253736,0.39013526
-0.68,0.0,0.3801686,0.4204277,0.036803477,0.5704235,0.39277297
-0.68,0.04,0.38350916,0.42259097,0.0362874,0.56830585,0.39540672
-0.68,0.08,0.38683847,0.4247501,0.035779107,0.56618476,0.39803615
-0.68,0.12,0.39015645,0.4269049,0.035278462,0.5640605,0.40066108
-0.68,0.16,0.39346287,0.4290551,0.034785446,0.56193346,0.40328115
-0.68,0.2,0.39675748,0.43120039,0.034299936,0.5598042,0.4058959
-0.68,0.24,0.40004027,0.4333407,0.033821836,0.557673,0.40850526
-0.68,0.28,0.40331084,0.4354755,0.033351112,0.55554026,0.41110858
-0.68,0.32,0.40656894,0.43760473,0.032887638,0.5534066,0.41370574
-0.68,0.36,0.4098143,0.43972784,0.032431412,0.55127245,0.41629612
-0.68,0.4,0.41304675,0.44184476,0.031982314,0.5491382,0.41887954
-0.68,0.44,0.4162658,0.4439549,0.031540293,0.54700434,0.42145535
-0.68,0.48,0.41947126,0.4460582,0.031105254,0.5448714,0.4240234
-0.68,0.52,0.42266268,0.44815406,0.030677186,0.54273987,0.42658293
-0.68,0.56,0.42583975,0.4502423,0.030256007,0.5406103,0.42913374
-0.68,0.6,0.4290021,0.4523224,0.029841658,0.5384832,0.4316752
-0.68,0.64,0.43214938,0.45439413,0.029434046,0.53635895,0.434207
-0.68,0.68,0.43528134,0.45645714,0.029033128,0.53423816,0.43672866
-0.68,0.72,0.43839744,0.45851108,0.028638847,0.5321214,0.43923974
-0.68,0.76,0.44149753,0.4605556,0.028251113,0.530009,0.4417399
-0.68,0.8,0.44458115,0.4625904,0.027869884,0.5279016,0.44422856
-0.68,0.84,0.447648,0.46461505,0.02749507,0.5257996,0.4467054
-0.68,0.88,0.45069787,0.46662942,0.0271266,0.5237033,0.44917014
-0.68,0.92,0.45373031,0.46863306,0.026764415,0.5216134,0.4516222
-0.68,0.96,0.4567451,0.4706257,0.026408449,0.5195303,0.45406127
-0.68,1.0,0.45974198,0.47260714,0.026058612,0.5174543,0.45648706
-0.68,1.04,0.46272075,0.47457713,0.025714803,0.51538587,0.45889932
-0.68,1.08,0.46568108,0.47653532,0.025376992,0.51332545,0.4612975
-0.68,1.12,0.46862283,0.4784816,0.025045069,0.5112734,0.46368152
-0.68,1.16,0.47154582,0.4804157,0.024718951,0.50922996,0.46605107
-0.68,1.2,0.4744498,0.48233745,0.024398558,0.5071956,0.46840584
-0.68,1.24,0.47733465,0.48424658,0.024083834,0.5051706,0.47074556
-0.68,1.28,0.4802003,0.48614308,0.02377465,0.50315523,0.47307017
-0.68,1.32,0.48304644,0.48802656,0.023470951,0.5011498,0.4753792
-0.68,1.36,0.48587316,0.48989713,0.023172626,0.4991546,0.47767276
-0.68,1.4,0.4886803,0.49175453,0.022879617,0.49716988,0.47995052
-0.68,1.44,0.49146774,0.49359858,0.022591837,0.49519587,0.48221228
-0.68,1.48,0.49423546,0.49542934,0.022309165,0.4932328,0.48445803
-0.68,1.52,0.49698338,0.49724665,0.022031548,0.49128085,0.4866876
-0.68,1.56,0.4997115,0.4990504,0.021758895,0.48934028,0.48890087
-0.68,1.6,0.50241977,0.5008405,0.021491105,0.48741117,0.4910977
-0.68,1.64,0.50510824,0.502617,0.0212281,0.48549378,0.49327818
-0.68,1.68,0.50777674,0.5043797,0.020969804,0.4835883,0.49544194
-0.68,1.72,0.5104254,0.50612867,0.020716138,0.4816948,0.4975891
-0.68,1.76,0.51305425,0.5078638,0.02046699,0.47981337,0.49971968
-0.68,1.8,0.5156632,0.5095851,0.020222306,0.47794423,0.50183344
-0.68,1.84,0.5182524,0.5112926,0.019981988,0.47608754,0.5039305
-0.68,1.88,0.5208217,0.51298606,0.019745963,0.47424328,0.5060107
-0.68,1.92,0.5233712,0.5146657,0.019514162,0.47241172,0.5080741
-0.68,1.96,0.5259011,0.51633155,0.019286493,0.47059283,0.51012075
-0.68,2.0,0.52841127,0.5179834,0.01906288,0.46878663,0.51215047
-0.64,-2.0,0.19195172,0.30656457,0.07733785,0.6670571,0.2556051
-0.64,-1.96,0.19605069,0.3088282,0.076181605,0.66552466,0.25829378
-0.64,-1.92,0.20013498,0.31109494,0.075042985,0.6639688,0.26098824
-0.64,-1.88,0.20420429,0.3133644,0.07392189,0.6623901,0.26368797
-0.64,-1.84,0.20825838,0.31563616,0.072818145,0.6607893,0.26639253
-0.64,-1.8,0.21229704,0.31791,0.071731545,0.6591669,0.2691015
-0.64,-1.76,0.21632004,0.32018557,0.070661955,0.6575235,0.2718145
-0.64,-1.72,0.22032712,0.3224625,0.06960914,0.6558598,0.274531
-0.64,-1.68,0.22431822,0.32474056,0.068572916,0.6541764,0.2772507
-0.64,-1.64,0.22829308,0.32701933,0.06755313,0.6524738,0.27997312
-0.64,-1.6,0.2322516,0.32929856,0.066549525,0.6507526,0.28269786
-0.64,-1.56,0.23619367,0.33157796,0.06556193,0.64901346,0.2854246
-0.64,-1.52,0.2401192,0.33385742,0.06459008,0.64725685,0.28815302
-0.64,-1.48,0.2440281,0.33613646,0.06363384,0.6454835,0.2908827
-0.64,-1.44,0.2479203,0.33841485,0.06269295,0.64369375,0.29361326
-0.64,-1.4,0.2517959,0.34069258,0.06176713,0.64188826,0.2963446
-0.64,-1.36,0.25565475,0.34296918,0.060856238,0.6400675,0.29907626
-0.64,-1.32,0.2594969,0.34524465,0.059960037,0.63823193,0.301808
-0.64,-1.28,0.26332247,0.34751865,0.059078287,0.6363821,0.30453956
-0.64,-1.24,0.26713148,0.34979108,0.058210734,0.6345185,0.3072707
-0.64,-1.2,0.27092394,0.35206184,0.057357162,0.63264155,0.31000128
-0.64,-1.16,0.27470013,0.35433072,0.05651731,0.6307517,0.31273103
-0.64,-1.12,0.27846,0.3565975,0.055691008,0.6288494,0.31545967
-0.64,-1.08,0.2822038,0.35886222,0.05487796,0.6269349,0.31818715
-0.64,-1.04,0.2859316,0.36112463,0.05407796,0.62500876,0.32091323
-0.64,-1.0,0.28964365,0.3633848,0.053290762,0.6230714,0.3236379
-0.64,-0.96,0.29334012,0.36564255,0.05251614,0.62112296,0.32636088
-0.64,-0.92,0.29702124,0.36789787,0.051753834,0.619164,0.32908225
-0.64,-0.88,0.3006872,0.37015057,0.051003672,0.61719465,0.33180168
-0.64,-0.84,0.30433828,0.37240082,0.05026536,0.61521536,0.33451933
-0.64,-0.8,0.30797458,0.3746483,0.049538717,0.61322635,0.33723485
-0.64,-0.76,0.31159654,0.37689328,0.048823513,0.611228,0.33994848
-0.64,-0.72,0.3152042,0.37913546,0.04811955,0.6092205,0.3426599
-0.64,-0.68,0.318798,0.38137504,0.04742654,0.6072042,0.34536922
-0.64,-0.64,0.32237807,0.38361186,0.046744384,0.6051793,0.3480763
-0.64,-0.6,0.32594472,0.38584596,0.04607277,0.603146,0.35078117
-0.64,-0.56,0.32949817,0.38807732,0.045411553,0.6011046,0.35348377
-0.64,-0.52,0.33303866,0.3903059,0.044760525,0.5990554,0.35618404
-0.64,-0.48,0.33656642,0.39253172,0.04411951,0.59699863,0.35888192
-0.64,-0.44,0.3400816,0.3947546,0.04348833,0.5949344,0.36157724
-0.64,-0.4,0.3435845,0.3969747,0.042866766,0.592863,0.36427018
-0.64,-0.36,0.34707525,0.39919186,0.042254698,0.5907848,0.3669605
-0.64,-0.32,0.35055405,0.4014061,0.041651923,0.5886999,0.3696482
-0.64,-0.28,0.35402095,0.4036173,0.041058306,0.58660865,0.37233305
-0.64,-0.24,0.35747617,0.40582538,0.040473673,0.5845113,0.37501508
-0.64,-0.2,0.36091977,0.40803024,0.03989792,0.582408,0.37769407
-0.64,-0.16,0.36435184,0.41023186,0.039330848,0.58029914,0.38036996
-0.64,-0.12,0.36777237,0.41243002,0.03877238,0.57818514,0.38304248
-0.64,-0.08,0.37118143,0.4146247,0.038222365,0.57606614,0.38571158
-0.64,-0.04,0.3745789,0.41681558,0.037680704,0.5739425,0.38837686
-0.64,0.0,0.37796482,0.41900253,0.037147265,0.57181454,0.3910382
-0.64,0.04,0.38133916,0.42118546,0.036621936,0.56968266,0.3936954
-0.64,0.08,0.38470173,0.42336404,0.036104634,0.56754726,0.3963481
-0.64,0.12,0.38805234,0.42553806,0.035595264,0.56540877,0.39899597
-0.64,0.16,0.39139104,0.4277074,0.035093702,0.5632674,0.40163887
-0.64,0.2,0.39471748,0.4298717,0.034599893,0.5611238,0.40427637
-0.64,0.24,0.3980314,0.43203065,0.03411373,0.55897826,0.406908
-0.64,0.28,0.40133268,0.43418398,0.033635173,0.5568313,0.40953353
-0.64,0.32,0.404621,0.43633145,0.03316408,0.5546834,0.41215256
-0.64,0.36,0.40789613,0.43847275,0.032700416,0.55253494,0.4147647
-0.64,0.4,0.41115773,0.4406074,0.03224412,0.5503864,0.41736943
-0.64,0.44,0.4144055,0.44273522,0.0317951,0.5482385,0.41996643
-0.64,0.48,0.41763914,0.44485584,0.03135327,0.5460915,0.42255527
-0.64,0.52,0.42085826,0.44696885,0.030918607,0.54394597,0.42513543
-0.64,0.56,0.42406255,0.44907394,0.030491022,0.5418025,0.4277065
-0.64,0.6,0.4272518,0.45117092,0.030070381,0.5396614,0.43026823
-0.64,0.64,0.4304255,0.4532592,0.02965672,0.5375233,0.43281996
-0.64,0.68,0.43358338,0.45533854,0.029249907,0.5353888,0.43536127
-0.64,0.72,0.43672517,0.45740867,0.028849872,0.53325826,0.4378919
-0.64,0.76,0.43985045,0.4594692,0.028456563,0.53113216,0.4404113
-0.64,0.8,0.44295898,0.46151984,0.02806989,0.529011,0.44291914
-0.64,0.84,0.4460504,0.4635602,0.027689774,0.5268952,0.44541493
-0.64,0.88,0.44912454,0.46559018,0.02731615,0.5247854,0.44789848
-0.64,0.92,0.45218104,0.46760932,0.026948933,0.52268183,0.45036927
-0.64,0.96,0.4552196,0.46961737,0.026588066,0.520585,0.45282695
-0.64,1.0,0.4582401,0.47161412,0.02623344,0.5184953,0.45527127
-0.64,1.04,0.46124214,0.4735992,0.025884967,0.5164132,0.45770177
-0.64,1.08,0.46422574,0.47557265,0.025542589,0.51433897,0.46011844
-0.64,1.12,0.46719047,0.47753394,0.025206212,0.51227313,0.46252066
-0.64,1.16,0.47013637,0.47948307,0.024875738,0.5102158,0.46490842
-0.64,1.2,0.4730632,0.48141983,0.024551094,0.5081675,0.4672814
-0.64,1.24,0.47597075,0.483344,0.024232196,0.5061285,0.46963936
-0.64,1.28,0.47885904,0.48525542,0.023918925,0.50409895,0.4719821
-0.64,1.32,0.48172787,0.48715395,0.023611236,0.5020793,0.4743094
-0.64,1.36,0.48457703,0.4890394,0.023309011,0.50006986,0.47662106
-0.64,1.4,0.4874067,0.49091184,0.023012161,0.49807072,0.4789171
-0.64,1.44,0.49021664,0.49277094,0.022720614,0.49608228,0.48119712
-0.64,1.48,0.49300689,0.49461675,0.022434255,0.49410456,0.48346117
-0.64,1.52,0.4957773,0.49644908,0.022153022,0.4921379,0.48570907
-0.64,1.56,0.49852794,0.4982679,0.021876816,0.4901825,0.4879407
-0.64,1.6,0.50125873,0.5000731,0.021605555,0.48823848,0.49015594
-0.64,1.64,0.5039697,0.50186473,0.021339143,0.48630604,0.4923548
-0.64,1.68,0.5066608,0.5036427,0.021077482,0.48438543,0.49453714
-0.64,1.72,0.50933206,0.5054068,0.02082052,0.48247665,0.49670285
-0.64,1.76,0.51198345,0.50715715,0.020568164,0.48057994,0.49885193
-0.64,1.8,0.51461506,0.50889367,0.020320294,0.4786954,0.5009843
-0.64,1.84,0.5172268,0.51061636,0.020076875,0.47682315,0.5031
-0.64,1.88,0.51981884,0.51232517,0.01983781,0.47496334,0.5051989
-0.64,1.92,0.52239114,0.51402014,0.019602994,0.473116,0.507281
-0.64,1.96,0.52494365,0.51570123,0.019372383,0.47128132,0.5093463
-0.64,2.0,0.52747655,0.51736844,0.019145876,0.46945933,0.5113948
-0.6,-2.0,0.18789238,0.30433398,0.07849644,0.66854584,0.25295776
-0.6,-1.96,0.19202371,0.3066042,0.077317424,0.66703045,0.25565216
-0.6,-1.92,0.1961409,0.30887812,0.076156296,0.66549057,0.2583531
-0.6,-1.88,0.2002436,0.31115535,0.075012885,0.66392696,0.2610601
-0.6,-1.84,0.20433164,0.31343552,0.073887035,0.6623402,0.26377267
-0.6,-1.8,0.2084047,0.31571835,0.07277855,0.66073096,0.26649043
-0.6,-1.76,0.2124625,0.3180034,0.0716873,0.6590998,0.2692128
-0.6,-1.72,0.2165049,0.32029042,0.070613086,0.65744734,0.27193955
-0.6,-1.68,0.22053167,0.32257903,0.06955573,0.6557742,0.27467006
-0.6,-1.64,0.22454259,0.32486892,0.06851504,0.6540809,0.277404
-0.6,-1.6,0.2285376,0.3271598,0.0674908,0.6523681,0.280141
-0.6,-1.56,0.2325165,0.32945144,0.06648278,0.6506365,0.2828807
-0.6,-1.52,0.23647918,0.33174348,0.06549084,0.64888656,0.28562263
-0.6,-1.48,0.24042556,0.3340357,0.06451472,0.64711875,0.2883665
-0.6,-1.44,0.24435556,0.33632773,0.063554235,0.6453338,0.29111192
-0.6,-1.4,0.24826913,0.33861953,0.062609166,0.6435322,0.29385865
-0.6,-1.36,0.2521663,0.3409107,0.061679237,0.64171445,0.29660627
-0.6,-1.32,0.25604698,0.3432011,0.060764268,0.63988113,0.2993546
-0.6,-1.28,0.2599113,0.34549052,0.059864033,0.6380327,0.3021033
-0.6,-1.24,0.26375917,0.34777877,0.058978315,0.6361696,0.30485213
-0.6,-1.2,0.2675907,0.35006565,0.058106825,0.6342924,0.3076008
-0.6,-1.16,0.27140605,0.352351,0.057249382,0.63240147,0.31034914
-0.6,-1.12,0.27520525,0.35463476,0.05640574,0.63049734,0.31309694
-0.6,-1.08,0.27898845,0.35691673,0.055575646,0.62858033,0.31584403
-0.6,-1.04,0.28275567,0.3591967,0.054758936,0.626651,0.31859007
-0.6,-1.0,0.28650725,0.3614747,0.053955264,0.6247096,0.32133514
-0.6,-0.96,0.29024327,0.36375058,0.053164475,0.6227566,0.32407898
-0.6,-0.92,0.2939639,0.3660242,0.052386314,0.62079227,0.32682136
-0.6,-0.88,0.2976694,0.36829564,0.051620554,0.61881703,0.32956237
-0.6,-0.84,0.30135983,0.37056464,0.050866965,0.61683136,0.3323017
-0.6,-0.8,0.3050356,0.37283128,0.05012534,0.61483526,0.33503938
-0.6,-0.76,0.30869675,0.3750955,0.049395446,0.6128293,0.33777526
-0.6,-0.72,0.31234366,0.37735713,0.048677046,0.6108136,0.3405093
-0.6,-0.68,0.31597644,0.37961623,0.047969945,0.60878867,0.3432414
-0.6,-0.64,0.31959537,0.38187274,0.04727392,0.6067546,0.34597147
-0.6,-0.6,0.32320067,0.38412663,0.046588756,0.6047117,0.34869948
-0.6,-0.56,0.32679257,0.38637787,0.04591428,0.60266036,0.35142535
-0.6,-0.52,0.33037123,0.38862643,0.04525029,0.6006007,0.35414898
-0.6,-0.48,0.333937,0.3908722,0.044596586,0.5985331,0.35687035
-0.6,-0.44,0.33748987,0.39311516,0.043952975,0.5964577,0.35958928
-0.6,-0.4,0.34103015,0.3953553,0.043319292,0.59437495,0.36230582
-0.6,-0.36,0.34455797,0.39759254,0.04269535,0.59228486,0.3650198
-0.6,-0.32,0.34807345,0.39982677,0.042080987,0.59018797,0.36773106
-0.6,-0.28,0.3515768,0.40205795,0.04147607,0.58808434,0.3704396
-0.6,-0.24,0.355068,0.40428594,0.04088042,0.58597445,0.37314513
-0.6,-0.2,0.3585472,0.4065107,0.04029387,0.5838585,0.37584767
-0.6,-0.16,0.3620144,0.40873206,0.03971632,0.58173674,0.37854695
-0.6,-0.12,0.36546966,0.41094983,0.039147615,0.57960963,0.38124275
-0.6,-0.08,0.36891297,0.41316387,0.038587637,0.57747746,0.3839349
-0.6,-0.04,0.37234432,0.41537416,0.03803625,0.5753405,0.38662326
-0.6,0.0,0.37576365,0.41758037,0.03749333,0.57319915,0.38930747
-0.6,0.04,0.37917072,0.41978222,0.03695883,0.5710539,0.39198723
-0.6,0.08,0.3825657,0.42197976,0.036432523,0.568905,0.39466247
-0.6,0.12,0.3859482,0.4241724,0.035914443,0.5667529,0.39733258
-0.6,0.16,0.3893181,0.42636016,0.035404418,0.56459814,0.39999747
-0.6,0.2,0.39267528,0.4285426,0.03490236,0.56244105,0.4026566
-0.6,0.24,0.39601958,0.43071964,0.034408182,0.56028193,0.4053099
-0.6,0.28,0.39935052,0.4328908,0.033921827,0.55812156,0.4079567
-0.6,0.32,0.4026681,0.4350558,0.033443175,0.5559601,0.4105967
-0.6,0.36,0.40597185,0.43721437,0.032972176,0.5537983,0.41322953
-0.6,0.4,0.4092616,0.43936613,0.03250874,0.5516366,0.41585475
-0.6,0.44,0.41253707,0.44151086,0.03205276,0.54947525,0.418472
-0.6,0.48,0.41579786,0.44364807,0.031604227,0.54731506,0.42108077
-0.6,0.52,0.41904375,0.4457776,0.03116298,0.5451563,0.42368072
-0.6,0.56,0.42227426,0.4478989,0.030729024,0.5429997,0.4262713
-0.6,0.6,0.42548928,0.45001182,0.030302221,0.5408456,0.4288522
-0.6,0.64,0.4286884,0.452116,0.029882539,0.5386945,0.431423
-0.6,0.68,0.4318713,0.454211,0.029469877,0.53654695,0.43398315
-0.6,0.72,0.4350376,0.45629656,0.029064165,0.53440344,0.43653238
-0.6,0.76,0.4381872,0.4583725,0.028665302,0.5322644,0.4390703
-0.6,0.8,0.44131967,0.46043825,0.028273229,0.5301303,0.44159636
-0.6,0.84,0.44443473,0.46249375,0.027887885,0.5280017,0.44411036
-0.6,0.88,0.44753218,0.46453857,0.027509153,0.525879,0.44661185
-0.6,0.92,0.45061168,0.46657243,0.027136952,0.5237626,0.4491004
-0.6,0.96,0.45367318,0.4685953,0.02677121,0.5216528,0.45157596
-0.6,1.0,0.4567163,0.47060665,0.026411828,0.5195502,0.45403793
-0.6,1.04,0.4597409,0.47260648,0.026058739,0.5174551,0.45648623
-0.6,1.08,0.4627468,0.4745944,0.025711814,0.5153678,0.45892045
-0.6,1.12,0.4657338,0.47657025,0.025371015,0.5132888,0.46134025
-0.6,1.16,0.46870178,0.47853383,0.025036197,0.51121825,0.4637455
-0.6,1.2,0.4716506,0.48048505,0.024707329,0.50915664,0.46613604
-0.6,1.24,0.4745801,0.48242366,0.024384288,0.5071042,0.4685115
-0.6,1.28,0.47749025,0.48434955,0.024066959,0.50506127,0.47087178
-0.6,1.32,0.48038092,0.48626262,0.023755275,0.50302804,0.4732167
-0.6,1.36,0.483252,0.4881626,0.023449142,0.5010049,0.475546
-0.6,1.4,0.48610345,0.49004948,0.02314848,0.49899197,0.4778596
-0.6,1.44,0.48893523,0.49192315,0.022853166,0.49698946,0.48015735
-0.6,1.48,0.49174726,0.49378353,0.022563146,0.4949977,0.48243913
-0.6,1.52,0.49453956,0.4956305,0.022278303,0.4930169,0.4847048
-0.6,1.56,0.49731207,0.49746397,0.021998545,0.49104717,0.48695427
-0.6,1.6,0.5000648,0.49928394,0.021723792,0.48908877,0.48918748
-0.6,1.64,0.50279766,0.5010903,0.021453971,0.48714185,0.49140424
-0.6,1.68,0.50551075,0.5028829,0.021188961,0.48520648,0.49360454
-0.6,1.72,0.508204,0.50466186,0.020928707,0.48328298,0.49578834
-0.6,1.76,0.5108775,0.50642705,0.020673096,0.48137137,0.49795553
-0.6,1.8,0.51353115,0.50817853,0.020422062,0.47947183,0.5001061
-0.6,1.84,0.516165,0.5099161,0.020175532,0.47758454,0.50224
-0.6,1.88,0.5187792,0.51163995,0.019933386,0.4757095,0.50435716
-0.6,1.92,0.5213737,0.51334983,0.01969557,0.47384688,0.50645757
-0.6,1.96,0.5239483,0.5150458,0.019462021,0.47199693,0.50854105
-0.6,2.0,0.5265034,0.516728,0.019232638,0.47015953,0.51060784
-0.56,-2.0,0.1838786,0.3021394,0.079655334,0.66998947,0.25035524
-0.56,-1.96,0.18804099,0.30441546,0.07845382,0.66849184,0.2530544
-0.56,-1.92,0.1921898,0.30669576,0.07727034,0.6669689,0.25576085
-0.56,-1.88,0.19632462,0.30897987,0.07610481,0.6654212,0.258474
-0.56,-1.84,0.20044526,0.3112676,0.07495703,0.6638494,0.26119357
-0.56,-1.8,0.20455143,0.3135585,0.07382688,0.6622542,0.26391897
-0.56,-1.76,0.20864287,0.31585217,0.07271416,0.660636,0.26664978
-0.56,-1.72,0.21271929,0.31814837,0.07161869,0.6589956,0.2693856
-0.56,-1.68,0.21678056,0.32044673,0.070540324,0.6573337,0.27212596
-0.56,-1.64,0.2208264,0.3227469,0.06947885,0.6556507,0.27487046
-0.56,-1.6,0.2248567,0.3250487,0.06843405,0.65394723,0.27761874
-0.56,-1.56,0.2288713,0.32735163,0.067405775,0.65222394,0.28037027
-0.56,-1.52,0.23287003,0.3296555,0.066393815,0.6504814,0.28312474
-0.56,-1.48,0.23685281,0.3319601,0.06539794,0.64872026,0.28588185
-0.56,-1.44,0.2408195,0.334265,0.064417936,0.64694095,0.2886411
-0.56,-1.4,0.24477008,0.33657002,0.063453615,0.64514416,0.29140222
-0.56,-1.36,0.2487045,0.338875,0.06250473,0.6433303,0.29416496
-0.56,-1.32,0.25262272,0.34117967,0.06157105,0.6415,0.2969289
-0.56,-1.28,0.2565248,0.34348375,0.060652386,0.6396538,0.29969385
-0.56,-1.24,0.2604106,0.34578702,0.059748515,0.63779217,0.30245936
-0.56,-1.2,0.26428032,0.34808934,0.058859143,0.6359155,0.3052253
-0.56,-1.16,0.26813397,0.3503906,0.0579841,0.63402444,0.30799147
-0.56,-1.12,0.27197155,0.35269052,0.057123166,0.6321194,0.31075752
-0.56,-1.08,0.27579325,0.35498893,0.05627605,0.63020074,0.3135232
-0.56,-1.04,0.27959922,0.35728583,0.055442583,0.62826896,0.3162885
-0.56,-1.0,0.28338945,0.359581,0.054622468,0.6263244,0.31905308
-0.56,-0.96,0.28716415,0.36187434,0.053815518,0.62436765,0.32181683
-0.56,-0.92,0.29092354,0.36416575,0.053021483,0.6223989,0.32457963
-0.56,-0.88,0.29466772,0.36645514,0.052240156,0.62041855,0.32734126
-0.56,-0.84,0.2983969,0.3687424,0.0514713,0.6184271,0.3301016
-0.56,-0.8,0.3021112,0.37102747,0.05071467,0.61642474,0.33286056
-0.56,-0.76,0.30581096,0.37331024,0.049970042,0.61441195,0.33561802
-0.56,-0.72,0.30949628,0.37559077,0.0492372,0.6123889,0.33837393
-0.56,-0.68,0.31316736,0.3778688,0.048515975,0.610356,0.341128
-0.56,-0.64,0.31682444,0.38014442,0.047806088,0.6083135,0.34388036
-0.56,-0.6,0.32046768,0.3824176,0.047107387,0.60626185,0.3466308
-0.56,-0.56,0.32409734,0.38468814,0.046419628,0.60420114,0.3493792
-0.56,-0.52,0.32771355,0.386956,0.04574266,0.6021318,0.35212553
-0.56,-0.48,0.3313165,0.38922125,0.045076232,0.60005414,0.35486966
-0.56,-0.44,0.33490643,0.39148372,0.044420183,0.5979682,0.35761154
-0.56,-0.4,0.33848333,0.39374325,0.043774374,0.5958747,0.36035085
-0.56,-0.36,0.3420475,0.39599997,0.043138597,0.59377366,0.36308774
-0.56,-0.32,0.345599,0.39825365,0.042512663,0.5916654,0.36582193
-0.56,-0.28,0.3491379,0.4005042,0.041896433,0.5895503,0.3685533
-0.56,-0.24,0.35266435,0.40275154,0.041289747,0.5874285,0.3712817
-0.56,-0.2,0.3561783,0.4049954,0.040692467,0.5853006,0.3740069
-0.56,-0.16,0.3596799,0.40723595,0.04010442,0.5831667,0.37672886
-0.56,-0.12,0.36316916,0.40947276,0.039525494,0.58102727,0.37944722
-0.56,-0.08,0.36664587,0.41170567,0.038955584,0.5788827,0.38216174
-0.56,-0.04,0.37011018,0.41393465,0.038394507,0.5767333,0.3848723
-0.56,0.0,0.37356192,0.41615933,0.037842184,0.57457936,0.38757846
-0.56,0.04,0.37700102,0.4183796,0.03729846,0.5724214,0.39028013
-0.56,0.08,0.38042733,0.42059523,0.03676328,0.57025987,0.39297688
-0.56,0.12,0.3838407,0.42280585,0.036236525,0.5680951,0.3956684
-0.56,0.16,0.38724098,0.4250113,0.035718042,0.56592757,0.39835435
-0.56,0.2,0.390628,0.42721134,0.035207804,0.5637577,0.40103447
-0.56,0.24,0.39400148,0.4294056,0.034705676,0.5615861,0.4037083
-0.56,0.28,0.39736125,0.43159384,0.034211576,0.5594129,0.4063755
-0.56,0.32,0.40070695,0.4337757,0.033725426,0.557239,0.40903562
-0.56,0.36,0.4040384,0.43595082,0.033247128,0.55506456,0.41168827
-0.56,0.4,0.40735534,0.43811893,0.03277661,0.55289024,0.41433308
-0.56,0.44,0.41065735,0.44027975,0.03231376,0.55071664,0.41696957
-0.56,0.48,0.4139443,0.44243294,0.03185854,0.54854405,0.41959745
-0.56,0.52,0.41721585,0.44457805,0.03141082,0.546373,0.42221615
-0.56,0.56,0.42047167,0.446715,0.03097054,0.5442041,0.4248254
-0.56,0.6,0.42371145,0.44884318,0.030537618,0.5420377,0.42742464
-0.56,0.64,0.42693487,0.45096242,0.030111974,0.5398745,0.43001354
-0.56,0.68,0.43014175,0.45307237,0.02969351,0.5377148,0.43259165
-0.56,0.72,0.43333167,0.45517275,0.029282149,0.53555924,0.43515864
-0.56,0.76,0.43650448,0.45726323,0.02887781,0.5334081,0.4377141
-0.56,0.8,0.43965992,0.45934355,0.028480396,0.5312619,0.44025767
-0.56,0.84,0.44279766,0.46141332,0.028089842,0.52912116,0.4427889
-0.56,0.88,0.44591755,0.46347255,0.027706016,0.52698636,0.44530767
-0.56,0.92,0.44901922,0.46552056,0.027328892,0.52485776,0.44781333
-0.56,0.96,0.45210266,0.46755752,0.026958305,0.52273583,0.45030588
-0.56,1.0,0.45516756,0.46958295,0.026594218,0.520621,0.4527848
-0.56,1.04,0.45821375,0.4715967,0.0262365,0.51851356,0.45524994
-0.56,1.08,0.46124116,0.47359857,0.025885096,0.516414,0.457701
-0.56,1.12,0.46424952,0.4755883,0.025539884,0.5143224,0.46013764
-0.56,1.16,0.4672388,0.47756588,0.025200767,0.5122394,0.46255982
-0.56,1.2,0.4702088,0.47953096,0.024867672,0.5101652,0.4649671
-0.56,1.24,0.47315946,0.48148352,0.024540488,0.50810003,0.46735945
-0.56,1.28,0.4760908,0.48342338,0.024219105,0.50604415,0.46973667
-0.56,1.32,0.47900257,0.48535043,0.023903444,0.503998,0.47209856
-0.56,1.36,0.48189473,0.4872644,0.023593435,0.50196177,0.4744448
-0.56,1.4,0.48476735,0.4891654,0.023288947,0.49993557,0.47677553
-0.56,1.44,0.48762026,0.49105307,0.022989897,0.49791974,0.4790903
-0.56,1.48,0.49045348,0.49292764,0.022696186,0.4959145,0.4813893
-0.56,1.52,0.493267,0.49478883,0.022407722,0.49392006,0.48367226
-0.56,1.56,0.49606073,0.49663648,0.022124425,0.49193656,0.485939
-0.56,1.6,0.4988347,0.49847072,0.021846203,0.48996422,0.48818958
-0.56,1.64,0.50158894,0.5002914,0.021572955,0.48800328,0.49042383
-0.56,1.68,0.50432336,0.50209844,0.021304592,0.4860538,0.49264163
-0.56,1.72,0.50703806,0.5038918,0.021041023,0.48411596,0.494843
-0.56,1.76,0.5097331,0.50567156,0.020782182,0.48218992,0.49702793
-0.56,1.8,0.5124082,0.50743747,0.020527966,0.4802759,0.4991961
-0.56,1.84,0.51506376,0.50918967,0.020278292,0.47837383,0.50134784
-0.56,1.88,0.5176995,0.5109281,0.020033095,0.47648415,0.5034828
-0.56,1.92,0.5203156,0.51265264,0.01979226,0.4746067,0.50560105
-0.56,1.96,0.52291197,0.5143632,0.019555734,0.47274175,0.50770247
-0.56,2.0,0.52548873,0.5160601,0.019323448,0.4708894,0.5097872
-0.52,-2.0,0.17990975,0.2999802,0.08081438,0.6713889,0.24779671
-0.52,-1.96,0.18410183,0.30226117,0.079590544,0.6699099,0.25049958
-0.52,-1.92,0.18828087,0.30454695,0.07838501,0.6684046,0.25321043
-0.52,-1.88,0.1924465,0.3068372,0.07719758,0.66687363,0.25592878
-0.52,-1.84,0.19659843,0.30913156,0.0760281,0.6653177,0.25865424
-0.52,-1.8,0.20073642,0.31142965,0.07487646,0.6637373,0.26138628
-0.52,-1.76,0.20486015,0.31373116,0.07374243,0.6621331,0.2641245
-0.52,-1.72,0.20896938,0.3160357,0.07262593,0.66050565,0.26686838
-0.52,-1.68,0.21306391,0.31834298,0.07152668,0.65885574,0.2696176
-0.52,-1.64,0.21714343,0.32065263,0.07044462,0.6571839,0.27237156
-0.52,-1.6,0.22120783,0.32296437,0.06937943,0.65549064,0.27512997
-0.52,-1.56,0.22525692,0.32527778,0.068331,0.6537766,0.27789238
-0.52,-1.52,0.22929053,0.32759273,0.06729913,0.6520425,0.28065842
-0.52,-1.48,0.23330855,0.32990876,0.06628357,0.6502887,0.28342766
-0.52,-1.44,0.23731083,0.33222574,0.065284155,0.64851606,0.28619975
-0.52,-1.4,0.24129735,0.33454332,0.06430068,0.646725,0.2889744
-0.52,-1.36,0.24526794,0.33686125,0.063332886,0.644916,0.29175115
-0.52,-1.32,0.24922268,0.33917928,0.062380593,0.64308965,0.29452977
-0.52,-1.28,0.2531614,0.34149718,0.061443556,0.64124656,0.29730988
-0.52,-1.24,0.2570842,0.34381476,0.060521595,0.6393872,0.3000912
-0.52,-1.2,0.26099107,0.3461318,0.059614405,0.6375121,0.30287352
-0.52,-1.16,0.26488203,0.3484481,0.05872181,0.6356217,0.30565646
-0.52,-1.12,0.26875713,0.35076344,0.05784362,0.6337166,0.30843982
-0.52,-1.08,0.2726165,0.35307777,0.056979492,0.6317971,0.31122342
-0.52,-1.04,0.27646014,0.35539085,0.05612929,0.6298637,0.31400698
-0.52,-1.0,0.28028822,0.3577025,0.055292748,0.62791693,0.31679028
-0.52,-0.96,0.28410083,0.36001262,0.054469667,0.6259572,0.31957313
-0.52,-0.92,0.2878981,0.3623211,0.053659774,0.6239848,0.32235542
-0.52,-0.88,0.29168016,0.36462778,0.052862857,0.6220002,0.32513687
-0.52,-0.84,0.29544723,0.36693263,0.05207867,0.6200039,0.32791746
-0.52,-0.8,0.2991994,0.3692355,0.051307056,0.61799604,0.33069688
-0.52,-0.76,0.30293688,0.37153634,0.050547697,0.61597717,0.33347517
-0.52,-0.72,0.30665988,0.37383503,0.049800437,0.6139475,0.33625206
-0.52,-0.68,0.31036848,0.37613142,0.049065053,0.6119075,0.33902743
-0.52,-0.64,0.31406292,0.37842554,0.048341326,0.6098574,0.34180126
-0.52,-0.6,0.3177434,0.38071728,0.047629055,0.6077976,0.34457338
-0.52,-0.56,0.32141006,0.3830065,0.046928022,0.6057284,0.3473436
-0.52,-0.52,0.32506302,0.38529313,0.046238054,0.60365015,0.35011178
-0.52,-0.48,0.32870245,0.3875772,0.04555893,0.60156316,0.35287794
-0.52,-0.44,0.33232856,0.38985854,0.04489049,0.5994677,0.35564187
-0.52,-0.4,0.33594137,0.39213693,0.044232544,0.5973641,0.35840335
-0.52,-0.36,0.3395411,0.39441252,0.043584894,0.59525275,0.3611624
-0.52,-0.32,0.3431278,0.39668494,0.0429474,0.59313387,0.3639187
-0.52,-0.28,0.34670153,0.39895427,0.04231988,0.59100795,0.36667216
-0.52,-0.24,0.35026237,0.40122032,0.04170218,0.58887523,0.36942264
-0.52,-0.2,0.3538103,0.4034828,0.04109416,0.5867361,0.37216973
-0.52,-0.16,0.3573454,0.4057417,0.040495683,0.58459085,0.37491342
-0.52,-0.12,0.36086762,0.40799683,0.039906573,0.58243996,0.37765348
-0.52,-0.08,0.36437696,0.410248,0.039326712,0.5802837,0.38038957
-0.52,-0.04,0.36787334,0.41249496,0.038755998,0.5781225,0.38312146
-0.52,0.0,0.3713566,0.41473752,0.038194288,0.5759568,0.38584885
-0.52,0.04,0.37482667,0.41697544,0.037641447,0.5737871,0.3885714
-0.52,0.08,0.37828347,0.41920853,0.03709739,0.5716137,0.39128894
-0.52,0.12,0.38172677,0.42143637,0.036562003,0.5694371,0.39400092
-0.52,0.16,0.3851564,0.42365885,0.03603516,0.5672577,0.39670712
-0.52,0.2,0.38857225,0.42587566,0.035516776,0.565076,0.3994072
-0.52,0.24,0.391974,0.42808643,0.03500674,0.56289244,0.40210074
-0.52,0.28,0.39536142,0.430291,0.03450496,0.5607076,0.4047874
-0.52,0.32,0.3987343,0.43248892,0.034011353,0.5585219,0.4074667
-0.52,0.36,0.40209243,0.43467996,0.03352582,0.55633587,0.41013834
-0.52,0.4,0.40543544,0.43686366,0.03304826,0.55415,0.41280174
-0.52,0.44,0.40876305,0.43903986,0.032578617,0.5519647,0.41545665
-0.52,0.48,0.41207516,0.44120824,0.03211675,0.5497806,0.41810268
-0.52,0.52,0.41537127,0.4433684,0.031662595,0.5475981,0.42073935
-0.52,0.56,0.41865125,0.44551995,0.03121607,0.54541785,0.42336616
-0.52,0.6,0.4219148,0.4476628,0.030777052,0.5432401,0.42598292
-0.52,0.64,0.42516157,0.4497964,0.030345503,0.5410655,0.42858902
-0.52,0.68,0.4283914,0.45192057,0.02992129,0.53889453,0.4311842
-0.52,0.72,0.43160394,0.45403498,0.029504351,0.5367276,0.43376803
-0.52,0.76,0.43479908,0.45613942,0.029094562,0.5345652,0.43634024
-0.52,0.8,0.43797648,0.45823354,0.028691843,0.53240776,0.4389004
-0.52,0.84,0.44113588,0.46031705,0.028296117,0.5302558,0.44144812
-0.52,0.88,0.44427717,0.46238977,0.027907267,0.5281096,0.44398317
-0.52,0.92,0.44740018,0.4644514,0.02752519,0.5259696,0.44650522
-0.52,0.96,0.45050466,0.4665018,0.027149819,0.52383626,0.44901395
-0.52,1.0,0.45359042,0.46854058,0.02678104,0.5217099,0.45150903
-0.52,1.04,0.45665744,0.47056776,0.026418747,0.5195909,0.45399034
-0.52,1.08,0.45970544,0.472583,0.026062842,0.51747966,0.45645753
-0.52,1.12,0.46273443,0.4745862,0.025713235,0.5153763,0.45891038
-0.52,1.16,0.46574414,0.47657704,0.02536984,0.5132815,0.46134862
-0.52,1.2,0.46873465,0.4785556,0.025032522,0.51119524,0.46377218
-0.52,1.24,0.47170576,0.4805216,0.02470121,0.509118,0.4661808
-0.52,1.28,0.47465742,0.48247486,0.024375804,0.50705,0.46857423
-0.52,1.32,0.47758955,0.4844153,0.024056185,0.5049915,0.47095233
-0.52,1.36,0.4805022,0.48634285,0.023742275,0.5029427,0.47331506
-0.52,1.4,0.48339522,0.48825738,0.023433965,0.50090384,0.4756622
-0.52,1.44,0.48626858,0.49015877,0.023131168,0.49887526,0.4779936
-0.52,1.48,0.4891223,0.49204695,0.022833781,0.4968571,0.48030916
-0.52,1.52,0.49195632,0.49392188,0.022541706,0.49484953,0.4826088
-0.52,1.56,0.4947707,0.49578336,0.022254849,0.4928528,0.48489234
-0.52,1.6,0.49756542,0.49763152,0.021973142,0.49086708,0.48715982
-0.52,1.64,0.5003404,0.49946615,0.02169645,0.48889256,0.48941106
-0.52,1.68,0.5030956,0.50128716,0.021424726,0.4869294,0.49164587
-0.52,1.72,0.5058311,0.50309455,0.02115786,0.48497778,0.49386433
-0.52,1.76,0.508547,0.5048884,0.020895759,0.48303786,0.49606642
-0.52,1.8,0.5112432,0.5066685,0.020638341,0.48110968,0.49825197
-0.52,1.84,0.5139197,0.5084349,0.020385537,0.47919354,0.5004209
-0.52,1.88,0.5165766,0.5101875,0.02013724,0.47728944,0.5025733
-0.52,1.92,0.5192138,0.5119264,0.019893378,0.47539762,0.504709
-0.52,1.96,0.5218314,0.51365143,0.019653875,0.4735181,0.506828
-0.52,2.0,0.5244294,0.5153626,0.019418659,0.47165108,0.50893027
-0.48,-2.0,0.17598486,0.29785553,0.081973396,0.6727454,0.24528117
-0.48,-1.96,0.18020523,0.3001406,0.08072762,0.67128575,0.24798669
-0.48,-1.92,0.18441314,0.30243102,0.079500236,0.66979885,0.25070095
-0.48,-1.88,0.18860815,0.30472648,0.07829119,0.6682854,0.25342342
-0.48,-1.84,0.19279005,0.3070266,0.07710028,0.6667461,0.2561537
-0.48,-1.8,0.19695851,0.30933106,0.07592735,0.66518134,0.25889134
-0.48,-1.76,0.20111322,0.3116395,0.074772276,0.66359186,0.26163587
-0.48,-1.72,0.20525391,0.31395152,0.07363486,0.6619784,0.26438677
-0.48,-1.68,0.20938037,0.31626678,0.07251497,0.6603413,0.26714364
-0.48,-1.64,0.21349233,0.31858504,0.07141242,0.6586815,0.2699061
-0.48,-1.6,0.21758959,0.3209059,0.07032704,0.6569993,0.27267367
-0.48,-1.56,0.22167194,0.32322899,0.06925861,0.6552955,0.27544585
-0.48,-1.52,0.22573924,0.32555404,0.068206966,0.65357065,0.27822235
-0.48,-1.48,0.22979131,0.3278808,0.0671719,0.65182537,0.2810028
-0.48,-1.44,0.23382801,0.33020896,0.06615316,0.6500601,0.28378668
-0.48,-1.4,0.23784928,0.33253822,0.06515064,0.6482756,0.28657377
-0.48,-1.36,0.24185498,0.33486828,0.06416404,0.6464724,0.28936356
-0.48,-1.32,0.24584505,0.33719894,0.063193195,0.644651,0.29215586
-0.48,-1.28,0.24981944,0.3395299,0.062237892,0.6428119,0.2949502
-0.48,-1.24,0.25377813,0.34186092,0.061297882,0.6409558,0.2977463
-0.48,-1.2,0.2577212,0.34419197,0.060372923,0.639083,0.30054402
-0.48,-1.16,0.26164845,0.34652254,0.05946285,0.6371943,0.30334285
-0.48,-1.12,0.2655601,0.3488526,0.058567367,0.63528997,0.30614263
-0.48,-1.08,0.2694561,0.351182,0.057686325,0.6333706,0.30894312
-0.48,-1.04,0.2733365,0.3535105,0.056819443,0.6314366,0.31174403
-0.48,-1.0,0.27720147,0.35583785,0.055966508,0.62948835,0.3145451
-0.48,-0.96,0.28105104,0.3581641,0.055127274,0.6275265,0.31734625
-0.48,-0.92,0.28488532,0.3604889,0.054301534,0.62555134,0.32014707
-0.48,-0.88,0.2887044,0.36281225,0.053489063,0.6235634,0.32294753
-0.48,-0.84,0.29250854,0.36513406,0.052689582,0.62156296,0.3257475
-0.48,-0.8,0.29629767,0.367454,0.05190297,0.6195505,0.32854655
-0.48,-0.76,0.30007213,0.3697722,0.051128883,0.61752635,0.3313448
-0.48,-0.72,0.30383196,0.37208834,0.05036721,0.61549085,0.33414188
-0.48,-0.68,0.30757722,0.37440243,0.0496177,0.61344457,0.33693773
-0.48,-0.64,0.31130826,0.37671438,0.048880134,0.61138767,0.3397322
-0.48,-0.6,0.3150251,0.37902403,0.0481543,0.6093206,0.3425251
-0.48,-0.56,0.31872794,0.38133132,0.047439974,0.6072436,0.34531635
-0.48,-0.52,0.32241684,0.38363612,0.046737038,0.60515726,0.3481057
-0.48,-0.48,0.326092,0.38593835,0.046045206,0.60306174,0.35089305
-0.48,-0.44,0.3297535,0.3882379,0.045364346,0.6009574,0.3536783
-0.48,-0.4,0.33340135,0.39053452,0.044694286,0.59884465,0.35646108
-0.48,-0.36,0.33703586,0.39282826,0.04403477,0.59672374,0.35924146
-0.48,-0.32,0.34065688,0.39511886,0.043385733,0.5945952,0.36201906
-0.48,-0.28,0.34426457,0.3974063,0.04274697,0.59245926,0.3647938
-0.48,-0.24,0.34785894,0.3996903,0.042118285,0.59031636,0.3675654
-0.48,-0.2,0.35143998,0.40197074,0.04149956,0.5881668,0.37033367
-0.48,-0.16,0.35500774,0.40424746,0.04089062,0.58601093,0.3730984
-0.48,-0.12,0.35856205,0.4065202,0.04029139,0.5838494,0.3758592
-0.48,-0.08,0.36210307,0.4087889,0.039701633,0.5816823,0.37861603
-0.48,-0.04,0.3656305,0.41105318,0.039121304,0.5795104,0.38136837
-0.48,0.0,0.36914435,0.4133128,0.03855025,0.57733375,0.384116
-0.48,0.04,0.37264448,0.41556767,0.037988324,0.575153,0.38685867
-0.48,0.08,0.37613076,0.41781747,0.037435424,0.5729686,0.38959602
-0.48,0.12,0.37960297,0.42006183,0.036891468,0.57078093,0.39232758
-0.48,0.16,0.383061,0.4223006,0.036356293,0.5685906,0.39505315
-0.48,0.2,0.3865046,0.42453343,0.0358298,0.56639796,0.39777225
-0.48,0.24,0.3899336,0.42676002,0.035311922,0.56420344,0.40048462
-0.48,0.28,0.39334765,0.42898008,0.034802537,0.5620077,0.40318972
-0.48,0.32,0.39674675,0.43119338,0.03430151,0.5598111,0.40588734
-0.48,0.36,0.4001304,0.4333995,0.033808798,0.5576143,0.4085769
-0.48,0.4,0.40349847,0.43559808,0.03332428,0.55541766,0.41125807
-0.48,0.44,0.40685067,0.43778893,0.032847833,0.55322176,0.41393048
-0.48,0.48,0.4101868,0.43997166,0.032379393,0.55102694,0.41659364
-0.48,0.52,0.41350648,0.442146,0.031918857,0.54883397,0.41924724
-0.48,0.56,0.41680968,0.44431168,0.03146611,0.546643,0.4218909
-0.48,0.6,0.4200959,0.44646826,0.031021079,0.54445475,0.4245241
-0.48,0.64,0.423365,0.44861555,0.030583665,0.54226977,0.42714658
-0.48,0.68,0.42661685,0.4507533,0.030153727,0.5400883,0.429758
-0.48,0.72,0.429851,0.45288104,0.029731229,0.5379109,0.43235785
-0.48,0.76,0.43306744,0.45499873,0.029316043,0.53573805,0.43494597
-0.48,0.8,0.4362658,0.45710593,0.028908065,0.5335702,0.4375218
-0.48,0.84,0.439446,0.45920247,0.028507201,0.53140765,0.44008514
-0.48,0.88,0.44260788,0.46128815,0.028113334,0.52925086,0.44263577
-0.48,0.92,0.4457512,0.4633627,0.02772637,0.5271003,0.4451733
-0.48,0.96,0.44887584,0.46542594,0.027346209,0.52495635,0.44769752
-0.48,1.0,0.45198172,0.4674776,0.02697275,0.52281916,0.45020807
-0.48,1.04,0.4550686,0.46951753,0.026605897,0.52068937,0.45270476
-0.48,1.08,0.45813644,0.47154558,0.026245538,0.51856714,0.45518738
-0.48,1.12,0.46118513,0.47356153,0.025891561,0.51645285,0.45765564
-0.48,1.16,0.4642146,0.47556525,0.025543872,0.5143468,0.46010938
-0.48,1.2,0.46722475,0.47755662,0.025202356,0.51224923,0.46254843
-0.48,1.24,0.47021547,0.47953543,0.024866931,0.5101605,0.46497256
-0.48,1.28,0.47318682,0.48150164,0.02453746,0.50808084,0.46738166
-0.48,1.32,0.47613868,0.48345512,0.024213877,0.5060106,0.46977556
-0.48,1.36,0.47907096,0.48539567,0.023896094,0.50394994,0.47215402
-0.48,1.4,0.48198372,0.48732328,0.023583962,0.501899,0.474517
-0.48,1.44,0.48487693,0.48923784,0.023277402,0.49985817,0.47686437
-0.48,1.48,0.4877505,0.49113932,0.022976317,0.49782762,0.47919604
-0.48,1.52,0.4906045,0.49302754,0.022680616,0.49580753,0.48151183
-0.48,1.56,0.49343887,0.4949025,0.022390211,0.49379808,0.4838117
-0.48,1.6,0.49625358,0.49676403,0.022104988,0.4917995,0.4860955
-0.48,1.64,0.49904865,0.49861217,0.021824863,0.48981202,0.48836312
-0.48,1.68,0.5018241,0.5004468,0.021549752,0.4878357,0.4906145
-0.48,1.72,0.50458,0.50226796,0.021279551,0.4858707,0.49284974
-0.48,1.76,0.50731623,0.5040756,0.021014187,0.4839173,0.49506858
-0.48,1.8,0.51003283,0.5058695,0.020753557,0.48197553,0.4972709
-0.48,1.84,0.5127298,0.5076498,0.020497585,0.48004568,0.4994568
-0.48,1.88,0.51540726,0.5094163,0.020246185,0.4781277,0.5016261
-0.48,1.92,0.5180651,0.5111691,0.019999286,0.47622186,0.5037788
-0.48,1.96,0.52070343,0.5129082,0.01975678,0.47432822,0.50591505
-0.48,2.0,0.52332217,0.5146334,0.019518608,0.47244698,0.5080344
-0.44,-2.0,0.17210291,0.29576465,0.08313243,0.67406,0.24280761
-0.44,-1.96,0.1763501,0.29805282,0.081865,0.67262036,0.24551466
-0.44,-1.92,0.18058541,0.300347,0.080616124,0.6711527,0.24823122
-0.44,-1.88,0.18480843,0.3026468,0.079385675,0.66965747,0.25095677
-0.44,-1.84,0.18901888,0.30495185,0.07817359,0.6681355,0.25369084
-0.44,-1.8,0.19321641,0.30726177,0.07697966,0.66658735,0.25643298
-0.44,-1.76,0.19740075,0.30957624,0.07580372,0.66501355,0.25918272
-0.44,-1.72,0.20157155,0.31189483,0.07464569,0.6634147,0.2619396
-0.44,-1.68,0.20572864,0.31421733,0.07350534,0.6617915,0.26470315
-0.44,-1.64,0.20987168,0.31654322,0.072382554,0.6601445,0.26747292
-0.44,-1.6,0.21400046,0.31887227,0.07127712,0.6584744,0.2702485
-0.44,-1.56,0.21811484,0.3212042,0.07018886,0.6567817,0.2730295
-0.44,-1.52,0.22221453,0.3235386,0.06911758,0.655067,0.27581546
-0.44,-1.48,0.22629943,0.32587516,0.06806312,0.653331,0.27860594
-0.44,-1.44,0.23036934,0.32821357,0.067025244,0.6515742,0.2814006
-0.44,-1.4,0.23442416,0.33055365,0.0660038,0.64979726,0.28419903
-0.44,-1.36,0.23846377,0.33289498,0.0649985,0.64800066,0.28700083
-0.44,-1.32,0.24248809,0.3352374,0.0640092,0.64618504,0.28980574
-0.44,-1.28,0.24649704,0.33758068,0.063035704,0.64435095,0.29261336
-0.44,-1.24,0.25049055,0.3399244,0.062077723,0.64249897,0.2954233
-0.44,-1.2,0.25446856,0.34226847,0.061135095,0.6406296,0.2982353
-0.44,-1.16,0.25843114,0.3446126,0.060207576,0.63874334,0.30104905
-0.44,-1.12,0.26237825,0.3469566,0.059294958,0.63684076,0.30386427
-0.44,-1.08,0.26630986,0.34930024,0.058397,0.6349223,0.30668065
-0.44,-1.04,0.2702261,0.35164338,0.057513468,0.6329886,0.309498
-0.44,-1.0,0.27412698,0.35398582,0.056644153,0.6310399,0.312316
-0.44,-0.96,0.27801257,0.35632735,0.055788837,0.6290768,0.31513438
-0.44,-0.92,0.28188288,0.3586678,0.054947264,0.62709975,0.31795293
-0.44,-0.88,0.2857381,0.36100706,0.054119233,0.62510926,0.32077152
-0.44,-0.84,0.28957832,0.36334497,0.053304534,0.62310565,0.32358986
-0.44,-0.8,0.29340357,0.36568135,0.0525029,0.62108934,0.32640773
-0.44,-0.76,0.29721406,0.36801612,0.051714156,0.6190608,0.329225
-0.44,-0.72,0.30100983,0.37034914,0.05093806,0.6170204,0.33204147
-0.44,-0.68,0.304791,0.37268022,0.05017442,0.61496866,0.3348569
-0.44,-0.64,0.30855775,0.37500936,0.04942299,0.6129058,0.33767122
-0.44,-0.6,0.31231007,0.37733632,0.048683614,0.61083233,0.3404841
-0.44,-0.56,0.3160482,0.37966093,0.04795607,0.6087485,0.34329545
-0.44,-0.52,0.3197722,0.38198316,0.047240105,0.60665476,0.3461051
-0.44,-0.48,0.3234822,0.38430285,0.046535607,0.60455155,0.3489128
-0.44,-0.44,0.3271782,0.38661996,0.045842346,0.60243917,0.35171852
-0.44,-0.4,0.3308603,0.3889341,0.045160186,0.6003181,0.35452178
-0.44,-0.36,0.3345286,0.3912453,0.044488873,0.5981885,0.35732257
-0.44,-0.32,0.33818316,0.39355347,0.043828275,0.59605104,0.3601207
-0.44,-0.28,0.34182388,0.3958582,0.043178264,0.59390587,0.3629158
-0.44,-0.24,0.34545085,0.39815956,0.04253861,0.5917536,0.36570778
-0.44,-0.2,0.34906405,0.40045714,0.0419092,0.58959454,0.3684962
-0.44,-0.16,0.35266352,0.402751,0.04128989,0.58742905,0.3712811
-0.44,-0.12,0.3562491,0.40504068,0.040680505,0.5852576,0.37406188
-0.44,-0.08,0.35982072,0.40732613,0.04008093,0.58308065,0.37683845
-0.44,-0.04,0.36337835,0.409607,0.039491016,0.5808986,0.3796104
-0.44,0.0,0.3669218,0.41188306,0.038910635,0.5787119,0.38237742
-0.44,0.04,0.37045097,0.4141541,0.03833967,0.5765211,0.3851392
-0.44,0.08,0.3739657,0.4164199,0.037777986,0.5743266,0.38789546
-0.44,0.12,0.3774658,0.41867998,0.037225477,0.57212883,0.39064568
-0.44,0.16,0.38095117,0.4209343,0.036682025,0.56992835,0.39338964
-0.44,0.2,0.38442153,0.42318234,0.036147498,0.56772566,0.39612684
-0.44,0.24,0.38787672,0.42542404,0.035621803,0.56552106,0.3988571
-0.44,0.28,0.39131644,0.4276589,0.03510485,0.5633154,0.40157977
-0.44,0.32,0.3947405,0.42988667,0.034596495,0.5611089,0.40429458
-0.44,0.36,0.39814875,0.43210712,0.034096617,0.5589021,0.40700126
-0.44,0.4,0.40154082,0.4343198,0.033605184,0.5566956,0.40969914
-0.44,0.44,0.40491655,0.43652454,0.033122018,0.55448985,0.4123881
-0.44,0.48,0.40827572,0.43872103,0.032647043,0.5522853,0.41506764
-0.44,0.52,0.41161802,0.44090882,0.03218016,0.55008256,0.41773728
-0.44,0.56,0.41494322,0.44308773,0.031721268,0.547882,0.42039672
-0.44,0.6,0.4182512,0.4452574,0.03127024,0.54568416,0.42304558
-0.44,0.64,0.42154166,0.44741768,0.030826982,0.54348946,0.42568356
-0.44,0.68,0.42481437,0.44956815,0.030391417,0.54129845,0.42831022
-0.44,0.72,0.4280692,0.4517086,0.029963378,0.53911144,0.43092522
-0.44,0.76,0.431306,0.45383883,0.029542804,0.5369289,0.43352833
-0.44,0.8,0.4345245,0.45595855,0.029129582,0.5347513,0.43611914
-0.44,0.84,0.4377245,0.45806742,0.028723612,0.5325791,0.43869728
-0.44,0.88,0.44090605,0.46016547,0.028324744,0.53041255,0.44126275
-0.44,0.92,0.44406885,0.46225226,0.027932903,0.5282521,0.443815
-0.44,0.96,0.44721285,0.46432772,0.027547989,0.5260982,0.44635385
-0.44,1.0,0.4503378,0.4663915,0.02716989,0.52395105,0.448879
-0.44,1.04,0.4534438,0.46844372,0.026798472,0.5218111,0.45139045
-0.44,1.08,0.45653066,0.47048396,0.026433628,0.5196786,0.45388776
-0.44,1.12,0.4595983,0.47251222,0.026075292,0.517554,0.4563708
-0.44,1.16,0.46264672,0.4745282,0.025723305,0.51543736,0.45883936
-0.44,1.2,0.46567577,0.47653186,0.025377588,0.5133292,0.46129325
-0.44,1.24,0.46868545,0.47852302,0.025038045,0.51122963,0.46373227
-0.44,1.28,0.47167566,0.48050162,0.024704553,0.5091391,0.46615633
-0.44,1.32,0.47464645,0.48246756,0.024377,0.5070577,0.4685653
-0.44,1.36,0.47759783,0.48442078,0.024055295,0.5049857,0.47095907
-0.44,1.4,0.48052967,0.48636103,0.023739327,0.5029233,0.47333738
-0.44,1.44,0.48344198,0.48828828,0.023429012,0.5008708,0.4757001
-0.44,1.48,0.4863348,0.4902026,0.02312423,0.49882847,0.47804734
-0.44,1.52,0.48920804,0.49210373,0.022824896,0.4967964,0.48037878
-0.44,1.56,0.49206173,0.49399155,0.022530906,0.49477482,0.4826943
-0.44,1.6,0.49489594,0.49586618,0.022242168,0.4927639,0.48499393
-0.44,1.64,0.49771056,0.4977275,0.021958588,0.49076384,0.4872776
-0.44,1.68,0.5005057,0.49957535,0.021680068,0.4887748,0.48954508
-0.44,1.72,0.50328124,0.50140977,0.021406522,0.48679703,0.4917964
-0.44,1.76,0.5060373,0.5032308,0.021137867,0.48483065,0.49403155
-0.44,1.8,0.5087738,0.5050382,0.020874,0.48287573,0.49625033
-0.44,1.84,0.51149076,0.50683194,0.020614842,0.48093256,0.4984526
-0.44,1.88,0.5141883,0.5086121,0.020360319,0.47900113,0.50063854
-0.44,1.92,0.51686627,0.5103786,0.020110335,0.47708172,0.502808
-0.44,1.96,0.51952475,0.51213133,0.019864788,0.47517443,0.5049608
-0.44,2.0,0.5221638,0.51387036,0.019623643,0.47327933,0.507097
-0.4,-2.0,0.16826256,0.29370642,0.08429155,0.67533386,0.24037464
-0.4,-1.96,0.1725351,0.2959969,0.08300279,0.67391497,0.24308227
-0.4,-1.92,0.17679636,0.29829398,0.081732705,0.6724672,0.24580011
-0.4,-1.88,0.18104592,0.30059722,0.080481246,0.6709912,0.24852763
-0.4,-1.84,0.18528345,0.30290624,0.07924823,0.6694874,0.2512644
-0.4,-1.8,0.18950866,0.3052208,0.07803352,0.66795653,0.25401002
-0.4,-1.76,0.19372116,0.30754033,0.076837026,0.6663991,0.25676382
-0.4,-1.72,0.19792072,0.30986467,0.0756586,0.6648158,0.25952557
-0.4,-1.68,0.20210703,0.31219336,0.07449801,0.6632073,0.26229468
-0.4,-1.64,0.20627977,0.31452602,0.07335521,0.66157407,0.26507068
-0.4,-1.6,0.21043879,0.31686246,0.07222993,0.65991676,0.26785326
-0.4,-1.56,0.21458383,0.31920224,0.071122,0.6582361,0.2706419
-0.4,-1.52,0.21871464,0.321545,0.0700313,0.65653247,0.27343616
-0.4,-1.48,0.22283107,0.3238905,0.06895762,0.65480673,0.27623567
-0.4,-1.44,0.22693294,0.32623845,0.06790072,0.6530593,0.27904
-0.4,-1.4,0.2310201,0.32858846,0.06686049,0.65129083,0.28184876
-0.4,-1.36,0.23509239,0.33094022,0.06583663,0.64950186,0.2846615
-0.4,-1.32,0.23914973,0.3332936,0.06482903,0.647693,0.28747797
-0.4,-1.28,0.24319203,0.33564818,0.0638374,0.6458648,0.29029775
-0.4,-1.24,0.24721919,0.33800378,0.062861584,0.6440179,0.2931205
-0.4,-1.2,0.25123113,0.34036013,0.06190135,0.64215285,0.29594585
-0.4,-1.16,0.25522783,0.34271687,0.06095651,0.64027005,0.29877344
-0.4,-1.12,0.25920933,0.34507403,0.06002675,0.6383701,0.30160314
-0.4,-1.08,0.26317558,0.3474312,0.059111945,0.63645357,0.3044345
-0.4,-1.04,0.26712653,0.34978813,0.058211833,0.63452095,0.3072672
-0.4,-1.0,0.2710623,0.3521448,0.05732621,0.6325727,0.3101011
-0.4,-0.96,0.27498284,0.35450083,0.056454863,0.63060933,0.31293577
-0.4,-0.92,0.2788883,0.3568562,0.05559751,0.62863135,0.31577113
-0.4,-0.88,0.28277865,0.3592106,0.05475397,0.6266391,0.31860685
-0.4,-0.84,0.286654,0.36156395,0.05392402,0.62463325,0.32144272
-0.4,-0.8,0.2905144,0.36391604,0.05310744,0.6226141,0.32427847
-0.4,-0.76,0.29435995,0.36626667,0.052304037,0.6205821,0.32711387
-0.4,-0.72,0.29819074,0.36861578,0.05151355,0.61853766,0.32994878
-0.4,-0.68,0.30200684,0.37096313,0.0507358,0.6164813,0.3327829
-0.4,-0.64,0.30580837,0.3733087,0.04997056,0.6144134,0.3356161
-0.4,-0.6,0.3095953,0.3756521,0.049217626,0.6123343,0.33844808
-0.4,-0.56,0.31336787,0.3779934,0.048476826,0.6102445,0.3412787
-0.4,-0.52,0.3171261,0.3803324,0.047747936,0.6081443,0.34410778
-0.4,-0.48,0.32086992,0.3826689,0.04703076,0.6060343,0.34693497
-0.4,-0.44,0.32459956,0.38500273,0.046325136,0.60391474,0.34976014
-0.4,-0.4,0.32831496,0.38733375,0.045630835,0.60178614,0.35258308
-0.4,-0.36,0.3320162,0.3896618,0.044947736,0.5996487,0.35540348
-0.4,-0.32,0.33570328,0.3919866,0.044275656,0.5975032,0.35822108
-0.4,-0.28,0.33937612,0.39430803,0.04361441,0.59534985,0.3610357
-0.4,-0.24,0.3430348,0.39662594,0.042963833,0.59318906,0.3638471
-0.4,-0.2,0.34667924,0.3989401,0.042323776,0.5910213,0.36665493
-0.4,-0.16,0.3503094,0.40125018,0.041694082,0.588847,0.3694589
-0.4,-0.12,0.3539252,0.40355617,0.041074593,0.5866666,0.37225884
-0.4,-0.08,0.35752648,0.40585756,0.04046521,0.5844806,0.37505418
-0.4,-0.04,0.36111328,0.40815428,0.03986575,0.5822894,0.3778448
-0.4,0.0,0.36468524,0.41044593,0.03927612,0.5800937,0.3806302
-0.4,0.04,0.3682425,0.41273248,0.038696144,0.5778936,0.38341027
-0.4,0.08,0.3717847,0.4150134,0.03812572,0.57568985,0.38618442
-0.4,0.12,0.37531167,0.4172885,0.037564736,0.5734829,0.38895234
-0.4,0.16,0.3788233,0.4195575,0.03701303,0.5712732,0.39171374
-0.4,0.2,0.38231936,0.42182016,0.03647051,0.5690613,0.39446816
-0.4,0.24,0.38579965,0.42407608,0.03593706,0.56684774,0.39721525
-0.4,0.28,0.389264,0.42632496,0.035412546,0.56463283,0.3999546
-0.4,0.32,0.3927121,0.42856658,0.03489688,0.56241727,0.40268582
-0.4,0.36,0.3961438,0.43080056,0.03438994,0.5602015,0.4054085
-0.4,0.4,0.39955884,0.43302664,0.033891603,0.5579861,0.4081223
-0.4,0.44,0.4029571,0.4352445,0.033401757,0.55577135,0.41082686
-0.4,0.48,0.40633813,0.43745378,0.03292031,0.55355805,0.4135216
-0.4,0.52,0.40970197,0.43965435,0.03244712,0.5513465,0.41620642
-0.4,0.56,0.41304833,0.4418458,0.03198209,0.5491371,0.41888082
-0.4,0.6,0.41637707,0.44402796,0.031525094,0.54693043,0.42154452
-0.4,0.64,0.4196878,0.44620034,0.031076062,0.54472697,0.42419696
-0.4,0.68,0.42298055,0.4483629,0.030634826,0.54252714,0.426838
-0.4,0.72,0.4262551,0.4505154,0.030201316,0.54033136,0.42946738
-0.4,0.76,0.42951128,0.45265752,0.029775377,0.53814,0.43208468
-0.4,0.8,0.4327489,0.45478892,0.029356938,0.5359535,0.43468952
-0.4,0.84,0.43596792,0.4569096,0.028945863,0.5337724,0.4372818
-0.4,0.88,0.43916818,0.4590193,0.028542025,0.5315968,0.43986118
-0.4,0.92,0.44234955,0.4611177,0.028145328,0.5294273,0.4424273
-0.4,0.96,0.44551197,0.46320477,0.027755668,0.52726424,0.4449801
-0.4,1.0,0.44865537,0.46528026,0.027372902,0.52510774,0.4475193
-0.4,1.04,0.4517796,0.46734408,0.026996924,0.52295846,0.45004466
-0.4,1.08,0.45488468,0.46939597,0.026627636,0.5208164,0.45255595
-0.4,1.12,0.4579705,0.47143587,0.026264913,0.51868206,0.45505306
-0.4,1.16,0.461037,0.47346357,0.025908653,0.5165556,0.4575357
-0.4,1.2,0.46408427,0.47547904,0.025558738,0.51443744,0.4600038
-0.4,1.24,0.46711212,0.47748214,0.025215065,0.5123278,0.4624572
-0.4,1.28,0.47012064,0.4794727,0.024877494,0.51022685,0.4648957
-0.4,1.32,0.4731097,0.4814506,0.024545964,0.5081349,0.4673191
-0.4,1.36,0.4760794,0.48341584,0.024220338,0.5060522,0.46972743
-0.4,1.4,0.4790296,0.4853683,0.02390054,0.503979,0.47212046
-0.4,1.44,0.4819604,0.48730788,0.023586437,0.50191545,0.47449812
-0.4,1.48,0.48487175,0.48923442,0.023277946,0.49986184,0.47686017
-0.4,1.52,0.48776364,0.49114797,0.02297495,0.49781832,0.47920668
-0.4,1.56,0.49063617,0.49304846,0.022677362,0.49578512,0.48153752
-0.4,1.6,0.49348918,0.49493575,0.022385087,0.4937624,0.4838525
-0.4,1.64,0.4963228,0.49680984,0.022098007,0.49175036,0.48615167
-0.4,1.68,0.49913695,0.49867052,0.021816075,0.4897492,0.48843473
-0.4,1.72,0.5019317,0.50051796,0.021539155,0.487759,0.49070185
-0.4,1.76,0.50470704,0.50235194,0.021267166,0.48578006,0.4929528
-0.4,1.8,0.50746286,0.5041724,0.021000048,0.48381254,0.49518746
-0.4,1.84,0.5101993,0.50597936,0.020737685,0.4818565,0.49740586
-0.4,1.88,0.5129163,0.5077728,0.02047999,0.4799121,0.4996079
-0.4,1.92,0.515614,0.50955266,0.020226885,0.47797957,0.50179356
-0.4,1.96,0.5182921,0.51131874,0.019978309,0.47605896,0.5039627
-0.4,2.0,0.520951,0.5130713,0.019734146,0.47415048,0.5061154
-0.36,-2.0,0.16446231,0.29167974,0.08545085,0.6765681,0.237981
-0.36,-1.96,0.16875874,0.29397172,0.08414109,0.6751707,0.24068816
-0.36,-1.92,0.17304443,0.2962708,0.08285016,0.67374367,0.24340619
-0.36,-1.88,0.17731902,0.2985766,0.08157796,0.6722874,0.24613467
-0.36,-1.84,0.18158218,0.30088878,0.08032435,0.6708026,0.24887307
-0.36,-1.8,0.18583357,0.30320692,0.079089224,0.6692898,0.25162092
-0.36,-1.76,0.19007282,0.3055307,0.077872455,0.6677497,0.2543778
-0.36,-1.72,0.19429965,0.30785978,0.07667386,0.6661828,0.25714326
-0.36,-1.68,0.19851378,0.31019384,0.075493336,0.6645898,0.25991684
-0.36,-1.64,0.20271486,0.31253245,0.07433067,0.6629712,0.26269808
-0.36,-1.6,0.2069027,0.3148753,0.07318578,0.6613278,0.26548648
-0.36,-1.56,0.21107703,0.31722203,0.072058454,0.6596599,0.26828167
-0.36,-1.52,0.21523763,0.3195723,0.0709485,0.65796834,0.27108315
-0.36,-1.48,0.21938427,0.32192585,0.06985575,0.6562537,0.27389055
-0.36,-1.44,0.22351676,0.32428226,0.06878004,0.65451646,0.27670342
-0.36,-1.4,0.22763495,0.32664132,0.06772116,0.65275747,0.2795214
-0.36,-1.36,0.23173869,0.32900268,0.06667888,0.650977,0.28234404
-0.36,-1.32,0.23582782,0.33136603,0.065653086,0.6491759,0.28517097
-0.36,-1.28,0.23990224,0.33373117,0.0646435,0.64735466,0.2880019
-0.36,-1.24,0.24396184,0.33609766,0.063649945,0.6455137,0.29083627
-0.36,-1.2,0.24800651,0.33846545,0.062672235,0.64365387,0.29367393
-0.36,-1.16,0.25203624,0.34083408,0.061710097,0.64177555,0.2965144
-0.36,-1.12,0.25605097,0.34320346,0.06076334,0.6398792,0.2993574
-0.36,-1.08,0.26005068,0.34557328,0.059831776,0.63796556,0.30220267
-0.36,-1.04,0.2640353,0.3479433,0.05891513,0.63603497,0.30504984
-0.36,-1.0,0.26800486,0.3503133,0.058013257,0.6340881,0.30789858
-0.36,-0.96,0.27195936,0.35268313,0.057125904,0.6321255,0.31074864
-0.36,-0.92,0.2758988,0.35505253,0.056252826,0.6301474,0.31359977
-0.36,-0.88,0.27982327,0.35742128,0.055393808,0.6281545,0.31645164
-0.36,-0.84,0.2837327,0.35978925,0.05454871,0.6261473,0.319304
-0.36,-0.8,0.2876273,0.36215627,0.053717185,0.6241262,0.3221567
-0.36,-0.76,0.29150695,0.364522,0.05289913,0.6220916,0.3250093
-0.36,-0.72,0.29537177,0.36688638,0.052094292,0.62004405,0.32786164
-0.36,-0.68,0.29922184,0.36924934,0.051302448,0.617984,0.33071357
-0.36,-0.64,0.30305716,0.37161052,0.05052341,0.6159119,0.33356476
-0.36,-0.6,0.3068778,0.37396973,0.049756967,0.6138281,0.33641487
-0.36,-0.56,0.3106838,0.37632695,0.049002964,0.6117332,0.33926383
-0.36,-0.52,0.31447515,0.37868193,0.04826113,0.60962754,0.34211132
-0.36,-0.48,0.31825203,0.38103443,0.04753129,0.60751164,0.3449571
-0.36,-0.44,0.3220143,0.38338435,0.0468133,0.6053858,0.3478009
-0.36,-0.4,0.32576206,0.3857314,0.046106976,0.6032505,0.35064244
-0.36,-0.36,0.32949522,0.38807544,0.045412097,0.60110635,0.3534815
-0.36,-0.32,0.33321384,0.39041632,0.04472853,0.59895366,0.35631782
-0.36,-0.28,0.33691785,0.39275372,0.044056065,0.5967929,0.35915107
-0.36,-0.24,0.34060726,0.39508745,0.043394573,0.5946244,0.36198094
-0.36,-0.2,0.34428185,0.39741728,0.042743903,0.592449,0.36480713
-0.36,-0.16,0.34794173,0.399743,0.042103875,0.59026676,0.36762935
-0.36,-0.12,0.35158673,0.4020643,0.041474365,0.5880784,0.37044728
-0.36,-0.08,0.3552167,0.40438098,0.04085518,0.5858842,0.37326056
-0.36,-0.04,0.35883158,0.4066927,0.040246226,0.5836849,0.37606883
-0.36,0.0,0.36243117,0.40899932,0.039647363,0.58148086,0.37887177
-0.36,0.04,0.36601532,0.41130042,0.03905843,0.57927257,0.381669
-0.36,0.08,0.36958393,0.4135958,0.038479287,0.5770605,0.38446018
-0.36,0.12,0.3731367,0.4158851,0.037909836,0.5748453,0.38724482
-0.36,0.16,0.37667358,0.4181681,0.037349943,0.57262737,0.3900227
-0.36,0.2,0.38019434,0.42044443,0.036799483,0.5704072,0.39279333
-0.36,0.24,0.3836987,0.4227138,0.036258303,0.5681853,0.3955563
-0.36,0.28,0.38718653,0.424976,0.035726305,0.5659624,0.39831132
-0.36,0.32,0.39065754,0.42723057,0.035203382,0.56373876,0.40105787
-0.36,0.36,0.39411172,0.4294774,0.03468937,0.56151485,0.40379578
-0.36,0.4,0.3975487,0.431716,0.0341842,0.5592914,0.40652442
-0.36,0.44,0.40096834,0.4339462,0.03368771,0.5570687,0.40924358
-0.36,0.48,0.4043704,0.43616772,0.033199783,0.5548474,0.41195285
-0.36,0.52,0.40775475,0.43838018,0.032720324,0.5526278,0.4146518
-0.36,0.56,0.41112122,0.44058347,0.03224919,0.5504105,0.41734022
-0.36,0.6,0.41446963,0.44277722,0.03178628,0.54819596,0.42001772
-0.36,0.64,0.41779977,0.44496122,0.03133148,0.54598457,0.42268392
-0.36,0.68,0.42111158,0.4471352,0.030884614,0.5437768,0.42533857
-0.36,0.72,0.42440486,0.44929895,0.03044562,0.541573,0.42798135
-0.36,0.76,0.42767948,0.4514522,0.030014355,0.5393737,0.43061194
-0.36,0.8,0.43093544,0.45359486,0.0295907,0.5371792,0.43323016
-0.36,0.84,0.43417245,0.4557266,0.029174551,0.53498983,0.43583563
-0.36,0.88,0.43739063,0.4578473,0.028765751,0.53280604,0.43842816
-0.36,0.92,0.44058976,0.45995682,0.02836418,0.53062826,0.4410076
-0.36,0.96,0.44376978,0.4620549,0.02796976,0.5284567,0.44357356
-0.36,1.0,0.4469307,0.46414143,0.027582351,0.52629167,0.44612595
-0.36,1.04,0.45007247,0.46621633,0.02720181,0.5241336,0.4486646
-0.36,1.08,0.45319492,0.46827927,0.026828067,0.5219828,0.4511892
-0.36,1.12,0.45629817,0.47033024,0.026460968,0.5198394,0.4536996
-0.36,1.16,0.45938212,0.47236925,0.026100412,0.5177039,0.45619577
-0.36,1.2,0.46244678,0.47439593,0.025746271,0.5155763,0.4586774
-0.36,1.24,0.4654921,0.47641036,0.02539844,0.5134571,0.46114445
-0.36,1.28,0.46851814,0.4784123,0.025056811,0.51134646,0.46359667
-0.36,1.32,0.47152478,0.48040178,0.024721289,0.5092447,0.46603402
-0.36,1.36,0.47451207,0.4823787,0.02439173,0.50715196,0.4684564
-0.36,1.4,0.47748008,0.4843428,0.024068056,0.5050684,0.47086352
-0.36,1.44,0.48042873,0.48629418,0.023750147,0.5029944,0.47325543
-0.36,1.48,0.48335803,0.4882328,0.023437908,0.5009301,0.47563204
-0.36,1.52,0.486268,0.49015838,0.02313122,0.49887562,0.47799313
-0.36,1.56,0.48915866,0.492071,0.022830015,0.49683136,0.48033863
-0.36,1.6,0.49202996,0.4939705,0.022534173,0.49479732,0.4826685
-0.36,1.64,0.49488196,0.49585697,0.022243587,0.4927738,0.48498264
-0.36,1.68,0.4977146,0.49773014,0.021958183,0.49076095,0.48728085
-0.36,1.72,0.500528,0.4995901,0.021677855,0.48875898,0.48956317
-0.36,1.76,0.503322,0.50143677,0.021402532,0.486768,0.4918295
-0.36,1.8,0.5060967,0.50327003,0.021132104,0.48478818,0.4940797
-0.36,1.84,0.50885206,0.5050898,0.0208665,0.4828198,0.49631372
-0.36,1.88,0.51158816,0.50689614,0.020605618,0.48086286,0.4985315
-0.36,1.92,0.5143049,0.50868905,0.020349378,0.47891763,0.500733
-0.36,1.96,0.5170023,0.5104683,0.020097699,0.47698417,0.5029181
-0.36,2.0,0.5196804,0.51223385,0.019850506,0.4750627,0.5050867
-0.32,-2.0,0.16070056,0.28968364,0.08661052,0.6777641,0.23562539
-0.32,-1.96,0.16501926,0.29197618,0.08528017,0.6763889,0.23833098
-0.32,-1.92,0.16932787,0.2942763,0.08396876,0.67498314,0.24104808
-0.32,-1.88,0.17362596,0.2965837,0.082676195,0.67354745,0.24377635
-0.32,-1.84,0.17791323,0.2988981,0.08140235,0.67208236,0.24651532
-0.32,-1.8,0.18218932,0.30121905,0.08014704,0.67058843,0.24926443
-0.32,-1.76,0.18645383,0.3035462,0.0789103,0.6690665,0.25202328
-0.32,-1.72,0.19070648,0.30587912,0.07769183,0.66751677,0.25479135
-0.32,-1.68,0.19494696,0.30821756,0.07649159,0.66594017,0.25756824
-0.32,-1.64,0.19917493,0.3105611,0.075309426,0.66433704,0.26035348
-0.32,-1.6,0.20339017,0.31290942,0.07414513,0.6627082,0.2631466
-0.32,-1.56,0.20759241,0.31526226,0.072998576,0.6610542,0.26594725
-0.32,-1.52,0.21178137,0.31761912,0.07186958,0.6593756,0.26875484
-0.32,-1.48,0.21595685,0.31997973,0.070758015,0.657673,0.271569
-0.32,-1.44,0.22011864,0.32234383,0.06966361,0.6559471,0.27438936
-0.32,-1.4,0.22426654,0.32471094,0.068586275,0.65419835,0.27721536
-0.32,-1.36,0.22840038,0.32708097,0.067525774,0.65242743,0.2800468
-0.32,-1.32,0.23252001,0.32945347,0.06648191,0.650635,0.2828831
-0.32,-1.28,0.2366253,0.33182818,0.06545449,0.64882153,0.28572398
-0.32,-1.24,0.24071608,0.3342048,0.06444333,0.6469877,0.288569
-0.32,-1.2,0.2447923,0.33658302,0.0634482,0.64513403,0.2914178
-0.32,-1.16,0.24885385,0.33896267,0.06246892,0.643261,0.29427007
-0.32,-1.12,0.25290063,0.3413434,0.061505266,0.64136934,0.2971254
-0.32,-1.08,0.25693262,0.34372506,0.060556993,0.6394595,0.29998353
-0.32,-1.04,0.26094973,0.34610724,0.059623953,0.6375321,0.30284402
-0.32,-1.0,0.26495197,0.34848976,0.058705885,0.6355875,0.30570656
-0.32,-0.96,0.2689393,0.35087252,0.0578026,0.6336265,0.30857095
-0.32,-0.92,0.27291167,0.35325512,0.05691385,0.6316494,0.3114368
-0.32,-0.88,0.27686915,0.35563746,0.056039426,0.62965673,0.31430385
-0.32,-0.84,0.28081167,0.35801917,0.05517916,0.62764907,0.3171717
-0.32,-0.8,0.28473932,0.36040026,0.054332793,0.625627,0.32004023
-0.32,-0.76,0.28865206,0.3627804,0.05350012,0.62359077,0.32290912
-0.32,-0.72,0.29254988,0.3651593,0.052680966,0.6215411,0.32577795
-0.32,-0.68,0.29643282,0.3675369,0.051875073,0.61947834,0.3286466
-0.32,-0.64,0.30030093,0.36991292,0.051082283,0.61740303,0.33151475
-0.32,-0.6,0.30415422,0.37228718,0.05030238,0.61531556,0.3343821
-0.32,-0.56,0.30799267,0.37465957,0.04953513,0.61321646,0.33724844
-0.32,-0.52,0.3118163,0.37702975,0.048780378,0.6111062,0.34011346
-0.32,-0.48,0.31562507,0.37939745,0.048037965,0.60898525,0.34297678
-0.32,-0.44,0.31941897,0.38176262,0.047307648,0.60685414,0.3458382
-0.32,-0.4,0.32319802,0.384125,0.046589255,0.60471326,0.34869748
-0.32,-0.36,0.3269621,0.3864843,0.045882642,0.60256314,0.35155421
-0.32,-0.32,0.33071133,0.3888404,0.045187604,0.6004042,0.35440823
-0.32,-0.28,0.33444545,0.3911929,0.044503998,0.598237,0.35725904
-0.32,-0.24,0.33816448,0.39354163,0.04383163,0.59606194,0.36010635
-0.32,-0.2,0.34186834,0.3958864,0.04317035,0.59387964,0.36295
-0.32,-0.16,0.34555689,0.39822692,0.042520043,0.5916905,0.3657895
-0.32,-0.12,0.34923002,0.40056285,0.041880485,0.589495,0.3686245
-0.32,-0.08,0.35288763,0.402894,0.04125157,0.58729374,0.3714547
-0.32,-0.04,0.35652953,0.40522,0.04063317,0.5850872,0.37427968
-0.32,0.0,0.36015558,0.40754062,0.040025093,0.5828758,0.37709907
-0.32,0.04,0.36376572,0.4098556,0.039427213,0.5806602,0.37991259
-0.32,0.08,0.36735958,0.41216457,0.03883942,0.57844085,0.3827197
-0.32,0.12,0.37093714,0.41446728,0.03826157,0.5762183,0.38552013
-0.32,0.16,0.37449813,0.41676342,0.037693504,0.573993,0.38831344
-0.32,0.2,0.37804243,0.41905272,0.03713511,0.57176566,0.39109927
-0.32,0.24,0.38156983,0.42133477,0.036586255,0.5695365,0.39387724
-0.32,0.28,0.3850801,0.4236094,0.03604681,0.56730634,0.3966469
-0.32,0.32,0.3885731,0.42587626,0.035516627,0.56507546,0.39940792
-0.32,0.36,0.39204863,0.428135,0.03499562,0.56284446,0.40215993
-0.32,0.4,0.39550653,0.43038547,0.03448362,0.5606138,0.40490255
-0.32,0.44,0.39894652,0.4326273,0.033980504,0.55838406,0.40763542
-0.32,0.48,0.40236855,0.43486017,0.033486165,0.5561556,0.41035813
-0.32,0.52,0.40577242,0.43708396,0.033000447,0.55392903,0.41307047
-0.32,0.56,0.40915802,0.43929827,0.03252325,0.5517047,0.415772
-0.32,0.6,0.4125252,0.44150302,0.03205442,0.5494831,0.41846246
-0.32,0.64,0.41587374,0.4436979,0.031593837,0.54726464,0.42114156
-0.32,0.68,0.4192037,0.44588256,0.031141361,0.5450497,0.4238089
-0.32,0.72,0.42251483,0.4480569,0.030696915,0.54283875,0.4264643
-0.32,0.76,0.425807,0.45022073,0.030260326,0.5406323,0.4291074
-0.32,0.8,0.42908034,0.4523739,0.029831454,0.53843045,0.43173814
-0.32,0.84,0.43233454,0.45451605,0.029410208,0.5362338,0.434356
-0.32,0.88,0.43556976,0.45664722,0.028996438,0.53404254,0.436961
-0.32,0.92,0.4387858,0.45876712,0.028590025,0.53185713,0.4395528
-0.32,0.96,0.44198266,0.46087563,0.028190844,0.52967787,0.44213125
-0.32,1.0,0.44516033,0.4629726,0.027798753,0.52750504,0.44469616
-0.32,1.04,0.44831875,0.46505797,0.027413676,0.525339,0.44724733
-0.32,1.08,0.45145792,0.46713153,0.02703543,0.52318007,0.44978458
-0.32,1.12,0.4545778,0.46919313,0.026663944,0.5210284,0.4523077
-0.32,1.16,0.45767847,0.47124273,0.026299069,0.51888424,0.4548166
-0.32,1.2,0.46075985,0.47328028,0.025940686,0.5167481,0.45731124
-0.32,1.24,0.46382192,0.4753055,0.025588704,0.51462,0.4597913
-0.32,1.28,0.46686476,0.47731844,0.025242975,0.5125003,0.4622567
-0.32,1.32,0.4698884,0.47931898,0.024903415,0.5103892,0.46470737
-0.32,1.36,0.47289273,0.48130703,0.024569899,0.5082869,0.46714318
-0.32,1.4,0.4758778,0.48328248,0.024242336,0.5061937,0.46956396
-0.32,1.44,0.47884366,0.48524526,0.02392059,0.5041098,0.47196963
-0.32,1.48,0.48179027,0.48719525,0.023604568,0.5020354,0.47436005
-0.32,1.52,0.48471773,0.4891325,0.023294175,0.4999706,0.4767352
-0.32,1.56,0.4876259,0.49105686,0.022989312,0.49791574,0.47909492
-0.32,1.6,0.4905149,0.49296826,0.022689855,0.495871,0.48143914
-0.32,1.64,0.49338475,0.49486664,0.022395726,0.49383646,0.48376775
-0.32,1.68,0.4962353,0.496752,0.02210683,0.49181256,0.48608068
-0.32,1.72,0.49906674,0.49862412,0.021823073,0.48979917,0.48837778
-0.32,1.76,0.501879,0.5004831,0.021544345,0.4877966,0.49065906
-0.32,1.8,0.504672,0.50232875,0.021270577,0.48580506,0.49292436
-0.32,1.84,0.5074458,0.5041611,0.021001685,0.4838247,0.4951736
-0.32,1.88,0.5102004,0.50598013,0.020737577,0.48185572,0.49740672
-0.32,1.92,0.51293576,0.5077856,0.020478163,0.4798982,0.49962366
-0.32,1.96,0.51565194,0.5095777,0.02022335,0.47795233,0.5018243
-0.32,2.0,0.51834893,0.51135623,0.019973073,0.47601825,0.5040087
-0.28,-2.0,0.15697542,0.28771675,0.08777087,0.67892295,0.23330617
-0.28,-1.96,0.16131486,0.29000893,0.08642035,0.6775706,0.23600912
-0.28,-1.92,0.16564484,0.2923093,0.08508878,0.67618686,0.23872437
-0.28,-1.88,0.1699649,0.29461747,0.08377619,0.67477244,0.24145137
-0.28,-1.84,0.17427473,0.29693317,0.08248245,0.67332786,0.24418972
-0.28,-1.8,0.17857394,0.29925588,0.08120738,0.67185366,0.24693893
-0.28,-1.76,0.18286219,0.30158535,0.07995093,0.6703505,0.24969853
-0.28,-1.72,0.18713912,0.30392128,0.07871292,0.66881895,0.2524682
-0.28,-1.68,0.19140448,0.3062632,0.077493265,0.6672594,0.2552473
-0.28,-1.64,0.19565786,0.30861077,0.07629181,0.6656728,0.25803542
-0.28,-1.6,0.19989905,0.3109637,0.07510838,0.66405946,0.26083216
-0.28,-1.56,0.20412773,0.31332156,0.07394285,0.66242015,0.26363704
-0.28,-1.52,0.20834365,0.31568408,0.07279508,0.6607554,0.2664496
-0.28,-1.48,0.21254657,0.31805086,0.071664855,0.6590657,0.26926938
-0.28,-1.44,0.21673626,0.3204216,0.070552,0.6573519,0.272096
-0.28,-1.4,0.2209125,0.322796,0.069456406,0.6556145,0.27492905
-0.28,-1.36,0.2250751,0.32517374,0.0683778,0.6538542,0.27776808
-0.28,-1.32,0.2292239,0.3275544,0.06731604,0.65207136,0.28061262
-0.28,-1.28,0.23335876,0.3299378,0.066270955,0.65026665,0.28346235
-0.28,-1.24,0.23747946,0.33232358,0.06524233,0.6484408,0.28631687
-0.28,-1.2,0.24158588,0.3347114,0.06422995,0.64659435,0.2891757
-0.28,-1.16,0.245678,0.33710113,0.06323363,0.6447277,0.29203865
-0.28,-1.12,0.2497556,0.3394924,0.06225313,0.64284164,0.29490522
-0.28,-1.08,0.2538187,0.3418849,0.06128829,0.6409367,0.29777506
-0.28,-1.04,0.25786707,0.34427834,0.06033891,0.6390133,0.30064777
-0.28,-1.0,0.2619008,0.3466726,0.05940475,0.63707215,0.30352312
-0.28,-0.96,0.26591977,0.34906733,0.058485575,0.6351137,0.3064007
-0.28,-0.92,0.26992396,0.3514623,0.057581253,0.6331386,0.3092802
-0.28,-0.88,0.27391332,0.35385725,0.05669147,0.6311472,0.3121613
-0.28,-0.84,0.27788782,0.356252,0.05581612,0.6291402,0.31504372
-0.28,-0.8,0.2818474,0.35864627,0.054954946,0.62711805,0.31792703
-0.28,-0.76,0.2857921,0.36103988,0.05410772,0.6250812,0.32081106
-0.28,-0.72,0.28972188,0.3634325,0.05327427,0.62303036,0.3236954
-0.28,-0.68,0.2936367,0.365824,0.052454375,0.62096584,0.3265798
-0.28,-0.64,0.29753652,0.368214,0.051647868,0.61888826,0.32946387
-0.28,-0.6,0.30142137,0.37060258,0.050854485,0.61679804,0.33234748
-0.28,-0.56,0.3052912,0.37298915,0.050074097,0.6146958,0.33523008
-0.28,-0.52,0.30914593,0.37537366,0.049306497,0.61258197,0.33811152
-0.28,-0.48,0.3129856,0.37775588,0.048551463,0.6104571,0.34099147
-0.28,-0.44,0.31681013,0.38013557,0.04780885,0.6083216,0.3438696
-0.28,-0.4,0.32061946,0.3825124,0.047078464,0.60617596,0.34674555
-0.28,-0.36,0.32441342,0.3848861,0.04636013,0.6040209,0.34961894
-0.28,-0.32,0.32819209,0.38725656,0.04565366,0.60185677,0.35248956
-0.28,-0.28,0.33195525,0.38962334,0.044958938,0.5996841,0.35535693
-0.28,-0.24,0.3357029,0.39198637,0.044275723,0.5975034,0.35822085
-0.28,-0.2,0.33943486,0.39434522,0.04360389,0.5953153,0.36108083
-0.28,-0.16,0.343151,0.39669967,0.0429433,0.59312016,0.36393654
-0.28,-0.12,0.34685126,0.39904943,0.04229376,0.5909186,0.36678764
-0.28,-0.08,0.35053536,0.40139422,0.041655127,0.5887111,0.36963373
-0.28,-0.04,0.35420322,0.40373367,0.041027285,0.5864983,0.37247443
-0.28,0.0,0.35785472,0.40606752,0.04041005,0.58428067,0.37530926
-0.28,0.04,0.36148962,0.4083956,0.03980329,0.5820587,0.37813804
-0.28,0.08,0.36510774,0.41071734,0.039206866,0.57983303,0.3809601
-0.28,0.12,0.368709,0.41303265,0.038620625,0.5776041,0.38377526
-0.28,0.16,0.37229308,0.41534117,0.038044423,0.5753725,0.38658312
-0.28,0.2,0.3758599,0.41764247,0.037478145,0.5731387,0.38938308
-0.28,0.24,0.37940922,0.41993648,0.036921646,0.57090336,0.392175
-0.28,0.28,0.3829409,0.4222228,0.03637476,0.5686669,0.3949584
-0.28,0.32,0.38645476,0.4245011,0.035837367,0.56642973,0.39773288
-0.28,0.36,0.3899506,0.42677107,0.035309356,0.56419253,0.4004981
-0.28,0.4,0.39342836,0.42903256,0.034790568,0.5619557,0.4032537
-0.28,0.44,0.3968878,0.4312853,0.034280855,0.5597198,0.40599936
-0.28,0.48,0.40032876,0.43352887,0.033780094,0.55748516,0.40873468
-0.28,0.52,0.40375122,0.43576324,0.033288136,0.55525243,0.41145948
-0.28,0.56,0.40715492,0.43798792,0.032804873,0.55302197,0.41417322
-0.28,0.6,0.4105399,0.4402029,0.032330148,0.5507941,0.41687578
-0.28,0.64,0.413906,0.44240782,0.031863816,0.5485694,0.4195668
-0.28,0.68,0.4172531,0.44460258,0.031405747,0.5463482,0.42224607
-0.28,0.72,0.42058116,0.44678688,0.030955827,0.544131,0.42491323
-0.28,0.76,0.42389002,0.44896054,0.030513901,0.5419181,0.427568
-0.28,0.8,0.4271799,0.4511236,0.030079816,0.53970975,0.43021044
-0.28,0.84,0.43045047,0.45327562,0.029653488,0.5375065,0.43284
-0.28,0.88,0.4337019,0.45541656,0.029234733,0.53530854,0.43545666
-0.28,0.92,0.43693405,0.4575464,0.028823446,0.53311634,0.43806028
-0.28,0.96,0.44014692,0.45966476,0.028419478,0.53093016,0.44065043
-0.28,1.0,0.44334054,0.46177164,0.028022727,0.5287502,0.4432271
-0.28,1.04,0.4465149,0.4638669,0.027633058,0.5265769,0.4457901
-0.28,1.08,0.44967,0.4659504,0.02725032,0.5244104,0.44833925
-0.28,1.12,0.45280588,0.46802217,0.026874395,0.52225107,0.4508745
-0.28,1.16,0.45592248,0.47008193,0.026505183,0.5200992,0.45339563
-0.28,1.2,0.45901993,0.4721297,0.02614253,0.51795495,0.45590252
-0.28,1.24,0.4620981,0.47416532,0.025786351,0.51581866,0.458395
-0.28,1.28,0.4651571,0.4761887,0.025436515,0.5136905,0.46087295
-0.28,1.32,0.468197,0.47819987,0.025092881,0.5115707,0.4633364
-0.28,1.36,0.47121766,0.48019856,0.024755381,0.50945956,0.46578503
-0.28,1.4,0.4742192,0.48218486,0.024423877,0.5073573,0.46821883
-0.28,1.44,0.47720173,0.4841586,0.024098258,0.505264,0.47063774
-0.28,1.48,0.48016506,0.48611972,0.023778433,0.50318,0.47304156
-0.28,1.52,0.48310935,0.4880682,0.023464276,0.5011055,0.47543025
-0.28,1.56,0.4860345,0.4900039,0.0231557,0.49904063,0.4778037
-0.28,1.6,0.4889407,0.49192676,0.0228526,0.49698558,0.48016176
-0.28,1.64,0.49182776,0.49383676,0.022554897,0.4949407,0.48250443
-0.28,1.68,0.49469572,0.49573374,0.022262465,0.492906,0.48483145
-0.28,1.72,0.49754468,0.49761778,0.021975216,0.4908818,0.48714298
-0.28,1.76,0.50037456,0.4994887,0.021693062,0.4888682,0.48943874
-0.28,1.8,0.50318533,0.5013464,0.021415928,0.48686543,0.49171862
-0.28,1.84,0.5059771,0.503191,0.021143693,0.48487362,0.49398273
-0.28,1.88,0.5087498,0.5050223,0.020876309,0.48289287,0.49623078
-0.28,1.92,0.51150334,0.5068402,0.02061365,0.48092353,0.4984628
-0.28,1.96,0.5142378,0.5086448,0.020355664,0.47896564,0.5006787
-0.28,2.0,0.5169532,0.51043594,0.020102257,0.47701943,0.50287837
-0.24,-2.0,0.153285,0.28577793,0.08893215,0.6800459,0.23102194
-0.24,-1.96,0.15764354,0.28806886,0.087561876,0.67871696,0.23372118
-0.24,-1.92,0.16199325,0.2903685,0.08621065,0.677356,0.23643334
-0.24,-1.88,0.16633368,0.29267648,0.084878445,0.6759636,0.23915796
-0.24,-1.84,0.1706645,0.29499248,0.08356511,0.6745402,0.24189465
-0.24,-1.8,0.1749853,0.29731613,0.08227063,0.67308646,0.24464287
-0.24,-1.76,0.17929573,0.2996471,0.08099481,0.6716029,0.2474022
-0.24,-1.72,0.18359545,0.301985,0.07973762,0.6700902,0.2501722
-0.24,-1.68,0.18788414,0.30432945,0.07849885,0.6685488,0.2529524
-0.24,-1.64,0.1921614,0.30668005,0.07727836,0.6669794,0.25574222
-0.24,-1.6,0.19642703,0.3090366,0.07607613,0.6653825,0.25854144
-0.24,-1.56,0.20068069,0.31139863,0.07489187,0.66375875,0.26134938
-0.24,-1.52,0.20492211,0.31376576,0.07372552,0.6621087,0.2641657
-0.24,-1.48,0.20915101,0.31613785,0.07257687,0.6604331,0.26699004
-0.24,-1.44,0.21336716,0.31851432,0.07144579,0.6587325,0.2698218
-0.24,-1.4,0.21757033,0.32089493,0.07033212,0.6570073,0.27266058
-0.24,-1.36,0.22176033,0.32327944,0.06923564,0.65525836,0.27550608
-0.24,-1.32,0.22593693,0.32566735,0.068156175,0.6534861,0.2783577
-0.24,-1.28,0.23009998,0.32805848,0.06709355,0.65169126,0.28121516
-0.24,-1.24,0.23424925,0.33045247,0.066047594,0.64987445,0.284078
-0.24,-1.2,0.2383846,0.33284903,0.065018095,0.6480361,0.2869458
-0.24,-1.16,0.24250597,0.33524787,0.06400483,0.64617693,0.28981823
-0.24,-1.12,0.24661313,0.3376487,0.06300767,0.6442975,0.29269487
-0.24,-1.08,0.250706,0.3400511,0.062026393,0.64239836,0.29557526
-0.24,-1.04,0.2547845,0.342455,0.061060734,0.6404801,0.29845917
-0.24,-1.0,0.2588485,0.34486,0.060110554,0.63854325,0.30134612
-0.24,-0.96,0.26289794,0.3472659,0.059175603,0.6365885,0.30423588
-0.24,-0.92,0.2669327,0.34967235,0.05825575,0.6346163,0.30712795
-0.24,-0.88,0.27095276,0.3520791,0.057350736,0.63262725,0.31002206
-0.24,-0.84,0.27495804,0.3544859,0.056460332,0.6306219,0.3129178
-0.24,-0.8,0.27894843,0.3568925,0.05558438,0.6286007,0.31581488
-0.24,-0.76,0.28292397,0.35929868,0.054722667,0.6265643,0.31871298
-0.24,-0.72,0.28688452,0.36170417,0.053874984,0.62451327,0.32161176
-0.24,-0.68,0.29083005,0.36410865,0.05304113,0.622448,0.32451078
-0.24,-0.64,0.2947605,0.36651194,0.05222093,0.6203693,0.3274098
-0.24,-0.6,0.29867578,0.36891374,0.051414162,0.6182774,0.33030844
-0.24,-0.56,0.3025759,0.3713138,0.05062066,0.61617297,0.3332064
-0.24,-0.52,0.30646068,0.37371185,0.049840212,0.6140566,0.33610323
-0.24,-0.48,0.31033015,0.37610763,0.049072616,0.61192864,0.3389987
-0.24,-0.44,0.31418413,0.3785009,0.048317727,0.6097899,0.34189242
-0.24,-0.4,0.31802258,0.38089135,0.047575377,0.6076407,0.34478396
-0.24,-0.36,0.32184535,0.38327867,0.046845376,0.6054816,0.347673
-0.24,-0.32,0.3256524,0.38566265,0.04612752,0.60331327,0.3505592
-0.24,-0.28,0.32944354,0.388043,0.045421656,0.60113615,0.3534422
-0.24,-0.24,0.33321866,0.39041936,0.044727627,0.5989508,0.35632154
-0.24,-0.2,0.3369776,0.39279145,0.0440453,0.5967579,0.3591968
-0.24,-0.16,0.3407203,0.39515904,0.04337444,0.59455776,0.36206776
-0.24,-0.12,0.34444645,0.3975217,0.04271497,0.5923512,0.36493385
-0.24,-0.08,0.34815603,0.3998793,0.042066667,0.59013855,0.3677948
-0.24,-0.04,0.35184875,0.4022313,0.04142941,0.5879205,0.37065008
-0.24,0.0,0.35552454,0.4045776,0.04080304,0.58569753,0.37349942
-0.24,0.04,0.3591832,0.4069178,0.04018741,0.5834702,0.37634233
-0.24,0.08,0.36282444,0.4092516,0.039582375,0.5812392,0.3791784
-0.24,0.12,0.36644825,0.41157866,0.038987778,0.57900494,0.3820073
-0.24,0.16,0.37005436,0.41389868,0.038403485,0.576768,0.38482854
-0.24,0.2,0.37364262,0.4162114,0.03782932,0.5745288,0.38764182
-0.24,0.24,0.37721285,0.41851652,0.037265185,0.5722881,0.39044672
-0.24,0.28,0.38076484,0.42081365,0.036710914,0.57004625,0.39324278
-0.24,0.32,0.38429853,0.42310265,0.036166333,0.56780386,0.39602977
-0.24,0.36,0.38781372,0.4253831,0.035631344,0.5655614,0.39880723
-0.24,0.4,0.39131033,0.42765495,0.03510576,0.5633193,0.40157497
-0.24,0.44,0.39478818,0.42991772,0.03458946,0.5610781,0.40433243
-0.24,0.48,0.39824712,0.43217123,0.034082282,0.55883825,0.40707943
-0.24,0.52,0.40168715,0.43441537,0.03358411,0.5566002,0.4098157
-0.24,0.56,0.4051081,0.4366497,0.03309478,0.55436444,0.41254076
-0.24,0.6,0.40850994,0.4388743,0.032614134,0.55213124,0.41525462
-0.24,0.64,0.41189256,0.44108865,0.03214206,0.5499012,0.41795674
-0.24,0.68,0.415256,0.4432928,0.031678382,0.5476746,0.42064705
-0.24,0.72,0.41860008,0.4454864,0.031222992,0.5454519,0.42332518
-0.24,0.76,0.42192492,0.44766942,0.030775702,0.5432333,0.42599103
-0.24,0.8,0.4252304,0.44984162,0.030336414,0.5410193,0.42864427
-0.24,0.84,0.42851657,0.4520029,0.029904952,0.5388102,0.43128482
-0.24,0.88,0.43178338,0.45415312,0.029481197,0.5366064,0.43391246
-0.24,0.92,0.43503085,0.4562921,0.029065024,0.5344081,0.4365269
-0.24,0.96,0.438259,0.4584198,0.028656261,0.5322156,0.43912816
-0.24,1.0,0.44146782,0.460536,0.028254813,0.5300293,0.4417159
-0.24,1.04,0.44465736,0.46264064,0.027860526,0.5278494,0.44429007
-0.24,1.08,0.44782776,0.46473378,0.027473226,0.52567613,0.44685066
-0.24,1.12,0.45097885,0.46681505,0.027092861,0.5235099,0.4493973
-0.24,1.16,0.4541108,0.4688845,0.026719267,0.5213508,0.45192993
-0.24,1.2,0.45722353,0.470942,0.026352338,0.5191992,0.45444846
-0.24,1.24,0.46031713,0.4729875,0.025991917,0.51705533,0.45695278
-0.24,1.28,0.4633917,0.4750209,0.02563791,0.51491934,0.45944273
-0.24,1.32,0.46644714,0.47704214,0.0252902,0.5127915,0.46191826
-0.24,1.36,0.4694836,0.47905114,0.024948651,0.5106721,0.46437925
-0.24,1.4,0.47250107,0.48104784,0.024613163,0.5085612,0.4668256
-0.24,1.44,0.47549948,0.4830321,0.02428364,0.50645924,0.46925715
-0.24,1.48,0.478479,0.48500392,0.023959948,0.5043662,0.47167385
-0.24,1.52,0.48143953,0.48696315,0.023641994,0.5022825,0.4740755
-0.24,1.56,0.48438117,0.4889098,0.023329679,0.50020814,0.47646216
-0.24,1.6,0.4873038,0.49084377,0.023022907,0.49814352,0.47883362
-0.24,1.64,0.49020758,0.49276492,0.022721546,0.49608868,0.48118973
-0.24,1.68,0.49309248,0.49467334,0.022425521,0.49404386,0.48353064
-0.24,1.72,0.49595845,0.49656886,0.022134745,0.49200925,0.48585603
-0.24,1.76,0.49880543,0.49845135,0.02184913,0.48998508,0.4881658
-0.24,1.8,0.5016336,0.5003209,0.02156854,0.48797143,0.49046004
-0.24,1.84,0.50444275,0.5021773,0.021292944,0.4859686,0.49273843
-0.24,1.88,0.50723296,0.5040205,0.021022227,0.48397672,0.49500102
-0.24,1.92,0.5100043,0.5058507,0.020756286,0.48199597,0.4972478
-0.24,1.96,0.5127566,0.5076674,0.02049506,0.4800265,0.49947846
-0.24,2.0,0.51548994,0.5094708,0.020238472,0.47806847,0.50169307
-0.2,-2.0,0.14962707,0.2838657,0.0900949,0.6811342,0.22877094
-0.2,-1.96,0.15400313,0.28615445,0.088705264,0.6798293,0.2314654
-0.2,-1.92,0.15837096,0.2884525,0.08733475,0.67849183,0.23417348
-0.2,-1.88,0.16273016,0.2907594,0.08598331,0.67712206,0.23689465
-0.2,-1.84,0.16708036,0.29307485,0.08465086,0.6757206,0.23962852
-0.2,-1.8,0.17142114,0.2953985,0.0833373,0.6742881,0.24237464
-0.2,-1.76,0.17575218,0.29772994,0.08204252,0.672825,0.24513252
-0.2,-1.72,0.18007311,0.30006886,0.08076638,0.6713319,0.24790174
-0.2,-1.68,0.18438356,0.3024149,0.079508826,0.66980934,0.25068182
-0.2,-1.64,0.18868318,0.30476764,0.0782697,0.668258,0.25347227
-0.2,-1.6,0.19297172,0.30712676,0.07704886,0.6666784,0.25627267
-0.2,-1.56,0.19724886,0.30949202,0.07584618,0.6650712,0.25908265
-0.2,-1.52,0.20151424,0.3118629,0.0746615,0.6634369,0.2619016
-0.2,-1.48,0.20576766,0.3142391,0.07349473,0.6617761,0.2647291
-0.2,-1.44,0.21000884,0.3166204,0.07234561,0.6600895,0.2675649
-0.2,-1.4,0.21423751,0.31900632,0.07121407,0.6583776,0.27040833
-0.2,-1.36,0.21845345,0.32139656,0.07009989,0.656641,0.27325904
-0.2,-1.32,0.22265643,0.32379082,0.06900287,0.6548805,0.2761166
-0.2,-1.28,0.22684626,0.32618874,0.06792295,0.6530965,0.2789806
-0.2,-1.24,0.23102273,0.32858995,0.066859804,0.6512896,0.28185055
-0.2,-1.2,0.23518567,0.33099425,0.06581334,0.64946055,0.28472614
-0.2,-1.16,0.23933494,0.33340126,0.06478333,0.64760983,0.2876069
-0.2,-1.12,0.24347034,0.33581063,0.06376959,0.645738,0.2904924
-0.2,-1.08,0.24759173,0.3382222,0.06277192,0.6438458,0.29338232
-0.2,-1.04,0.251699,0.34063548,0.06179015,0.6419337,0.29627615
-0.2,-1.0,0.25579196,0.34305033,0.060824085,0.6400023,0.29917362
-0.2,-0.96,0.2598706,0.34546638,0.059873473,0.6380522,0.3020743
-0.2,-0.92,0.26393476,0.34788334,0.058938142,0.6360841,0.3049778
-0.2,-0.88,0.26798427,0.35030103,0.058017902,0.63409835,0.3078838
-0.2,-0.84,0.27201915,0.35271904,0.05711256,0.63209563,0.31079185
-0.2,-0.8,0.27603915,0.35513702,0.05622192,0.6300765,0.31370148
-0.2,-0.76,0.28004432,0.35755497,0.055345763,0.6280416,0.31661263
-0.2,-0.72,0.28403446,0.35997233,0.054483887,0.62599146,0.31952462
-0.2,-0.68,0.28800955,0.362389,0.053636152,0.62392664,0.32243726
-0.2,-0.64,0.29196945,0.36480457,0.05280231,0.6218477,0.32535005
-0.2,-0.6,0.29591402,0.3672188,0.051982157,0.61975515,0.32826272
-0.2,-0.56,0.29984322,0.36963132,0.051175572,0.6176496,0.33117476
-0.2,-0.52,0.30375692,0.3720421,0.050382324,0.6155317,0.334086
-0.2,-0.48,0.30765504,0.3744506,0.049602214,0.61340183,0.33699593
-0.2,-0.44,0.31153733,0.37685654,0.04883516,0.61126083,0.33990407
-0.2,-0.4,0.3154038,0.3792597,0.048080835,0.609109,0.34281018
-0.2,-0.36,0.31925425,0.3816598,0.047339153,0.60694706,0.3457138
-0.2,-0.32,0.3230885,0.38405645,0.04660995,0.60477555,0.34861448
-0.2,-0.28,0.32690644,0.38644937,0.045893047,0.60259503,0.3515119
-0.2,-0.24,0.3307079,0.38883823,0.04518824,0.60040617,0.35440558
-0.2,-0.2,0.33449277,0.39122277,0.044495385,0.59820944,0.35729522
-0.2,-0.16,0.33826077,0.39360255,0.04381434,0.59600544,0.36018023
-0.2,-0.12,0.3420118,0.39597738,0.04314492,0.59379476,0.36306033
-0.2,-0.08,0.34574568,0.39834684,0.042486966,0.591578,0.36593503
-0.2,-0.04,0.34946218,0.40071064,0.041840337,0.58935577,0.36880392
-0.2,0.0,0.35316113,0.40306848,0.04120487,0.5871286,0.37166658
-0.2,0.04,0.35684234,0.40541998,0.04058041,0.584897,0.3745226
-0.2,0.08,0.36050567,0.4077649,0.039966777,0.58266157,0.37737164
-0.2,0.12,0.36415094,0.41010293,0.03936385,0.580423,0.3802132
-0.2,0.16,0.36777797,0.41243365,0.038771484,0.5781816,0.3830469
-0.2,0.2,0.3713866,0.4147569,0.038189482,0.57593817,0.38587236
-0.2,0.24,0.3749766,0.41707227,0.03761772,0.5736931,0.38868922
-0.2,0.28,0.37854797,0.41937947,0.037056047,0.5714469,0.39149702
-0.2,0.32,0.38210046,0.42167836,0.036504287,0.56920016,0.39429554
-0.2,0.36,0.38563398,0.4239686,0.03596231,0.56695336,0.39708436
-0.2,0.4,0.38914844,0.42624995,0.035429936,0.5647069,0.39986318
-0.2,0.44,0.3926437,0.4285221,0.03490705,0.5624614,0.4026316
-0.2,0.48,0.39611962,0.43078482,0.03439349,0.56021714,0.4053893
-0.2,0.52,0.3995763,0.433038,0.033889074,0.55797476,0.40813616
-0.2,0.56,0.40301356,0.43528146,0.03339366,0.5557345,0.4108719
-0.2,0.6,0.40643138,0.43751478,0.0329071,0.5534969,0.413596
-0.2,0.64,0.40982974,0.43973798,0.03242925,0.5512623,0.41630846
-0.2,0.68,0.41320857,0.4419508,0.031959955,0.5490311,0.41900897
-0.2,0.72,0.41656798,0.44415313,0.031499043,0.5468036,0.42169735
-0.2,0.76,0.4199078,0.44634476,0.03104641,0.5445803,0.4243733
-0.2,0.8,0.42322814,0.4485256,0.030601872,0.5423614,0.42703676
-0.2,0.84,0.426529,0.45069548,0.030165292,0.5401473,0.4296874
-0.2,0.88,0.4298105,0.45285442,0.029736493,0.53793824,0.4323253
-0.2,0.92,0.43307254,0.45500204,0.029315392,0.53573453,0.43495
-0.2,0.96,0.4363152,0.45713845,0.028901804,0.5335366,0.43756154
-0.2,1.0,0.43953854,0.45926353,0.028495613,0.53134465,0.4401598
-0.2,1.04,0.44274265,0.46137708,0.028096654,0.5291588,0.44274455
-0.2,1.08,0.44592747,0.46347907,0.027704803,0.52697957,0.4453157
-0.2,1.12,0.4490932,0.46556947,0.027319934,0.5248069,0.44787315
-0.2,1.16,0.4522397,0.46764806,0.02694193,0.52264136,0.45041668
-0.2,1.2,0.45536718,0.46971488,0.026570639,0.520483,0.45294634
-0.2,1.24,0.4584756,0.4717698,0.026205955,0.5183322,0.4554619
-0.2,1.28,0.46156496,0.47381273,0.025847739,0.51618904,0.45796326
-0.2,1.32,0.46463552,0.47584367,0.02549587,0.5140537,0.46045035
-0.2,1.36,0.4676871,0.47786254,0.02515024,0.5119266,0.46292317
-0.2,1.4,0.47071978,0.4798691,0.024810735,0.5098078,0.46538138
-0.2,1.44,0.47373363,0.4818635,0.02447724,0.5076977,0.46782506
-0.2,1.48,0.4767287,0.48384553,0.024149656,0.5055963,0.47025406
-0.2,1.52,0.47970498,0.4858153,0.023827843,0.5035038,0.47266835
-0.2,1.56,0.4826624,0.48777243,0.023511725,0.5014206,0.47506765
-0.2,1.6,0.48560116,0.48971713,0.023201186,0.49934673,0.47745204
-0.2,1.64,0.48852107,0.49164918,0.022896148,0.49728253,0.47982132
-0.2,1.68,0.49142227,0.4935686,0.022596495,0.49522808,0.48217547
-0.2,1.72,0.49430472,0.49547517,0.022302141,0.4931836,0.48451427
-0.2,1.76,0.49716845,0.49736896,0.022012966,0.49114928,0.48683771
-0.2,1.8,0.50001335,0.4992499,0.021728905,0.4891254,0.4891457
-0.2,1.84,0.5028395,0.5011179,0.021449853,0.48711202,0.49143815
-0.2,1.88,0.5056469,0.50297284,0.021175735,0.48510933,0.49371493
-0.2,1.92,0.5084354,0.50481474,0.02090647,0.48311758,0.495976
-0.2,1.96,0.51120514,0.50664335,0.020641953,0.4811369,0.4982211
-0.2,2.0,0.51395595,0.50845885,0.02038213,0.47916755,0.5004503
-0.16,-2.0,0.14599946,0.2819787,0.0912595,0.682189,0.22655152
-0.16,-1.96,0.15039137,0.28426445,0.089851,0.68090886,0.22924016
-0.16,-1.92,0.15477568,0.28655994,0.088461675,0.6795953,0.23194301
-0.16,-1.88,0.15915199,0.28886485,0.08709143,0.67824894,0.23465966
-0.16,-1.84,0.16351993,0.29117876,0.085740216,0.67687017,0.2373896
-0.16,-1.8,0.16787912,0.2935014,0.08440798,0.6754595,0.24013245
-0.16,-1.76,0.17222916,0.29583246,0.08309455,0.67401767,0.24288778
-0.16,-1.72,0.17656967,0.29817146,0.08179988,0.672545,0.24565509
-0.16,-1.68,0.18090032,0.30051807,0.08052385,0.6710422,0.24843389
-0.16,-1.64,0.18522075,0.302872,0.079266354,0.6695099,0.25122377
-0.16,-1.6,0.18953064,0.30523282,0.07802727,0.6679485,0.2540243
-0.16,-1.56,0.19382967,0.30760026,0.07680643,0.6663586,0.25683498
-0.16,-1.52,0.19811755,0.3099739,0.07560373,0.66474086,0.2596554
-0.16,-1.48,0.20239395,0.3123534,0.07441899,0.66309595,0.26248506
-0.16,-1.44,0.20665863,0.3147384,0.073252134,0.6614243,0.2653235
-0.16,-1.4,0.2109113,0.3171286,0.07210294,0.6597267,0.26817036
-0.16,-1.36,0.21515171,0.31952366,0.07097128,0.65800357,0.27102515
-0.16,-1.32,0.21937966,0.3219232,0.06985696,0.6562556,0.27388743
-0.16,-1.28,0.22359486,0.3243269,0.068759814,0.65448344,0.27675673
-0.16,-1.24,0.22779715,0.32673448,0.0676797,0.6526876,0.2796327
-0.16,-1.2,0.23198624,0.32914546,0.06661642,0.65086883,0.28251478
-0.16,-1.16,0.23616207,0.33155972,0.06556978,0.6490276,0.28540272
-0.16,-1.12,0.24032432,0.33397672,0.06453964,0.6471644,0.28829592
-0.16,-1.08,0.24447288,0.33639628,0.06352574,0.6452802,0.29119405
-0.16,-1.04,0.24860759,0.33881813,0.06252793,0.6433753,0.29409674
-0.16,-1.0,0.25272828,0.34124187,0.061546072,0.6414504,0.29700357
-0.16,-0.96,0.2568348,0.34366718,0.060579877,0.63950616,0.29991403
-0.16,-0.92,0.26092696,0.3460937,0.059629202,0.6375431,0.30282775
-0.16,-0.88,0.26500472,0.34852132,0.058693856,0.63556176,0.30574444
-0.16,-0.84,0.2690679,0.35094953,0.057773642,0.63356286,0.30866355
-0.16,-0.8,0.27311626,0.35337803,0.05686837,0.6315469,0.31158468
-0.16,-0.76,0.27714983,0.3558067,0.055977833,0.6295146,0.3145076
-0.16,-0.72,0.28116834,0.3582351,0.05510186,0.62746644,0.31743175
-0.16,-0.68,0.28517175,0.3606629,0.054240257,0.625403,0.32035676
-0.16,-0.64,0.28915983,0.36308986,0.053392835,0.623325,0.32328224
-0.16,-0.6,0.29313254,0.3655156,0.052559387,0.62123287,0.32620776
-0.16,-0.56,0.29708967,0.3679398,0.051739745,0.61912733,0.32913288
-0.16,-0.52,0.30103105,0.37036222,0.05093374,0.6170089,0.33205724
-0.16,-0.48,0.30495656,0.37278247,0.050141193,0.61487836,0.3349804
-0.16,-0.44,0.30886608,0.37520033,0.04936191,0.6127361,0.337902
-0.16,-0.4,0.31275934,0.3776153,0.04859569,0.61058277,0.34082147
-0.16,-0.36,0.3166362,0.38002717,0.04784242,0.60841906,0.3437385
-0.16,-0.32,0.32049656,0.3824356,0.04710188,0.6062455,0.3466526
-0.16,-0.28,0.3243401,0.3848402,0.046373926,0.60406274,0.34956333
-0.16,-0.24,0.32816678,0.38724065,0.04565839,0.6018713,0.3524703
-0.16,-0.2,0.3319763,0.38963664,0.04495507,0.59967196,0.355373
-0.16,-0.16,0.33576852,0.3920278,0.044263832,0.5974651,0.35827106
-0.16,-0.12,0.33954325,0.39441386,0.043584518,0.5952515,0.36116403
-0.16,-0.08,0.34330022,0.39679435,0.042916942,0.59303164,0.3640514
-0.16,-0.04,0.34703934,0.39916906,0.042260952,0.59080625,0.3669328
-0.16,0.0,0.3507603,0.40153754,0.041616395,0.5885758,0.36980775
-0.16,0.04,0.3544631,0.40389958,0.040983096,0.58634096,0.3726759
-0.16,0.08,0.35814738,0.4062548,0.04036091,0.58410233,0.37553677
-0.16,0.12,0.361813,0.40860286,0.039749667,0.58186036,0.37838995
-0.16,0.16,0.36545986,0.4109435,0.03914921,0.5796157,0.3812351
-0.16,0.2,0.3690878,0.41327643,0.03855937,0.57736886,0.38407177
-0.16,0.24,0.37269658,0.41560125,0.037980005,0.57512045,0.3868995
-0.16,0.28,0.3762862,0.41791782,0.037410926,0.57287085,0.38971815
-0.16,0.32,0.37985647,0.42022583,0.036852002,0.5706208,0.39252722
-0.16,0.36,0.38340732,0.42252502,0.036303043,0.5683706,0.3953264
-0.16,0.4,0.3869386,0.42481506,0.03576391,0.5661208,0.3981153
-0.16,0.44,0.39045036,0.4270959,0.03523441,0.5638718,0.4008938
-0.16,0.48,0.39394242,0.42936718,0.03471443,0.5616241,0.40366146
-0.16,0.52,0.39741483,0.4316287,0.034203753,0.5593782,0.40641803
-0.16,0.56,0.4008675,0.4338804,0.033702258,0.5571344,0.40916333
-0.16,0.6,0.4043004,0.43612197,0.03320976,0.5548932,0.41189703
-0.16,0.64,0.40771362,0.43835336,0.03272611,0.55265486,0.41461906
-0.16,0.68,0.4111071,0.44057423,0.03225117,0.5504199,0.41732895
-0.16,0.72,0.41448084,0.44278458,0.03178474,0.54818857,0.4200267
-0.16,0.76,0.4178349,0.44498426,0.0313267,0.54596126,0.42271206
-0.16,0.8,0.42116934,0.44717315,0.03087687,0.5437382,0.4253849
-0.16,0.84,0.42448425,0.44935113,0.030435102,0.54151976,0.4280451
-0.16,0.88,0.42777961,0.45151806,0.030001245,0.5393063,0.43069243
-0.16,0.92,0.43105552,0.45367393,0.02957517,0.53709805,0.43332678
-0.16,0.96,0.43431196,0.45581847,0.029156707,0.5348953,0.43594792
-0.16,1.0,0.43754914,0.45795178,0.028745735,0.53269833,0.4385559
-0.16,1.04,0.44076702,0.46007377,0.028342072,0.5305074,0.4411506
-0.16,1.08,0.44396576,0.46218425,0.027945606,0.52832264,0.44373178
-0.16,1.12,0.4471453,0.46428317,0.0275562,0.52614444,0.44629934
-0.16,1.16,0.45030582,0.4663704,0.02717373,0.52397305,0.44885316
-0.16,1.2,0.45344734,0.46844605,0.02679804,0.5218086,0.4513933
-0.16,1.24,0.45656994,0.47050995,0.02642903,0.5196515,0.45391953
-0.16,1.28,0.45967364,0.472562,0.026066538,0.5175017,0.45643175
-0.16,1.32,0.46275854,0.4746021,0.025710475,0.51535964,0.45892987
-0.16,1.36,0.46582466,0.47663033,0.02536071,0.51322544,0.4614139
-0.16,1.4,0.46887207,0.47864655,0.025017116,0.51109934,0.46388358
-0.16,1.44,0.4719008,0.48065063,0.024679592,0.50898147,0.4663389
-0.16,1.48,0.47491077,0.48264247,0.024348045,0.5068723,0.46877962
-0.16,1.52,0.4779022,0.48462218,0.024022328,0.50477177,0.47120592
-0.16,1.56,0.48087502,0.48658958,0.02370235,0.5026801,0.47361752
-0.16,1.6,0.4838292,0.48854455,0.023388002,0.50059766,0.4760143
-0.16,1.64,0.48676485,0.49048713,0.023079202,0.49852452,0.47839627
-0.16,1.68,0.48968187,0.49241713,0.022775857,0.49646097,0.4807632
-0.16,1.72,0.49258035,0.4943346,0.022477824,0.49440706,0.4831151
-0.16,1.76,0.49546012,0.4962393,0.022185065,0.49236318,0.4854517
-0.16,1.8,0.49832144,0.49813133,0.02189746,0.49032938,0.48777312
-0.16,1.84,0.50116414,0.5000106,0.021614894,0.48830584,0.4900792
-0.16,1.88,0.5039881,0.5018769,0.021337345,0.48629296,0.4923697
-0.16,1.92,0.5067935,0.50373024,0.021064654,0.48429063,0.49464467
-0.16,1.96,0.5095802,0.50557065,0.020796798,0.4822992,0.496904
-0.16,2.0,0.5123481,0.5073978,0.020533642,0.48031893,0.49914742
-0.12,-2.0,0.14239977,0.28011554,0.09242649,0.68321145,0.22436203
-0.12,-1.96,0.14680587,0.28239736,0.09099961,0.68195665,0.22704378
-0.12,-1.92,0.15120502,0.28468937,0.089591876,0.6806677,0.22974032
-0.12,-1.88,0.15559681,0.2869914,0.0882033,0.67934537,0.23245135
-0.12,-1.84,0.15998085,0.2893029,0.086833775,0.67799,0.23517627
-0.12,-1.8,0.16435677,0.29162365,0.08548323,0.676602,0.23791476
-0.12,-1.76,0.16872418,0.29395324,0.08415155,0.6751821,0.24066634
-0.12,-1.72,0.17308265,0.29629132,0.082838744,0.67373073,0.24343048
-0.12,-1.68,0.17743188,0.2986376,0.0815446,0.6722485,0.24620688
-0.12,-1.64,0.18177149,0.30099168,0.08026903,0.6707359,0.24899504
-0.12,-1.6,0.18610117,0.30335325,0.079011984,0.6691935,0.2517945
-0.12,-1.56,0.19042057,0.30572188,0.07777327,0.66762197,0.25460473
-0.12,-1.52,0.19472933,0.30809727,0.076552846,0.6660219,0.25742537
-0.12,-1.48,0.1990272,0.31047904,0.075350486,0.66439366,0.2602559
-0.12,-1.44,0.20331383,0.3128668,0.07416608,0.66273797,0.2630959
-0.12,-1.4,0.20758903,0.31526035,0.072999485,0.66105556,0.265945
-0.12,-1.36,0.21185243,0.31765917,0.07185054,0.6593469,0.26880258
-0.12,-1.32,0.21610382,0.320063,0.07071912,0.65761256,0.27166831
-0.12,-1.28,0.22034293,0.3224715,0.06960503,0.6558532,0.27454174
-0.12,-1.24,0.22456956,0.32488436,0.06850809,0.6540695,0.27742243
-0.12,-1.2,0.2287834,0.32730108,0.06742818,0.652262,0.28030986
-0.12,-1.16,0.23298432,0.3297215,0.06636507,0.6504313,0.2832037
-0.12,-1.12,0.23717205,0.3321452,0.06531862,0.6485779,0.2861034
-0.12,-1.08,0.24134639,0.33457187,0.06428866,0.64670277,0.2890086
-0.12,-1.04,0.24550718,0.3370012,0.06327494,0.6448062,0.2919189
-0.12,-1.0,0.24965419,0.3394328,0.06227738,0.6428889,0.29483375
-0.12,-0.96,0.25378728,0.34186634,0.06129573,0.6409515,0.2977528
-0.12,-0.92,0.2579062,0.34430152,0.060329806,0.6389946,0.30067557
-0.12,-0.88,0.26201084,0.34673804,0.05937944,0.63701886,0.3036017
-0.12,-0.84,0.26610097,0.3491755,0.05844442,0.63502485,0.30653074
-0.12,-0.8,0.27017644,0.35161358,0.05752461,0.63301325,0.30946216
-0.12,-0.76,0.2742371,0.35405207,0.056619745,0.63098454,0.3123957
-0.12,-0.72,0.2782827,0.3564904,0.055729773,0.6289395,0.3153307
-0.12,-0.68,0.28231317,0.3589285,0.05485436,0.6268787,0.318267
-0.12,-0.64,0.28632823,0.3613658,0.053993415,0.6248027,0.3212039
-0.12,-0.6,0.29032776,0.36380213,0.053146694,0.62271214,0.32414111
-0.12,-0.56,0.29431155,0.36623704,0.05231409,0.6206078,0.3270781
-0.12,-0.52,0.29827937,0.36867023,0.05149536,0.61849016,0.3300145
-0.12,-0.48,0.30223107,0.3711013,0.05069039,0.61635983,0.33294976
-0.12,-0.44,0.30616647,0.37353003,0.049898963,0.6142176,0.33588353
-0.12,-0.4,0.31008536,0.37595588,0.04912089,0.6120638,0.33881527
-0.12,-0.36,0.3139875,0.3783786,0.048356026,0.60989946,0.3417445
-0.12,-0.32,0.31787267,0.38079783,0.047604203,0.60772496,0.34467083
-0.12,-0.28,0.3217407,0.38321322,0.04686524,0.60554093,0.34759378
-0.12,-0.24,0.32559133,0.38562435,0.046138957,0.6033482,0.35051283
-0.12,-0.2,0.32942435,0.38803092,0.045425203,0.6011472,0.35342756
-0.12,-0.16,0.33323961,0.39043257,0.044723827,0.5989387,0.35633752
-0.12,-0.12,0.3370368,0.39282882,0.044034608,0.5967232,0.35924214
-0.12,-0.08,0.34081578,0.39521956,0.043357443,0.59450144,0.36214116
-0.12,-0.04,0.3445763,0.3976042,0.042692117,0.592274,0.3650339
-0.12,0.0,0.34831822,0.39998248,0.0420385,0.59004146,0.36792004
-0.12,0.04,0.35204136,0.40235418,0.041396394,0.5878044,0.37079924
-0.12,0.08,0.35574546,0.4047188,0.040765647,0.5855635,0.37367088
-0.12,0.12,0.3594304,0.40707615,0.040146094,0.58331925,0.3765347
-0.12,0.16,0.363096,0.4094258,0.039537568,0.5810723,0.37939015
-0.12,0.2,0.36674213,0.4117676,0.03893989,0.57882315,0.382237
-0.12,0.24,0.37036875,0.41410115,0.03835291,0.57657236,0.3850748
-0.12,0.28,0.37397557,0.4164262,0.03777644,0.57432044,0.38790315
-0.12,0.32,0.37756264,0.4187426,0.0372103,0.5720679,0.39072183
-0.12,0.36,0.38112983,0.42104992,0.036654342,0.5698153,0.39353043
-0.12,0.4,0.38467705,0.423348,0.036108416,0.56756294,0.3963286
-0.12,0.44,0.38820434,0.42563677,0.035572298,0.5653115,0.39911622
-0.12,0.48,0.39171156,0.4279158,0.035045862,0.5630613,0.40189284
-0.12,0.52,0.39519876,0.43018505,0.034528915,0.5608128,0.4046583
-0.12,0.56,0.39866602,0.4324444,0.034021292,0.5585663,0.4074124
-0.12,0.6,0.4021132,0.4346935,0.033522837,0.55632234,0.41015485
-0.12,0.64,0.4055404,0.43693233,0.033033364,0.5540812,0.4128855
-0.12,0.68,0.40894768,0.4391607,0.03255271,0.5518432,0.4156041
-0.12,0.72,0.41233507,0.4413785,0.03208074,0.5496088,0.41831046
-0.12,0.76,0.4157026,0.44358557,0.03161725,0.54737824,0.42100447
-0.12,0.8,0.41905043,0.44578195,0.031162072,0.5451518,0.42368606
-0.12,0.84,0.42237854,0.4479674,0.030715106,0.54293,0.42635497
-0.12,0.88,0.42568713,0.4501419,0.03027613,0.5407127,0.4290111
-0.12,0.92,0.42897612,0.4523053,0.02984504,0.53850067,0.4316543
-0.12,0.96,0.43224573,0.45445758,0.02942164,0.53629386,0.43428454
-0.12,1.0,0.43549606,0.45659864,0.029005809,0.5340925,0.43690166
-0.12,1.04,0.4387271,0.45872843,0.028597392,0.53189707,0.43950552
-0.12,1.08,0.441939,0.46084684,0.028196262,0.5297077,0.44209605
-0.12,1.12,0.44513184,0.46295384,0.027802264,0.52752453,0.44467318
-0.12,1.16,0.4483057,0.4650494,0.02741525,0.52534795,0.4472368
-0.12,1.2,0.45146072,0.4671334,0.027035095,0.52317804,0.44978684
-0.12,1.24,0.45459685,0.46920574,0.026661687,0.5210152,0.45232314
-0.12,1.28,0.45771423,0.4712664,0.026294885,0.5188595,0.45484558
-0.12,1.32,0.46081296,0.47331536,0.025934555,0.5167112,0.45735425
-0.12,1.36,0.46389303,0.47535253,0.025580566,0.51457053,0.45984888
-0.12,1.4,0.4669546,0.4773779,0.025232838,0.51243764,0.4623295
-0.12,1.44,0.46999758,0.47939125,0.02489123,0.5103129,0.46479592
-0.12,1.48,0.47302207,0.4813926,0.02455563,0.50819623,0.46724805
-0.12,1.52,0.47602808,0.48338193,0.024225937,0.5060882,0.46968585
-0.12,1.56,0.47901568,0.4853591,0.02390204,0.5039888,0.4721092
-0.12,1.6,0.48198488,0.48732406,0.023583837,0.5018982,0.47451794
-0.12,1.64,0.48493567,0.48927674,0.023271212,0.49981675,0.47691205
-0.12,1.68,0.487868,0.49121705,0.022964073,0.49774456,0.47929138
-0.12,1.72,0.49078196,0.493145,0.02266234,0.49568185,0.48165587
-0.12,1.76,0.4936776,0.49506038,0.02236589,0.49362868,0.48400542
-0.12,1.8,0.49655467,0.49696314,0.022074668,0.49158555,0.48633978
-0.12,1.84,0.49941337,0.49885324,0.021788547,0.48955244,0.48865896
-0.12,1.88,0.50225365,0.5007307,0.021507446,0.4875296,0.49096298
-0.12,1.92,0.50507534,0.50259525,0.021231296,0.48551726,0.49325147
-0.12,1.96,0.5078786,0.504447,0.020960009,0.48351547,0.4955245
-0.12,2.0,0.5106633,0.50628567,0.020693477,0.4815246,0.4977819
-0.08,-2.0,0.13882563,0.2782748,0.09359653,0.68420273,0.22220075
-0.08,-1.96,0.14324416,0.28055173,0.09215175,0.68297374,0.22487445
-0.08,-1.92,0.14765646,0.28283942,0.090726115,0.6817101,0.22756366
-0.08,-1.88,0.15206203,0.28513753,0.08931961,0.6804125,0.23026791
-0.08,-1.84,0.1564605,0.2874457,0.08793219,0.67908114,0.2329867
-0.08,-1.8,0.16085152,0.28976354,0.08656376,0.67771655,0.23571964
-0.08,-1.76,0.16523461,0.29209083,0.08521428,0.6763194,0.23846634
-0.08,-1.72,0.16960943,0.29442707,0.08388362,0.6748901,0.24122629
-0.08,-1.68,0.17397565,0.29677203,0.082571685,0.67342925,0.24399911
-0.08,-1.64,0.17833282,0.29912528,0.0812785,0.6719372,0.24678428
-0.08,-1.6,0.18268065,0.30148652,0.08000383,0.67041475,0.24958141
-0.08,-1.56,0.1870188,0.3038554,0.078747556,0.6688624,0.25239003
-0.08,-1.52,0.19134687,0.30623153,0.07750964,0.66728073,0.25520968
-0.08,-1.48,0.19566464,0.30861452,0.0762899,0.6656702,0.2580399
-0.08,-1.44,0.1999717,0.31100407,0.07508825,0.66403157,0.26088017
-0.08,-1.4,0.20426783,0.3133999,0.07390448,0.66236526,0.26373026
-0.08,-1.36,0.2085527,0.31580153,0.07273851,0.660672,0.26658946
-0.08,-1.32,0.21282604,0.31820866,0.07159021,0.6589524,0.26945746
-0.08,-1.28,0.2170876,0.32062098,0.070459306,0.65720695,0.2723338
-0.08,-1.24,0.22133707,0.323038,0.06934576,0.65543634,0.2752179
-0.08,-1.2,0.22557418,0.32545954,0.06824941,0.65364116,0.27810946
-0.08,-1.16,0.22979875,0.3278851,0.06716998,0.65182215,0.28100792
-0.08,-1.12,0.2340105,0.33031443,0.06610742,0.6499797,0.28391287
-0.08,-1.08,0.23820923,0.33274716,0.06506148,0.64811456,0.28682387
-0.08,-1.04,0.24239469,0.33518296,0.06403204,0.6462274,0.2897405
-0.08,-1.0,0.24656661,0.3376214,0.06301889,0.6443189,0.29266217
-0.08,-0.96,0.25072485,0.3400622,0.0620219,0.64238954,0.29558855
-0.08,-0.92,0.25486916,0.34250507,0.061040796,0.64044005,0.29851922
-0.08,-0.88,0.2589993,0.34494942,0.060075507,0.6384709,0.30145353
-0.08,-0.84,0.2631151,0.34739518,0.059125803,0.636483,0.3043912
-0.08,-0.8,0.26721632,0.34984183,0.05819152,0.6344768,0.3073317
-0.08,-0.76,0.27130273,0.35228902,0.05727248,0.63245296,0.31027454
-0.08,-0.72,0.2753741,0.35473648,0.05636846,0.6304122,0.31321934
-0.08,-0.68,0.2794303,0.35718372,0.055479363,0.6283551,0.31616554
-0.08,-0.64,0.28347102,0.35963047,0.054604955,0.6262824,0.3191127
-0.08,-0.6,0.2874961,0.36207634,0.053745028,0.62419456,0.32206038
-0.08,-0.56,0.29150522,0.36452094,0.052899495,0.6220925,0.325008
-0.08,-0.52,0.29549825,0.3669639,0.052068114,0.6199767,0.32795516
-0.08,-0.48,0.2994749,0.3694049,0.051250737,0.6178479,0.33090138
-0.08,-0.44,0.3034349,0.3718434,0.050447233,0.61570674,0.33384606
-0.08,-0.4,0.30737814,0.37427923,0.0496573,0.61355376,0.33678886
-0.08,-0.36,0.3113042,0.37671188,0.048880916,0.6113899,0.33972916
-0.08,-0.32,0.315213,0.37914094,0.048117846,0.6092156,0.3426665
-0.08,-0.28,0.3191042,0.38156617,0.04736789,0.6070317,0.34560046
-0.08,-0.24,0.32297757,0.38398698,0.04663093,0.6048386,0.3485304
-0.08,-0.2,0.32683292,0.3864032,0.045906764,0.60263723,0.351456
-0.08,-0.16,0.33067,0.3888144,0.045195214,0.6004281,0.35437673
-0.08,-0.12,0.33448848,0.39122003,0.044496156,0.5982119,0.35729194
-0.08,-0.08,0.3382883,0.39361998,0.043809388,0.5959893,0.36020136
-0.08,-0.04,0.3420691,0.39601368,0.043134756,0.5937609,0.36310437
-0.08,0.0,0.3458308,0.39840093,0.042472064,0.5915273,0.36600065
-0.08,0.04,0.34957314,0.4007813,0.04182116,0.5892891,0.3688897
-0.08,0.08,0.35329592,0.4031545,0.04118187,0.5870471,0.37177107
-0.08,0.12,0.35699907,0.40552017,0.040554,0.5848016,0.37464434
-0.08,0.16,0.36068237,0.40787816,0.03993739,0.58255345,0.3775092
-0.08,0.2,0.36434573,0.41022795,0.039331842,0.58030295,0.3803652
-0.08,0.24,0.36798897,0.4125694,0.03873724,0.57805085,0.38321194
-0.08,0.28,0.37161207,0.41490215,0.038153358,0.5757975,0.3860491
-0.08,0.32,0.37521496,0.4172261,0.03758002,0.57354355,0.3888764
-0.08,0.36,0.37879753,0.41954088,0.03701705,0.5712895,0.39169347
-0.08,0.4,0.38235977,0.42184633,0.03646428,0.56903565,0.39450002
-0.08,0.44,0.38590166,0.42414224,0.035921514,0.5667826,0.39729583
-0.08,0.48,0.3894232,0.4264284,0.035388608,0.5645308,0.4000806
-0.08,0.52,0.3929244,0.42870468,0.03486534,0.5622805,0.4028541
-0.08,0.56,0.39640528,0.43097094,0.03435157,0.56003225,0.40561616
-0.08,0.6,0.39986593,0.43322694,0.0338471,0.55778635,0.40836653
-0.08,0.64,0.40330637,0.4354726,0.033351738,0.5555432,0.41110507
-0.08,0.68,0.40672666,0.43770784,0.032865364,0.5533031,0.41383153
-0.08,0.72,0.4101269,0.43993253,0.032387752,0.55106646,0.41654587
-0.08,0.76,0.41350722,0.44214645,0.031918757,0.54883343,0.41924778
-0.08,0.8,0.41686767,0.4443497,0.031458195,0.54660445,0.42193735
-0.08,0.84,0.42020836,0.44654208,0.031005954,0.54437983,0.42461428
-0.08,0.88,0.42352936,0.44872358,0.03056181,0.5421597,0.42727855
-0.08,0.92,0.42683092,0.450894,0.030125618,0.53994435,0.42992994
-0.08,0.96,0.430113,0.4530534,0.029697241,0.5377342,0.43256852
-0.08,1.0,0.43337578,0.4552018,0.029276486,0.5355294,0.43519416
-0.08,1.04,0.4366193,0.45733887,0.02886328,0.53333014,0.43780658
-0.08,1.08,0.4398438,0.45946482,0.028457388,0.5311367,0.44040594
-0.08,1.12,0.44304934,0.4615794,0.028058715,0.5289492,0.44299203
-0.08,1.16,0.44623598,0.4636828,0.027667101,0.5267681,0.4455649
-0.08,1.2,0.4494038,0.4657746,0.027282437,0.5245935,0.44812414
-0.08,1.24,0.45255294,0.46785504,0.026904553,0.5224255,0.45066997
-0.08,1.28,0.45568344,0.46992394,0.02653334,0.52026445,0.45320225
-0.08,1.32,0.4587954,0.47198126,0.026168667,0.5181106,0.45572075
-0.08,1.36,0.46188897,0.47402698,0.025810411,0.5159639,0.4582256
-0.08,1.4,0.46496406,0.476061,0.025458468,0.51382494,0.46071655
-0.08,1.44,0.46802077,0.4780833,0.025112692,0.5116937,0.46319363
-0.08,1.48,0.4710592,0.4800937,0.024772983,0.5095704,0.46565655
-0.08,1.52,0.47407937,0.4820923,0.024439236,0.50745535,0.46810544
-0.08,1.56,0.47708124,0.48407888,0.024111332,0.5053486,0.47054002
-0.08,1.6,0.48006493,0.48605347,0.023789177,0.5032505,0.47296032
-0.08,1.64,0.4830304,0.48801598,0.02347265,0.50116116,0.47536623
-0.08,1.68,0.48597756,0.48996618,0.023161683,0.49908087,0.47775742
-0.08,1.72,0.48890662,0.49190426,0.022856139,0.49700972,0.48013416
-0.08,1.76,0.49181738,0.4938299,0.022555958,0.49494806,0.482496
-0.08,1.8,0.49470994,0.4957432,0.022261018,0.49289593,0.48484305
-0.08,1.84,0.49758425,0.49764398,0.02197125,0.4908537,0.4871751
-0.08,1.88,0.50044024,0.49953213,0.02168656,0.48882145,0.48949203
-0.08,1.92,0.50327796,0.5014076,0.02140684,0.48679936,0.49179375
-0.08,1.96,0.5060974,0.50327045,0.021132048,0.48478773,0.49408025
-0.08,2.0,0.5088984,0.5051204,0.020862054,0.48278666,0.49635127
-0.04,-2.0,0.13527435,0.2764549,0.09477024,0.6851639,0.22006579
-0.04,-1.96,0.13970369,0.27872616,0.093308054,0.6839615,0.22273053
-0.04,-1.92,0.14412743,0.2810086,0.09186502,0.6827237,0.2254113
-0.04,-1.88,0.14854512,0.2833019,0.09044105,0.6814513,0.22810765
-0.04,-1.84,0.15295634,0.28560573,0.08903615,0.68014467,0.23081915
-0.04,-1.8,0.15736075,0.2879198,0.08765026,0.6788043,0.23354548
-0.04,-1.76,0.16175789,0.29024372,0.08628335,0.67743057,0.23628612
-0.04,-1.72,0.16614738,0.29257712,0.08493529,0.676024,0.23904063
-0.04,-1.68,0.1705289,0.2949198,0.083606005,0.6745853,0.2418087
-0.04,-1.64,0.17490199,0.2972712,0.08229545,0.67311484,0.2445897
-0.04,-1.6,0.17926636,0.29963118,0.081003465,0.67161316,0.24738336
-0.04,-1.56,0.18362163,0.30199927,0.07973,0.6700809,0.25018913
-0.04,-1.52,0.18796743,0.30437508,0.07847492,0.6685185,0.25300655
-0.04,-1.48,0.1923035,0.30675834,0.07723808,0.6669267,0.25583518
-0.04,-1.44,0.1966294,0.3091487,0.076019436,0.665306,0.25867462
-0.04,-1.4,0.20094493,0.31154573,0.0748188,0.66365683,0.26152435
-0.04,-1.36,0.20524971,0.31394914,0.07363603,0.66198,0.26438394
-0.04,-1.32,0.20954345,0.31635854,0.07247099,0.660276,0.26725292
-0.04,-1.28,0.21382588,0.31877357,0.07132357,0.6585456,0.27013084
-0.04,-1.24,0.21809667,0.32119384,0.07019362,0.6567892,0.2730172
-0.04,-1.2,0.2223556,0.32361907,0.06908094,0.6550075,0.27591157
-0.04,-1.16,0.22660235,0.3260488,0.06798545,0.65320116,0.27881342
-0.04,-1.12,0.23083666,0.32848275,0.0669069,0.65137076,0.28172237
-0.04,-1.08,0.23505826,0.3309205,0.065845154,0.64951694,0.2846379
-0.04,-1.04,0.23926693,0.33336172,0.06480011,0.64764035,0.28755954
-0.04,-1.0,0.24346238,0.335806,0.06377154,0.64574164,0.29048684
-0.04,-0.96,0.24764436,0.33825302,0.06275925,0.6438215,0.29341927
-0.04,-0.92,0.2518126,0.3407024,0.06176318,0.6418804,0.2963564
-0.04,-0.88,0.25596687,0.34315377,0.06078304,0.6399192,0.29929778
-0.04,-0.84,0.26010692,0.34560665,0.059818752,0.63793844,0.30224276
-0.04,-0.8,0.26423246,0.34806082,0.058870107,0.6359389,0.30519104
-0.04,-0.76,0.2683433,0.3505158,0.05793687,0.6339211,0.30814204
-0.04,-0.72,0.27243912,0.35297123,0.057018995,0.63188577,0.31109524
-0.04,-0.68,0.27651966,0.3554267,0.05611622,0.62983364,0.31405017
-0.04,-0.64,0.2805847,0.35788184,0.055228405,0.62776536,0.3170063
-0.04,-0.6,0.28463393,0.36033627,0.054355375,0.6256815,0.31996313
-0.04,-0.56,0.28866714,0.36278954,0.053496916,0.6235829,0.32292017
-0.04,-0.52,0.292684,0.36524126,0.052652966,0.6214702,0.32587683
-0.04,-0.48,0.2966842,0.3676911,0.05182325,0.6193441,0.32883272
-0.04,-0.44,0.30066758,0.37013853,0.05100766,0.61720526,0.33178714
-0.04,-0.4,0.30463383,0.37258327,0.05020596,0.61505437,0.3347397
-0.04,-0.36,0.30858263,0.3750248,0.049418055,0.6128921,0.33768985
-0.04,-0.32,0.31251374,0.37746274,0.04864375,0.6107192,0.340637
-0.04,-0.28,0.31642684,0.37989676,0.04788285,0.6085364,0.34358075
-0.04,-0.24,0.3203217,0.38232636,0.047135226,0.6063444,0.34652042
-0.04,-0.2,0.3241981,0.38475126,0.04640066,0.6041437,0.34945565
-0.04,-0.16,0.3280557,0.3871709,0.045679007,0.60193515,0.35238582
-0.04,-0.12,0.33189437,0.38958508,0.044970088,0.5997194,0.35531053
-0.04,-0.08,0.33571374,0.39199322,0.044273756,0.59749705,0.35822913
-0.04,-0.04,0.3395137,0.39439514,0.043589804,0.5952689,0.36114135
-0.04,0.0,0.343294,0.39679044,0.042918038,0.59303534,0.36404666
-0.04,0.04,0.34705442,0.39917865,0.042258315,0.59079725,0.36694446
-0.04,0.08,0.35079482,0.40155953,0.04161047,0.58855516,0.36983445
-0.04,0.12,0.3545151,0.4039328,0.04097427,0.5863095,0.37271625
-0.04,0.16,0.358215,0.40629804,0.04034958,0.5840611,0.3755893
-0.04,0.2,0.36189452,0.4086551,0.03973618,0.58181036,0.37845346
-0.04,0.24,0.36555347,0.41100365,0.0391339,0.57955784,0.38130823
-0.04,0.28,0.36919183,0.4133434,0.038542572,0.57730424,0.38415322
-0.04,0.32,0.37280953,0.4156741,0.03796199,0.5750499,0.38698813
-0.04,0.36,0.37640655,0.4179956,0.037391976,0.5727953,0.38981277
-0.04,0.4,0.37998292,0.42030767,0.03683233,0.57054085,0.39262682
-0.04,0.44,0.38353854,0.42261,0.0362829,0.56828713,0.3954299
-0.04,0.48,0.38707352,0.42490262,0.03574344,0.56603456,0.39822197
-0.04,0.52,0.39058787,0.42718527,0.035213828,0.56378347,0.4010027
-0.04,0.56,0.39408162,0.42945775,0.03469383,0.5615343,0.40377185
-0.04,0.6,0.39755493,0.43172005,0.03418329,0.5592873,0.40652937
-0.04,0.64,0.4010078,0.43397197,0.033682004,0.557043,0.409275
-0.04,0.68,0.4044404,0.43621346,0.03318981,0.5548016,0.41200864
-0.04,0.72,0.4078528,0.43844435,0.03270652,0.55256337,0.41473007
-0.04,0.76,0.41124514,0.4406646,0.032231964,0.55032873,0.41743925
-0.04,0.8,0.4146175,0.44287422,0.031765968,0.54809797,0.4201361
-0.04,0.84,0.4179701,0.44507298,0.031308353,0.5458713,0.42282036
-0.04,0.88,0.42130294,0.44726083,0.03085896,0.54364896,0.42549202
-0.04,0.92,0.42461628,0.44943795,0.030417617,0.5414313,0.42815116
-0.04,0.96,0.4279102,0.45160398,0.02998417,0.5392184,0.4307974
-0.04,1.0,0.43118486,0.45375907,0.02955845,0.5370107,0.43343085
-0.04,1.04,0.43444034,0.45590308,0.029140323,0.53480834,0.43605137
-0.04,1.08,0.43767682,0.45803598,0.028729625,0.53261155,0.43865883
-0.04,1.12,0.44089442,0.46015778,0.028326197,0.5304205,0.44125333
-0.04,1.16,0.44409326,0.46226835,0.02792991,0.52823544,0.4438347
-0.04,1.2,0.44727334,0.46436763,0.027540624,0.52605665,0.44640273
-0.04,1.24,0.45043492,0.46645573,0.0271582,0.52388424,0.4489576
-0.04,1.28,0.45357803,0.46853244,0.026782516,0.5217185,0.45149902
-0.04,1.32,0.45670268,0.4705977,0.026413428,0.5195596,0.454027
-0.04,1.36,0.45980915,0.4726516,0.026050802,0.5174077,0.4565415
-0.04,1.4,0.46289727,0.4746939,0.025694553,0.51526314,0.45904228
-0.04,1.44,0.46596727,0.47672468,0.025344538,0.5131261,0.46152943
-0.04,1.48,0.46901911,0.47874382,0.025000634,0.5109966,0.46400276
-0.04,1.52,0.47205284,0.48075122,0.02466276,0.5088751,0.46646214
-0.04,1.56,0.47506854,0.48274687,0.024330761,0.5067616,0.4689076
-0.04,1.6,0.47806618,0.48473072,0.024004571,0.50465643,0.47133896
-0.04,1.64,0.4810458,0.48670262,0.023684077,0.50255984,0.47375613
-0.04,1.68,0.48400742,0.4886625,0.023369169,0.5004719,0.47615892
-0.04,1.72,0.48695108,0.49061036,0.023059739,0.49839282,0.4785474
-0.04,1.76,0.4898766,0.49254596,0.022755722,0.49632305,0.48092118
-0.04,1.8,0.49278414,0.4944694,0.022457004,0.49426255,0.48328045
-0.04,1.84,0.49567372,0.49638057,0.02216349,0.4922115,0.485625
-0.04,1.88,0.49854508,0.4982792,0.021875117,0.4901703,0.4879546
-0.04,1.92,0.5013984,0.50016546,0.02159177,0.48813903,0.4902692
-0.04,1.96,0.50423354,0.5020391,0.021313358,0.4861179,0.49256876
-0.04,2.0,0.50705045,0.50390005,0.021039832,0.4841071,0.49485308
0.0,-2.0,0.13174345,0.27465448,0.09594838,0.6860961,0.21795551
0.0,-1.96,0.13618186,0.2769191,0.09446927,0.6849206,0.22061016
0.0,-1.92,0.14061531,0.27919537,0.093009256,0.6837094,0.2232814
0.0,-1.88,0.14504339,0.28148293,0.09156835,0.6824629,0.22596875
0.0,-1.84,0.1494657,0.28378153,0.09014647,0.6811816,0.22867191
0.0,-1.8,0.15388179,0.2860908,0.088743575,0.67986596,0.23139043
0.0,-1.76,0.1582913,0.28841043,0.087359615,0.67851645,0.23412389
0.0,-1.72,0.1626938,0.29074007,0.08599457,0.6771336,0.23687185
0.0,-1.68,0.16708894,0.29307944,0.08464827,0.6757178,0.23963395
0.0,-1.64,0.1714763,0.2954281,0.083320685,0.6742697,0.24240963
0.0,-1.6,0.17585555,0.29778573,0.08201183,0.6727897,0.24519855
0.0,-1.56,0.18022633,0.30015203,0.080721416,0.67127836,0.24800026
0.0,-1.52,0.18458824,0.3025266,0.079449505,0.6697362,0.25081426
0.0,-1.48,0.18894096,0.30490905,0.07819587,0.66816396,0.2536401
0.0,-1.44,0.19328411,0.3072991,0.0769605,0.66656214,0.25647733
0.0,-1.4,0.19761743,0.30969638,0.07574324,0.66493124,0.25932553
0.0,-1.36,0.20194054,0.31210053,0.07454392,0.66327184,0.26218423
0.0,-1.32,0.20625311,0.31451112,0.07336247,0.6615846,0.2650529
0.0,-1.28,0.21055487,0.31692782,0.07219871,0.65987015,0.26793113
0.0,-1.24,0.21484548,0.31935036,0.07105255,0.65812904,0.27081847
0.0,-1.2,0.21912463,0.32177812,0.069923766,0.65636194,0.2737143
0.0,-1.16,0.22339205,0.324211,0.0688123,0.6545693,0.27661833
0.0,-1.12,0.22764741,0.32664847,0.06771796,0.6527521,0.27952996
0.0,-1.08,0.23189044,0.32909018,0.06664059,0.6509106,0.2824487
0.0,-1.04,0.23612083,0.3315358,0.06558007,0.6490458,0.28537408
0.0,-1.0,0.24033828,0.33398485,0.064536184,0.64715815,0.28830564
0.0,-0.96,0.24454255,0.33643705,0.06350881,0.6452483,0.29124287
0.0,-0.92,0.2487333,0.33889192,0.062497824,0.643317,0.2941852
0.0,-0.88,0.25291023,0.34134912,0.061502974,0.6413648,0.29713222
0.0,-0.84,0.2570731,0.3438082,0.060524162,0.6393925,0.30008334
0.0,-0.8,0.26122156,0.34626874,0.059561238,0.63740075,0.303038
0.0,-0.76,0.26535538,0.34873047,0.05861398,0.6353902,0.30599582
0.0,-0.72,0.2694742,0.35119283,0.05768224,0.6333616,0.30895615
0.0,-0.68,0.27357772,0.35365543,0.056765918,0.6313156,0.31191847
0.0,-0.64,0.27766567,0.35611793,0.055864766,0.629253,0.31488228
0.0,-0.6,0.28173772,0.35857987,0.05497866,0.6271743,0.317847
0.0,-0.56,0.2857936,0.3610408,0.054107416,0.62508047,0.32081217
0.0,-0.52,0.2898329,0.3635002,0.05325089,0.622972,0.32377705
0.0,-0.48,0.29385543,0.36595783,0.052408863,0.6208498,0.32674128
0.0,-0.44,0.29786083,0.3684132,0.051581237,0.6187146,0.32970425
0.0,-0.4,0.3018487,0.3708657,0.05076785,0.6165669,0.33266526
0.0,-0.36,0.3058189,0.37331516,0.049968444,0.61440754,0.33562398
0.0,-0.32,0.309771,0.37576103,0.04918293,0.6122374,0.3385797
0.0,-0.28,0.31370476,0.3782028,0.048411127,0.61005694,0.34153193
0.0,-0.24,0.31761986,0.38064024,0.047652844,0.60786706,0.34448016
0.0,-0.2,0.32151604,0.3830728,0.046907898,0.60566837,0.3474238
0.0,-0.16,0.325393,0.3855,0.046176136,0.6034616,0.35036224
0.0,-0.12,0.32925048,0.38792163,0.045457397,0.6012475,0.35329515
0.0,-0.08,0.3330883,0.39033717,0.044751465,0.59902656,0.35622194
0.0,-0.04,0.33690616,0.39274633,0.044058174,0.59679973,0.35914212
0.0,0.0,0.34070393,0.39514872,0.043377355,0.5945674,0.36205524
0.0,0.04,0.34448135,0.3975439,0.042708825,0.59233046,0.36496076
0.0,0.08,0.34823826,0.39993158,0.042052392,0.5900893,0.3678583
0.0,0.12,0.35197452,0.4023115,0.041407857,0.58784467,0.37074745
0.0,0.16,0.35569,0.40468335,0.04077503,0.58559716,0.37362784
0.0,0.2,0.35938466,0.40704682,0.04015373,0.5833472,0.3764991
0.0,0.24,0.36305833,0.40940166,0.039543778,0.58109546,0.3793608
0.0,0.28,0.36671093,0.41174752,0.038944982,0.57884246,0.38221258
0.0,0.32,0.37034255,0.41408426,0.038357116,0.5765886,0.38505426
0.0,0.36,0.37395316,0.4164118,0.03777999,0.57433444,0.3878856
0.0,0.4,0.3775427,0.41872972,0.037213422,0.57208043,0.39070618
0.0,0.44,0.3811112,0.42103785,0.036657248,0.5698271,0.39351574
0.0,0.48,0.38465878,0.42333624,0.0361112,0.5675746,0.39631423
0.0,0.52,0.38818544,0.4256245,0.035575148,0.5653236,0.39910126
0.0,0.56,0.39169133,0.4279027,0.035048883,0.56307435,0.40187684
0.0,0.6,0.39517653,0.4301706,0.0345322,0.56082714,0.40464067
0.0,0.64,0.3986411,0.43242812,0.034024924,0.5585825,0.4073926
0.0,0.68,0.40208527,0.43467525,0.033526845,0.5563405,0.41013262
0.0,0.72,0.40550914,0.43691185,0.033037808,0.55410165,0.4128605
0.0,0.76,0.40891284,0.43913794,0.032557596,0.5518662,0.41557628
0.0,0.8,0.41229647,0.4413532,0.032086074,0.5496343,0.41827962
0.0,0.84,0.41566026,0.44355786,0.03162304,0.5474064,0.42097062
0.0,0.88,0.41900435,0.44575167,0.031168316,0.5451826,0.4236491
0.0,0.92,0.42232892,0.4479348,0.030721728,0.54296315,0.42631513
0.0,0.96,0.4256341,0.45010707,0.030283112,0.5407484,0.42896852
0.0,1.0,0.42892,0.45226836,0.029852344,0.53853846,0.43160918
0.0,1.04,0.43218684,0.45441875,0.029429223,0.5363336,0.4342371
0.0,1.08,0.43543476,0.4565583,0.029013598,0.53413415,0.43685228
0.0,1.12,0.4386638,0.45868677,0.028605353,0.53194016,0.43945456
0.0,1.16,0.44187424,0.4608041,0.028204298,0.5297519,0.4420438
0.0,1.2,0.44506618,0.4629105,0.027810311,0.5275695,0.44462016
0.0,1.24,0.4482396,0.4650057,0.027423268,0.52539337,0.44718337
0.0,1.28,0.4513947,0.46708977,0.027043013,0.5232236,0.44973347
0.0,1.32,0.45453164,0.46916264,0.026669404,0.52106017,0.4522704
0.0,1.36,0.45765048,0.47122422,0.026302349,0.5189036,0.454794
0.0,1.4,0.46075112,0.47327447,0.02594171,0.51675415,0.45730415
0.0,1.44,0.46383384,0.4753134,0.02558735,0.5146118,0.45980093
0.0,1.48,0.46689856,0.47734082,0.025239168,0.51247674,0.46228412
0.0,1.52,0.46994552,0.4793568,0.024897039,0.5103492,0.46475372
0.0,1.56,0.4729745,0.48136112,0.024560882,0.5082296,0.4672095
0.0,1.6,0.47598568,0.48335385,0.02423057,0.506118,0.46965143
0.0,1.64,0.47897905,0.48533484,0.023905987,0.50401455,0.47207946
0.0,1.68,0.48195463,0.48730406,0.023587056,0.50191957,0.47449344
0.0,1.72,0.48491234,0.48926136,0.023273658,0.49983323,0.47689316
0.0,1.76,0.48785233,0.49120674,0.022965709,0.49775562,0.4792787
0.0,1.8,0.4907744,0.49313992,0.022663122,0.4956872,0.4816497
0.0,1.84,0.49367866,0.4950611,0.02236578,0.49362794,0.4840063
0.0,1.88,0.49656504,0.49697,0.02207362,0.4915782,0.48634815
0.0,1.92,0.49943355,0.49886662,0.021786544,0.4895381,0.48867536
0.0,1.96,0.502284,0.5007508,0.021504458,0.487508,0.4909876
0.0,2.0,0.5051165,0.5026225,0.021227296,0.48548788,0.49328485
0.04,-2.0,0.1282302,0.27287206,0.09713164,0.6870002,0.21586818
0.04,-1.96,0.13267596,0.27512914,0.09563615,0.6858522,0.21851166
0.04,-1.92,0.13711745,0.2773983,0.09415973,0.68466806,0.22117224
0.04,-1.88,0.1415542,0.27967924,0.09270229,0.68344814,0.2238496
0.04,-1.84,0.14598586,0.28197163,0.09126389,0.6821929,0.22654323
0.04,-1.8,0.15041196,0.28427517,0.08984443,0.6809027,0.2292528
0.04,-1.76,0.15483214,0.2865896,0.08844389,0.6795782,0.23197795
0.04,-1.72,0.15924595,0.28891444,0.0870622,0.6782196,0.23471817
0.04,-1.68,0.16365306,0.29124954,0.08569932,0.6768276,0.23747315
0.04,-1.64,0.16805302,0.2935944,0.084355146,0.6754026,0.24024229
0.04,-1.6,0.17244549,0.29594874,0.08302964,0.6739451,0.24302529
0.04,-1.56,0.17683008,0.29831216,0.08172272,0.6724556,0.24582164
0.04,-1.52,0.18120645,0.30068445,0.080434225,0.67093474,0.24863102
0.04,-1.48,0.18557419,0.3030651,0.079164155,0.669383,0.25145277
0.04,-1.44,0.189933,0.3054539,0.07791233,0.667801,0.25428665
0.04,-1.4,0.19428247,0.30785033,0.076678686,0.66618925,0.25713202
0.04,-1.36,0.19862229,0.3102541,0.07546314,0.6645484,0.2599885
0.04,-1.32,0.20295213,0.3126649,0.07426546,0.66287893,0.26285565
0.04,-1.28,0.20727164,0.31508222,0.07308561,0.66118157,0.26573288
0.04,-1.24,0.2115805,0.31750584,0.0719234,0.65945673,0.26861984
0.04,-1.2,0.21587832,0.31993523,0.070778765,0.6577053,0.27151594
0.04,-1.16,0.22016485,0.3223701,0.06965154,0.6559277,0.2744207
0.04,-1.12,0.22443973,0.32481006,0.06854157,0.6541247,0.2773337
0.04,-1.08,0.22870263,0.32725468,0.06744873,0.65229684,0.2802544
0.04,-1.04,0.23295324,0.32970354,0.06637291,0.65044487,0.2831822
0.04,-1.0,0.23719122,0.33215633,0.06531386,0.6485694,0.2861167
0.04,-0.96,0.24141625,0.33461258,0.06427153,0.6466711,0.28905734
0.04,-0.92,0.245628,0.33707187,0.063245706,0.64475065,0.29200357
0.04,-0.88,0.24982616,0.3395338,0.062236283,0.6428088,0.2949549
0.04,-0.84,0.25401038,0.341998,0.06124307,0.64084613,0.29791078
0.04,-0.8,0.2581803,0.34446394,0.060265966,0.6388635,0.30087057
0.04,-0.76,0.26233563,0.34693125,0.059304737,0.6368614,0.3038338
0.04,-0.72,0.26647598,0.34939942,0.058359306,0.6348407,0.3067999
0.04,-0.68,0.27060106,0.35186815,0.05742945,0.6328022,0.30976835
0.04,-0.64,0.27471048,0.3543369,0.056515053,0.6307465,0.31273848
0.04,-0.6,0.27880394,0.35680526,0.055615913,0.6286743,0.3157098
0.04,-0.56,0.28288108,0.35927272,0.05473191,0.6265864,0.3186817
0.04,-0.52,0.28694147,0.3617388,0.053862847,0.62448364,0.3216535
0.04,-0.48,0.29098487,0.36420318,0.05300862,0.6223666,0.32462478
0.04,-0.44,0.29501086,0.36666527,0.052169032,0.6202361,0.32759485
0.04,-0.4,0.29901913,0.3691247,0.051343895,0.61809295,0.33056313
0.04,-0.36,0.3030093,0.37158093,0.05053308,0.6159378,0.33352903
0.04,-0.32,0.3069811,0.37403366,0.049736388,0.61377156,0.3364921
0.04,-0.28,0.3109341,0.37648222,0.048953686,0.6115948,0.33945152
0.04,-0.24,0.31486815,0.37892637,0.048184752,0.60940826,0.342407
0.04,-0.2,0.31878284,0.3813656,0.047429472,0.6072128,0.34535778
0.04,-0.16,0.32267788,0.38379943,0.046687614,0.60500896,0.34830338
0.04,-0.12,0.32655302,0.38622755,0.045959026,0.6027977,0.3512433
0.04,-0.08,0.33040807,0.38864955,0.04524349,0.60057944,0.35417703
0.04,-0.04,0.33424267,0.39106497,0.04454089,0.5983551,0.357104
0.04,0.0,0.3380567,0.3934735,0.043851007,0.59612525,0.36002377
0.04,0.04,0.34184995,0.3958747,0.043173634,0.5938905,0.3629358
0.04,0.08,0.34562227,0.39826846,0.042508572,0.5916515,0.3658399
0.04,0.12,0.34937352,0.4006542,0.04185566,0.58940893,0.3687354
0.04,0.16,0.35310352,0.4030317,0.041214705,0.5871633,0.37162197
0.04,0.2,0.3568123,0.40540078,0.040585484,0.5849152,0.3744993
0.04,0.24,0.36049965,0.40776107,0.039967794,0.5826653,0.37736693
0.04,0.28,0.36416566,0.41011235,0.039361443,0.58041394,0.38022467
0.04,0.32,0.3678103,0.41245446,0.038766235,0.5781616,0.3830722
0.04,0.36,0.3714335,0.4147871,0.03818196,0.57590896,0.38590914
0.04,0.4,0.37503535,0.41711012,0.03760843,0.5736562,0.3887353
0.04,0.44,0.37861595,0.41942346,0.037045408,0.57140404,0.39155057
0.04,0.48,0.3821753,0.42172685,0.036492728,0.5691527,0.39435458
0.04,0.52,0.38571355,0.42402023,0.03595017,0.5669026,0.39714724
0.04,0.56,0.3892308,0.42630342,0.035417557,0.5646541,0.3999283
0.04,0.6,0.39272717,0.4285764,0.034894645,0.5624076,0.40269777
0.04,0.64,0.3962028,0.430839,0.034381274,0.5601633,0.40545535
0.04,0.68,0.3996578,0.43309116,0.033877265,0.55792177,0.40820098
0.04,0.72,0.40309244,0.4353329,0.03338237,0.55568296,0.41093463
0.04,0.76,0.40650687,0.43756413,0.03289643,0.55344737,0.41365623
0.04,0.8,0.40990114,0.4397847,0.032419283,0.55121523,0.4163655
0.04,0.84,0.41327557,0.44199467,0.031950705,0.54898673,0.41906253
0.04,0.88,0.41663027,0.44419402,0.031490553,0.54676217,0.42174724
0.04,0.92,0.41996545,0.44638258,0.031038633,0.54454184,0.4244195
0.04,0.96,0.42328125,0.4485605,0.030594805,0.54232585,0.42707938
0.04,1.0,0.4265779,0.4507277,0.030158851,0.5401144,0.42972675
0.04,1.04,0.42985556,0.45288405,0.029730644,0.53790784,0.4323615
0.04,1.08,0.43311432,0.45502958,0.02931003,0.5357063,0.43498364
0.04,1.12,0.4363544,0.45716432,0.028896838,0.53351,0.43759316
0.04,1.16,0.43957597,0.4592882,0.028490921,0.53131914,0.44019
0.04,1.2,0.44277903,0.46140113,0.028092142,0.5291339,0.44277394
0.04,1.24,0.44596386,0.4635031,0.027700363,0.5269546,0.44534504
0.04,1.28,0.44913054,0.46559414,0.02731543,0.5247813,0.44790334
0.04,1.32,0.45227915,0.46767414,0.026937231,0.5226142,0.4504486
0.04,1.36,0.45540977,0.46974304,0.026565624,0.5204536,0.4529808
0.04,1.4,0.45852256,0.4718009,0.026200473,0.51829964,0.45549995
0.04,1.44,0.46161756,0.47384754,0.025841678,0.5161525,0.45800585
0.04,1.48,0.46469474,0.4758829,0.025489125,0.5140125,0.4604984
0.04,1.52,0.46775427,0.47790688,0.02514268,0.51187974,0.46297753
0.04,1.56,0.4707962,0.47991967,0.024802225,0.50975436,0.46544334
0.04,1.6,0.47382045,0.48192093,0.024467692,0.50763685,0.46789545
0.04,1.64,0.4768271,0.48391074,0.024138944,0.50552714,0.47033393
0.04,1.68,0.47981617,0.48588884,0.023815885,0.5034256,0.47275853
0.04,1.72,0.48278767,0.48785532,0.023498427,0.5013323,0.47516927
0.04,1.76,0.48574153,0.48980993,0.023186458,0.4992476,0.47756588
0.04,1.8,0.4886778,0.49175286,0.022879886,0.49717164,0.4799485
0.04,1.84,0.49159643,0.49368373,0.022578618,0.4951046,0.48231673
0.04,1.88,0.4944974,0.4956026,0.022282574,0.49304682,0.48467058
0.04,1.92,0.49738064,0.4975093,0.021991672,0.49099845,0.48700988
0.04,1.96,0.50024617,0.49940386,0.021705799,0.48895964,0.4893346
0.04,2.0,0.5030939,0.50128603,0.021424893,0.48693067,0.4916445
0.08,-2.0,0.12473197,0.27110612,0.09832083,0.6878771,0.21380201
0.08,-1.96,0.12918338,0.2733548,0.096809514,0.68675727,0.21643332
0.08,-1.92,0.13363114,0.2756159,0.09531716,0.6856007,0.21908216
0.08,-1.88,0.13807486,0.2778893,0.09384375,0.68440795,0.22174837
0.08,-1.84,0.14251414,0.2801746,0.092389286,0.6831794,0.22443141
0.08,-1.8,0.14694856,0.28247148,0.09095367,0.6819154,0.22713095
0.08,-1.76,0.15137766,0.28477967,0.08953698,0.68061644,0.22984658
0.08,-1.72,0.15580112,0.2870988,0.088139124,0.67928296,0.23257789
0.08,-1.68,0.16021849,0.2894286,0.086760014,0.6779155,0.23532452
0.08,-1.64,0.16462933,0.29176864,0.08539966,0.67651445,0.23808594
0.08,-1.6,0.16903336,0.29411864,0.0840579,0.67508024,0.2408618
0.08,-1.56,0.17343013,0.29647833,0.082734756,0.67361355,0.24365167
0.08,-1.52,0.17781928,0.29884723,0.08143009,0.67211485,0.24645507
0.08,-1.48,0.18220042,0.30122507,0.080143824,0.6705846,0.24927159
0.08,-1.44,0.18657318,0.30361143,0.078875884,0.6690234,0.25210068
0.08,-1.4,0.19093722,0.30600607,0.07762613,0.66743183,0.25494203
0.08,-1.36,0.19529215,0.30840844,0.07639455,0.6658104,0.25779504
0.08,-1.32,0.1996376,0.31081828,0.0751809,0.66415983,0.26065928
0.08,-1.28,0.20397328,0.31323522,0.07398518,0.6624805,0.2635343
0.08,-1.24,0.20829874,0.31565887,0.07280725,0.6607733,0.26641956
0.08,-1.2,0.21261369,0.31808877,0.0716469,0.65903854,0.26931456
0.08,-1.16,0.21691775,0.32052457,0.07050411,0.65727705,0.27221882
0.08,-1.12,0.22121057,0.32296586,0.069378704,0.6554894,0.27513182
0.08,-1.08,0.22549179,0.3254123,0.06827057,0.6536764,0.27805305
0.08,-1.04,0.22976106,0.32786343,0.067179546,0.6518385,0.280982
0.08,-1.0,0.23401801,0.33031878,0.066105545,0.6499764,0.28391805
0.08,-0.96,0.2382623,0.33277804,0.06504835,0.6480909,0.2868608
0.08,-0.92,0.24249354,0.3352406,0.064007886,0.6461826,0.28980955
0.08,-0.88,0.24671137,0.33770618,0.06298398,0.6442522,0.2927638
0.08,-0.84,0.2509154,0.34017432,0.061976485,0.6423005,0.29572302
0.08,-0.8,0.25510532,0.3426445,0.06098529,0.6403281,0.2986866
0.08,-0.76,0.2592807,0.34511635,0.0600102,0.6383358,0.30165395
0.08,-0.72,0.26344112,0.34758928,0.059051108,0.6363244,0.30462444
0.08,-0.68,0.2675863,0.35006297,0.05810784,0.6342945,0.3075976
0.08,-0.64,0.2717157,0.3525369,0.057180252,0.6322471,0.3105727
0.08,-0.6,0.2758291,0.3550105,0.05626819,0.6301826,0.3135492
0.08,-0.56,0.27992603,0.35748342,0.05537146,0.62810206,0.31652647
0.08,-0.52,0.2840061,0.35995513,0.054489978,0.6260061,0.31950387
0.08,-0.48,0.28806892,0.3624251,0.05362356,0.6238956,0.3224808
0.08,-0.44,0.29211414,0.364893,0.05277202,0.6217713,0.3254567
0.08,-0.4,0.29614133,0.36735815,0.05193521,0.6196339,0.3284309
0.08,-0.36,0.30015016,0.36982015,0.051112995,0.6174843,0.33140272
0.08,-0.32,0.30414027,0.37227863,0.050305165,0.6153232,0.33437172
0.08,-0.28,0.30811128,0.37473294,0.049511574,0.61315125,0.33733714
0.08,-0.24,0.31206295,0.37718284,0.04873203,0.6109694,0.34029856
0.08,-0.2,0.31599483,0.37962773,0.04796637,0.60877836,0.34325528
0.08,-0.16,0.31990668,0.38206714,0.047214422,0.6065788,0.34620672
0.08,-0.12,0.32379827,0.3845008,0.046475984,0.60437155,0.34915245
0.08,-0.08,0.32766923,0.3869282,0.045750882,0.6021573,0.35209185
0.08,-0.04,0.33151942,0.38934898,0.045038946,0.59993666,0.35502446
0.08,0.0,0.3353486,0.3917628,0.044339936,0.5977103,0.3579498
0.08,0.04,0.33915663,0.39416918,0.043653686,0.595479,0.36086732
0.08,0.08,0.34294325,0.39656788,0.04298001,0.59324324,0.36377668
0.08,0.12,0.34670836,0.39895862,0.042318698,0.5910039,0.36667743
0.08,0.16,0.3504519,0.40134102,0.041669507,0.5887613,0.36956918
0.08,0.2,0.35417375,0.4037149,0.0410323,0.5865162,0.37245157
0.08,0.24,0.35787392,0.40607983,0.04040683,0.584269,0.3753242
0.08,0.28,0.36155233,0.40843576,0.03979288,0.5820203,0.37818685
0.08,0.32,0.36520904,0.4107824,0.039190266,0.57977057,0.3810392
0.08,0.36,0.36884403,0.4131195,0.038598776,0.57752025,0.38388094
0.08,0.4,0.3724574,0.41544706,0.03801819,0.5752699,0.38671193
0.08,0.44,0.37604928,0.41776478,0.03744827,0.57301974,0.3895319
0.08,0.48,0.37961963,0.4200726,0.036888864,0.57077044,0.3923407
0.08,0.52,0.3831687,0.42237037,0.036339715,0.56852216,0.3951381
0.08,0.56,0.38669655,0.424658,0.035800647,0.56627536,0.397924
0.08,0.6,0.3902034,0.42693534,0.035271443,0.56403035,0.4006982
0.08,0.64,0.39368933,0.42920244,0.034751877,0.5617874,0.40346068
0.08,0.68,0.39715463,0.43145916,0.034241803,0.5595468,0.40621132
0.08,0.72,0.40059942,0.43370545,0.033740956,0.55730903,0.40895003
0.08,0.76,0.4040239,0.43594134,0.033249207,0.5550741,0.4116767
0.08,0.8,0.4074282,0.43816668,0.032766327,0.55284244,0.41439128
0.08,0.84,0.4108127,0.4403815,0.032292135,0.5506142,0.41709375
0.08,0.88,0.41417745,0.4425857,0.03182646,0.5483896,0.41978392
0.08,0.92,0.4175227,0.4447794,0.0313691,0.5461689,0.42246196
0.08,0.96,0.4208486,0.44696254,0.030919904,0.5439524,0.42512769
0.08,1.0,0.42415544,0.449135,0.030478682,0.5417402,0.42778113
0.08,1.04,0.42744336,0.45129693,0.030045284,0.5395326,0.4304222
0.08,1.08,0.43071246,0.45344812,0.029619556,0.5373297,0.4330508
0.08,1.12,0.43396294,0.45558852,0.029201325,0.53513175,0.43566686
0.08,1.16,0.4371951,0.45771843,0.028790442,0.532939,0.43827063
0.08,1.2,0.44040897,0.45983756,0.02838676,0.53075147,0.44086176
0.08,1.24,0.4436047,0.4619459,0.027990116,0.5285695,0.4434403
0.08,1.28,0.4467824,0.46404353,0.02760042,0.5263934,0.44600618
0.08,1.32,0.44994223,0.46613023,0.027217492,0.5242232,0.44855928
0.08,1.36,0.4530843,0.46820614,0.026841238,0.5220591,0.4510997
0.08,1.4,0.4562087,0.47027114,0.026471494,0.51990134,0.45362723
0.08,1.44,0.45931542,0.4723251,0.02610816,0.5177501,0.45614174
0.08,1.48,0.46240464,0.47436804,0.02575111,0.51560557,0.45864323
0.08,1.52,0.46547642,0.4764,0.025400223,0.5134681,0.46113172
0.08,1.56,0.46853068,0.4784206,0.025055408,0.51133776,0.4636068
0.08,1.6,0.47156763,0.48043016,0.024716528,0.5092147,0.46606877
0.08,1.64,0.4745871,0.48242825,0.024383511,0.5070993,0.46851715
0.08,1.68,0.4775893,0.48441514,0.024056204,0.50499165,0.47095218
0.08,1.72,0.48057404,0.48639038,0.023734575,0.5028921,0.47337335
0.08,1.76,0.4835415,0.48835415,0.023418467,0.50080067,0.47578087
0.08,1.8,0.48649153,0.4903063,0.023107808,0.49871767,0.4781745
0.08,1.84,0.48942414,0.49224663,0.022802517,0.49664342,0.48055407
0.08,1.88,0.4923393,0.49417517,0.02250248,0.494578,0.4829195
0.08,1.92,0.49523705,0.49609175,0.022207625,0.4925216,0.4852707
0.08,1.96,0.4981172,0.49799633,0.021917876,0.49047467,0.48760745
0.08,2.0,0.5009798,0.49988872,0.021633126,0.48843718,0.48992965
0.12,-2.0,0.12124604,0.26935524,0.09951684,0.68872786,0.2117553
0.12,-1.96,0.12570134,0.27159458,0.09799022,0.68763644,0.21437332
0.12,-1.92,0.13015369,0.2738468,0.09648245,0.6865081,0.21700944
0.12,-1.88,0.13460264,0.2761117,0.09499353,0.6853431,0.21966337
0.12,-1.84,0.13904783,0.27838898,0.09352346,0.6841418,0.22233474
0.12,-1.8,0.14348884,0.2806782,0.09207223,0.68290466,0.22502309
0.12,-1.76,0.1479252,0.2829792,0.09063985,0.68163204,0.22772807
0.12,-1.72,0.15235656,0.28529167,0.08922617,0.6803245,0.23044936
0.12,-1.68,0.1567825,0.28761518,0.08783128,0.67898226,0.23318645
0.12,-1.64,0.16120258,0.28994942,0.086455055,0.6776059,0.23593892
0.12,-1.6,0.16561642,0.29229414,0.085097484,0.676196,0.23870644
0.12,-1.56,0.1700237,0.29464898,0.083758466,0.67475295,0.24148856
0.12,-1.52,0.17442398,0.29701358,0.08243791,0.67327726,0.24428487
0.12,-1.48,0.17881683,0.29938748,0.08113582,0.67176944,0.24709477
0.12,-1.44,0.18320191,0.30177045,0.07985203,0.67023,0.24991792
0.12,-1.4,0.18757881,0.30416209,0.078586526,0.6686596,0.25275385
0.12,-1.36,0.19194724,0.30656207,0.07733912,0.66705865,0.25560212
0.12,-1.32,0.19630669,0.30896991,0.07610982,0.6654279,0.2584622
0.12,-1.28,0.20065688,0.3113854,0.07489845,0.6637679,0.26133364
0.12,-1.24,0.20499739,0.31380796,0.073704936,0.66207916,0.2642159
0.12,-1.2,0.20932782,0.31623727,0.07252917,0.66036236,0.26710847
0.12,-1.16,0.21364781,0.31867293,0.071371004,0.65861815,0.27001086
0.12,-1.12,0.21795696,0.32111448,0.07023035,0.6568472,0.27292252
0.12,-1.08,0.22225495,0.3235616,0.06910708,0.65505,0.27584296
0.12,-1.04,0.2265413,0.32601377,0.06800108,0.6532273,0.27877158
0.12,-1.0,0.23081566,0.32847065,0.066912204,0.65137994,0.2817079
0.12,-0.96,0.23507762,0.33093172,0.06584033,0.64950836,0.2846513
0.12,-0.92,0.23932678,0.3333965,0.06478535,0.64761347,0.28760117
0.12,-0.88,0.24356276,0.33586463,0.06374709,0.64569587,0.29055706
0.12,-0.84,0.24778509,0.33833557,0.06272543,0.64375633,0.29351825
0.12,-0.8,0.25199345,0.34080887,0.06172025,0.6417956,0.29648414
0.12,-0.76,0.2561873,0.3432841,0.060731385,0.6398144,0.2994542
0.12,-0.72,0.2603663,0.3457607,0.059758734,0.6378135,0.30242777
0.12,-0.68,0.26453,0.34823817,0.058802146,0.6357937,0.30540416
0.12,-0.64,0.26867798,0.35071608,0.057861436,0.6337557,0.30838284
0.12,-0.6,0.27280977,0.35319388,0.056936506,0.63170034,0.3113631
0.12,-0.56,0.2769251,0.35567114,0.05602716,0.6296284,0.3143444
0.12,-0.52,0.28102332,0.3581473,0.05513328,0.6275407,0.31732598
0.12,-0.48,0.2851041,0.3606218,0.054254733,0.62543803,0.32030722
0.12,-0.44,0.2891671,0.36309424,0.053391267,0.6233212,0.32328755
0.12,-0.4,0.29321182,0.36556405,0.052542865,0.6211909,0.32626623
0.12,-0.36,0.2972379,0.36803076,0.05170926,0.61904806,0.32924265
0.12,-0.32,0.301245,0.37049395,0.050890293,0.6168934,0.3322163
0.12,-0.28,0.30523267,0.37295297,0.050085835,0.61472774,0.3351864
0.12,-0.24,0.30920056,0.3754075,0.049295686,0.61255187,0.3381524
0.12,-0.2,0.31314838,0.37785703,0.048519664,0.6103666,0.34111378
0.12,-0.16,0.3170758,0.38030106,0.047757633,0.60817254,0.34406984
0.12,-0.12,0.32098252,0.38273925,0.047009345,0.60597056,0.34702012
0.12,-0.08,0.32486826,0.38517112,0.046274636,0.6037613,0.34996402
0.12,-0.04,0.32873288,0.3875963,0.0455533,0.60154563,0.3529011
0.12,0.0,0.332576,0.39001444,0.04484516,0.5993241,0.3558308
0.12,0.04,0.33639762,0.3924251,0.044150002,0.59709734,0.35875267
0.12,0.08,0.34019747,0.39482793,0.043467652,0.5948661,0.3616662
0.12,0.12,0.34397542,0.3972228,0.042797867,0.592631,0.36457115
0.12,0.16,0.34773147,0.39960918,0.042140435,0.59039253,0.367467
0.12,0.2,0.35146546,0.40198696,0.041495174,0.5881514,0.37035337
0.12,0.24,0.35517743,0.40435582,0.04086186,0.5859081,0.37323004
0.12,0.28,0.35886738,0.40671566,0.04024024,0.58366305,0.3760967
0.12,0.32,0.36253533,0.40906614,0.039630126,0.58141685,0.37895298
0.12,0.36,0.36618125,0.41140708,0.039031338,0.57917005,0.38179865
0.12,0.4,0.36980537,0.41373834,0.038443603,0.5769229,0.38463354
0.12,0.44,0.37340766,0.41605985,0.037866723,0.57467586,0.38745743
0.12,0.48,0.3769883,0.41837138,0.03730047,0.5724294,0.39027008
0.12,0.52,0.38054746,0.42067295,0.03674463,0.5701839,0.39307153
0.12,0.56,0.38408527,0.4229644,0.036199007,0.5679395,0.39586145
0.12,0.6,0.3876019,0.4252456,0.0356634,0.5656969,0.39863974
0.12,0.64,0.39109755,0.42751658,0.035137556,0.56345606,0.40140638
0.12,0.68,0.39457247,0.4297773,0.034621287,0.5612174,0.4041613
0.12,0.72,0.39802673,0.4320276,0.034114428,0.5589813,0.40690428
0.12,0.76,0.40146074,0.4342676,0.033616703,0.5567478,0.40963548
0.12,0.8,0.40487456,0.43649712,0.03312799,0.5545174,0.41235465
0.12,0.84,0.4082685,0.43871632,0.032648057,0.55229,0.4150619
0.12,0.88,0.41164273,0.440925,0.032176718,0.55006623,0.417757
0.12,0.92,0.41499755,0.44312334,0.031713802,0.547846,0.4204402
0.12,0.96,0.41833305,0.44531116,0.031259146,0.5456297,0.4231112
0.12,1.0,0.42164952,0.44748852,0.030812558,0.5434174,0.42577007
0.12,1.04,0.42494717,0.4496554,0.03037384,0.54120934,0.4284168
0.12,1.08,0.42822614,0.45181182,0.029942885,0.53900576,0.43105134
0.12,1.12,0.43148667,0.4539578,0.029519496,0.5368069,0.4336737
0.12,1.16,0.43472892,0.4560932,0.02910351,0.5346128,0.43628374
0.12,1.2,0.43795303,0.45821804,0.028694807,0.5324237,0.43888146
0.12,1.24,0.44115916,0.4603324,0.028293224,0.5302399,0.4414669
0.12,1.28,0.44434744,0.4624361,0.027898625,0.5280615,0.44403988
0.12,1.32,0.44751805,0.46452925,0.027510857,0.52588874,0.44660044
0.12,1.36,0.4506711,0.4666117,0.027129823,0.5237217,0.44914848
0.12,1.4,0.4538066,0.46868348,0.026755359,0.5215607,0.4516839
0.12,1.44,0.45692474,0.47074446,0.026387379,0.519406,0.45420665
0.12,1.48,0.4600255,0.4727946,0.026025712,0.51725763,0.4567166
0.12,1.52,0.46310905,0.47483394,0.025670288,0.5151159,0.4592138
0.12,1.56,0.46617532,0.47686234,0.025320964,0.512981,0.46169803
0.12,1.6,0.46922445,0.4788797,0.024977645,0.5108532,0.4641692
0.12,1.64,0.47225645,0.480886,0.02464023,0.50873256,0.4666273
0.12,1.68,0.47527125,0.48288107,0.02430859,0.50661945,0.46907204
0.12,1.72,0.47826898,0.4848649,0.023982646,0.50451386,0.47150344
0.12,1.76,0.4812495,0.48683742,0.023662291,0.5024164,0.47392136
0.12,1.8,0.48421293,0.48879847,0.023347452,0.5003269,0.47632563
0.12,1.84,0.48715922,0.49074808,0.023037987,0.49824575,0.47871625
0.12,1.88,0.49008822,0.492686,0.022733869,0.4961732,0.48109296
0.12,1.92,0.49299997,0.49461216,0.022434954,0.49410945,0.48345557
0.12,1.96,0.4958945,0.4965266,0.022141207,0.49205467,0.48580414
0.12,2.0,0.49877173,0.49842906,0.021852493,0.49000907,0.48813844
0.16,-2.0,0.11776967,0.267618,0.10072051,0.68955314,0.20972638
0.16,-1.96,0.12222715,0.26984712,0.09917911,0.68849075,0.2123301
0.16,-1.92,0.12668234,0.2720896,0.09765649,0.68739104,0.21495245
0.16,-1.88,0.13113485,0.2743451,0.09615257,0.6862544,0.21759307
0.16,-1.84,0.13558425,0.27661335,0.09466742,0.685081,0.22025159
0.16,-1.8,0.14003012,0.2788941,0.09320096,0.6838713,0.22292769
0.16,-1.76,0.144472,0.28118697,0.09175332,0.68262583,0.2256209
0.16,-1.72,0.14890957,0.28349173,0.09032434,0.6813448,0.22833094
0.16,-1.68,0.15334235,0.28580803,0.088914014,0.6800286,0.23105738
0.16,-1.64,0.15776992,0.28813547,0.087522395,0.678678,0.23379971
0.16,-1.6,0.16219197,0.29047388,0.0861493,0.677293,0.23655769
0.16,-1.56,0.16660805,0.29282284,0.08479475,0.6758745,0.23933084
0.16,-1.52,0.17101775,0.295182,0.08345871,0.6744226,0.24211867
0.16,-1.48,0.17542064,0.297551,0.08214107,0.6729381,0.24492078
0.16,-1.44,0.1798164,0.2999295,0.08084178,0.67142147,0.24773669
0.16,-1.4,0.18420458,0.30231723,0.07956072,0.6698733,0.25056604
0.16,-1.36,0.18858476,0.30471364,0.07829787,0.66829395,0.2534082
0.16,-1.32,0.19295658,0.30711848,0.07705313,0.66668415,0.25626278
0.16,-1.28,0.19731964,0.30953124,0.0758264,0.66504437,0.25912926
0.16,-1.24,0.20167352,0.31195167,0.07461756,0.66337526,0.26200718
0.16,-1.2,0.20601782,0.3143793,0.073426515,0.6616775,0.26489598
0.16,-1.16,0.21035212,0.31681368,0.07225323,0.6599517,0.26779512
0.16,-1.12,0.21467604,0.31925443,0.071097516,0.6581984,0.27070412
0.16,-1.08,0.2189891,0.3217011,0.06995929,0.6564183,0.2736224
0.16,-1.04,0.22329095,0.32415324,0.068838485,0.6546121,0.27654934
0.16,-1.0,0.22758111,0.32661042,0.0677349,0.6527806,0.27948448
0.16,-0.96,0.23185916,0.32907215,0.066648476,0.6509244,0.2824271
0.16,-0.92,0.23612466,0.33153805,0.065579124,0.64904416,0.2853768
0.16,-0.88,0.2403772,0.3340075,0.064526625,0.6471406,0.28833276
0.16,-0.84,0.24461627,0.33648017,0.063490935,0.64521456,0.29129452
0.16,-0.8,0.24884143,0.3389554,0.062471896,0.6432668,0.29426134
0.16,-0.76,0.25305226,0.3414328,0.06146939,0.64129794,0.29723266
0.16,-0.72,0.25724825,0.3439119,0.06048326,0.63930887,0.30020782
0.16,-0.68,0.26142898,0.34639204,0.059513424,0.63730043,0.3031861
0.16,-0.64,0.26559395,0.34887284,0.05855967,0.6352734,0.30616695
0.16,-0.6,0.26974273,0.35135376,0.05762193,0.6332285,0.30914965
0.16,-0.56,0.27387482,0.3538341,0.056700036,0.63116646,0.31213343
0.16,-0.52,0.27798975,0.3563136,0.055793818,0.6290884,0.3151178
0.16,-0.48,0.28208712,0.35879147,0.054903153,0.62699485,0.31810194
0.16,-0.44,0.28616637,0.36126742,0.05402788,0.6248868,0.3210853
0.16,-0.4,0.2902272,0.36374074,0.053167854,0.62276506,0.32406712
0.16,-0.36,0.29426914,0.3662111,0.0523229,0.6206303,0.3270468
0.16,-0.32,0.29829177,0.36867782,0.051492814,0.6184834,0.33002368
0.16,-0.28,0.30229467,0.37114048,0.050677504,0.61632544,0.33299708
0.16,-0.24,0.3062775,0.37359858,0.04987677,0.6141567,0.3359664
0.16,-0.2,0.3102399,0.3760517,0.04909041,0.61197853,0.33893108
0.16,-0.16,0.3141816,0.37849933,0.04831825,0.60979134,0.34189048
0.16,-0.12,0.31810227,0.38094103,0.047560077,0.60759586,0.34484407
0.16,-0.08,0.32200158,0.38337636,0.04681573,0.60539305,0.34779125
0.16,-0.04,0.32587934,0.385805,0.04608501,0.60318345,0.35073158
0.16,0.0,0.32973537,0.3882265,0.045367688,0.6009678,0.3536645
0.16,0.04,0.33356947,0.3906405,0.04466358,0.59874696,0.35658953
0.16,0.08,0.33738145,0.39304662,0.043972492,0.59652126,0.35950622
0.16,0.12,0.34117126,0.3954447,0.04329418,0.59429157,0.3624142
0.16,0.16,0.34493878,0.39783433,0.042628452,0.5920584,0.36531314
0.16,0.2,0.348684,0.40021527,0.041975036,0.58982235,0.36820263
0.16,0.24,0.3524069,0.4025873,0.041333806,0.58758396,0.37108228
0.16,0.28,0.35610744,0.40495017,0.04070443,0.5853436,0.3739519
0.16,0.32,0.35978577,0.40730372,0.040086754,0.58310205,0.37681124
0.16,0.36,0.36344182,0.4096477,0.039480552,0.58085954,0.3796599
0.16,0.4,0.36707586,0.41198215,0.038885552,0.57861656,0.38249788
0.16,0.44,0.37068787,0.41430673,0.038301602,0.57637364,0.38532484
0.16,0.48,0.37427807,0.41662136,0.03772841,0.57413095,0.38814062
0.16,0.52,0.37784666,0.41892612,0.03716577,0.571889,0.39094523
0.16,0.56,0.3813937,0.4212207,0.03661351,0.5696481,0.39373833
0.16,0.6,0.38491946,0.42350522,0.03607136,0.5674086,0.39652002
0.16,0.64,0.38842422,0.42577955,0.035539117,0.56517076,0.39929014
0.16,0.68,0.3919081,0.42804363,0.03501655,0.5629349,0.4020486
0.16,0.72,0.39537144,0.43029746,0.034503493,0.56070113,0.40479532
0.16,0.76,0.3988143,0.4325411,0.033999722,0.55846995,0.40753034
0.16,0.8,0.40223712,0.4347744,0.03350502,0.55624145,0.41025352
0.16,0.84,0.40563998,0.4369974,0.03301923,0.5540159,0.41296488
0.16,0.88,0.40902323,0.43921012,0.032542117,0.5517935,0.4156644
0.16,0.92,0.412387,0.4414125,0.03207354,0.54957443,0.418352
0.16,0.96,0.4157316,0.44360465,0.03161327,0.54735905,0.42102775
0.16,1.0,0.41905728,0.44578648,0.031161165,0.5451473,0.42369157
0.16,1.04,0.4223642,0.44795796,0.030717013,0.54293954,0.42634344
0.16,1.08,0.4256526,0.45011923,0.030280676,0.54073596,0.4289834
0.16,1.12,0.42892262,0.4522701,0.029851997,0.5385367,0.4316113
0.16,1.16,0.43217447,0.4544106,0.02943082,0.536342,0.4342271
0.16,1.2,0.43540844,0.45654094,0.029016955,0.5341519,0.4368311
0.16,1.24,0.43862453,0.45866078,0.028610297,0.53196687,0.4394228
0.16,1.28,0.44182298,0.4607703,0.028210662,0.5297869,0.44200245
0.16,1.32,0.4450039,0.4628694,0.027817965,0.52761215,0.4445699
0.16,1.36,0.44816744,0.46495807,0.027432011,0.5254429,0.4471251
0.16,1.4,0.45131367,0.46703625,0.02705271,0.5232793,0.44966796
0.16,1.44,0.45444274,0.4691039,0.026679937,0.5211216,0.45219848
0.16,1.48,0.45755467,0.47116095,0.026313545,0.51897,0.4547165
0.16,1.52,0.46064952,0.4732073,0.025953453,0.51682466,0.4572219
0.16,1.56,0.4637274,0.47524297,0.0255995,0.51468575,0.45971468
0.16,1.6,0.46678838,0.47726792,0.025251606,0.5125536,0.46219483
0.16,1.64,0.4698324,0.47928193,0.024909671,0.51042825,0.46466202
0.16,1.68,0.4728595,0.48128504,0.024573574,0.50831014,0.46711627
0.16,1.72,0.47586977,0.48327717,0.024243208,0.50619936,0.46955746
0.16,1.76,0.47886312,0.48525813,0.023918496,0.50409615,0.47198543
0.16,1.8,0.48183954,0.4872279,0.023599321,0.50200063,0.47440004
0.16,1.84,0.48479906,0.48918635,0.023285603,0.4999132,0.47680122
0.16,1.88,0.48774165,0.49113345,0.022977239,0.4978339,0.47918886
0.16,1.92,0.49066716,0.49306902,0.022674173,0.49576318,0.4815627
0.16,1.96,0.49357566,0.49499297,0.022376267,0.49370104,0.48392272
0.16,2.0,0.496467,0.49690515,0.02208349,0.49164787,0.48626864
0.2,-2.0,0.114300266,0.26589298,0.10193279,0.6903536,0.20771362
0.2,-1.96,0.1187582,0.26811108,0.10037714,0.6893208,0.21030207
0.2,-1.92,0.12321453,0.27034286,0.09884014,0.6882503,0.21290956
0.2,-1.88,0.12766881,0.27258807,0.09732173,0.68714243,0.21553577
0.2,-1.84,0.1321207,0.27484643,0.095821954,0.6859976,0.21818043
0.2,-1.8,0.13656971,0.2771177,0.09434085,0.6848161,0.2208431
0.2,-1.76,0.14101541,0.27940145,0.092878364,0.6835982,0.22352338
0.2,-1.72,0.14545746,0.28169754,0.091434486,0.6823445,0.22622102
0.2,-1.68,0.1498954,0.28400564,0.09000919,0.6810551,0.22893563
0.2,-1.64,0.15432882,0.28632534,0.08860249,0.6797308,0.23166667
0.2,-1.6,0.15875733,0.2886564,0.08721432,0.6783717,0.23441389
0.2,-1.56,0.16318053,0.2909985,0.08584463,0.6769785,0.23717682
0.2,-1.52,0.16759795,0.29335123,0.0844934,0.67555153,0.23995502
0.2,-1.48,0.17200921,0.2957143,0.08316058,0.6740914,0.24274805
0.2,-1.44,0.17641392,0.29808727,0.08184607,0.6725985,0.24555545
0.2,-1.4,0.18081164,0.30046988,0.08054983,0.6710733,0.2483768
0.2,-1.36,0.18520199,0.30286178,0.07927179,0.6695166,0.25121164
0.2,-1.32,0.18958451,0.30526242,0.078011855,0.66792876,0.2540594
0.2,-1.28,0.19395879,0.30767155,0.07677,0.6663104,0.25691965
0.2,-1.24,0.1983244,0.3100887,0.075546056,0.66466206,0.25979185
0.2,-1.2,0.2026809,0.3125135,0.074340016,0.66298443,0.26267552
0.2,-1.16,0.2070279,0.3149455,0.07315177,0.6612781,0.26557007
0.2,-1.12,0.21136488,0.31738424,0.07198122,0.6595438,0.26847497
0.2,-1.08,0.21569146,0.31982937,0.070828244,0.65778214,0.2713897
0.2,-1.04,0.22000712,0.32228032,0.06969275,0.6559937,0.27431357
0.2,-1.0,0.22431149,0.32473668,0.068574674,0.6541792,0.2772461
0.2,-0.96,0.228604,0.32719797,0.06747387,0.65233946,0.28018662
0.2,-0.92,0.23288423,0.32966375,0.06639026,0.6504752,0.28313458
0.2,-0.88,0.2371517,0.3321334,0.065323666,0.648587,0.28608927
0.2,-0.84,0.24140589,0.33460653,0.06427407,0.6466758,0.28905013
0.2,-0.8,0.24564634,0.33708262,0.06324127,0.64474225,0.29201645
0.2,-0.76,0.24987254,0.33956113,0.062225193,0.6427872,0.29498765
0.2,-0.72,0.25408393,0.34204137,0.06122575,0.6408114,0.2979628
0.2,-0.68,0.2582801,0.34452307,0.060242746,0.6388157,0.3009416
0.2,-0.64,0.26246053,0.3470056,0.059276056,0.6368008,0.30392313
0.2,-0.6,0.26662466,0.3494883,0.058325566,0.6347678,0.3069067
0.2,-0.56,0.270772,0.35197067,0.057391178,0.6327172,0.3098916
0.2,-0.52,0.27490214,0.35445228,0.056472685,0.63065004,0.31287733
0.2,-0.48,0.27901453,0.35693246,0.05556995,0.62856704,0.315863
0.2,-0.44,0.28310865,0.3594107,0.054682888,0.6264692,0.31884792
0.2,-0.4,0.28718412,0.3618865,0.053811297,0.6243572,0.32183152
0.2,-0.36,0.29124045,0.36435926,0.05295501,0.622232,0.324813
0.2,-0.32,0.2952772,0.36682844,0.05211386,0.62009436,0.32779172
0.2,-0.28,0.299294,0.36929366,0.051287714,0.6179452,0.3307671
0.2,-0.24,0.3032904,0.3717543,0.050476372,0.61578524,0.33373842
0.2,-0.2,0.30726615,0.37420997,0.049679622,0.6136153,0.33670515
0.2,-0.16,0.3112208,0.37666008,0.04889732,0.61143607,0.33966655
0.2,-0.12,0.3151541,0.37910432,0.04812926,0.6092485,0.3426222
0.2,-0.08,0.31906575,0.38154218,0.04737525,0.6070534,0.34557143
0.2,-0.04,0.32295558,0.38397324,0.046635073,0.6048511,0.34851378
0.2,0.0,0.32682332,0.3863972,0.045908537,0.6026427,0.35144874
0.2,0.04,0.3306688,0.3888136,0.045195434,0.60042876,0.35437578
0.2,0.08,0.3344919,0.39122218,0.04449553,0.5982099,0.35729453
0.2,0.12,0.33829254,0.3936226,0.043808628,0.59598684,0.36020458
0.2,0.16,0.34207055,0.39601463,0.0431345,0.59376,0.3631055
0.2,0.2,0.34582606,0.39839792,0.042472903,0.59153014,0.365997
0.2,0.24,0.34955892,0.40077224,0.04182361,0.58929765,0.3688787
0.2,0.28,0.35326928,0.40313748,0.041186396,0.5870632,0.37175038
0.2,0.32,0.3569571,0.4054934,0.040561065,0.5848272,0.3746118
0.2,0.36,0.36062256,0.40783978,0.03994734,0.58259004,0.37746263
0.2,0.4,0.3642657,0.41017658,0.039345007,0.58035225,0.38030273
0.2,0.44,0.36788672,0.4125036,0.038753815,0.5781142,0.38313195
0.2,0.48,0.3714858,0.4148208,0.038173575,0.57587624,0.38595012
0.2,0.52,0.37506312,0.4171281,0.03760402,0.5736389,0.38875714
0.2,0.56,0.37861878,0.4194253,0.037044976,0.57140225,0.3915528
0.2,0.6,0.38215315,0.4217125,0.036496144,0.5691667,0.3943371
0.2,0.64,0.38566634,0.42398962,0.035957374,0.56693274,0.39710996
0.2,0.68,0.38915867,0.4262566,0.035428394,0.56470037,0.3998713
0.2,0.72,0.39263037,0.4285134,0.03490904,0.56246996,0.40262103
0.2,0.76,0.3960817,0.43076012,0.034399055,0.56024176,0.4053592
0.2,0.8,0.3995129,0.43299663,0.033898268,0.55801594,0.40808576
0.2,0.84,0.4029242,0.43522304,0.033406463,0.55579287,0.41080067
0.2,0.88,0.40631595,0.43743926,0.032923453,0.5535726,0.41350392
0.2,0.92,0.4096883,0.43964532,0.032449037,0.5513555,0.41619545
0.2,0.96,0.4130415,0.44184127,0.031983037,0.54914165,0.4188753
0.2,1.0,0.41637588,0.44402713,0.031525254,0.5469312,0.42154354
0.2,1.04,0.41969162,0.44620284,0.031075552,0.5447244,0.4242
0.2,1.08,0.42298892,0.4483684,0.030633723,0.54252154,0.42684472
0.2,1.12,0.426268,0.45052382,0.030199617,0.5403226,0.4294777
0.2,1.16,0.42952916,0.4526692,0.029773057,0.5381279,0.432099
0.2,1.2,0.43277246,0.45480442,0.029353924,0.5359376,0.43470845
0.2,1.24,0.43599808,0.45692953,0.02894204,0.5337519,0.4373061
0.2,1.28,0.43920627,0.4590444,0.028537255,0.5315709,0.43989187
0.2,1.32,0.44239712,0.46114913,0.028139442,0.52939487,0.44246575
0.2,1.36,0.44557074,0.46324357,0.027748467,0.52722394,0.4450276
0.2,1.4,0.44872728,0.46532777,0.027364196,0.5250584,0.44757742
0.2,1.44,0.4518669,0.4674017,0.026986495,0.52289826,0.4501152
0.2,1.48,0.45498952,0.46946526,0.026615243,0.5207439,0.4526408
0.2,1.52,0.4580954,0.47151846,0.026250318,0.5185955,0.45515415
0.2,1.56,0.46118453,0.4735611,0.025891634,0.51645327,0.45765513
0.2,1.6,0.46425688,0.47559324,0.025539037,0.51431733,0.46014366
0.2,1.64,0.4673126,0.47761476,0.025192453,0.51218796,0.46261963
0.2,1.68,0.47035164,0.47962552,0.024851736,0.5100653,0.46508294
0.2,1.72,0.47337404,0.4816255,0.024516836,0.50794965,0.46753344
0.2,1.76,0.47637978,0.48361465,0.024187623,0.5058413,0.4699711
0.2,1.8,0.47936893,0.4855928,0.023863994,0.50374025,0.4723957
0.2,1.84,0.48234135,0.4875599,0.023545878,0.50164694,0.4748071
0.2,1.88,0.48529705,0.4895159,0.023233162,0.49956155,0.4772053
0.2,1.92,0.48823598,0.4914605,0.022925796,0.49748427,0.47958994
0.2,1.96,0.49115816,0.49339378,0.022623645,0.49541527,0.48196107
0.2,2.0,0.49406344,0.49531558,0.02232665,0.4933549,0.48431846
0.24,-2.0,0.11083515,0.26417893,0.10315446,0.69113,0.2057155
0.24,-1.96,0.115291804,0.26638514,0.101585194,0.6901272,0.20828767
0.24,-1.92,0.119747564,0.2686053,0.10003438,0.6890864,0.21087924
0.24,-1.88,0.12420196,0.27083936,0.09850197,0.688008,0.21349005
0.24,-1.84,0.12865455,0.27308688,0.09698812,0.6868922,0.21611965
0.24,-1.8,0.13310501,0.2753477,0.09549276,0.6857394,0.21876782
0.24,-1.76,0.13755287,0.2776215,0.094015926,0.6845499,0.22143413
0.24,-1.72,0.14199765,0.27990794,0.09255759,0.6833242,0.22411822
0.24,-1.68,0.14643906,0.28220683,0.09111773,0.6820624,0.22681978
0.24,-1.64,0.15087658,0.28451782,0.08969642,0.68076515,0.22953838
0.24,-1.6,0.15530987,0.28684053,0.08829351,0.6794328,0.2322736
0.24,-1.56,0.15973845,0.2891747,0.08690908,0.67806584,0.2350251
0.24,-1.52,0.16416194,0.29151997,0.08554301,0.67666453,0.2377924
0.24,-1.48,0.16857989,0.29387605,0.08419531,0.6752296,0.24057512
0.24,-1.44,0.17299189,0.29624254,0.082865916,0.67376137,0.24337277
0.24,-1.4,0.1773975,0.29861903,0.081554756,0.67226034,0.24618489
0.24,-1.36,0.18179628,0.30100518,0.08026178,0.6707272,0.24901102
0.24,-1.32,0.1861878,0.30340064,0.078987025,0.66916233,0.25185066
0.24,-1.28,0.19057165,0.30580494,0.07773023,0.6675664,0.2547033
0.24,-1.24,0.19494733,0.30821776,0.076491475,0.66594,0.2575685
0.24,-1.2,0.19931437,0.3106386,0.07527067,0.66428375,0.26044562
0.24,-1.16,0.20367235,0.31306708,0.07406768,0.66259813,0.26333418
0.24,-1.12,0.20802078,0.3155027,0.07288247,0.66088384,0.2662336
0.24,-1.08,0.21235919,0.31794512,0.071714945,0.6591417,0.26914334
0.24,-1.04,0.21668708,0.3203937,0.07056499,0.6573723,0.27206272
0.24,-1.0,0.22100393,0.3228481,0.06943257,0.65557617,0.27499124
0.24,-0.96,0.2253093,0.3253078,0.06831753,0.6537543,0.2779282
0.24,-0.92,0.2296026,0.32777223,0.06721981,0.6519072,0.28087297
0.24,-0.88,0.23388338,0.33024096,0.066139296,0.65003574,0.28382498
0.24,-0.84,0.23815107,0.33271343,0.06507589,0.6481406,0.2867835
0.24,-0.8,0.24240515,0.33518907,0.06402946,0.6462227,0.28974783
0.24,-0.76,0.24664506,0.33766738,0.062999964,0.64428276,0.29271728
0.24,-0.72,0.2508703,0.3401478,0.061987255,0.6423216,0.2956912
0.24,-0.68,0.2550803,0.34262973,0.060991153,0.6403399,0.29866886
0.24,-0.64,0.25927457,0.34511274,0.06001162,0.63833874,0.3016496
0.24,-0.6,0.26345253,0.3475961,0.059048496,0.63631886,0.30463263
0.24,-0.56,0.26761368,0.3500794,0.058101647,0.6342811,0.3076173
0.24,-0.52,0.2717574,0.3525619,0.057170957,0.6322262,0.31060278
0.24,-0.48,0.27588326,0.35504314,0.05625626,0.63015527,0.31358847
0.24,-0.44,0.27999076,0.35752258,0.055357385,0.628069,0.31657362
0.24,-0.4,0.2840794,0.35999966,0.05447425,0.6259683,0.31955752
0.24,-0.36,0.28814864,0.36247367,0.053606667,0.623854,0.32253936
0.24,-0.32,0.29219815,0.36494434,0.05275445,0.62172693,0.32551867
0.24,-0.28,0.29622743,0.36741093,0.051917456,0.6195879,0.32849458
0.24,-0.24,0.30023608,0.36987305,0.051095493,0.61743796,0.3314666
0.24,-0.2,0.30422378,0.37233016,0.050288375,0.61527765,0.33443397
0.24,-0.16,0.30819017,0.3747818,0.049495928,0.6131079,0.33739617
0.24,-0.12,0.3121349,0.3772275,0.048717935,0.61092955,0.34035257
0.24,-0.08,0.3160577,0.37966684,0.047954217,0.6087432,0.3433026
0.24,-0.04,0.31995836,0.38209942,0.04720457,0.6065497,0.34624577
0.24,0.0,0.32383668,0.38452485,0.04646875,0.6043497,0.34918156
0.24,0.04,0.32769248,0.3869428,0.045746554,0.6021439,0.35210952
0.24,0.08,0.33152562,0.3893529,0.045037817,0.599933,0.35502917
0.24,0.12,0.3353361,0.39175487,0.044342212,0.59771764,0.3579402
0.24,0.16,0.33912367,0.39414832,0.043659583,0.5954983,0.36084205
0.24,0.2,0.34288847,0.3965332,0.04298968,0.5932757,0.36373457
0.24,0.24,0.34663048,0.3989091,0.04233228,0.5910504,0.36661732
0.24,0.28,0.35034975,0.40127596,0.041687112,0.5888227,0.36949018
0.24,0.32,0.35404634,0.40363353,0.04105398,0.5865933,0.37235278
0.24,0.36,0.35772035,0.40598163,0.040432617,0.58436257,0.3752049
0.24,0.4,0.36137196,0.40832016,0.039822806,0.58213085,0.37804636
0.24,0.44,0.36500126,0.41064888,0.03922431,0.5798987,0.38087693
0.24,0.48,0.36860856,0.41296804,0.038636863,0.57766646,0.3836967
0.24,0.52,0.37219393,0.41527718,0.038060267,0.57543445,0.3865053
0.24,0.56,0.37575766,0.4175765,0.03749427,0.5732029,0.3893028
0.24,0.6,0.37929994,0.41986582,0.03693867,0.5709723,0.39208898
0.24,0.64,0.38282105,0.42214516,0.0363932,0.56874293,0.39486387
0.24,0.68,0.3863213,0.4244145,0.035857663,0.5665149,0.3976274
0.24,0.72,0.3898009,0.42667383,0.035331838,0.56428856,0.4003796
0.24,0.76,0.3932601,0.42892313,0.034815513,0.5620642,0.4031203
0.24,0.8,0.3966992,0.4311624,0.034308482,0.55984193,0.40584958
0.24,0.84,0.40011847,0.43339172,0.033810522,0.5576221,0.40856743
0.24,0.88,0.40351823,0.43561098,0.033321444,0.5554048,0.4112738
0.24,0.92,0.40689868,0.43782032,0.03284104,0.55319023,0.41396874
0.24,0.96,0.41026005,0.44001967,0.032369163,0.55097866,0.4166522
0.24,1.0,0.41360274,0.44220906,0.031905595,0.5487702,0.41932422
0.24,1.04,0.41692683,0.4443885,0.031450145,0.5465651,0.4219847
0.24,1.08,0.42023268,0.4465581,0.031002684,0.54436356,0.4246338
0.24,1.12,0.42352045,0.44871768,0.030562999,0.5421657,0.42727137
0.24,1.16,0.42679036,0.4508674,0.030130936,0.53997165,0.42989743
0.24,1.2,0.43004265,0.45300716,0.02970636,0.53778166,0.432512
0.24,1.24,0.4332774,0.455137,0.029289115,0.53559595,0.43511498
0.24,1.28,0.43649495,0.45725697,0.02887902,0.5334146,0.43770644
0.24,1.32,0.4396953,0.45936686,0.028475972,0.53123784,0.4402862
0.24,1.36,0.44287863,0.4614668,0.028079825,0.5290659,0.4428543
0.24,1.4,0.44604507,0.46355674,0.027690433,0.526899,0.44541067
0.24,1.44,0.44919482,0.46563658,0.027307665,0.5247371,0.44795525
0.24,1.48,0.4523278,0.46770623,0.026931426,0.5225807,0.45048788
0.24,1.52,0.45544425,0.46976578,0.026561553,0.5204298,0.45300865
0.24,1.56,0.45854416,0.47181514,0.026197959,0.5182847,0.45551738
0.24,1.6,0.46162763,0.47385418,0.02584053,0.51614547,0.45801398
0.24,1.64,0.46469465,0.47588277,0.025489137,0.5140125,0.46049827
0.24,1.68,0.46774524,0.47790092,0.025143687,0.511886,0.46297023
0.24,1.72,0.47077945,0.4799086,0.024804104,0.5097661,0.46542972
0.24,1.76,0.47379735,0.48190567,0.024470236,0.50765306,0.46787673
0.24,1.8,0.4767987,0.48389193,0.024142029,0.5055471,0.4703109
0.24,1.84,0.4797837,0.48586738,0.023819374,0.5034484,0.47273222
0.24,1.88,0.48275235,0.48783192,0.023502171,0.5013572,0.47514057
0.24,1.92,0.48570436,0.48978543,0.02319035,0.49927387,0.4775358
0.24,1.96,0.48863986,0.49172774,0.022883827,0.49719846,0.47991768
0.24,2.0,0.49155885,0.49365884,0.022582483,0.49513128,0.4822862
0.28,-2.0,0.107371725,0.26247454,0.1043866,0.69188285,0.20373055
0.28,-1.96,0.111825444,0.2646679,0.102804184,0.69091046,0.20628533
0.28,-1.92,0.11627885,0.26687565,0.10124007,0.6898999,0.20885998
0.28,-1.88,0.1207316,0.2690976,0.099694304,0.6888515,0.21145427
0.28,-1.84,0.12518331,0.27133346,0.09816679,0.6877653,0.21406789
0.28,-1.8,0.12963347,0.27358297,0.0966577,0.6866418,0.21670046
0.28,-1.76,0.1340817,0.27584577,0.09516694,0.6854814,0.21935163
0.28,-1.72,0.1385276,0.2781217,0.09369461,0.6842843,0.2220211
0.28,-1.68,0.14297076,0.28041044,0.092240624,0.6830509,0.22470847
0.28,-1.64,0.14741069,0.28271168,0.09080507,0.6817815,0.2274134
0.28,-1.6,0.15184702,0.28502503,0.08938789,0.68047667,0.23013544
0.28,-1.56,0.15627937,0.28735036,0.087989,0.67913663,0.23287435
0.28,-1.52,0.1607072,0.2896872,0.086608455,0.677762,0.23562954
0.28,-1.48,0.16513012,0.2920352,0.08524625,0.6763531,0.23840067
0.28,-1.44,0.16954772,0.29439405,0.083902285,0.6749105,0.24118724
0.28,-1.4,0.17395952,0.2967633,0.08257656,0.6734347,0.2439888
0.28,-1.36,0.17836508,0.29914278,0.08126896,0.6719261,0.24680498
0.28,-1.32,0.18276393,0.30153185,0.07997953,0.6703853,0.24963513
0.28,-1.28,0.18715565,0.3039303,0.07870819,0.6688129,0.2524789
0.28,-1.24,0.1915397,0.30633765,0.077454835,0.6672095,0.2553357
0.28,-1.2,0.1959156,0.3087534,0.07621947,0.6655756,0.25820488
0.28,-1.16,0.20028292,0.31117722,0.075002,0.6639119,0.2610861
0.28,-1.12,0.20464112,0.31360865,0.073802345,0.66221905,0.26397866
0.28,-1.08,0.20898966,0.3160471,0.07262046,0.6604975,0.26688197
0.28,-1.04,0.21332808,0.31849223,0.07145622,0.65874827,0.26979545
0.28,-1.0,0.2176558,0.32094342,0.070309624,0.6569719,0.27271846
0.28,-0.96,0.2219723,0.3234003,0.069180496,0.65516907,0.27565038
0.28,-0.92,0.22627705,0.32586232,0.06806883,0.6533405,0.27859062
0.28,-0.88,0.23056945,0.32832882,0.066974536,0.65148705,0.28153837
0.28,-0.84,0.23484899,0.33079937,0.06589748,0.6496095,0.284493
0.28,-0.8,0.23911503,0.3332734,0.0648376,0.6477086,0.28745383
0.28,-0.76,0.24336709,0.33575034,0.06379474,0.64578503,0.29042017
0.28,-0.72,0.2476045,0.33822966,0.06276886,0.64383984,0.29339126
0.28,-0.68,0.25182676,0.3407107,0.06175981,0.6418737,0.2963664
0.28,-0.64,0.25603327,0.343193,0.060767483,0.63988763,0.29934487
0.28,-0.6,0.26022342,0.3456758,0.0597918,0.63788235,0.30232581
0.28,-0.56,0.2643967,0.34815872,0.05883258,0.6358588,0.30530867
0.28,-0.52,0.2685525,0.350641,0.0578897,0.63381773,0.30829257
0.28,-0.48,0.27269036,0.35312214,0.056963082,0.6317602,0.3112768
0.28,-0.44,0.27680966,0.35560155,0.056052487,0.6296869,0.31426063
0.28,-0.4,0.28091002,0.35807872,0.055157825,0.6275987,0.3172434
0.28,-0.36,0.28499076,0.36055297,0.054278947,0.62549675,0.3202243
0.28,-0.32,0.2890516,0.36302385,0.05341569,0.6233817,0.32320267
0.28,-0.28,0.29309192,0.36549073,0.05256787,0.6212544,0.32617775
0.28,-0.24,0.29711148,0.36795318,0.051735263,0.61911565,0.32914904
0.28,-0.2,0.30110982,0.37041074,0.05091776,0.6169665,0.3321158
0.28,-0.16,0.3050866,0.37286282,0.050115105,0.6148074,0.33507743
0.28,-0.12,0.3090415,0.375309,0.049327157,0.61263955,0.33803335
0.28,-0.08,0.31297424,0.37774882,0.048553705,0.61046344,0.3409829
0.28,-0.04,0.3168846,0.38018194,0.047794476,0.60827976,0.3439257
0.28,0.0,0.32077238,0.38260797,0.04704932,0.6060895,0.3468612
0.28,0.04,0.32463744,0.38502645,0.04631801,0.60389316,0.34978887
0.28,0.08,0.32847965,0.3874372,0.045600276,0.60169137,0.35270837
0.28,0.12,0.33229887,0.3898398,0.044895932,0.59948486,0.3556192
0.28,0.16,0.33609512,0.39223403,0.044204723,0.59727424,0.35852104
0.28,0.2,0.33986837,0.39461964,0.043526407,0.59506,0.3614136
0.28,0.24,0.34361863,0.39699635,0.042860743,0.59284276,0.36429647
0.28,0.28,0.347346,0.39936402,0.042207506,0.59062296,0.36716944
0.28,0.32,0.35105056,0.4017225,0.041566458,0.5884012,0.3700323
0.28,0.36,0.35473245,0.40407163,0.040937338,0.5861778,0.37288484
0.28,0.4,0.35839173,0.4064112,0.04031992,0.58395326,0.3757268
0.28,0.44,0.36202872,0.40874118,0.03971395,0.581728,0.37855807
0.28,0.48,0.36564347,0.41106153,0.039119184,0.5795023,0.38137853
0.28,0.52,0.36923635,0.41337204,0.038535383,0.5772766,0.38418803
0.28,0.56,0.37280747,0.41567278,0.037962317,0.5750511,0.38698655
0.28,0.6,0.37635723,0.41796368,0.037399754,0.57282627,0.38977396
0.28,0.64,0.3798857,0.4202447,0.036847465,0.5706023,0.3925502
0.28,0.68,0.3833933,0.42251587,0.036305193,0.56837946,0.3953153
0.28,0.72,0.38688028,0.4247772,0.03577276,0.566158,0.3980692
0.28,0.76,0.39034688,0.4270287,0.035249922,0.56393826,0.40081188
0.28,0.8,0.39379346,0.42927024,0.03473647,0.5617202,0.40354332
0.28,0.84,0.39722025,0.43150195,0.03423219,0.55950433,0.4062635
0.28,0.88,0.40062752,0.4337238,0.033736907,0.55729073,0.40897238
0.28,0.92,0.4040157,0.43593597,0.033250388,0.5550795,0.41167018
0.28,0.96,0.4073848,0.43813822,0.032772444,0.5528709,0.4143566
0.28,1.0,0.41073534,0.4403308,0.0323029,0.5506652,0.41703188
0.28,1.04,0.41406742,0.44251359,0.031841595,0.5484625,0.4196959
0.28,1.08,0.41738138,0.4446867,0.031388305,0.5462629,0.4223488
0.28,1.12,0.42067742,0.4468501,0.030942887,0.5440667,0.42499042
0.28,1.16,0.42395574,0.44900376,0.03050518,0.541874,0.42762077
0.28,1.2,0.4272166,0.45114768,0.030075017,0.539685,0.4302399
0.28,1.24,0.43046013,0.45328197,0.02965224,0.53749996,0.43284777
0.28,1.28,0.43368655,0.4554065,0.0292367,0.5353189,0.43544436
0.28,1.32,0.43689606,0.45752138,0.028828245,0.53314215,0.43802968
0.28,1.36,0.44008872,0.45962632,0.028426753,0.53096974,0.44060346
0.28,1.4,0.44326475,0.4617216,0.02803209,0.528802,0.4431659
0.28,1.44,0.4464242,0.46380702,0.027644115,0.52663904,0.44571686
0.28,1.48,0.44956723,0.46588254,0.02726271,0.5244811,0.44825622
0.28,1.52,0.4526939,0.4679482,0.02688774,0.5223283,0.450784
0.28,1.56,0.45580423,0.47000378,0.026519109,0.52018094,0.45329994
0.28,1.6,0.45889845,0.47204936,0.026156683,0.51803917,0.45580417
0.28,1.64,0.46197644,0.47408482,0.025800351,0.5159032,0.45829645
0.28,1.68,0.4650382,0.47611,0.025450036,0.5137733,0.4607766
0.28,1.72,0.46808395,0.4781251,0.025105584,0.5116496,0.4632448
0.28,1.76,0.47111353,0.48012966,0.02476695,0.5095324,0.46570063
0.28,1.8,0.47412694,0.4821238,0.024434013,0.507422,0.468144
0.28,1.84,0.47712415,0.4841073,0.024106666,0.50531846,0.47057486
0.28,1.88,0.48010525,0.48608014,0.023784837,0.50322205,0.47299302
0.28,1.92,0.4830701,0.48804224,0.023468435,0.5011331,0.47539845
0.28,1.96,0.48601872,0.48999345,0.023157364,0.4990518,0.47779086
0.28,2.0,0.48895097,0.49193358,0.022851538,0.49697828,0.48017013
0.32,-2.0,0.103907466,0.26077846,0.10563007,0.6926127,0.2017572
0.32,-1.96,0.10835652,0.2629583,0.10403514,0.69167113,0.20429371
0.32,-1.92,0.112805985,0.26515275,0.10245826,0.69069123,0.2068505
0.32,-1.88,0.11725542,0.26736176,0.10089952,0.68967324,0.20942728
0.32,-1.84,0.12170443,0.26958498,0.09935894,0.6886173,0.21202376
0.32,-1.8,0.12615263,0.2718222,0.097836584,0.68752384,0.21463963
0.32,-1.76,0.13059963,0.2740732,0.096332416,0.686393,0.21727459
0.32,-1.72,0.13504489,0.27633762,0.094846494,0.68522525,0.21992828
0.32,-1.68,0.1394881,0.27861527,0.093378805,0.68402076,0.22260037
0.32,-1.64,0.14392874,0.2809058,0.09192943,0.6827801,0.22529049
0.32,-1.6,0.14836645,0.28320888,0.090498306,0.6815035,0.2279982
0.32,-1.56,0.15280084,0.28552428,0.0890854,0.68019134,0.23072325
0.32,-1.52,0.1572313,0.28785157,0.08769076,0.6788441,0.23346508
0.32,-1.48,0.16165754,0.29019052,0.08631434,0.6774623,0.23622337
0.32,-1.44,0.166079,0.2925407,0.08495615,0.67604625,0.23899762
0.32,-1.4,0.17049533,0.2949018,0.08361617,0.6745965,0.24178742
0.32,-1.36,0.17490596,0.29727337,0.08229425,0.67311347,0.24459225
0.32,-1.32,0.17931046,0.29965508,0.080990516,0.67159784,0.24741165
0.32,-1.28,0.18370834,0.30204654,0.07970481,0.6700501,0.25024515
0.32,-1.24,0.18809906,0.30444726,0.07843716,0.66847074,0.25309214
0.32,-1.2,0.19248214,0.30685684,0.07718747,0.6668604,0.25595212
0.32,-1.16,0.1968571,0.30927485,0.075955726,0.6652197,0.25882456
0.32,-1.12,0.20122336,0.31170082,0.07474183,0.6635493,0.2617088
0.32,-1.08,0.20558035,0.31413427,0.073545784,0.6618499,0.2646043
0.32,-1.04,0.20992762,0.3165747,0.072367504,0.66012204,0.26751044
0.32,-1.0,0.21426451,0.31902158,0.07120688,0.65836656,0.2704265
0.32,-0.96,0.21859047,0.32147446,0.07006388,0.6565842,0.27335197
0.32,-0.92,0.22290494,0.32393277,0.06893847,0.65477556,0.27628607
0.32,-0.88,0.22720729,0.32639584,0.067830496,0.6529414,0.27922806
0.32,-0.84,0.23149699,0.32886332,0.0667399,0.65108263,0.28217742
0.32,-0.8,0.23577337,0.33133456,0.06566667,0.6492001,0.2851333
0.32,-0.76,0.24003586,0.33380893,0.0646106,0.64729446,0.288095
0.32,-0.72,0.2442838,0.33628583,0.06357167,0.64536667,0.2910617
0.32,-0.68,0.24851666,0.3387648,0.06254974,0.6434174,0.29403278
0.32,-0.64,0.25273374,0.34124506,0.061544765,0.64144784,0.29700738
0.32,-0.6,0.25693452,0.34372616,0.060556553,0.6394586,0.29998484
0.32,-0.56,0.26111838,0.34620747,0.059585024,0.6374506,0.3029644
0.32,-0.52,0.2652847,0.3486883,0.058630086,0.63542485,0.30594513
0.32,-0.48,0.269433,0.3511682,0.05769152,0.633382,0.3089265
0.32,-0.44,0.2735626,0.3536464,0.05676925,0.6313232,0.31190756
0.32,-0.4,0.2776731,0.35612243,0.055863123,0.62924916,0.3148877
0.32,-0.36,0.28176388,0.3585957,0.05497298,0.6271609,0.31786612
0.32,-0.32,0.28583455,0.36106566,0.05409866,0.6250592,0.32084215
0.32,-0.28,0.28988463,0.36353177,0.053239986,0.6229449,0.3238151
0.32,-0.24,0.2939137,0.36599353,0.05239675,0.6208189,0.3267843
0.32,-0.2,0.2979214,0.3684504,0.051568802,0.6186821,0.32974914
0.32,-0.16,0.30190727,0.37090185,0.05075596,0.61653525,0.33270887
0.32,-0.12,0.30587113,0.37334746,0.049957998,0.61437905,0.335663
0.32,-0.08,0.30981264,0.37578684,0.049174704,0.61221445,0.33861092
0.32,-0.04,0.31373155,0.3782195,0.048405886,0.610042,0.34155208
0.32,0.0,0.3176277,0.38064513,0.047651332,0.60786265,0.34448606
0.32,0.04,0.32150096,0.38306338,0.046910744,0.6056769,0.34741238
0.32,0.08,0.32535115,0.38547376,0.04618399,0.60348547,0.3503305
0.32,0.12,0.32917824,0.3878762,0.04547077,0.6012891,0.35324016
0.32,0.16,0.33298218,0.39027035,0.04477086,0.59908825,0.35614094
0.32,0.2,0.33676296,0.39265585,0.04408403,0.59688354,0.35903242
0.32,0.24,0.3405207,0.39503267,0.043409996,0.5946755,0.36191452
0.32,0.28,0.3442554,0.3974005,0.042748563,0.59246475,0.36478674
0.32,0.32,0.34796712,0.39975914,0.042099476,0.59025156,0.36764896
0.32,0.36,0.35165608,0.4021085,0.041462455,0.58803654,0.37050095
0.32,0.4,0.35532245,0.40444854,0.04083727,0.58582014,0.3733426
0.32,0.44,0.35896635,0.406779,0.04022367,0.58360267,0.37617365
0.32,0.48,0.36258808,0.40909994,0.039621428,0.5813845,0.37899408
0.32,0.52,0.36618787,0.4114113,0.03903026,0.57916594,0.3818038
0.32,0.56,0.36976585,0.41371295,0.038449954,0.5769474,0.38460264
0.32,0.6,0.37332237,0.41600487,0.037880283,0.57472926,0.38739052
0.32,0.64,0.37685773,0.41828707,0.037320986,0.57251155,0.39016747
0.32,0.68,0.38037223,0.42055959,0.03677183,0.5702947,0.3929335
0.32,0.72,0.38386607,0.4228223,0.036232624,0.568079,0.3956884
0.32,0.76,0.38733968,0.4250754,0.035703097,0.5658645,0.39843243
0.32,0.8,0.3907932,0.42731872,0.03518307,0.5636516,0.4011653
0.32,0.84,0.39422712,0.42955247,0.03467231,0.5614404,0.40388727
0.32,0.88,0.39764154,0.43177652,0.034170628,0.55923116,0.4065982
0.32,0.92,0.40103692,0.433991,0.033677798,0.55702406,0.40929818
0.32,0.96,0.40441343,0.43619582,0.033193644,0.5548192,0.41198713
0.32,1.0,0.4077714,0.4383911,0.032717984,0.5526169,0.4146651
0.32,1.04,0.41111112,0.44057685,0.032250598,0.5504172,0.41733214
0.32,1.08,0.41443276,0.44275308,0.031791344,0.5482204,0.41998821
0.32,1.12,0.4177367,0.44491988,0.031340018,0.5460265,0.42263344
0.32,1.16,0.42102307,0.4470771,0.030896485,0.54383594,0.4252676
0.32,1.2,0.4242921,0.44922477,0.030460572,0.5416486,0.42789078
0.32,1.24,0.42754403,0.45136315,0.030032104,0.5394649,0.4305031
0.32,1.28,0.430779,0.45349187,0.029610945,0.5372848,0.43310428
0.32,1.32,0.4339973,0.45561117,0.029196938,0.53510857,0.43569455
0.32,1.36,0.43719897,0.457721,0.028789943,0.53293633,0.43827376
0.32,1.4,0.44038415,0.45982116,0.028389845,0.5307684,0.44084173
0.32,1.44,0.44355297,0.46191183,0.02799651,0.528605,0.44339857
0.32,1.48,0.44670567,0.4639929,0.027609764,0.52644604,0.44594422
0.32,1.52,0.4498422,0.46606418,0.027229548,0.52429193,0.44847846
0.32,1.56,0.45296276,0.46812582,0.026855703,0.5221429,0.45100138
0.32,1.6,0.45606726,0.47017762,0.026488125,0.5199991,0.45351276
0.32,1.64,0.45915586,0.4722196,0.026126722,0.5178607,0.45601255
0.32,1.68,0.46222854,0.47425157,0.025771352,0.515728,0.45850062
0.32,1.72,0.46528533,0.47627354,0.025421938,0.51360124,0.46097687
0.32,1.76,0.4683263,0.47828546,0.02507835,0.51148045,0.46344122
0.32,1.8,0.4713514,0.48028705,0.024740534,0.50936604,0.46589342
0.32,1.84,0.47436067,0.48227847,0.024408348,0.50725806,0.46833357
0.32,1.88,0.477354,0.48425937,0.024081724,0.505157,0.47076127
0.32,1.92,0.48033133,0.48622975,0.023760593,0.50306296,0.47317642
0.32,1.96,0.4832927,0.48818955,0.023444828,0.50097615,0.47557902
0.32,2.0,0.486238,0.49013853,0.023134375,0.49889684,0.47796878
0.36,-2.0,0.10043993,0.25908968,0.106885836,0.6933199,0.1997942
0.36,-1.96,0.10488266,0.26125506,0.105278894,0.6924097,0.20231147
0.36,-1.92,0.10932643,0.26343536,0.103689834,0.6914608,0.20484932
0.36,-1.88,0.11377088,0.2656306,0.1021187,0.69047374,0.20740762
0.36,-1.84,0.11821559,0.26784033,0.100565545,0.68944854,0.20998593
0.36,-1.8,0.12266016,0.27006444,0.09903035,0.68838555,0.21258411
0.36,-1.76,0.12710412,0.27230263,0.09751324,0.68728507,0.21520174
0.36,-1.72,0.13154712,0.27455467,0.096014224,0.6861473,0.21783856
0.36,-1.68,0.1359887,0.27682024,0.09453327,0.6849725,0.22049424
0.36,-1.64,0.14042835,0.27909905,0.09307049,0.6837612,0.22316831
0.36,-1.6,0.14486575,0.2813909,0.09162582,0.6825136,0.22586058
0.36,-1.56,0.14930046,0.2836954,0.0901993,0.6812302,0.22857057
0.36,-1.52,0.15373191,0.2860122,0.088790886,0.6799112,0.23129787
0.36,-1.48,0.15815972,0.28834105,0.08740066,0.6785573,0.23404206
0.36,-1.44,0.16258346,0.29068154,0.08602855,0.67716867,0.23680277
0.36,-1.4,0.16700256,0.2930333,0.084674574,0.67574596,0.23957945
0.36,-1.36,0.17141657,0.29539597,0.083338685,0.6742896,0.2423717
0.36,-1.32,0.17582498,0.29776925,0.08202087,0.6728001,0.24517904
0.36,-1.28,0.18022734,0.30015254,0.08072115,0.671278,0.24800088
0.36,-1.24,0.18462305,0.30254558,0.07943942,0.6697238,0.25083676
0.36,-1.2,0.1890116,0.30494785,0.07817568,0.6681382,0.2536861
0.36,-1.16,0.19339249,0.30735895,0.076929875,0.6665217,0.2565484
0.36,-1.12,0.19776511,0.30977833,0.07570201,0.66487503,0.25942296
0.36,-1.08,0.20212886,0.31220555,0.07449201,0.66319877,0.26230916
0.36,-1.04,0.20648323,0.3146401,0.073299825,0.66149366,0.2652065
0.36,-1.0,0.21082759,0.31708145,0.072125435,0.65976036,0.26811418
0.36,-0.96,0.21516131,0.31952912,0.07096872,0.6579997,0.27103165
0.36,-0.92,0.2194838,0.32198244,0.069829665,0.6562122,0.27395812
0.36,-0.88,0.22379443,0.32444105,0.06870822,0.6543988,0.27689302
0.36,-0.84,0.2280926,0.32690415,0.06760429,0.65256023,0.27983546
0.36,-0.8,0.23237759,0.32937124,0.06651779,0.6506974,0.2827848
0.36,-0.76,0.23664883,0.3318418,0.06544866,0.64881104,0.2857403
0.36,-0.72,0.24090564,0.33431515,0.06439678,0.646902,0.28870118
0.36,-0.68,0.24514742,0.3367907,0.06336208,0.64497125,0.29166666
0.36,-0.64,0.2493735,0.33926785,0.062344518,0.6430195,0.29463598
0.36,-0.6,0.25358322,0.34174597,0.061343893,0.6410478,0.29760835
0.36,-0.56,0.25777605,0.34422442,0.060360137,0.63905686,0.30058303
0.36,-0.52,0.2619513,0.34670264,0.05939311,0.63704765,0.30355918
0.36,-0.48,0.26610842,0.34917995,0.05844273,0.63502115,0.30653608
0.36,-0.44,0.2702468,0.35165578,0.057508834,0.63297826,0.3095129
0.36,-0.4,0.274366,0.35412958,0.05659123,0.63091975,0.312489
0.36,-0.36,0.27846536,0.35660073,0.055689823,0.6288466,0.31546357
0.36,-0.32,0.28254446,0.3590687,0.054804448,0.6267597,0.31843588
0.36,-0.28,0.28660285,0.36153287,0.05393492,0.6246599,0.32140523
0.36,-0.24,0.2906401,0.36399275,0.053081036,0.62254804,0.32437098
0.36,-0.2,0.29465574,0.3664478,0.05224264,0.620425,0.3273324
0.36,-0.16,0.29864955,0.36889762,0.051419534,0.6182915,0.33028898
0.36,-0.12,0.3026211,0.3713417,0.050611492,0.6161485,0.33324006
0.36,-0.08,0.30657014,0.37377954,0.049818337,0.6139966,0.33618504
0.36,-0.04,0.3104965,0.3762108,0.049039822,0.61183673,0.33912343
0.36,0.0,0.31439993,0.3786351,0.04827574,0.6096695,0.34205472
0.36,0.04,0.3182803,0.38105208,0.04752587,0.60749567,0.34497845
0.36,0.08,0.32213753,0.38346142,0.046789937,0.60531586,0.34789422
0.36,0.12,0.32597154,0.38586283,0.04606774,0.6031307,0.3508016
0.36,0.16,0.32978228,0.38825592,0.045359038,0.60094076,0.35370016
0.36,0.2,0.33356977,0.39064068,0.044663537,0.5987467,0.35658973
0.36,0.24,0.33733407,0.39301667,0.043981045,0.59654903,0.35946986
0.36,0.28,0.34107527,0.39538392,0.043311246,0.5943483,0.3623405
0.36,0.32,0.3447935,0.39774206,0.042653944,0.59214485,0.3652012
0.36,0.36,0.34848884,0.4000911,0.042008907,0.5899393,0.36805186
0.36,0.4,0.35216162,0.4024309,0.04137578,0.5877319,0.37089238
0.36,0.44,0.3558119,0.40476128,0.04075442,0.5855231,0.37372246
0.36,0.48,0.3594399,0.4070822,0.04014451,0.5833134,0.3765421
0.36,0.52,0.36304596,0.4093937,0.039545827,0.5811031,0.3793511
0.36,0.56,0.3666303,0.4116957,0.038958106,0.57889235,0.38214958
0.36,0.6,0.37019315,0.41398805,0.038381148,0.5766816,0.38493723
0.36,0.64,0.3737349,0.41627094,0.037814654,0.5744711,0.38771424
0.36,0.68,0.37725574,0.41854423,0.037258465,0.5722611,0.39048043
0.36,0.72,0.38075608,0.42080796,0.036712263,0.57005185,0.39323586
0.36,0.76,0.38423616,0.42306215,0.036175903,0.56784356,0.3959805
0.36,0.8,0.38769627,0.4253069,0.035649113,0.5656365,0.39871436
0.36,0.84,0.39113683,0.42754212,0.035131674,0.56343085,0.40143746
0.36,0.88,0.394558,0.42976785,0.034623437,0.5612268,0.4041498
0.36,0.92,0.39796022,0.43198422,0.03412412,0.55902445,0.4068514
0.36,0.96,0.40134373,0.4341912,0.033633567,0.5568241,0.40954232
0.36,1.0,0.4047088,0.43638882,0.033151567,0.55462587,0.41222253
0.36,1.04,0.40805572,0.43857712,0.032677967,0.55243,0.41489205
0.36,1.08,0.41138473,0.44075602,0.032212563,0.5502366,0.4175508
0.36,1.12,0.41469613,0.44292566,0.031755183,0.5480459,0.42019892
0.36,1.16,0.41799027,0.44508618,0.031305622,0.54585785,0.4228365
0.36,1.2,0.4212671,0.44723734,0.030863779,0.5436729,0.42546332
0.36,1.24,0.42452705,0.4493792,0.030429436,0.5414911,0.42807943
0.36,1.28,0.42777032,0.45151198,0.030002467,0.53931254,0.43068495
0.36,1.32,0.43099695,0.45363533,0.02958275,0.53713757,0.43327963
0.36,1.36,0.4342073,0.45574957,0.02917009,0.53496623,0.4358637
0.36,1.4,0.4374013,0.4578544,0.028764388,0.5327988,0.4384368
0.36,1.44,0.44057924,0.45994988,0.028365508,0.53063536,0.4409991
0.36,1.48,0.4437412,0.462036,0.027973287,0.52847624,0.44355047
0.36,1.52,0.44688728,0.46411273,0.02758764,0.5263215,0.44609088
0.36,1.56,0.45001757,0.46618003,0.027208423,0.52417135,0.44862023
0.36,1.6,0.45313215,0.46823776,0.026835535,0.52202606,0.45113838
0.36,1.64,0.45623103,0.4702859,0.02646886,0.5198859,0.4536453
0.36,1.68,0.45931426,0.4723243,0.0261083,0.5177509,0.4561408
0.36,1.72,0.46238193,0.47435308,0.025753718,0.51562136,0.4586249
0.36,1.76,0.46543398,0.47637185,0.025405047,0.51349765,0.4610973
0.36,1.8,0.46847045,0.4783808,0.025062166,0.5113798,0.46355802
0.36,1.84,0.47149134,0.48037967,0.024724998,0.5092681,0.46600693
0.36,1.88,0.47449657,0.48236838,0.02439343,0.5071628,0.46844375
0.36,1.92,0.47748613,0.48434684,0.0240674,0.5050642,0.47086844
0.36,1.96,0.48046005,0.48631495,0.023746785,0.5029723,0.47328088
0.36,2.0,0.48341814,0.48827252,0.023431538,0.5008877,0.47568077
0.4,-2.0,0.09696681,0.257407,0.1081548,0.69400483,0.19784032
0.4,-1.96,0.10140154,0.25955716,0.10653646,0.6931262,0.2003374
0.4,-1.92,0.10583801,0.26172256,0.10493571,0.6922089,0.20285538
0.4,-1.88,0.11027577,0.26390305,0.10335273,0.6912532,0.2053941
0.4,-1.84,0.11471446,0.2660985,0.101787455,0.6902592,0.2079533
0.4,-1.8,0.1191537,0.26830858,0.10024001,0.68922734,0.21053267
0.4,-1.76,0.12359306,0.2705331,0.09871039,0.6881576,0.21313198
0.4,-1.72,0.12803204,0.2727718,0.0971987,0.6870505,0.21575083
0.4,-1.68,0.13247031,0.2750244,0.09570493,0.6859062,0.21838894
0.4,-1.64,0.13690737,0.27729064,0.09422916,0.6847249,0.22104597
0.4,-1.6,0.14134279,0.2795702,0.092771366,0.6835071,0.22372153
0.4,-1.56,0.14577608,0.2818628,0.0913316,0.68225306,0.22641529
0.4,-1.52,0.15020685,0.28416812,0.08990984,0.6809633,0.22912684
0.4,-1.48,0.15463458,0.28648585,0.08850611,0.67963815,0.23185576
0.4,-1.44,0.15905878,0.28881562,0.087120436,0.67827797,0.2346016
0.4,-1.4,0.16347902,0.29115707,0.08575282,0.6768832,0.23736398
0.4,-1.36,0.16789469,0.29350975,0.08440324,0.67545444,0.24014232
0.4,-1.32,0.17230538,0.29587337,0.0830717,0.6739921,0.2429362
0.4,-1.28,0.1767105,0.29824755,0.08175814,0.6724967,0.24574515
0.4,-1.24,0.18110947,0.30063176,0.08046263,0.67096883,0.24856855
0.4,-1.2,0.18550178,0.30302554,0.079185076,0.66940904,0.25140586
0.4,-1.16,0.18988687,0.30542853,0.07792553,0.66781795,0.25425655
0.4,-1.12,0.19426411,0.3078402,0.07668387,0.66619617,0.25711998
0.4,-1.08,0.19863293,0.31026003,0.07546015,0.66454434,0.25999555
0.4,-1.04,0.2029927,0.31268752,0.074254304,0.66286314,0.26288256
0.4,-1.0,0.20734277,0.31512213,0.0730663,0.6611533,0.2657804
0.4,-0.96,0.21168254,0.31756335,0.071896054,0.6594155,0.2686884
0.4,-0.92,0.21601135,0.3200106,0.07074359,0.6576506,0.27160582
0.4,-0.88,0.22032854,0.32246333,0.06960877,0.65585923,0.274532
0.4,-0.84,0.22463344,0.32492092,0.068491615,0.6540423,0.27746612
0.4,-0.8,0.22892535,0.32738268,0.06739203,0.6522006,0.2804074
0.4,-0.76,0.23320365,0.32984817,0.06630992,0.6503349,0.28335518
0.4,-0.72,0.23746765,0.33231673,0.06524526,0.64844614,0.28630865
0.4,-0.68,0.24171667,0.33478764,0.06419791,0.64653504,0.289267
0.4,-0.64,0.24595006,0.33726037,0.06316781,0.6446027,0.29222947
0.4,-0.6,0.25016713,0.3397343,0.062154878,0.6426499,0.29519528
0.4,-0.56,0.25436726,0.34220862,0.061158977,0.6406775,0.2981635
0.4,-0.52,0.2585499,0.344683,0.06017995,0.6386864,0.3011336
0.4,-0.48,0.26271427,0.34715658,0.059217762,0.6366777,0.30410454
0.4,-0.44,0.26685995,0.34962887,0.05827221,0.63465214,0.30707568
0.4,-0.4,0.27098626,0.3520992,0.057343207,0.6326106,0.31004623
0.4,-0.36,0.27509278,0.35456705,0.05643056,0.630554,0.31301546
0.4,-0.32,0.2791789,0.35703176,0.055534143,0.6284833,0.31598255
0.4,-0.28,0.28324416,0.35949287,0.05465374,0.62639934,0.3189469
0.4,-0.24,0.2872882,0.3619498,0.05378918,0.624303,0.32190782
0.4,-0.2,0.29131055,0.36440206,0.052940298,0.62219507,0.3248646
0.4,-0.16,0.29531094,0.36684915,0.052106865,0.6200764,0.3278167
0.4,-0.12,0.299289,0.3692906,0.051288724,0.6179479,0.33076337
0.4,-0.08,0.30324447,0.371726,0.05048562,0.6158102,0.33370423
0.4,-0.04,0.30717707,0.37415484,0.04969735,0.6136641,0.33663854
0.4,0.0,0.31108674,0.37657693,0.04892366,0.61151034,0.33956602
0.4,0.04,0.3149732,0.37899178,0.048164353,0.60934955,0.34248608
0.4,0.08,0.31883648,0.38139904,0.047419187,0.6071825,0.34539828
0.4,0.12,0.32267645,0.3837986,0.04668789,0.60500985,0.34830233
0.4,0.16,0.32649305,0.38618994,0.045970224,0.602832,0.35119772
0.4,0.2,0.33028638,0.38857302,0.045265947,0.6006498,0.35408428
0.4,0.24,0.3340565,0.39094755,0.0445748,0.5984635,0.35696167
0.4,0.28,0.33780348,0.3933134,0.043896522,0.5962738,0.35982966
0.4,0.32,0.34152746,0.39567038,0.043230873,0.59408116,0.36268798
0.4,0.36,0.34522855,0.39801836,0.0425776,0.59188604,0.36553642
0.4,0.4,0.34890696,0.4003572,0.04193641,0.5896887,0.36837488
0.4,0.44,0.35256296,0.40268686,0.04130709,0.58748966,0.37120318
0.4,0.48,0.35619673,0.40500727,0.04068935,0.5852894,0.37402126
0.4,0.52,0.35980853,0.4073183,0.04008295,0.5830881,0.37682894
0.4,0.56,0.36339867,0.40962005,0.039487656,0.58088607,0.37962624
0.4,0.6,0.3669674,0.41191238,0.038903207,0.5786837,0.3824131
0.4,0.64,0.370515,0.41419533,0.038329385,0.5764813,0.38518935
0.4,0.68,0.3740418,0.41646895,0.03776591,0.57427895,0.38795516
0.4,0.72,0.37754813,0.41873312,0.037212577,0.57207704,0.39071035
0.4,0.76,0.38103426,0.42098802,0.03666915,0.5698758,0.3934551
0.4,0.8,0.38450062,0.42323363,0.0361354,0.5676753,0.39618927
0.4,0.84,0.38794735,0.4254699,0.03561114,0.56547594,0.39891294
0.4,0.88,0.39137495,0.4276969,0.035096105,0.5632778,0.4016261
0.4,0.92,0.39478365,0.42991474,0.03459012,0.56108105,0.40432882
0.4,0.96,0.39817372,0.4321234,0.034092996,0.55888593,0.40702108
0.4,1.0,0.40154552,0.43432292,0.033604503,0.55669254,0.40970296
0.4,1.04,0.40489933,0.43651333,0.033124458,0.5545011,0.4123744
0.4,1.08,0.40823534,0.4386946,0.032652725,0.5523119,0.4150354
0.4,1.12,0.41155398,0.4408669,0.03218905,0.5501249,0.4176861
0.4,1.16,0.41485533,0.4430301,0.031733304,0.5479403,0.42032635
0.4,1.2,0.41813973,0.4451843,0.03128536,0.54575837,0.4229563
0.4,1.24,0.42140746,0.44732955,0.030844962,0.5435791,0.4255759
0.4,1.28,0.42465854,0.44946566,0.03041203,0.54140294,0.42818502
0.4,1.32,0.4278933,0.4515929,0.029986387,0.5392298,0.43078384
0.4,1.36,0.4311119,0.45371103,0.02956788,0.53705996,0.43337214
0.4,1.4,0.43431446,0.45582017,0.029156387,0.53489363,0.43594998
0.4,1.44,0.43750113,0.4579202,0.028751785,0.53273094,0.43851727
0.4,1.48,0.44067207,0.46001107,0.028353918,0.5305721,0.44107395
0.4,1.52,0.44382736,0.46209285,0.027962655,0.5284172,0.44362003
0.4,1.56,0.4469671,0.46416545,0.027577914,0.5262667,0.44615537
0.4,1.6,0.45009145,0.46622884,0.027199524,0.52412057,0.44867995
0.4,1.64,0.45320025,0.46828273,0.026827436,0.5219791,0.45119342
0.4,1.68,0.45629373,0.47032732,0.026461486,0.5198425,0.453696
0.4,1.72,0.45937192,0.47236246,0.026101585,0.5177109,0.4561875
0.4,1.76,0.46243477,0.47438797,0.025747646,0.51558465,0.45866764
0.4,1.8,0.4654823,0.47640383,0.025399571,0.513464,0.46113646
0.4,1.84,0.46851456,0.47840998,0.025057223,0.511349,0.46359378
0.4,1.88,0.47153145,0.48040622,0.024720559,0.50924003,0.46603945
0.4,1.92,0.474533,0.4823925,0.024389442,0.50713724,0.4684733
0.4,1.96,0.4775191,0.48436868,0.024063831,0.505041,0.47089523
0.4,2.0,0.4804897,0.4863346,0.023743603,0.50295144,0.47330496
0.44,-2.0,0.09348586,0.2557295,0.10943798,0.6946677,0.19589432
0.44,-1.96,0.09791088,0.25786355,0.10780876,0.693821,0.19837022
0.44,-1.92,0.10233839,0.2600132,0.10619692,0.69293565,0.20086743
0.44,-1.88,0.10676784,0.26217824,0.10460254,0.69201183,0.20338567
0.44,-1.84,0.111198954,0.2643585,0.10302571,0.6910496,0.20592473
0.44,-1.8,0.11563121,0.2665537,0.10146642,0.69004923,0.20848435
0.44,-1.76,0.12006425,0.26876363,0.09992481,0.6890109,0.21106417
0.44,-1.72,0.12449762,0.27098817,0.09840089,0.68793505,0.21366405
0.44,-1.68,0.12893091,0.2732269,0.09689477,0.6868217,0.21628354
0.44,-1.64,0.13336362,0.27547953,0.09540643,0.6856713,0.2189223
0.44,-1.6,0.13779539,0.27774593,0.093935885,0.68448406,0.2215801
0.44,-1.56,0.14222567,0.28002566,0.09248327,0.6832603,0.22425647
0.44,-1.52,0.14665401,0.28231847,0.09104852,0.68200046,0.22695105
0.44,-1.48,0.15107998,0.28462407,0.089631684,0.6807049,0.22966345
0.44,-1.44,0.15550305,0.2869421,0.08823276,0.679374,0.23239325
0.44,-1.4,0.15992267,0.2892721,0.08685182,0.67800814,0.23513997
0.44,-1.36,0.16433834,0.2916138,0.08548886,0.6766079,0.23790315
0.44,-1.32,0.16874956,0.29396683,0.08414387,0.67517376,0.24068238
0.44,-1.28,0.1731557,0.29633066,0.08281687,0.6737062,0.243477
0.44,-1.24,0.17755626,0.29870492,0.0815078,0.6722056,0.24628657
0.44,-1.2,0.1819506,0.3010891,0.08021676,0.6706728,0.24911046
0.44,-1.16,0.18633822,0.30348292,0.07894362,0.6691082,0.25194824
0.44,-1.12,0.19071837,0.30588567,0.077688456,0.6675124,0.25479913
0.44,-1.08,0.19509047,0.30829692,0.07645121,0.6658862,0.25766253
0.44,-1.04,0.1994539,0.31071618,0.075231895,0.6642302,0.26053786
0.44,-1.0,0.20380801,0.31314287,0.07403047,0.6625451,0.26342437
0.44,-0.96,0.20815206,0.31557646,0.07284692,0.6608317,0.26632142
0.44,-0.92,0.21248545,0.31801635,0.07168119,0.6590905,0.26922825
0.44,-0.88,0.21680744,0.320462,0.0705332,0.65732265,0.27214417
0.44,-0.84,0.22111733,0.32291275,0.069403,0.6555286,0.2750684
0.44,-0.8,0.22541447,0.32536805,0.06829046,0.6537094,0.27800018
0.44,-0.76,0.22969812,0.32782722,0.067195535,0.6518658,0.28093868
0.44,-0.72,0.23396762,0.33028966,0.06611815,0.6499986,0.2838832
0.44,-0.68,0.23822218,0.3327547,0.06505828,0.6481088,0.2868329
0.44,-0.64,0.24246122,0.33522177,0.06401578,0.64619726,0.28978696
0.44,-0.6,0.24668397,0.33769011,0.06299059,0.6442648,0.29274455
0.44,-0.56,0.25088984,0.34015924,0.061982587,0.6423124,0.29570496
0.44,-0.52,0.25507817,0.3426285,0.06099166,0.640341,0.29866737
0.44,-0.48,0.2592483,0.34509712,0.060017735,0.63835144,0.30163085
0.44,-0.44,0.2633997,0.34756467,0.05906059,0.63634455,0.30459487
0.44,-0.4,0.26753163,0.3500303,0.05812019,0.6343215,0.30755833
0.44,-0.36,0.2716438,0.3524937,0.05719631,0.6322829,0.31052077
0.44,-0.32,0.27573544,0.35495412,0.05628883,0.63022995,0.3134813
0.44,-0.28,0.27980626,0.357411,0.055397518,0.6281632,0.31643924
0.44,-0.24,0.28385577,0.3598639,0.054522254,0.62608373,0.31939396
0.44,-0.2,0.28788355,0.3623122,0.053662844,0.6239924,0.32234472
0.44,-0.16,0.29188925,0.3647555,0.05281908,0.62188995,0.32529095
0.44,-0.12,0.29587257,0.36719337,0.051990725,0.61977726,0.32823205
0.44,-0.08,0.29983327,0.36962527,0.051177595,0.617655,0.33116746
0.44,-0.04,0.3037711,0.3720508,0.05037946,0.61552393,0.33409655
0.44,0.0,0.30768585,0.37446967,0.049596105,0.61338496,0.33701897
0.44,0.04,0.31157744,0.3768814,0.04882726,0.61123854,0.33993414
0.44,0.08,0.31544578,0.37928584,0.0480727,0.6090855,0.34284177
0.44,0.12,0.31929076,0.3816826,0.04733218,0.60692644,0.34574136
0.44,0.16,0.32311243,0.3840714,0.046605423,0.60476196,0.3486326
0.44,0.2,0.3269108,0.38645205,0.045892235,0.6025925,0.35151517
0.44,0.24,0.3306859,0.38882434,0.0451923,0.6004189,0.3543888
0.44,0.28,0.3344379,0.39118814,0.044505376,0.5982414,0.35725325
0.44,0.32,0.3381669,0.39354315,0.043831192,0.5960605,0.36010823
0.44,0.36,0.34187308,0.3958894,0.043169532,0.59387684,0.36295363
0.44,0.4,0.3455566,0.39822674,0.04252008,0.59169066,0.3657893
0.44,0.44,0.34921768,0.40055498,0.041882627,0.58950245,0.36861497
0.44,0.48,0.35285664,0.4028742,0.041256882,0.58731246,0.37143067
0.44,0.52,0.35647365,0.40518427,0.040642586,0.58512115,0.3742363
0.44,0.56,0.36006907,0.4074852,0.040039513,0.5829288,0.3770317
0.44,0.6,0.36364314,0.40977693,0.039447386,0.5807357,0.37981695
0.44,0.64,0.36719614,0.41205946,0.038866013,0.5785421,0.3825919
0.44,0.68,0.37072843,0.4143328,0.038295064,0.5763483,0.38535658
0.44,0.72,0.37424034,0.41659707,0.03773439,0.5741546,0.38811103
0.44,0.76,0.3777322,0.41885212,0.03718372,0.57196105,0.39085516
0.44,0.8,0.38120428,0.42109808,0.036642823,0.5697681,0.39358905
0.44,0.84,0.38465694,0.42333496,0.036111493,0.56757575,0.3963127
0.44,0.88,0.38809052,0.42556286,0.035589498,0.5653844,0.39902616
0.44,0.92,0.39150536,0.42778173,0.035076633,0.5631939,0.40172943
0.44,0.96,0.3949017,0.42999166,0.0345727,0.56100476,0.40442255
0.44,1.0,0.39827985,0.43219256,0.034077514,0.55881697,0.40710545
0.44,1.04,0.4016402,0.43438476,0.033590876,0.55663085,0.40977833
0.44,1.08,0.40498292,0.43656796,0.033112578,0.5544464,0.41244105
0.44,1.12,0.40830842,0.43874237,0.03264245,0.5522638,0.4150937
0.44,1.16,0.4116168,0.44090807,0.032180335,0.5500834,0.41773635
0.44,1.2,0.41490838,0.44306484,0.03172604,0.54790515,0.4203688
0.44,1.24,0.41818342,0.44521296,0.031279422,0.5457293,0.42299128
0.44,1.28,0.42144212,0.4473523,0.030840315,0.543556,0.42560372
0.44,1.32,0.42468467,0.44948283,0.030408572,0.5413854,0.428206
0.44,1.36,0.42791122,0.45160466,0.029984029,0.53921777,0.4307982
0.44,1.4,0.431122,0.45371768,0.02956658,0.53705317,0.43338025
0.44,1.44,0.43431708,0.45582187,0.029156063,0.53489184,0.4359521
0.44,1.48,0.43749672,0.45791724,0.02875235,0.532734,0.4385137
0.44,1.52,0.4406609,0.46000373,0.028355299,0.53057975,0.44106495
0.44,1.56,0.4438098,0.46208122,0.027964832,0.52842927,0.4436058
0.44,1.6,0.44694352,0.4641499,0.027580786,0.5262829,0.44613633
0.44,1.64,0.45006207,0.4662094,0.02720307,0.5241408,0.44865617
0.44,1.68,0.4531655,0.46825984,0.026831562,0.5220031,0.4511654
0.44,1.72,0.45625386,0.470301,0.026466174,0.51987004,0.4536638
0.44,1.76,0.45932722,0.47233295,0.02610678,0.5177419,0.45615134
0.44,1.8,0.46238557,0.4743554,0.0257533,0.51561886,0.4586278
0.44,1.84,0.46542883,0.4763685,0.025405629,0.5135012,0.46109316
0.44,1.88,0.4684571,0.47837195,0.025063666,0.5113891,0.46354723
0.44,1.92,0.47147027,0.48036572,0.02472734,0.5092828,0.46598983
0.44,1.96,0.47446835,0.48234972,0.02439653,0.50718254,0.4684209
0.44,2.0,0.47745124,0.48432374,0.024071185,0.5050887,0.47084013
0.48,-2.0,0.089994855,0.2540561,0.11073619,0.6953086,0.19395514
0.48,-1.96,0.094408706,0.25617337,0.109096654,0.69449425,0.19640903
0.48,-1.92,0.09882559,0.25830644,0.107474275,0.69364125,0.19888447
0.48,-1.88,0.10324515,0.26045525,0.10586907,0.6927496,0.20138133
0.48,-1.84,0.10766691,0.26261944,0.10428113,0.6918196,0.20389923
0.48,-1.8,0.112090625,0.264799,0.10271056,0.69085133,0.20643811
0.48,-1.76,0.11651571,0.2669935,0.1011574,0.6898451,0.20899749
0.48,-1.72,0.12094177,0.26920286,0.09962179,0.68880105,0.21157724
0.48,-1.68,0.12536848,0.27142677,0.09810366,0.6877193,0.21417703
0.48,-1.64,0.12979524,0.27366495,0.096603185,0.68660027,0.21679649
0.48,-1.6,0.13422166,0.2759172,0.09512032,0.6854443,0.21943535
0.48,-1.56,0.13864727,0.2781832,0.09365521,0.6842516,0.22209322
0.48,-1.52,0.14307158,0.28046256,0.09220788,0.6830225,0.2247697
0.48,-1.48,0.14749408,0.28275502,0.09077827,0.68175733,0.2274644
0.48,-1.44,0.15191422,0.28506023,0.08936653,0.68045664,0.23017687
0.48,-1.4,0.15633161,0.28737786,0.087972604,0.67912066,0.23290674
0.48,-1.36,0.16074559,0.2897075,0.086596556,0.67774993,0.23565352
0.48,-1.32,0.16515559,0.29204872,0.08523842,0.67634493,0.23841666
0.48,-1.28,0.16956112,0.29440123,0.08389821,0.6749061,0.24119574
0.48,-1.24,0.17396154,0.29676443,0.08257593,0.67343396,0.24399011
0.48,-1.2,0.1783562,0.29913792,0.0812716,0.6719292,0.24679925
0.48,-1.16,0.18274452,0.3015213,0.079985194,0.6703922,0.24962261
0.48,-1.12,0.18712586,0.30391404,0.07871673,0.66882366,0.2524596
0.48,-1.08,0.19149955,0.3063155,0.07746624,0.6672243,0.2553094
0.48,-1.04,0.19586489,0.30872536,0.076233685,0.6655947,0.2581716
0.48,-1.0,0.20022124,0.31114292,0.07501908,0.66393566,0.2610453
0.48,-0.96,0.20456788,0.3135677,0.07382235,0.6622477,0.26392993
0.48,-0.92,0.20890407,0.315999,0.072643586,0.66053176,0.26682466
0.48,-0.88,0.21322913,0.31843632,0.07148259,0.65878856,0.2697288
0.48,-0.84,0.21754234,0.32087904,0.070339486,0.65701884,0.27264163
0.48,-0.8,0.22184296,0.32332653,0.06921412,0.65522355,0.2755623
0.48,-0.76,0.22613023,0.32577813,0.06810652,0.6534034,0.27849007
0.48,-0.72,0.23040347,0.32823324,0.06701661,0.6515593,0.28142408
0.48,-0.68,0.23466192,0.33069116,0.06594427,0.6496922,0.28436354
0.48,-0.64,0.23890492,0.33315137,0.06488946,0.6478029,0.2873077
0.48,-0.6,0.24313173,0.335613,0.06385211,0.6458923,0.29025564
0.48,-0.56,0.2473417,0.3380756,0.06283207,0.64396137,0.2932066
0.48,-0.52,0.25153416,0.34053847,0.0618293,0.6420109,0.29615977
0.48,-0.48,0.25570843,0.34300095,0.060843665,0.64004195,0.29911435
0.48,-0.44,0.259864,0.34546247,0.059874997,0.6380554,0.3020696
0.48,-0.4,0.2640001,0.34792233,0.058923196,0.63605225,0.3050246
0.48,-0.36,0.26811638,0.35038003,0.057988077,0.63403314,0.30797878
0.48,-0.32,0.2722122,0.35283497,0.057069506,0.63199914,0.3109313
0.48,-0.28,0.27628717,0.3552866,0.056167323,0.6299512,0.3138815
0.48,-0.24,0.28034073,0.35773423,0.05528137,0.6278901,0.31682852
0.48,-0.2,0.28437266,0.36017764,0.05441135,0.62581664,0.319772
0.48,-0.16,0.28838244,0.36261606,0.05355717,0.6237318,0.32271102
0.48,-0.12,0.29236993,0.3650493,0.052718535,0.6216362,0.3256453
0.48,-0.08,0.29633468,0.36747667,0.051895313,0.6195307,0.32857394
0.48,-0.04,0.30027658,0.36989793,0.05108726,0.61741614,0.33149663
0.48,0.0,0.30419543,0.3723126,0.05029408,0.6152931,0.33441278
0.48,0.04,0.3080911,0.37472045,0.04951558,0.6131624,0.33732206
0.48,0.08,0.31196353,0.37712106,0.04875151,0.6110245,0.3402239
0.48,0.12,0.31581268,0.37951425,0.04800162,0.6088803,0.34311804
0.48,0.16,0.3196385,0.38189965,0.047265667,0.6067303,0.34600404
0.48,0.2,0.32344106,0.38427714,0.04654338,0.604575,0.34888166
0.48,0.24,0.32722044,0.38664642,0.045834478,0.6024149,0.35175055
0.48,0.28,0.3309767,0.38900736,0.045138735,0.6002507,0.35461053
0.48,0.32,0.33471003,0.39135978,0.044455893,0.59808284,0.3574613
0.48,0.36,0.3384206,0.39370358,0.04378564,0.59591156,0.36030278
0.48,0.4,0.3421086,0.3960387,0.043127757,0.59373754,0.36313474
0.48,0.44,0.34577426,0.39836502,0.04248195,0.59156096,0.36595708
0.48,0.48,0.3494178,0.4006824,0.041848004,0.58938235,0.36876962
0.48,0.52,0.3530395,0.40299088,0.04122563,0.587202,0.37157238
0.48,0.56,0.3566397,0.40529042,0.040614564,0.5850201,0.37436524
0.48,0.6,0.36021864,0.40758103,0.04001458,0.5828373,0.37714818
0.48,0.64,0.36377662,0.40986267,0.03942541,0.5806535,0.37992114
0.48,0.68,0.367314,0.41213524,0.038846847,0.5784691,0.38268405
0.48,0.72,0.3708311,0.41439903,0.03827858,0.57628435,0.38543707
0.48,0.76,0.3743282,0.41665372,0.037720468,0.57409954,0.38818
0.48,0.8,0.3778057,0.4188997,0.0371722,0.5719148,0.39091304
0.48,0.84,0.38126388,0.42113668,0.036633603,0.5697304,0.39363605
0.48,0.88,0.3847031,0.42336494,0.036104415,0.5675464,0.3963492
0.48,0.92,0.3881237,0.42558438,0.03558448,0.5653631,0.3990524
0.48,0.96,0.39152595,0.42779517,0.03507356,0.5631807,0.4017458
0.48,1.0,0.3949102,0.4299972,0.03457145,0.5609993,0.4044293
0.48,1.04,0.39827672,0.43219054,0.034077987,0.55881906,0.40710294
0.48,1.08,0.40162587,0.43437535,0.033592932,0.55664015,0.4097669
0.48,1.12,0.40495786,0.4365516,0.033116136,0.55446285,0.41242108
0.48,1.16,0.40827295,0.43871924,0.032647427,0.55228716,0.41506544
0.48,1.2,0.41157144,0.44087836,0.032186616,0.5501133,0.41770008
0.48,1.24,0.41485357,0.44302893,0.03173357,0.5479415,0.42032495
0.48,1.28,0.41811946,0.445171,0.031288106,0.5457719,0.42294005
0.48,1.32,0.42136952,0.4473046,0.030850042,0.5436045,0.42554548
0.48,1.36,0.42460376,0.4494297,0.030419286,0.54143965,0.42814106
0.48,1.4,0.42782247,0.4515463,0.029995648,0.5392775,0.4307269
0.48,1.44,0.43102568,0.4536543,0.029579021,0.5371182,0.43330276
0.48,1.48,0.4342136,0.45575374,0.029169278,0.53496194,0.4358688
0.48,1.52,0.43738648,0.45784461,0.02876625,0.53280884,0.4384249
0.48,1.56,0.44054422,0.45992678,0.028369863,0.53065926,0.44097087
0.48,1.6,0.44368702,0.46200025,0.027979976,0.52851325,0.44350675
0.48,1.64,0.44681498,0.46406502,0.027596448,0.526371,0.4460325
0.48,1.68,0.44992802,0.4661209,0.027219212,0.524233,0.44854787
0.48,1.72,0.45302635,0.46816787,0.026848141,0.5220991,0.45105284
0.48,1.76,0.4561099,0.47020584,0.026483119,0.51996964,0.4535473
0.48,1.8,0.45917875,0.47223467,0.026124058,0.5178448,0.45603105
0.48,1.84,0.4622328,0.4742544,0.02577085,0.515725,0.45850408
0.48,1.88,0.46527216,0.47626483,0.02542343,0.5136103,0.4609662
0.48,1.92,0.46829677,0.47826585,0.025081674,0.5115011,0.46341726
0.48,1.96,0.4713065,0.4802574,0.02474551,0.50939745,0.4658571
0.48,2.0,0.4743014,0.48223925,0.024414856,0.50729966,0.4682855
0.52,-2.0,0.08649195,0.25238603,0.1120504,0.6959278,0.19202183
0.52,-1.96,0.09089289,0.25448573,0.11040113,0.695146,0.1944528
0.52,-1.92,0.09529762,0.2566015,0.108768724,0.6943257,0.19690564
0.52,-1.88,0.09970564,0.2587332,0.10715318,0.6934668,0.1993801
0.52,-1.84,0.10411659,0.2608806,0.105554685,0.6925693,0.20187595
0.52,-1.8,0.10853003,0.26304358,0.10397331,0.69163364,0.20439304
0.52,-1.76,0.11294557,0.26522183,0.10240909,0.6906599,0.20693102
0.52,-1.72,0.11736277,0.2674152,0.100862145,0.68964815,0.20948966
0.52,-1.68,0.12178118,0.26962346,0.099332534,0.6885988,0.21206872
0.52,-1.64,0.1262003,0.2718463,0.09782036,0.6875119,0.21466778
0.52,-1.6,0.13061978,0.27408344,0.096325636,0.6863878,0.21728657
0.52,-1.56,0.13503906,0.27633467,0.09484842,0.68522674,0.21992481
0.52,-1.52,0.13945763,0.27859962,0.093388855,0.68402916,0.22258198
0.52,-1.48,0.14387505,0.280878,0.091946885,0.6827953,0.22525781
0.52,-1.44,0.14829071,0.28316945,0.09052257,0.6815256,0.22795182
0.52,-1.4,0.15270409,0.28547364,0.08911603,0.68022037,0.23066361
0.52,-1.36,0.15711465,0.2877901,0.087727286,0.6788801,0.23339261
0.52,-1.32,0.1615218,0.29011858,0.08635631,0.6775052,0.23613846
0.52,-1.28,0.16592498,0.2924586,0.08500318,0.67609614,0.23890066
0.52,-1.24,0.1703235,0.29480964,0.08366796,0.67465353,0.2416785
0.52,-1.2,0.17471674,0.29717135,0.082350634,0.67317784,0.24447154
0.52,-1.16,0.17910413,0.29954326,0.081051216,0.67166966,0.24727921
0.52,-1.12,0.1834849,0.3019247,0.07976973,0.67012954,0.25010076
0.52,-1.08,0.18785839,0.30431533,0.078506224,0.6685581,0.25293565
0.52,-1.04,0.19222394,0.30671448,0.077260666,0.66695625,0.2557831
0.52,-1.0,0.19658081,0.30912176,0.07603306,0.6653243,0.2586426
0.52,-0.96,0.20092823,0.31153643,0.07482341,0.66366327,0.2615133
0.52,-0.92,0.20526552,0.313958,0.07363171,0.6619738,0.2643945
0.52,-0.88,0.2095919,0.31638578,0.072457954,0.6602566,0.26728538
0.52,-0.84,0.21390665,0.31881925,0.07130208,0.6585127,0.2701853
0.52,-0.8,0.21820897,0.32125762,0.07016409,0.6567426,0.27309328
0.52,-0.76,0.22249818,0.32370046,0.06904394,0.6549473,0.27600873
0.52,-0.72,0.22677349,0.32614696,0.06794157,0.65312773,0.2789307
0.52,-0.68,0.2310341,0.32859653,0.06685694,0.6512847,0.2818584
0.52,-0.64,0.2352794,0.3310485,0.06578992,0.64941907,0.28479102
0.52,-0.6,0.2395086,0.33350223,0.064740494,0.64753175,0.28772777
0.52,-0.56,0.24372102,0.33595705,0.06370854,0.6456237,0.29066777
0.52,-0.52,0.247916,0.33841234,0.062693976,0.6436958,0.29361024
0.52,-0.48,0.25209287,0.34086743,0.061696656,0.6417489,0.2965544
0.52,-0.44,0.25625104,0.34332177,0.060716458,0.6397841,0.29949945
0.52,-0.4,0.2603898,0.34577465,0.059753302,0.6378022,0.30244455
0.52,-0.36,0.26450878,0.34822556,0.058806986,0.63580406,0.305389
0.52,-0.32,0.26860735,0.35067385,0.057877354,0.6337906,0.30833206
0.52,-0.28,0.27268508,0.35311896,0.056964252,0.6317628,0.31127298
0.52,-0.24,0.27674147,0.35556048,0.056067467,0.6297214,0.31421116
0.52,-0.2,0.2807762,0.35799772,0.055186838,0.62766725,0.31714585
0.52,-0.16,0.28478888,0.36043036,0.054322194,0.62560135,0.32007653
0.52,-0.12,0.2887792,0.36285782,0.053473227,0.62352425,0.3230025
0.52,-0.08,0.29274693,0.36527973,0.052639816,0.6214369,0.32592326
0.52,-0.04,0.2966918,0.36769572,0.051821694,0.61934006,0.3288383
0.52,0.0,0.30061373,0.3701054,0.051018603,0.6172343,0.3317471
0.52,0.04,0.30451253,0.37250832,0.050230335,0.6151204,0.3346492
0.52,0.08,0.3083881,0.37490433,0.049456626,0.6129991,0.33754426
0.52,0.12,0.31224048,0.37729302,0.04869724,0.6108709,0.3404318
0.52,0.16,0.31606963,0.37967426,0.047951918,0.6087365,0.34331158
0.52,0.2,0.3198756,0.3820477,0.04722036,0.6065964,0.3461832
0.52,0.24,0.3236584,0.38441324,0.046502348,0.60445124,0.3490464
0.52,0.28,0.32741827,0.38677067,0.045797605,0.6023014,0.35190102
0.52,0.32,0.33115527,0.38911974,0.045105882,0.6001474,0.3547467
0.52,0.36,0.33486962,0.39146048,0.044426885,0.5979898,0.35758337
0.52,0.4,0.33856148,0.3937927,0.043760344,0.59582883,0.3604108
0.52,0.44,0.34223112,0.39611638,0.043106038,0.593665,0.36322895
0.52,0.48,0.34587872,0.39843136,0.04246368,0.59149873,0.36603758
0.52,0.52,0.34950465,0.4007377,0.041832987,0.58933026,0.36883676
0.52,0.56,0.35310912,0.40303525,0.041213743,0.58715993,0.37162626
0.52,0.6,0.35669246,0.40532416,0.040605675,0.5849881,0.3744062
0.52,0.64,0.36025497,0.40760428,0.04000853,0.582815,0.37717646
0.52,0.68,0.363797,0.40987572,0.039422084,0.580641,0.37993702
0.52,0.72,0.36731887,0.4121384,0.038846046,0.5784661,0.38268787
0.52,0.76,0.3708209,0.41439238,0.03828023,0.5762907,0.38542902
0.52,0.8,0.37430343,0.41663775,0.037724383,0.5741151,0.38816056
0.52,0.84,0.3777668,0.4188745,0.03717828,0.5719393,0.3908824
0.52,0.88,0.3812113,0.4211026,0.036641736,0.5697636,0.3935946
0.52,0.92,0.38463733,0.42332232,0.03611448,0.56758827,0.39629728
0.52,0.96,0.38804516,0.42553338,0.03559634,0.56541336,0.3989903
0.52,1.0,0.39143515,0.42773607,0.035087112,0.56323904,0.40167382
0.52,1.04,0.3948076,0.42993033,0.034586594,0.56106555,0.40434784
0.52,1.08,0.39816278,0.4321163,0.034094572,0.558893,0.40701243
0.52,1.12,0.40150097,0.43429384,0.033610914,0.5567216,0.4096675
0.52,1.16,0.40482253,0.43646312,0.033135388,0.5545514,0.41231316
0.52,1.2,0.4081276,0.4386241,0.032667875,0.5523827,0.41494942
0.52,1.24,0.41141647,0.44077685,0.032208145,0.5502157,0.4175762
0.52,1.28,0.41468942,0.4429213,0.0317561,0.54805034,0.42019358
0.52,1.32,0.41794664,0.44505757,0.031311546,0.5458869,0.42280158
0.52,1.36,0.4211883,0.44718555,0.03087432,0.54372555,0.42540008
0.52,1.4,0.42441452,0.44930527,0.030444345,0.54156655,0.4279891
0.52,1.44,0.42762563,0.45141682,0.030021409,0.53940994,0.4305687
0.52,1.48,0.4308217,0.45351994,0.029605426,0.53725594,0.43313858
0.52,1.52,0.43400282,0.45561484,0.029196212,0.53510475,0.43569902
0.52,1.56,0.43716916,0.45770139,0.028793713,0.53295654,0.43824977
0.52,1.6,0.44032076,0.45977938,0.02839777,0.5308116,0.44079062
0.52,1.64,0.44345778,0.46184897,0.028008247,0.5286701,0.44332173
0.52,1.68,0.44658023,0.46391,0.027625086,0.52653205,0.44584286
0.52,1.72,0.4496882,0.46596238,0.027248112,0.52439785,0.44835395
0.52,1.76,0.4527817,0.46800616,0.026877286,0.52226776,0.45085496
0.52,1.8,0.45586076,0.47004116,0.026512455,0.52014184,0.4533457
0.52,1.84,0.45892537,0.47206724,0.02615354,0.5180205,0.455826
0.52,1.88,0.46197554,0.47408426,0.025800453,0.5159038,0.45829576
0.52,1.92,0.4650112,0.47609222,0.025453098,0.5137921,0.46075478
0.52,1.96,0.46803236,0.47809094,0.025111394,0.5116856,0.46320298
0.52,2.0,0.47103903,0.48008043,0.024775228,0.50958455,0.46564025
0.56,-2.0,0.08297517,0.25071847,0.113381416,0.69652504,0.19009347
0.56,-1.96,0.08736178,0.25279993,0.11172296,0.6957763,0.19250077
0.56,-1.92,0.09175273,0.2548976,0.11008105,0.6949889,0.19493005
0.56,-1.88,0.09614765,0.25701144,0.10845576,0.69416296,0.19738126
0.56,-1.84,0.10054613,0.25914127,0.10684721,0.69329864,0.19985412
0.56,-1.8,0.10494781,0.2612869,0.105255485,0.69239604,0.20234853
0.56,-1.76,0.10935217,0.2634481,0.10368072,0.6914552,0.20486411
0.56,-1.72,0.11375883,0.26562458,0.102122925,0.6904764,0.20740062
0.56,-1.68,0.118167415,0.2678163,0.100582264,0.68945986,0.20995788
0.56,-1.64,0.12257735,0.27002287,0.099058814,0.68840563,0.21253552
0.56,-1.6,0.12698822,0.27224407,0.09755259,0.68731415,0.21513322
0.56,-1.56,0.13139953,0.27447957,0.09606373,0.6861856,0.21775062
0.56,-1.52,0.13581073,0.27672923,0.09459227,0.6850203,0.22038746
0.56,-1.48,0.14022136,0.2789925,0.09313829,0.68381846,0.22304322
0.56,-1.44,0.14463077,0.2812692,0.091701895,0.68258065,0.22571753
0.56,-1.4,0.14903857,0.2835589,0.09028305,0.68130696,0.22840999
0.56,-1.36,0.15344405,0.2858613,0.08888189,0.67999804,0.23112014
0.56,-1.32,0.15784664,0.2881759,0.087498404,0.6786542,0.23384738
0.56,-1.28,0.16224572,0.29050237,0.086132705,0.67727596,0.23659134
0.56,-1.24,0.16664067,0.2928402,0.084784836,0.6758638,0.23935138
0.56,-1.2,0.17103079,0.29518896,0.08345479,0.6744183,0.24212691
0.56,-1.16,0.17541543,0.29754817,0.08214264,0.6729399,0.24491744
0.56,-1.12,0.17979392,0.29991737,0.08084836,0.6714294,0.2477223
0.56,-1.08,0.18416551,0.30229586,0.079572074,0.66988724,0.25054073
0.56,-1.04,0.18852943,0.30468327,0.07831372,0.6683141,0.2533722
0.56,-1.0,0.19288509,0.30707902,0.07707338,0.6667107,0.25621596
0.56,-0.96,0.19723156,0.30948243,0.075851,0.66507775,0.25907123
0.56,-0.92,0.20156816,0.31189293,0.07464664,0.663416,0.26193732
0.56,-0.88,0.20589411,0.31430998,0.073460236,0.6617263,0.26481348
0.56,-0.84,0.21020865,0.31673288,0.07229183,0.66000926,0.26769888
0.56,-0.8,0.21451099,0.31916106,0.07114134,0.65826595,0.27059278
0.56,-0.76,0.21880035,0.32159376,0.07000882,0.6564969,0.2734943
0.56,-0.72,0.22307599,0.3240304,0.06889415,0.65470314,0.27640268
0.56,-0.68,0.22733712,0.32647038,0.06779729,0.6528856,0.2793171
0.56,-0.64,0.23158304,0.3289129,0.0667182,0.651045,0.28223673
0.56,-0.6,0.23581295,0.33135748,0.065656796,0.6491825,0.28516072
0.56,-0.56,0.24002622,0.33380333,0.06461298,0.6472988,0.28808826
0.56,-0.52,0.24422212,0.33624977,0.06358665,0.64539486,0.2910185
0.56,-0.48,0.2484,0.33869627,0.062577754,0.6434716,0.29395068
0.56,-0.44,0.25255924,0.34114224,0.061586097,0.64152986,0.29688403
0.56,-0.4,0.25669923,0.3435869,0.06061157,0.6395707,0.29981768
0.56,-0.36,0.2608195,0.34602988,0.059654035,0.63759494,0.30275106
0.56,-0.32,0.26491937,0.3484704,0.058713306,0.6356034,0.30568326
0.56,-0.28,0.26899844,0.35090792,0.057789277,0.63359714,0.30861354
0.56,-0.24,0.27305633,0.35334206,0.056881707,0.63157696,0.3115414
0.56,-0.2,0.27709264,0.35577223,0.055990368,0.62954354,0.3144661
0.56,-0.16,0.28110695,0.35819793,0.055115163,0.62749785,0.31738698
0.56,-0.12,0.28509903,0.36061874,0.054255802,0.62544066,0.32030353
0.56,-0.08,0.28906858,0.3630342,0.0534121,0.6233728,0.32321513
0.56,-0.04,0.29301536,0.3654439,0.052583817,0.6212949,0.32612127
0.56,0.0,0.29693928,0.36784753,0.051770713,0.6192078,0.3290215
0.56,0.04,0.3008402,0.37024477,0.05097256,0.61711204,0.3319154
0.56,0.08,0.30471805,0.37263522,0.050189067,0.6150085,0.3348025
0.56,0.12,0.30857277,0.37501866,0.049420018,0.6128975,0.33768246
0.56,0.16,0.31240442,0.37739486,0.048665147,0.6107799,0.3405549
0.56,0.2,0.316213,0.37976357,0.047924176,0.6086562,0.3434196
0.56,0.24,0.3199986,0.38212454,0.047196865,0.6065269,0.3462762
0.56,0.28,0.32376128,0.38447765,0.046482973,0.60439265,0.3491244
0.56,0.32,0.3275013,0.38682276,0.04578216,0.60225374,0.35196412
0.56,0.36,0.33121875,0.38915968,0.04509421,0.60011065,0.3547951
0.56,0.4,0.3349139,0.3914884,0.04441883,0.5979639,0.35761723
0.56,0.44,0.33858693,0.3938088,0.0437558,0.5958139,0.36043033
0.56,0.48,0.34223813,0.39612082,0.043104794,0.5936609,0.3632343
0.56,0.52,0.3458677,0.39842436,0.042465616,0.5915053,0.36602908
0.56,0.56,0.34947598,0.4007194,0.04183795,0.5893474,0.3688146
0.56,0.6,0.35306332,0.40300608,0.04122156,0.5871876,0.37159082
0.56,0.64,0.3566299,0.4052841,0.040616233,0.58502614,0.37435758
0.56,0.68,0.36017618,0.40755382,0.04002165,0.5828633,0.3771151
0.56,0.72,0.36370242,0.40981495,0.039437633,0.58069915,0.37986317
0.56,0.76,0.367209,0.4120677,0.03886392,0.5785342,0.38260192
0.56,0.8,0.3706962,0.41431203,0.038300265,0.57636845,0.3853313
0.56,0.84,0.37416437,0.416548,0.03774646,0.5742022,0.38805136
0.56,0.88,0.37761384,0.41877565,0.037202273,0.5720356,0.3907621
0.56,0.92,0.381045,0.420995,0.036667492,0.569869,0.39346355
0.56,0.96,0.38445815,0.42320612,0.036141895,0.5677023,0.39615577
0.56,1.0,0.38785356,0.425409,0.0356253,0.5655359,0.39883876
0.56,1.04,0.39123163,0.4276038,0.03511751,0.56336987,0.40151262
0.56,1.08,0.39459255,0.42979035,0.034618326,0.56120443,0.40417722
0.56,1.12,0.3979367,0.43196887,0.03412755,0.55903965,0.40683272
0.56,1.16,0.40126437,0.4341394,0.033645004,0.5568758,0.40947917
0.56,1.2,0.40457577,0.43630195,0.033170518,0.554713,0.41211653
0.56,1.24,0.40787113,0.4384563,0.032703944,0.5525513,0.41474468
0.56,1.28,0.41115078,0.44060284,0.032245077,0.550391,0.41736385
0.56,1.32,0.41441488,0.44274136,0.03179381,0.54823226,0.41997394
0.56,1.36,0.41766363,0.4448719,0.031349964,0.5460752,0.42257488
0.56,1.4,0.42089728,0.44699442,0.030913372,0.5439199,0.4251667
0.56,1.44,0.4241159,0.44910902,0.03048393,0.5417667,0.42774937
0.56,1.48,0.42731974,0.4512156,0.03006148,0.5396157,0.43032286
0.56,1.52,0.4305089,0.4533141,0.029645922,0.53746706,0.43288702
0.56,1.56,0.4336835,0.45540452,0.029237079,0.53532106,0.43544194
0.56,1.6,0.43684372,0.4574868,0.028834863,0.5331777,0.43798745
0.56,1.64,0.4399895,0.45956093,0.028439153,0.5310374,0.4405235
0.56,1.68,0.44312105,0.46162677,0.02804984,0.5289002,0.44304994
0.56,1.72,0.44623843,0.46368438,0.02766681,0.5267664,0.4455668
0.56,1.76,0.44934154,0.4657335,0.02728994,0.5246362,0.44807383
0.56,1.8,0.45243055,0.46777415,0.026919162,0.5225099,0.450571
0.56,1.84,0.45550543,0.46980625,0.026554333,0.5203875,0.45305818
0.56,1.88,0.4585661,0.4718296,0.026195405,0.5182694,0.4555351
0.56,1.92,0.46161267,0.4738443,0.025842234,0.51615584,0.45800188
0.56,1.96,0.46464506,0.47585,0.025494788,0.5140471,0.4604581
0.56,2.0,0.4676632,0.47784668,0.025152944,0.51194334,0.46290377
0.6,-2.0,0.07944291,0.24905282,0.11473014,0.6971005,0.1881694
0.6,-1.96,0.08381354,0.2511152,0.11306306,0.6963849,0.19055206
0.6,-1.92,0.0881892,0.2531941,0.11141218,0.6956308,0.19295698
0.6,-1.88,0.092569485,0.25528938,0.10977765,0.6948383,0.19538411
0.6,-1.84,0.096953966,0.25740084,0.10815953,0.69400734,0.19783314
0.6,-1.8,0.10134225,0.25952828,0.106557995,0.6931381,0.20030384
0.6,-1.76,0.10573392,0.2616716,0.1049731,0.6922308,0.20279607
0.6,-1.72,0.11012854,0.26383048,0.10340498,0.69128543,0.20530954
0.6,-1.68,0.11452564,0.2660048,0.101853676,0.6903023,0.20784403
0.6,-1.64,0.11892472,0.26819423,0.100319386,0.68928146,0.21039915
0.6,-1.6,0.12332539,0.27039856,0.09880213,0.6882232,0.2129747
0.6,-1.56,0.1277271,0.27261752,0.09730196,0.68712777,0.21557027
0.6,-1.52,0.13212931,0.27485085,0.095819086,0.6859954,0.21818556
0.6,-1.48,0.13653152,0.2770981,0.0943535,0.6848263,0.22082011
0.6,-1.44,0.14093314,0.27935904,0.09290526,0.68362105,0.2234736
0.6,-1.4,0.14533359,0.28163332,0.091474526,0.6823799,0.22614554
0.6,-1.36,0.1497323,0.2839206,0.09006126,0.6811032,0.22883551
0.6,-1.32,0.15412864,0.2862203,0.08866564,0.6797914,0.23154297
0.6,-1.28,0.15852197,0.28853217,0.08728768,0.6784449,0.2342674
0.6,-1.24,0.16291158,0.2908557,0.085927464,0.67706424,0.23700832
0.6,-1.2,0.16729684,0.29319042,0.084584974,0.67564994,0.23976505
0.6,-1.16,0.1716771,0.29553592,0.08326035,0.6742025,0.24253714
0.6,-1.12,0.17605151,0.29789153,0.0819536,0.67272264,0.24532378
0.6,-1.08,0.1804194,0.30025685,0.08066479,0.6712108,0.24812442
0.6,-1.04,0.18478005,0.3026313,0.079393916,0.66966766,0.2509384
0.6,-1.0,0.18913266,0.3050143,0.078141026,0.668094,0.253765
0.6,-0.96,0.19347642,0.30740523,0.07690616,0.66649044,0.2566034
0.6,-0.92,0.19781062,0.30980358,0.07568931,0.66485775,0.25945294
0.6,-0.88,0.20213442,0.31220862,0.0744905,0.6631967,0.26231283
0.6,-0.84,0.20644696,0.31461978,0.07330969,0.6615081,0.26518226
0.6,-0.8,0.21074755,0.3170364,0.07214692,0.65979266,0.26806048
0.6,-0.76,0.2150354,0.3194578,0.07100212,0.65805125,0.27094662
0.6,-0.72,0.21930966,0.32188344,0.06987529,0.6562848,0.27383995
0.6,-0.68,0.22356957,0.32431248,0.068766356,0.6544942,0.27673948
0.6,-0.64,0.22781444,0.32674438,0.067675285,0.65268016,0.27964455
0.6,-0.6,0.23204345,0.32917848,0.06660199,0.65084374,0.28255427
0.6,-0.56,0.23625593,0.3316141,0.06554643,0.6489858,0.2854678
0.6,-0.52,0.24045116,0.33405054,0.064508446,0.6471072,0.28838432
0.6,-0.48,0.24462849,0.3364873,0.06348797,0.64520895,0.29130307
0.6,-0.44,0.24878734,0.33892366,0.06248485,0.6432919,0.29422328
0.6,-0.4,0.252927,0.341359,0.061498996,0.6413569,0.2971441
0.6,-0.36,0.25704706,0.34379274,0.060530256,0.6394049,0.3000648
0.6,-0.32,0.26114687,0.3462244,0.059578456,0.6374368,0.3029847
0.6,-0.28,0.265226,0.3486533,0.058643438,0.6354535,0.30590305
0.6,-0.24,0.26928407,0.351079,0.057725027,0.6334558,0.3088192
0.6,-0.2,0.27332067,0.35350096,0.05682297,0.6314445,0.31173256
0.6,-0.16,0.2773354,0.35591865,0.05593713,0.62942046,0.31464237
0.6,-0.12,0.28132808,0.35833177,0.055067286,0.6273845,0.31754822
0.6,-0.08,0.28529832,0.36073983,0.054213174,0.62533736,0.32044944
0.6,-0.04,0.28924596,0.3631423,0.053374644,0.62327987,0.3233455
0.6,0.0,0.29317096,0.36553904,0.052551385,0.62121254,0.32623607
0.6,0.04,0.29707304,0.3679296,0.051743172,0.6191363,0.32912058
0.6,0.08,0.30095223,0.3703137,0.05094978,0.6170516,0.33199865
0.6,0.12,0.30480844,0.37269104,0.050170932,0.6149592,0.33486992
0.6,0.16,0.30864173,0.37506136,0.049406353,0.61285955,0.33773407
0.6,0.2,0.31245214,0.37742448,0.048655804,0.6107534,0.34059075
0.6,0.24,0.31623974,0.3797802,0.047919024,0.6086412,0.34343973
0.6,0.28,0.32000458,0.3821283,0.047195736,0.6065236,0.34628072
0.6,0.32,0.32374695,0.38446864,0.04648567,0.6044008,0.34911352
0.6,0.36,0.3274669,0.38680118,0.04578855,0.6022735,0.351938
0.6,0.4,0.33116472,0.3891257,0.045104146,0.60014194,0.3547539
0.6,0.44,0.3348406,0.39144215,0.044432167,0.59800667,0.35756114
0.6,0.48,0.33849484,0.39375058,0.043772325,0.595868,0.36035973
0.6,0.52,0.3421276,0.39605075,0.043124396,0.5937263,0.36314934
0.6,0.56,0.34573925,0.39834273,0.042488087,0.5915818,0.36593005
0.6,0.6,0.3493301,0.40062654,0.04186319,0.589435,0.36870182
0.6,0.64,0.35290042,0.40290213,0.041249406,0.58728606,0.37146458
0.6,0.68,0.35645053,0.40516952,0.04064649,0.58513516,0.37421834
0.6,0.72,0.35998073,0.4074286,0.040054243,0.5829828,0.37696296
0.6,0.76,0.36349148,0.4096796,0.039472364,0.580829,0.37969863
0.6,0.8,0.366983,0.41192243,0.03890069,0.578674,0.38242525
0.6,0.84,0.37045565,0.41415712,0.038338922,0.5765182,0.38514286
0.6,0.88,0.37390983,0.4163838,0.037786867,0.57436156,0.38785157
0.6,0.92,0.37734577,0.41860238,0.037244316,0.5722044,0.3905512
0.6,0.96,0.3807639,0.420813,0.036711063,0.5700469,0.393242
0.6,1.0,0.38416448,0.4230157,0.036186878,0.56788915,0.39592394
0.6,1.04,0.38754782,0.4252105,0.03567157,0.5657314,0.398597
0.6,1.08,0.39091426,0.4273974,0.035164975,0.56357384,0.40126118
0.6,1.12,0.39426407,0.42957652,0.034666844,0.5614165,0.4039166
0.6,1.16,0.39759752,0.43174782,0.03417705,0.5592597,0.40656322
0.6,1.2,0.40091497,0.43391138,0.03369541,0.5571035,0.4092011
0.6,1.24,0.4042166,0.43606716,0.03322172,0.55494803,0.41183022
0.6,1.28,0.40750262,0.43821532,0.03275584,0.5527935,0.41445065
0.6,1.32,0.41077337,0.44035572,0.032297604,0.55064005,0.41706228
0.6,1.36,0.41402894,0.4424884,0.0318469,0.54848796,0.41966516
0.6,1.4,0.41726965,0.4446134,0.03140349,0.5463372,0.42225927
0.6,1.44,0.42049554,0.44673064,0.030967327,0.54418814,0.42484453
0.6,1.48,0.42370695,0.44884026,0.03053821,0.54204077,0.42742106
0.6,1.52,0.42690387,0.45094204,0.030116042,0.53989536,0.4299886
0.6,1.56,0.43008652,0.453036,0.029700672,0.53775203,0.43254724
0.6,1.6,0.43325493,0.4551222,0.029291986,0.5356111,0.43509686
0.6,1.64,0.43640935,0.45720053,0.028889874,0.53347266,0.43763745
0.6,1.68,0.43954965,0.45927083,0.028494203,0.531337,0.44016877
0.6,1.72,0.44267613,0.46133322,0.028104885,0.52920425,0.44269088
0.6,1.76,0.44578865,0.46338746,0.02772179,0.5270747,0.44520357
0.6,1.8,0.44888732,0.46543348,0.027344821,0.52494836,0.44770676
0.6,1.84,0.4519722,0.46747127,0.02697389,0.5228257,0.45020035
0.6,1.88,0.45504317,0.46950072,0.026608901,0.5207069,0.4526842
0.6,1.92,0.45810032,0.47152168,0.026249757,0.5185921,0.4551581
0.6,1.96,0.46114358,0.47353405,0.025896352,0.5164817,0.457622
0.6,2.0,0.464173,0.4755377,0.025548615,0.5143757,0.46007565
0.64,-2.0,0.075893514,0.24738833,0.1160973,0.6976539,0.18624881
0.64,-1.96,0.08024678,0.24943107,0.114422135,0.6969717,0.18860616
0.64,-1.92,0.084605634,0.25149047,0.11276283,0.69625115,0.19098595
0.64,-1.88,0.08896969,0.2535664,0.11111962,0.6954923,0.19338804
0.64,-1.84,0.09333869,0.25565878,0.10949244,0.69469523,0.19581234
0.64,-1.8,0.09771207,0.25776732,0.1078816,0.6938599,0.19825853
0.64,-1.76,0.10208945,0.259892,0.10628709,0.6929864,0.20072651
0.64,-1.72,0.106470436,0.26203245,0.10470903,0.692075,0.20321599
0.64,-1.68,0.11085455,0.26418853,0.103147626,0.6911257,0.20572668
0.64,-1.64,0.115241244,0.26635998,0.10160289,0.6901387,0.20825833
0.64,-1.6,0.11963008,0.2685466,0.10007502,0.68911433,0.21081068
0.64,-1.56,0.12402063,0.27074808,0.09856403,0.68805254,0.21338335
0.64,-1.52,0.12841223,0.27296418,0.09707005,0.68695384,0.21597604
0.64,-1.48,0.13280436,0.27519453,0.095593214,0.68581843,0.21858831
0.64,-1.44,0.1371965,0.2774388,0.094133586,0.6846466,0.22121978
0.64,-1.4,0.14158802,0.27969664,0.09269127,0.68343866,0.22387002
0.64,-1.36,0.14597824,0.28196764,0.09126636,0.68219507,0.22653855
0.64,-1.32,0.15036665,0.28425157,0.08985886,0.68091613,0.22922501
0.64,-1.28,0.15475251,0.28654778,0.08846897,0.6796023,0.23192869
0.64,-1.24,0.15913515,0.28885594,0.08709668,0.6782541,0.23464917
0.64,-1.2,0.16351381,0.2911755,0.08574212,0.67687213,0.23738576
0.64,-1.16,0.16788787,0.29350612,0.08440529,0.67545664,0.24013801
0.64,-1.12,0.17225654,0.29584718,0.083086304,0.6740085,0.2429052
0.64,-1.08,0.17661901,0.2981981,0.08178524,0.6725282,0.24568664
0.64,-1.04,0.18097457,0.30055842,0.08050211,0.67101616,0.24848169
0.64,-1.0,0.18532239,0.3029275,0.07923694,0.6694734,0.2512896
0.64,-0.96,0.18966174,0.30530486,0.07798981,0.66790044,0.25410977
0.64,-0.92,0.1939917,0.30768973,0.07676071,0.66629803,0.25694126
0.64,-0.88,0.19831154,0.31008157,0.07554964,0.66466695,0.2597834
0.64,-0.84,0.20262045,0.3124798,0.074356645,0.663008,0.2626354
0.64,-0.8,0.20691755,0.3148836,0.073181756,0.6613218,0.26549637
0.64,-0.76,0.21120213,0.31729254,0.07202486,0.65960944,0.26836568
0.64,-0.72,0.2154733,0.31970578,0.070886016,0.6578717,0.27124232
0.64,-0.68,0.21973035,0.32212275,0.06976514,0.6561093,0.27412555
0.64,-0.64,0.22397245,0.3245428,0.06866223,0.6543233,0.27701452
0.64,-0.6,0.22819892,0.3269652,0.06757716,0.6525144,0.27990845
0.64,-0.56,0.23240903,0.3293894,0.06650987,0.65068364,0.2828065
0.64,-0.52,0.23660198,0.3318146,0.06546031,0.6488319,0.28570774
0.64,-0.48,0.24077727,0.33424044,0.06442831,0.6469601,0.28861165
0.64,-0.44,0.24493413,0.336666,0.06341382,0.64506894,0.2915172
0.64,-0.4,0.24907206,0.33909082,0.062416643,0.64315957,0.2944237
0.64,-0.36,0.2531905,0.34151435,0.06143669,0.64123285,0.29733047
0.64,-0.32,0.25728887,0.3439359,0.060473766,0.63928956,0.30023664
0.64,-0.28,0.26136672,0.34635505,0.059527773,0.6373306,0.30314165
0.64,-0.24,0.26542372,0.3487712,0.0585984,0.6353567,0.30604482
0.64,-0.2,0.2694593,0.35118392,0.057685614,0.63336897,0.30894542
0.64,-0.16,0.27347332,0.3535927,0.05678909,0.631368,0.31184295
0.64,-0.12,0.27746543,0.35599715,0.055908628,0.6293545,0.31473684
0.64,-0.08,0.28143528,0.3583967,0.055044085,0.6273295,0.31762642
0.64,-0.04,0.28538275,0.3607911,0.054195143,0.6252937,0.32051125
0.64,0.0,0.28930774,0.36317998,0.05336161,0.62324744,0.32339093
0.64,0.04,0.29321006,0.36556298,0.05254323,0.62119186,0.32626492
0.64,0.08,0.29708967,0.3679398,0.051739745,0.61912733,0.32913288
0.64,0.12,0.3009465,0.3703102,0.05095094,0.6170547,0.3319944
0.64,0.16,0.30478066,0.37267387,0.050176483,0.61497426,0.3348492
0.64,0.2,0.30859214,0.3750307,0.049416192,0.61288685,0.33769697
0.64,0.24,0.31238097,0.3773803,0.04866973,0.61079293,0.34053734
0.64,0.28,0.31614736,0.37972265,0.047936887,0.60869294,0.34337014
0.64,0.32,0.3198914,0.3820576,0.047217336,0.6065875,0.34619516
0.64,0.36,0.32361323,0.38438493,0.046510886,0.6044769,0.34901217
0.64,0.4,0.32731315,0.38670465,0.045817204,0.60236174,0.3518211
0.64,0.44,0.33099136,0.38901657,0.045136042,0.60024226,0.3546217
0.64,0.48,0.33464807,0.3913207,0.044467133,0.5981189,0.35741395
0.64,0.52,0.33828354,0.3936169,0.04381025,0.5959921,0.36019766
0.64,0.56,0.3418981,0.3959053,0.04316509,0.59386206,0.3629729
0.64,0.6,0.345492,0.39818564,0.042531405,0.5917291,0.36573943
0.64,0.64,0.34906557,0.40045813,0.041908957,0.58959365,0.36849737
0.64,0.68,0.35261917,0.40272272,0.041297473,0.5874558,0.37124673
0.64,0.72,0.35615304,0.4049793,0.040696733,0.585316,0.3739873
0.64,0.76,0.35966754,0.40722802,0.04010649,0.5831743,0.37671924
0.64,0.8,0.36316305,0.40946883,0.03952651,0.58103096,0.37944245
0.64,0.84,0.36663988,0.4117018,0.038956553,0.5788864,0.38215703
0.64,0.88,0.37009835,0.413927,0.038396403,0.5767406,0.384863
0.64,0.92,0.37353882,0.41614443,0.037845835,0.5745938,0.38756037
0.64,0.96,0.3769616,0.41835415,0.03730466,0.5724462,0.39024913
0.64,1.0,0.38036707,0.42055616,0.03677265,0.57029796,0.39292935
0.64,1.04,0.3837554,0.42275053,0.03624959,0.5681493,0.39560103
0.64,1.08,0.387127,0.42493737,0.03573533,0.5660004,0.3982643
0.64,1.12,0.39048222,0.42711654,0.035229646,0.5638513,0.400919
0.64,1.16,0.3938213,0.4292883,0.034732353,0.56170225,0.40356535
0.64,1.2,0.3971445,0.4314526,0.034243274,0.55955344,0.40620333
0.64,1.24,0.40045205,0.4336093,0.033762276,0.557405,0.40883276
0.64,1.28,0.40374425,0.43575862,0.033289142,0.555257,0.41145387
0.64,1.32,0.40702134,0.43790054,0.032823734,0.55310965,0.4140666
0.64,1.36,0.4102835,0.44003505,0.032365892,0.5509632,0.41667095
0.64,1.4,0.413531,0.4421621,0.031915467,0.5488177,0.41926685
0.64,1.44,0.4167639,0.44428164,0.031472348,0.5466734,0.42185426
0.64,1.48,0.41998252,0.44639385,0.031036336,0.5445304,0.42443323
0.64,1.52,0.42318702,0.44849864,0.030607348,0.5423889,0.42700377
0.64,1.56,0.42637742,0.45059583,0.030185211,0.54024917,0.42956564
0.64,1.6,0.42955384,0.45268553,0.029769847,0.5381113,0.4321189
0.64,1.64,0.4327165,0.45476758,0.029361112,0.53597546,0.43466344
0.64,1.68,0.43586537,0.45684206,0.028958881,0.5338419,0.43719918
0.64,1.72,0.4390007,0.45890886,0.02856304,0.53171086,0.4397261
0.64,1.76,0.44212228,0.46096772,0.028173529,0.5295825,0.4422439
0.64,1.8,0.4452304,0.4630189,0.02779018,0.52745706,0.44475275
0.64,1.84,0.448325,0.46506214,0.027412906,0.52533466,0.44725242
0.64,1.88,0.451406,0.46709722,0.02704166,0.5232157,0.4497426
0.64,1.92,0.45447347,0.4691242,0.026676293,0.5211004,0.45222333
0.64,1.96,0.4575275,0.47114295,0.026316723,0.5189888,0.45469448
0.64,2.0,0.46056786,0.47315326,0.0259629,0.5168813,0.45715573
0.68,-2.0,0.07232569,0.24572462,0.11748371,0.698185,0.1843313
0.68,-1.96,0.07665999,0.24774696,0.11580102,0.69753647,0.18666245
0.68,-1.92,0.08100065,0.24978623,0.11413386,0.69684976,0.18901634
0.68,-1.88,0.08534709,0.2518422,0.11248242,0.69612485,0.1913927
0.68,-1.84,0.089698985,0.25391468,0.11084674,0.69536185,0.19379134
0.68,-1.8,0.094055995,0.25600368,0.10922702,0.6945607,0.19621223
0.68,-1.76,0.098417625,0.25810885,0.10762337,0.6937216,0.19865502
0.68,-1.72,0.1027834,0.26023006,0.1060359,0.69284457,0.20111951
0.68,-1.68,0.10715293,0.26236713,0.104464784,0.69192964,0.20360555
0.68,-1.64,0.11152568,0.2645198,0.10291015,0.69097716,0.20611273
0.68,-1.6,0.11590121,0.2666879,0.10137201,0.68998706,0.20864092
0.68,-1.56,0.12027889,0.26887104,0.09985065,0.6889597,0.21118963
0.68,-1.52,0.12465829,0.271069,0.098346,0.68789536,0.2137586
0.68,-1.48,0.12903878,0.2732815,0.09685832,0.68679416,0.2163475
0.68,-1.44,0.13341978,0.27550814,0.09538768,0.6856565,0.21895584
0.68,-1.4,0.13780065,0.27774858,0.093934156,0.68448263,0.22158325
0.68,-1.36,0.14218086,0.28000253,0.09249784,0.6832729,0.2242293
0.68,-1.32,0.14655963,0.28226945,0.09107894,0.6820277,0.22689338
0.68,-1.28,0.15093632,0.284549,0.089677386,0.6807475,0.22957508
0.68,-1.24,0.15531024,0.28684077,0.0882934,0.67943275,0.23227388
0.68,-1.2,0.15968065,0.28914416,0.08692705,0.6780839,0.23498908
0.68,-1.16,0.1640468,0.2914588,0.08557837,0.6767015,0.23772015
0.68,-1.12,0.16840792,0.29378408,0.084247455,0.67528605,0.24046645
0.68,-1.08,0.17276326,0.29611957,0.0829344,0.6738383,0.24322733
0.68,-1.04,0.17711201,0.2984646,0.08163924,0.6723587,0.24600208
0.68,-1.0,0.1814533,0.30081865,0.08036202,0.67084795,0.24878998
0.68,-0.96,0.18578643,0.30318114,0.07910284,0.66930676,0.25159037
0.68,-0.92,0.19011046,0.30555135,0.07786171,0.6677359,0.25440234
0.68,-0.88,0.19442461,0.30792886,0.07663864,0.666136,0.2572253
0.68,-0.84,0.1987281,0.31031284,0.075433664,0.6645079,0.26005834
0.68,-0.8,0.20301998,0.31270275,0.07424681,0.6628525,0.26290068
0.68,-0.76,0.20729958,0.31509793,0.073078,0.6611705,0.26575157
0.68,-0.72,0.21156596,0.31749764,0.0719273,0.65946263,0.2686101
0.68,-0.68,0.21581845,0.31990132,0.07079463,0.65772986,0.2714755
0.68,-0.64,0.22005622,0.32230827,0.06967994,0.65597314,0.27434692
0.68,-0.6,0.22427848,0.3247178,0.06858319,0.6541932,0.27722353
0.68,-0.56,0.22848456,0.32712933,0.06750431,0.6523911,0.28010458
0.68,-0.52,0.23267375,0.32954222,0.06644318,0.65056753,0.28298926
0.68,-0.48,0.2368454,0.3319558,0.06539977,0.6487236,0.2858767
0.68,-0.44,0.24099886,0.33436945,0.0643739,0.6468599,0.2887662
0.68,-0.4,0.24513358,0.33678263,0.06336544,0.6449776,0.29165697
0.68,-0.36,0.24924895,0.33919474,0.062374286,0.64307743,0.2945483
0.68,-0.32,0.2533445,0.3416052,0.061400272,0.6411603,0.29743943
0.68,-0.28,0.25741976,0.34401345,0.060443226,0.6392271,0.30032972
0.68,-0.24,0.26147434,0.34641904,0.059502948,0.63727856,0.3032185
0.68,-0.2,0.26550782,0.34882146,0.058579274,0.6353156,0.30610517
0.68,-0.16,0.2695199,0.35122022,0.057671983,0.6333389,0.30898908
0.68,-0.12,0.27351028,0.35361493,0.056780882,0.63134944,0.31186968
0.68,-0.08,0.27747867,0.35600513,0.055905726,0.6293478,0.31474644
0.68,-0.04,0.28142494,0.35839045,0.055046286,0.62733483,0.31761888
0.68,0.0,0.28534892,0.36077052,0.05420238,0.62531114,0.32048646
0.68,0.04,0.28925055,0.36314517,0.053373657,0.6232775,0.3233489
0.68,0.08,0.2931297,0.36551383,0.05255998,0.62123436,0.32620564
0.68,0.12,0.29698634,0.36787638,0.051761024,0.6191826,0.32905635
0.68,0.16,0.30082053,0.3702326,0.05097653,0.61712265,0.33190075
0.68,0.2,0.3046323,0.3725823,0.050206274,0.61505514,0.33473855
0.68,0.24,0.30842173,0.37492514,0.049449965,0.6129806,0.33756942
0.68,0.28,0.31218886,0.37726098,0.048707355,0.6108995,0.3403931
0.68,0.32,0.31593394,0.37958977,0.047978155,0.60881245,0.3432094
0.68,0.36,0.31965712,0.38191128,0.04726212,0.6067198,0.3460181
0.68,0.4,0.32335854,0.38422546,0.04655895,0.60462195,0.3488191
0.68,0.44,0.3270385,0.38653225,0.045868393,0.60251933,0.3516123
0.68,0.48,0.3306972,0.38883147,0.045190223,0.60041237,0.35439742
0.68,0.52,0.3343349,0.39112315,0.044524115,0.5983014,0.3571745
0.68,0.56,0.33795187,0.39340723,0.04386984,0.59618676,0.3599434
0.68,0.6,0.34154847,0.39568368,0.04322715,0.5940687,0.3627041
0.68,0.64,0.3451249,0.39795256,0.04259577,0.59194773,0.36545658
0.68,0.68,0.3486815,0.4002137,0.04197549,0.58982384,0.3682007
0.68,0.72,0.35221866,0.40246722,0.041366022,0.5876975,0.3709365
0.68,0.76,0.3557366,0.40471315,0.040767144,0.5855688,0.37366405
0.68,0.8,0.35923576,0.4069515,0.040178616,0.58343816,0.37638322
0.68,0.84,0.3627164,0.4091823,0.039600216,0.5813056,0.37909418
0.68,0.88,0.36617893,0.4114056,0.039031714,0.5791715,0.38179687
0.68,0.92,0.36962357,0.4136213,0.038472906,0.5770359,0.38449118
0.68,0.96,0.37305072,0.4158296,0.037923552,0.57489914,0.38717732
0.68,1.0,0.37646073,0.4180306,0.037383445,0.57276124,0.38985536
0.68,1.04,0.3798538,0.4202241,0.03685241,0.57062244,0.3925251
0.68,1.08,0.38323042,0.42241037,0.036330216,0.56848294,0.3951868
0.68,1.12,0.3865907,0.4245893,0.03581672,0.56634295,0.39784035
0.68,1.16,0.38993505,0.426761,0.035311703,0.56420255,0.40048578
0.68,1.2,0.39326373,0.42892545,0.034814984,0.56206185,0.40312314
0.68,1.24,0.39657697,0.4310828,0.03432639,0.5599211,0.4057525
0.68,1.28,0.3998751,0.43323293,0.033845745,0.5577804,0.40837383
0.68,1.32,0.40315828,0.43537593,0.03337293,0.5556399,0.4109871
0.68,1.36,0.40642682,0.4375118,0.03290776,0.55349994,0.41359237
0.68,1.4,0.40968078,0.43964046,0.03245007,0.5513604,0.4161895
0.68,1.44,0.41292053,0.44176206,0.03199975,0.5492217,0.4187786
0.68,1.48,0.41614616,0.44387653,0.031556617,0.5470838,0.42135963
0.68,1.52,0.4193578,0.4459837,0.031120583,0.544947,0.4239324
0.68,1.56,0.42255566,0.4480838,0.030691458,0.54281145,0.4264971
0.68,1.6,0.42573988,0.4501766,0.030269176,0.54067737,0.4290535
0.68,1.64,0.42891055,0.45226213,0.029853577,0.53854483,0.43160155
0.68,1.68,0.43206775,0.4543404,0.029444562,0.53641415,0.43414128
0.68,1.72,0.43521157,0.45641118,0.029042013,0.5342855,0.43667248
0.68,1.76,0.43834206,0.4584746,0.028645812,0.5321591,0.43919516
0.68,1.8,0.44145933,0.46053037,0.02825587,0.53003514,0.441709
0.68,1.84,0.44456336,0.46257865,0.02787206,0.5279137,0.44421422
0.68,1.88,0.44765416,0.4646191,0.027494328,0.52579534,0.44671038
0.68,1.92,0.45073172,0.46665177,0.027122537,0.52368,0.4491975
0.68,1.96,0.45379606,0.46867645,0.026756616,0.521568,0.45167533
0.68,2.0,0.45684716,0.4706932,0.026396472,0.51945966,0.45414388
0.72,-2.0,0.068738095,0.24406117,0.118890084,0.69869363,0.18241628
0.72,-1.96,0.07305213,0.24606259,0.11720043,0.69807893,0.18472065
0.72,-1.92,0.07737302,0.248081,0.11552595,0.6974262,0.18704781
0.72,-1.88,0.081700355,0.25011626,0.11386683,0.69673556,0.18939759
0.72,-1.84,0.0860338,0.2521683,0.11222312,0.69600695,0.19176991
0.72,-1.8,0.09037293,0.25423688,0.11059506,0.6952404,0.19416454
0.72,-1.76,0.09471725,0.2563219,0.10898276,0.69443595,0.19658133
0.72,-1.72,0.09906638,0.25842315,0.107386366,0.6935936,0.19902001
0.72,-1.68,0.10341982,0.2605405,0.10580599,0.69271356,0.20148043
0.72,-1.64,0.10777711,0.26267356,0.10424181,0.69179595,0.20396224
0.72,-1.6,0.11213767,0.26482224,0.102693945,0.6908409,0.20646518
0.72,-1.56,0.11650104,0.2669862,0.101162516,0.6898485,0.20898898
0.72,-1.52,0.12086664,0.26916525,0.09964768,0.68881905,0.21153331
0.72,-1.48,0.12523386,0.27135897,0.098149545,0.6877528,0.21409771
0.72,-1.44,0.12960209,0.27356702,0.09666828,0.6866499,0.2166818
0.72,-1.4,0.13397078,0.27578917,0.09520394,0.6855108,0.21928528
0.72,-1.36,0.1383392,0.27802497,0.09375666,0.68433577,0.22190757
0.72,-1.32,0.1427067,0.28027403,0.09232655,0.6831252,0.22454822
0.72,-1.28,0.14707257,0.2825359,0.09091381,0.6818795,0.2272067
0.72,-1.24,0.15143612,0.2848102,0.08951842,0.68059903,0.22988251
0.72,-1.2,0.15579653,0.28709638,0.08814056,0.6792844,0.23257506
0.72,-1.16,0.16015303,0.28939393,0.086780325,0.677936,0.23528364
0.72,-1.12,0.16450495,0.29170245,0.085437745,0.67655444,0.23800781
0.72,-1.08,0.16885138,0.29402128,0.084113024,0.6751402,0.24074672
0.72,-1.04,0.17319155,0.29634994,0.08280612,0.6736941,0.2434998
0.72,-1.0,0.17752463,0.29868782,0.08151718,0.67221653,0.24626632
0.72,-0.96,0.18184973,0.30103427,0.080246195,0.67070836,0.24904548
0.72,-0.92,0.18616611,0.30338874,0.07899326,0.66917014,0.25183657
0.72,-0.88,0.19047286,0.30575064,0.077758394,0.6676028,0.25463885
0.72,-0.84,0.19476914,0.3081193,0.07654164,0.6660069,0.2574515
0.72,-0.8,0.19905414,0.31049395,0.07534299,0.6643833,0.26027367
0.72,-0.76,0.20332702,0.3128742,0.07416245,0.6627329,0.26310468
0.72,-0.72,0.20758697,0.3152592,0.073000036,0.66105634,0.26594362
0.72,-0.68,0.2118332,0.31764832,0.07185569,0.6593546,0.26878965
0.72,-0.64,0.21606493,0.320041,0.0707294,0.65762854,0.27164206
0.72,-0.6,0.2202814,0.32243645,0.069621086,0.6558789,0.27449992
0.72,-0.56,0.22448191,0.32483423,0.06853068,0.65410674,0.27736256
0.72,-0.52,0.22866574,0.32723346,0.067458145,0.6523128,0.28022903
0.72,-0.48,0.23283227,0.3296337,0.0664033,0.650498,0.28309867
0.72,-0.44,0.23698086,0.33203435,0.0653661,0.6486632,0.28597072
0.72,-0.4,0.24111089,0.33443472,0.064346395,0.6468093,0.28884435
0.72,-0.36,0.24522187,0.33683425,0.06334406,0.6449371,0.29171884
0.72,-0.32,0.2493133,0.33923256,0.06235889,0.6430475,0.29459363
0.72,-0.28,0.25338462,0.34162882,0.061390813,0.64114136,0.2974678
0.72,-0.24,0.25743553,0.3440228,0.060439542,0.6392196,0.30034092
0.72,-0.2,0.26146564,0.34641385,0.05950496,0.6372827,0.30321226
0.72,-0.16,0.26547462,0.3488016,0.058586847,0.6353318,0.30608135
0.72,-0.12,0.26946217,0.35118562,0.05768498,0.63336754,0.30894747
0.72,-0.08,0.27342805,0.35356548,0.056799114,0.6313907,0.31181023
0.72,-0.04,0.27737212,0.35594085,0.05592909,0.62940186,0.31466907
0.72,0.0,0.28129417,0.35831124,0.05507463,0.6274019,0.31752348
0.72,0.04,0.28519413,0.36067653,0.05423547,0.6253914,0.32037318
0.72,0.08,0.2890719,0.36303625,0.053411383,0.623371,0.3232176
0.72,0.12,0.2929275,0.36539015,0.052602142,0.62134135,0.32605645
0.72,0.16,0.29676095,0.36773813,0.05180745,0.6193031,0.32888946
0.72,0.2,0.30057228,0.37007987,0.051027037,0.61725664,0.33171633
0.72,0.24,0.30436146,0.3724151,0.050260697,0.61520267,0.33453658
0.72,0.28,0.3081288,0.37474382,0.04950809,0.61314166,0.33735028
0.72,0.32,0.31187427,0.37706566,0.048769023,0.6110741,0.3401569
0.72,0.36,0.31559813,0.3793807,0.048043177,0.6090004,0.3429565
0.72,0.4,0.31930056,0.3816887,0.047330316,0.60692096,0.34574875
0.72,0.44,0.3229817,0.3839896,0.04663014,0.6048363,0.34853357
0.72,0.48,0.3266419,0.38628334,0.04594241,0.6027467,0.35131085
0.72,0.52,0.33028132,0.38856983,0.045266893,0.6006527,0.35408044
0.72,0.56,0.33390027,0.39084905,0.04460328,0.59855443,0.35684228
0.72,0.6,0.33749905,0.39312097,0.043951325,0.5964523,0.35959634
0.72,0.64,0.3410779,0.3953856,0.043310788,0.5943467,0.36234254
0.72,0.68,0.3446372,0.39764285,0.04268143,0.59223783,0.3650808
0.72,0.72,0.34817722,0.39989275,0.04206298,0.59012586,0.36781114
0.72,0.76,0.35169828,0.4021354,0.04145522,0.5880112,0.37053362
0.72,0.8,0.35520077,0.40437078,0.040857904,0.5858939,0.37324816
0.72,0.84,0.3586849,0.40659884,0.040270805,0.58377445,0.37595478
0.72,0.88,0.3621511,0.40881968,0.039693676,0.5816528,0.37865344
0.72,0.92,0.36559963,0.41103333,0.039126355,0.5795294,0.3813443
0.72,0.96,0.3690309,0.41323984,0.038568567,0.57740426,0.38402724
0.72,1.0,0.37244517,0.41543916,0.03802015,0.5752775,0.38670233
0.72,1.04,0.37584272,0.41763142,0.03748086,0.57314956,0.3893696
0.72,1.08,0.37922394,0.4198167,0.03695052,0.57102036,0.39202917
0.72,1.12,0.3825891,0.42199486,0.036428925,0.56889015,0.3946809
0.72,1.16,0.38593853,0.42416617,0.035915907,0.56675917,0.39732498
0.72,1.2,0.38927245,0.42633048,0.03541128,0.5646274,0.3999613
0.72,1.24,0.3925911,0.4284879,0.034914862,0.56249523,0.40258992
0.72,1.28,0.39589483,0.4306384,0.03442652,0.5603627,0.40521085
0.72,1.32,0.3991839,0.43278205,0.033946022,0.55822986,0.40782413
0.72,1.36,0.40245843,0.43491885,0.033473257,0.556097,0.41042972
0.72,1.4,0.40571874,0.4370489,0.03300805,0.55396426,0.4130277
0.72,1.44,0.40896496,0.43917203,0.03255029,0.5518318,0.4156179
0.72,1.48,0.41219732,0.4412883,0.03209981,0.5496998,0.41820037
0.72,1.52,0.41541597,0.44339764,0.031656466,0.54756844,0.42077506
0.72,1.56,0.41862106,0.44550017,0.031220146,0.5454379,0.42334196
0.72,1.6,0.42181277,0.44759572,0.030790702,0.54330826,0.42590103
0.72,1.64,0.42499113,0.44968432,0.030368023,0.54117984,0.42845213
0.72,1.68,0.42815635,0.4517659,0.029951992,0.5390528,0.43099523
0.72,1.72,0.43130848,0.45384046,0.02954248,0.5369272,0.43353033
0.72,1.76,0.4344476,0.45590785,0.02913941,0.5348034,0.43605718
0.72,1.8,0.43757373,0.45796803,0.02874264,0.5326816,0.43857577
0.72,1.84,0.4406869,0.46002087,0.028352056,0.530562,0.44108593
0.72,1.88,0.44378725,0.4620664,0.027967617,0.52844477,0.44358766
0.72,1.92,0.44687462,0.46410435,0.02758918,0.5263302,0.44608063
0.72,1.96,0.44994918,0.46613482,0.027216667,0.52421844,0.44856492
0.72,2.0,0.45301074,0.4681576,0.026849983,0.52210987,0.45104024
0.76,-2.0,0.065129824,0.24239774,0.120317034,0.6991794,0.18050353
0.76,-1.96,0.06942211,0.24437757,0.11862099,0.69859856,0.18278037
0.76,-1.92,0.07372192,0.24637458,0.11693972,0.69798017,0.18508016
0.76,-1.88,0.07802871,0.24838847,0.11527342,0.697324,0.18740259
0.76,-1.84,0.08234221,0.25041932,0.11362223,0.69662994,0.18974775
0.76,-1.8,0.08666197,0.2524669,0.11198635,0.69589823,0.19211538
0.76,-1.76,0.0909876,0.25453106,0.11036588,0.6951288,0.19450532
0.76,-1.72,0.09531857,0.2566116,0.10876098,0.6943217,0.19691734
0.76,-1.68,0.09965442,0.25870833,0.107171856,0.69347686,0.19935122
0.76,-1.64,0.1039947,0.2608211,0.10559861,0.69259465,0.20180675
0.76,-1.6,0.108338885,0.26294962,0.104041435,0.691675,0.20428364
0.76,-1.56,0.11268631,0.26509356,0.10250045,0.69071805,0.20678148
0.76,-1.52,0.11703656,0.26725274,0.100975774,0.6897241,0.20930006
0.76,-1.48,0.121388935,0.26942682,0.099467635,0.68869346,0.21183895
0.76,-1.44,0.12574287,0.2716155,0.09797606,0.6876261,0.21439782
0.76,-1.4,0.13009767,0.2738184,0.09650133,0.6865225,0.21697618
0.76,-1.36,0.13445273,0.27603516,0.09504344,0.68538296,0.21957363
0.76,-1.32,0.13880733,0.27826536,0.093602575,0.68420774,0.22218968
0.76,-1.28,0.14316067,0.2805086,0.09217889,0.68299735,0.2248238
0.76,-1.24,0.1475121,0.28276438,0.09077249,0.68175215,0.22747539
0.76,-1.2,0.1518608,0.2850323,0.089383475,0.6804726,0.230144
0.76,-1.16,0.15620606,0.2873118,0.088012,0.6791591,0.2328289
0.76,-1.12,0.16054697,0.28960234,0.08665811,0.67781234,0.23552948
0.76,-1.08,0.16488281,0.2919035,0.08532198,0.67643285,0.23824519
0.76,-1.04,0.16921267,0.29421464,0.08400361,0.6750211,0.24097523
0.76,-1.0,0.17353573,0.29653513,0.08270317,0.6735779,0.24371888
0.76,-0.96,0.1778512,0.2988645,0.08142065,0.67210376,0.24647552
0.76,-0.92,0.18215811,0.30120206,0.08015618,0.6705995,0.24924429
0.76,-0.88,0.18645573,0.30354717,0.07890973,0.6690658,0.25202447
0.76,-0.84,0.19074315,0.30589926,0.077681385,0.6675033,0.25481528
0.76,-0.8,0.19501951,0.30825764,0.07647118,0.6659129,0.2576159
0.76,-0.76,0.199284,0.31062174,0.07527911,0.6642953,0.26042557
0.76,-0.72,0.20353581,0.31299078,0.074105166,0.6626514,0.2632434
0.76,-0.68,0.20777418,0.3153643,0.072949305,0.660982,0.26606876
0.76,-0.64,0.21199825,0.31774142,0.07181153,0.6592879,0.2689006
0.76,-0.6,0.21620734,0.3201217,0.07069173,0.65757,0.27173832
0.76,-0.56,0.22040068,0.3225044,0.06958994,0.6558291,0.27458102
0.76,-0.52,0.22457765,0.32488897,0.068505995,0.654066,0.27742797
0.76,-0.48,0.22873756,0.3272748,0.06743985,0.65228176,0.2802784
0.76,-0.44,0.23287979,0.32966113,0.066391364,0.6504771,0.28313148
0.76,-0.4,0.23700377,0.33204764,0.06536041,0.64865303,0.28598663
0.76,-0.36,0.24110894,0.33443356,0.064346895,0.6468101,0.28884295
0.76,-0.32,0.24519484,0.33681846,0.06335062,0.6449495,0.29169992
0.76,-0.28,0.24926102,0.33920184,0.062371414,0.64307183,0.2945568
0.76,-0.24,0.25330704,0.34158307,0.061409116,0.64117795,0.2974129
0.76,-0.2,0.25733256,0.3439618,0.060463585,0.6392687,0.30026773
0.76,-0.16,0.2613373,0.34633756,0.059534553,0.6373448,0.30312064
0.76,-0.12,0.265321,0.34870997,0.0586218,0.63540703,0.30597118
0.76,-0.08,0.26928326,0.35107848,0.05772518,0.63345623,0.30881864
0.76,-0.04,0.27322406,0.3534429,0.05684442,0.6314929,0.3116627
0.76,0.0,0.2771432,0.3558027,0.055979274,0.6295179,0.3145028
0.76,0.04,0.2810406,0.35815775,0.055129513,0.6275319,0.31733862
0.76,0.08,0.28491622,0.3605077,0.05429492,0.62553537,0.32016972
0.76,0.12,0.2887699,0.36285216,0.053475197,0.62352914,0.32299566
0.76,0.16,0.29260185,0.36519104,0.052670103,0.6215136,0.32581627
0.76,0.2,0.2964119,0.36752403,0.051879406,0.61948955,0.3286311
0.76,0.24,0.30020028,0.369851,0.05110279,0.6174572,0.33143997
0.76,0.28,0.303967,0.37217167,0.05034004,0.6154174,0.33424255
0.76,0.32,0.30771226,0.374486,0.049590845,0.6133705,0.33703873
0.76,0.36,0.3114362,0.37679374,0.048855003,0.61131686,0.33982816
0.76,0.4,0.31513897,0.37909487,0.0481322,0.60925704,0.34261078
0.76,0.44,0.3188208,0.38138932,0.04742217,0.6071914,0.34538648
0.76,0.48,0.32248196,0.3836769,0.046724685,0.6051203,0.34815502
0.76,0.52,0.32612264,0.38595763,0.046039477,0.6030442,0.3509164
0.76,0.56,0.32974312,0.38823134,0.045366254,0.60096335,0.35367036
0.76,0.6,0.33334365,0.39049816,0.04470482,0.5988782,0.356417
0.76,0.64,0.33692455,0.39275795,0.044054866,0.59678894,0.3591562
0.76,0.68,0.3404861,0.39501074,0.043416176,0.5946959,0.3618879
0.76,0.72,0.34402865,0.39725655,0.042788476,0.59259945,0.36461213
0.76,0.76,0.34755245,0.3994953,0.04217159,0.5904996,0.3673288
0.76,0.8,0.35105786,0.4017272,0.041565206,0.5883968,0.37003797
0.76,0.84,0.35454518,0.403952,0.04096916,0.58629125,0.37273955
0.76,0.88,0.3580148,0.40617,0.040383156,0.58418316,0.37543377
0.76,0.92,0.36146688,0.408381,0.039807063,0.5820726,0.3781203
0.76,0.96,0.36490193,0.41058508,0.039240588,0.57996005,0.38079935
0.76,1.0,0.3683202,0.41278243,0.038683552,0.57784534,0.38347104
0.76,1.04,0.37172195,0.41497302,0.038135752,0.57572895,0.38613528
0.76,1.08,0.3751076,0.4171568,0.037597004,0.57361096,0.38879207
0.76,1.12,0.3784773,0.41933382,0.03706707,0.5714914,0.39144143
0.76,1.16,0.38183147,0.42150417,0.036545828,0.5693707,0.39408347
0.76,1.2,0.38517037,0.4236679,0.036033034,0.5672488,0.39671817
0.76,1.24,0.38849422,0.42582506,0.035528533,0.56512594,0.39934558
0.76,1.28,0.39180332,0.42797545,0.035032183,0.5630022,0.4019655
0.76,1.32,0.39509797,0.43011945,0.034543775,0.5608779,0.4045783
0.76,1.36,0.3983783,0.43225682,0.034063164,0.55875313,0.40718374
0.76,1.4,0.40164465,0.43438765,0.03359022,0.556628,0.40978187
0.76,1.44,0.40489712,0.43651187,0.033124786,0.5545026,0.41237262
0.76,1.48,0.40813595,0.4386296,0.032666694,0.5523772,0.41495606
0.76,1.52,0.4113613,0.4407407,0.03221581,0.550252,0.41753212
0.76,1.56,0.4145734,0.4428453,0.031772017,0.54812723,0.4201008
0.76,1.6,0.41777232,0.4449432,0.0313352,0.54600286,0.4226619
0.76,1.64,0.42095822,0.4470345,0.030905187,0.5438793,0.4252156
0.76,1.68,0.42413118,0.44911906,0.030481901,0.54175645,0.4277616
0.76,1.72,0.42729133,0.45119694,0.030065205,0.5396348,0.43030003
0.76,1.76,0.43043882,0.45326796,0.029655,0.5375143,0.43283066
0.76,1.8,0.4335735,0.45533204,0.029251171,0.5353955,0.43535334
0.76,1.84,0.43669564,0.45738924,0.028853623,0.5332783,0.43786815
0.76,1.88,0.43980515,0.45943934,0.028462226,0.531163,0.4403748
0.76,1.92,0.44290212,0.4614823,0.028076926,0.5290499,0.44287324
0.76,1.96,0.44598654,0.46351805,0.027697586,0.5269391,0.44536334
0.76,2.0,0.44905835,0.46554646,0.027324162,0.5248308,0.44784498
0.8,-2.0,0.061499845,0.24073404,0.12176528,0.69964194,0.17859276
0.8,-1.96,0.06576908,0.24269173,0.120063335,0.6990952,0.18084142
0.8,-1.92,0.07004629,0.24466662,0.11837582,0.6985111,0.18311304
0.8,-1.88,0.07433121,0.24665865,0.11670292,0.69788957,0.18540756
0.8,-1.84,0.07862341,0.24866769,0.11504473,0.69723046,0.18772481
0.8,-1.8,0.082922466,0.25069356,0.11340147,0.69653386,0.19006468
0.8,-1.76,0.087227866,0.25273615,0.11177337,0.69579965,0.19242696
0.8,-1.72,0.09153927,0.25479528,0.11016045,0.695028,0.19481148
0.8,-1.68,0.09585612,0.2568708,0.10856303,0.694219,0.19721808
0.8,-1.64,0.10017788,0.25896242,0.10698117,0.6933724,0.19964637
0.8,-1.6,0.10450408,0.26106995,0.105415106,0.69248873,0.20209618
0.8,-1.56,0.10883413,0.26319313,0.10386498,0.6915678,0.20456721
0.8,-1.52,0.11316748,0.2653317,0.10233094,0.69060993,0.20705909
0.8,-1.48,0.11750345,0.2674853,0.10081319,0.6896153,0.2095715
0.8,-1.44,0.121841475,0.26965368,0.099311806,0.68858415,0.21210402
0.8,-1.4,0.12618087,0.27183646,0.09782696,0.6875167,0.2146563
0.8,-1.36,0.13052088,0.27403325,0.09635891,0.68641335,0.21722779
0.8,-1.32,0.13486089,0.27624363,0.09490766,0.6852743,0.21981806
0.8,-1.28,0.13920014,0.27846724,0.09347344,0.6841,0.2224266
0.8,-1.24,0.14353779,0.28070354,0.09205636,0.6828908,0.22505282
0.8,-1.2,0.14787312,0.28295213,0.090656534,0.68164724,0.22769623
0.8,-1.16,0.15220536,0.28521252,0.08927415,0.6803697,0.23035617
0.8,-1.12,0.15653366,0.2874842,0.087909244,0.67905873,0.23303205
0.8,-1.08,0.16085711,0.28976655,0.08656204,0.6777148,0.23572315
0.8,-1.04,0.16517496,0.292059,0.085232526,0.6763386,0.2384288
0.8,-1.0,0.16948633,0.2943611,0.08392085,0.67493075,0.24114837
0.8,-0.96,0.17379037,0.29667222,0.08262707,0.6734919,0.24388105
0.8,-0.92,0.17808618,0.29899168,0.08135127,0.6720226,0.24662611
0.8,-0.88,0.18237291,0.30131897,0.080093496,0.67052364,0.24938285
0.8,-0.84,0.18664972,0.30365336,0.07885384,0.6689958,0.2521504
0.8,-0.8,0.19091576,0.30599424,0.07763224,0.66743976,0.25492802
0.8,-0.76,0.1951702,0.30834097,0.07642883,0.66585624,0.2577149
0.8,-0.72,0.19941226,0.310693,0.07524349,0.6642462,0.2605103
0.8,-0.68,0.2036411,0.3130496,0.07407628,0.6626103,0.2633134
0.8,-0.64,0.20785592,0.3154102,0.07292714,0.6609495,0.2661234
0.8,-0.6,0.21205604,0.31777406,0.07179603,0.6592645,0.26893947
0.8,-0.56,0.21624075,0.32014066,0.070682906,0.65755624,0.2717609
0.8,-0.52,0.22040927,0.3225093,0.0695877,0.65582544,0.27458686
0.8,-0.48,0.22456111,0.3248795,0.068510264,0.65407306,0.27741665
0.8,-0.44,0.22869554,0.3272506,0.06745056,0.65229994,0.28024948
0.8,-0.4,0.23281205,0.32962203,0.066408396,0.65050685,0.28308472
0.8,-0.36,0.23691009,0.3319933,0.065383695,0.64869475,0.2859216
0.8,-0.32,0.24098918,0.33436382,0.064376265,0.6468643,0.28875944
0.8,-0.28,0.2450489,0.3367331,0.063385986,0.64501643,0.29159763
0.8,-0.24,0.24908884,0.3391007,0.062412623,0.6431518,0.29443553
0.8,-0.2,0.25310865,0.34146607,0.061456036,0.6412714,0.29727253
0.8,-0.16,0.25710797,0.34382883,0.060516022,0.63937587,0.3001081
0.8,-0.12,0.2610866,0.34618855,0.05959236,0.63746595,0.30294165
0.8,-0.08,0.2650443,0.34854493,0.05868483,0.6355424,0.3057728
0.8,-0.04,0.26898086,0.35089743,0.05779322,0.6336059,0.3086009
0.8,0.0,0.27289617,0.3532458,0.056917284,0.6316571,0.3114256
0.8,0.04,0.27679008,0.35558975,0.056056783,0.6296968,0.31424642
0.8,0.08,0.2806626,0.35792902,0.055211503,0.6277255,0.3170631
0.8,0.12,0.2845136,0.3602632,0.054381143,0.62574375,0.3198751
0.8,0.16,0.28834316,0.3625922,0.05356547,0.6237523,0.32268223
0.8,0.2,0.29215133,0.36491573,0.05276424,0.62175167,0.32548413
0.8,0.24,0.2959381,0.36723354,0.051977187,0.6197423,0.32828054
0.8,0.28,0.2997036,0.36954552,0.05120406,0.6177248,0.33107114
0.8,0.32,0.30344796,0.3718515,0.050444577,0.61569965,0.3338558
0.8,0.36,0.30717134,0.37415132,0.049698494,0.61366725,0.33663428
0.8,0.4,0.31087396,0.3764449,0.04896551,0.61162806,0.33940643
0.8,0.44,0.31455594,0.37873212,0.048245434,0.60958254,0.34217206
0.8,0.48,0.31821755,0.38101292,0.047537938,0.607531,0.34493107
0.8,0.52,0.32185897,0.38328722,0.046842776,0.60547394,0.34768334
0.8,0.56,0.3254805,0.38555488,0.046159737,0.60341156,0.3504287
0.8,0.6,0.32908237,0.38781598,0.04548852,0.60134435,0.35316718
0.8,0.64,0.33266488,0.39007035,0.044828903,0.5992725,0.3558986
0.8,0.68,0.33622828,0.39231807,0.044180635,0.5971964,0.35862297
0.8,0.72,0.33977294,0.3945592,0.043543447,0.59511626,0.3613403
0.8,0.76,0.34329915,0.3967937,0.04291712,0.5930323,0.3640506
0.8,0.8,0.34680715,0.3990214,0.042301454,0.5909449,0.36675364
0.8,0.84,0.35029733,0.40124255,0.041696154,0.5888542,0.36944962
0.8,0.88,0.35376996,0.40345705,0.04110103,0.5867605,0.37213847
0.8,0.92,0.3572254,0.40566498,0.04051587,0.5846639,0.3748202
0.8,0.96,0.36066386,0.4078663,0.039940458,0.5825648,0.37749484
0.8,1.0,0.36408585,0.41006115,0.03937454,0.5804631,0.38016242
0.8,1.04,0.3674915,0.41224945,0.038818,0.5783592,0.38282287
0.8,1.08,0.37088126,0.4144313,0.03827053,0.5762531,0.38547635
0.8,1.12,0.37425524,0.4166067,0.03773204,0.5741453,0.38812274
0.8,1.16,0.377614,0.41877574,0.037202246,0.57203555,0.3907622
0.8,1.2,0.38095757,0.4209384,0.036681026,0.5699243,0.39339465
0.8,1.24,0.38428634,0.42309472,0.036168206,0.5678117,0.39602014
0.8,1.28,0.3876006,0.42524475,0.035663582,0.56569767,0.3986387
0.8,1.32,0.39090058,0.42738852,0.035166997,0.5635826,0.40125036
0.8,1.36,0.3941865,0.42952603,0.034678318,0.56146663,0.40385506
0.8,1.4,0.39745855,0.43165722,0.034197364,0.55934983,0.4064528
0.8,1.44,0.40071705,0.43378222,0.03372398,0.55723244,0.4090436
0.8,1.48,0.40396208,0.43590093,0.033258025,0.5551145,0.41162744
0.8,1.52,0.40719396,0.43801337,0.032799378,0.5529963,0.4142043
0.8,1.56,0.41041273,0.4401196,0.03234786,0.550878,0.41677415
0.8,1.6,0.41361865,0.44221953,0.03190339,0.54875964,0.41933694
0.8,1.64,0.41681173,0.44431302,0.031465832,0.54664165,0.42189255
0.8,1.68,0.4199922,0.44640017,0.03103504,0.54452395,0.42444098
0.8,1.72,0.42316014,0.44848096,0.03061093,0.542407,0.42698216
0.8,1.76,0.42631564,0.4505552,0.03019334,0.54029065,0.42951602
0.8,1.8,0.4294587,0.4526229,0.029782208,0.5381754,0.4320424
0.8,1.84,0.4325895,0.45468396,0.029377416,0.53606135,0.43456122
0.8,1.88,0.43570808,0.45673835,0.028978864,0.5339487,0.43707243
0.8,1.92,0.43881428,0.45878595,0.028586445,0.53183776,0.43957582
0.8,1.96,0.4419083,0.46082658,0.028200073,0.5297286,0.4420713
0.8,2.0,0.44499007,0.4628603,0.027819658,0.5276217,0.44455874
0.84,-2.0,0.057847455,0.23906991,0.1232353,0.7000808,0.17668384
0.84,-1.96,0.06209232,0.2410049,0.12152803,0.6995682,0.1789037
0.84,-1.92,0.06634575,0.24295717,0.1198348,0.69901854,0.18114658
0.84,-1.88,0.07060738,0.24492669,0.118155755,0.69843185,0.18341242
0.84,-1.84,0.07487687,0.24691328,0.11649111,0.6978078,0.18570107
0.84,-1.8,0.07915386,0.24891692,0.114841014,0.69714653,0.18801251
0.84,-1.76,0.08343771,0.25093728,0.11320571,0.6964479,0.19034638
0.84,-1.72,0.087728,0.25297433,0.11158534,0.69571203,0.19270262
0.84,-1.68,0.09202443,0.2550279,0.10998005,0.69493896,0.19508103
0.84,-1.64,0.09632622,0.25709766,0.1083901,0.69412863,0.1974813
0.84,-1.6,0.100632995,0.25918353,0.10681563,0.69328123,0.1999032
0.84,-1.56,0.10494416,0.26128513,0.105256796,0.6923967,0.20234646
0.84,-1.52,0.109259054,0.26340222,0.103713825,0.6914755,0.20481071
0.84,-1.48,0.113577105,0.26553455,0.102186814,0.6905175,0.20729563
0.84,-1.44,0.1178976,0.26768178,0.100676045,0.6895231,0.20980082
0.84,-1.4,0.12221997,0.26984352,0.09918161,0.6884925,0.2123259
0.84,-1.36,0.1265434,0.27201942,0.09770367,0.6874259,0.21487036
0.84,-1.32,0.13086721,0.27420908,0.09624245,0.6863237,0.21743377
0.84,-1.28,0.1351907,0.27641216,0.094798036,0.68518627,0.22001567
0.84,-1.24,0.13951294,0.27862805,0.09337067,0.68401396,0.22261539
0.84,-1.2,0.14383325,0.2808564,0.0919604,0.6828072,0.22523242
0.84,-1.16,0.14815074,0.2830966,0.090567484,0.6815664,0.22786614
0.84,-1.12,0.15246469,0.2853483,0.08919191,0.68029207,0.23051602
0.84,-1.08,0.15677413,0.2876108,0.08783389,0.6789848,0.23318127
0.84,-1.04,0.16107824,0.2898836,0.08649357,0.67764515,0.23586126
0.84,-1.0,0.16537623,0.29216623,0.085170954,0.67627364,0.23855539
0.84,-0.96,0.16966712,0.2944579,0.08386617,0.67487097,0.24126278
0.84,-0.92,0.17395009,0.29675826,0.08257936,0.67343783,0.2439828
0.84,-0.88,0.17822428,0.29906648,0.0813105,0.6719748,0.24671467
0.84,-0.84,0.18248884,0.3013821,0.08005972,0.6704827,0.24945764
0.84,-0.8,0.18674292,0.30370435,0.07882698,0.6689621,0.2522109
0.84,-0.76,0.19098565,0.30603272,0.07761238,0.667414,0.25497368
0.84,-0.72,0.19521628,0.3083665,0.076415844,0.66583896,0.2577452
0.84,-0.68,0.19943395,0.31070507,0.07523746,0.66423786,0.26052463
0.84,-0.64,0.20363802,0.31304792,0.074077085,0.66261154,0.2633114
0.84,-0.6,0.20782757,0.31539422,0.072934814,0.66096073,0.2661044
0.84,-0.56,0.21200207,0.31774357,0.07181049,0.6592863,0.26890317
0.84,-0.52,0.21616077,0.32009533,0.07070406,0.65758914,0.27170685
0.84,-0.48,0.22030303,0.3224488,0.06961544,0.65586996,0.27451465
0.84,-0.44,0.22442827,0.32480347,0.06854452,0.65412956,0.27732587
0.84,-0.4,0.22853592,0.32715884,0.067491226,0.65236896,0.28013986
0.84,-0.36,0.2326255,0.32951435,0.06645536,0.65058875,0.2829559
0.84,-0.32,0.23669648,0.33186945,0.06543678,0.6487899,0.28577337
0.84,-0.28,0.2407485,0.3342237,0.06443536,0.646973,0.28859162
0.84,-0.24,0.24478114,0.33657652,0.06345091,0.6451391,0.29141
0.84,-0.2,0.24879402,0.33892757,0.062483244,0.64328873,0.29422796
0.84,-0.16,0.2527869,0.3412764,0.06153218,0.64142287,0.297045
0.84,-0.12,0.25675946,0.34362257,0.060597498,0.63954204,0.29986048
0.84,-0.08,0.26071152,0.34596574,0.059678946,0.63764703,0.30267403
0.84,-0.04,0.26464283,0.34830546,0.05877638,0.6357386,0.30548504
0.84,0.0,0.26855335,0.3506415,0.05788951,0.63381726,0.30829316
0.84,0.04,0.2724429,0.35297352,0.05701813,0.63188386,0.311098
0.84,0.08,0.27631146,0.3553012,0.056162007,0.6299389,0.31389907
0.84,0.12,0.28015894,0.3576243,0.05532083,0.62798303,0.3166961
0.84,0.16,0.28398538,0.35994256,0.054494433,0.62601686,0.3194887
0.84,0.2,0.28779083,0.36225578,0.053682514,0.6240408,0.32227668
0.84,0.24,0.29157528,0.36456376,0.052884813,0.6220556,0.32505962
0.84,0.28,0.2953389,0.3668663,0.052101094,0.6200616,0.32783735
0.84,0.32,0.29908174,0.36916322,0.051331084,0.61805934,0.33060962
0.84,0.36,0.30280405,0.37145442,0.05057453,0.61604923,0.33337623
0.84,0.4,0.30650583,0.37373972,0.049831178,0.61403185,0.33613694
0.84,0.44,0.3101874,0.37601915,0.049100764,0.6120075,0.3388917
0.84,0.48,0.3138489,0.3782925,0.048383,0.6099767,0.34164035
0.84,0.52,0.3174906,0.38055962,0.047677703,0.60793966,0.34438264
0.84,0.56,0.3211127,0.3828206,0.04698458,0.60589683,0.3471186
0.84,0.6,0.32471552,0.3850754,0.04630333,0.6038485,0.34984812
0.84,0.64,0.32829916,0.38732383,0.04563378,0.6017952,0.35257104
0.84,0.68,0.3318641,0.389566,0.044975646,0.599737,0.3552874
0.84,0.72,0.33541045,0.39180177,0.044328712,0.5976742,0.3579971
0.84,0.76,0.33893865,0.3940313,0.043692715,0.59560716,0.3607001
0.84,0.8,0.34244892,0.39625448,0.04306745,0.5935361,0.36339647
0.84,0.84,0.34594157,0.3984713,0.04245269,0.5914613,0.36608604
0.84,0.88,0.34941697,0.4006819,0.041848153,0.5893829,0.36876902
0.84,0.92,0.3528753,0.40288612,0.041253697,0.58730114,0.37144515
0.84,0.96,0.35631707,0.40508413,0.040669028,0.5852163,0.37411466
0.84,1.0,0.35974237,0.40727592,0.040094,0.5831285,0.37677744
0.84,1.04,0.36315173,0.4094616,0.03952836,0.581038,0.37943363
0.84,1.08,0.36654526,0.411641,0.038971975,0.5789449,0.3820831
0.84,1.12,0.36992332,0.4138143,0.038424585,0.5768495,0.38472593
0.84,1.16,0.37328625,0.41598153,0.03788603,0.5747518,0.38736215
0.84,1.2,0.37663433,0.41814274,0.037356123,0.57265204,0.38999185
0.84,1.24,0.37996775,0.42029783,0.036834702,0.57055044,0.39261484
0.84,1.28,0.38328692,0.422447,0.03632154,0.56844705,0.39523143
0.84,1.32,0.38659194,0.42459008,0.035816535,0.5663422,0.39784127
0.84,1.36,0.38988313,0.4267273,0.035319485,0.5642358,0.40044472
0.84,1.4,0.39316076,0.4288585,0.034830235,0.5621282,0.40304154
0.84,1.44,0.39642498,0.43098378,0.034348674,0.5600195,0.40563184
0.84,1.48,0.39967597,0.433103,0.033874612,0.5579099,0.40821543
0.84,1.52,0.40291408,0.43521643,0.03340792,0.5557995,0.4107926
0.84,1.56,0.40613925,0.43732375,0.03294846,0.5536885,0.413363
0.84,1.6,0.4093519,0.4394252,0.032496102,0.5515771,0.4159268
0.84,1.64,0.41255197,0.44152057,0.032050706,0.54946536,0.41848388
0.84,1.68,0.41573963,0.44360986,0.031612173,0.5473537,0.42103413
0.84,1.72,0.4189151,0.44569314,0.03118038,0.545242,0.4235776
0.84,1.76,0.4220784,0.4477702,0.030755188,0.5431307,0.4261141
0.84,1.8,0.4252296,0.4498411,0.030336518,0.54101986,0.42864364
0.84,1.84,0.42836878,0.4519057,0.029924244,0.53890973,0.43116605
0.84,1.88,0.43149596,0.45396388,0.029518286,0.5368005,0.43368113
0.84,1.92,0.4346112,0.45601565,0.029118521,0.5346925,0.43618894
0.84,1.96,0.43771458,0.4580609,0.028724855,0.53258586,0.4386893
0.84,2.0,0.44080606,0.46009946,0.028337212,0.53048074,0.44118205
0.88,-2.0,0.054172143,0.23740529,0.12472766,0.70049554,0.17477676
0.88,-1.96,0.058391344,0.23931707,0.12301559,0.70001715,0.17696723
0.88,-1.92,0.062619664,0.24124627,0.12131715,0.6995021,0.1791808
0.88,-1.88,0.06685675,0.24319267,0.11963255,0.69895023,0.18141732
0.88,-1.84,0.07110224,0.24515626,0.117961906,0.6983613,0.18367675
0.88,-1.8,0.07535564,0.2471369,0.116305545,0.69773555,0.18595889
0.88,-1.76,0.07961659,0.24913451,0.11466354,0.69707274,0.18826371
0.88,-1.72,0.08388453,0.25114882,0.11303616,0.696373,0.1905909
0.88,-1.68,0.08815901,0.2531797,0.111423545,0.6956361,0.19294034
0.88,-1.64,0.09243941,0.25522694,0.10982592,0.6948623,0.19531174
0.88,-1.6,0.09672534,0.25729036,0.108243465,0.69405156,0.19770491
0.88,-1.56,0.10101611,0.2593697,0.106676385,0.6932041,0.20011955
0.88,-1.52,0.10531111,0.26146463,0.10512489,0.6923198,0.20255528
0.88,-1.48,0.10960968,0.26357484,0.10358916,0.69139904,0.20501177
0.88,-1.44,0.113911204,0.2657001,0.1020694,0.69044185,0.20748869
0.88,-1.4,0.11821493,0.26783997,0.10056575,0.6894487,0.20998554
0.88,-1.36,0.12252019,0.2699942,0.09907842,0.6884196,0.212502
0.88,-1.32,0.12682618,0.2721622,0.09760761,0.6873549,0.21503744
0.88,-1.28,0.13113225,0.27434376,0.09615343,0.68625504,0.21759152
0.88,-1.24,0.13543744,0.27653825,0.0947161,0.6851203,0.22016354
0.88,-1.2,0.13974103,0.27874538,0.09329581,0.68395114,0.2227531
0.88,-1.16,0.14404224,0.2809645,0.09189263,0.68274796,0.22535947
0.88,-1.12,0.14834014,0.28319517,0.090506755,0.6815112,0.22798207
0.88,-1.08,0.15263386,0.28543687,0.089138284,0.68024147,0.2306203
0.88,-1.04,0.1569226,0.28768897,0.087787405,0.6789392,0.2332734
0.88,-1.0,0.16120546,0.28995097,0.0864542,0.67760503,0.23594075
0.88,-0.96,0.16548154,0.2922223,0.085138716,0.6762396,0.2386216
0.88,-0.92,0.16975005,0.29450238,0.08384109,0.6748436,0.24131529
0.88,-0.88,0.17401,0.29679054,0.08256144,0.67341757,0.244021
0.88,-0.84,0.17826062,0.29908618,0.081299804,0.67196226,0.24673799
0.88,-0.8,0.18250103,0.3013887,0.08005615,0.67047834,0.2494655
0.88,-0.76,0.18673046,0.30369753,0.07883056,0.66896665,0.25220278
0.88,-0.72,0.19094807,0.306012,0.077623084,0.6674278,0.2549491
0.88,-0.68,0.19515304,0.3083315,0.076433636,0.6658627,0.25770363
0.88,-0.64,0.1993447,0.31065544,0.07526226,0.66427207,0.26046565
0.88,-0.6,0.20352222,0.3129832,0.07410889,0.6626568,0.2632344
0.88,-0.56,0.20768504,0.31531423,0.07297345,0.66101736,0.26600915
0.88,-0.52,0.21183236,0.31764784,0.0718559,0.659355,0.26878908
0.88,-0.48,0.21596366,0.3199836,0.07075621,0.6576702,0.2715736
0.88,-0.44,0.22007833,0.32232088,0.06967415,0.6559639,0.27436197
0.88,-0.4,0.2241758,0.32465905,0.068609685,0.65423685,0.2771534
0.88,-0.36,0.22825558,0.32699776,0.067562684,0.65248996,0.27994734
0.88,-0.32,0.23231724,0.3293364,0.066532984,0.6507238,0.28274313
0.88,-0.28,0.23636031,0.33167458,0.06552041,0.6489393,0.28554016
0.88,-0.24,0.24038447,0.33401176,0.06452484,0.6471373,0.28833786
0.88,-0.2,0.24438931,0.33634752,0.06354605,0.64531845,0.29113558
0.88,-0.16,0.24837458,0.3386814,0.062583834,0.64348334,0.29393283
0.88,-0.12,0.25234,0.34101298,0.06163806,0.64163285,0.296729
0.88,-0.08,0.2562854,0.34334213,0.060708426,0.63976777,0.29952386
0.88,-0.04,0.26021054,0.3456682,0.059794765,0.6378886,0.30231667
0.88,0.0,0.26411527,0.347991,0.05889686,0.63599604,0.30510712
0.88,0.04,0.2679996,0.35031018,0.05801443,0.6340908,0.3078948
0.88,0.08,0.2718633,0.3526255,0.0571473,0.63217336,0.3106793
0.88,0.12,0.27570647,0.35493666,0.05629519,0.63024455,0.3134603
0.88,0.16,0.27952904,0.35724342,0.055457838,0.6283047,0.31623742
0.88,0.2,0.283331,0.35954553,0.054635033,0.6263546,0.31901038
0.88,0.24,0.28711247,0.36184293,0.05382652,0.6243946,0.32177895
0.88,0.28,0.29087353,0.3641352,0.053032003,0.62242526,0.3245428
0.88,0.32,0.29461423,0.36642236,0.052251276,0.62044704,0.3273017
0.88,0.36,0.29833475,0.3687042,0.05148403,0.6184604,0.3300555
0.88,0.4,0.3020352,0.37098065,0.050730042,0.6164659,0.33280402
0.88,0.44,0.30571574,0.3732514,0.04998907,0.6144639,0.33554694
0.88,0.48,0.3093767,0.3755167,0.04926084,0.61245483,0.33828437
0.88,0.52,0.3130181,0.3777761,0.048545126,0.610439,0.34101588
0.88,0.56,0.31664032,0.38002974,0.04784162,0.60841674,0.3437416
0.88,0.6,0.3202435,0.3822775,0.047150146,0.6063885,0.3464613
0.88,0.64,0.32382792,0.3845194,0.04647038,0.6043547,0.34917495
0.88,0.68,0.3273939,0.38675532,0.045802157,0.60231537,0.35188246
0.88,0.72,0.33094162,0.3889853,0.04514519,0.60027105,0.3545838
0.88,0.76,0.33447143,0.3912093,0.044499267,0.59822184,0.3572789
0.88,0.8,0.3379836,0.3934273,0.04386414,0.59616816,0.35996774
0.88,0.84,0.34147844,0.39563936,0.04323958,0.59411013,0.36265033
0.88,0.88,0.3449562,0.39784533,0.0426254,0.59204805,0.36532652
0.88,0.92,0.34841725,0.4000455,0.042021304,0.5899821,0.36799657
0.88,0.96,0.3518618,0.40223965,0.041427165,0.58791256,0.37066022
0.88,1.0,0.3552903,0.40442795,0.04084272,0.58583957,0.37331763
0.88,1.04,0.35870293,0.40661034,0.040267788,0.5837634,0.37596875
0.88,1.08,0.36210003,0.40878692,0.039702147,0.58168423,0.37861365
0.88,1.12,0.36548185,0.41095763,0.039145622,0.5796021,0.38125223
0.88,1.16,0.36884874,0.41312256,0.03859801,0.57751733,0.38388467
0.88,1.2,0.37220103,0.41528177,0.03805914,0.57543,0.38651088
0.88,1.24,0.37553886,0.41743517,0.037528835,0.57334036,0.38913083
0.88,1.28,0.3788626,0.41958296,0.03700688,0.5712484,0.39174467
0.88,1.32,0.3821725,0.42172506,0.03649317,0.5691545,0.39435238
0.88,1.36,0.3854687,0.4238614,0.0359875,0.5670587,0.39695382
0.88,1.4,0.38875157,0.42599216,0.03548974,0.56496114,0.39954913
0.88,1.44,0.39202127,0.42811725,0.03499969,0.56286204,0.4021383
0.88,1.48,0.39527804,0.43023667,0.03451725,0.5607615,0.4047212
0.88,1.52,0.39852202,0.4323505,0.034042254,0.5586598,0.40729794
0.88,1.56,0.40175343,0.4344586,0.033574574,0.55655694,0.40986845
0.88,1.6,0.40497246,0.4365611,0.033114064,0.55445325,0.41243267
0.88,1.64,0.40817925,0.43865788,0.032660592,0.55234873,0.41499063
0.88,1.68,0.41137394,0.440749,0.032214057,0.55024374,0.41754222
0.88,1.72,0.4145566,0.4428343,0.03177433,0.5481384,0.42008734
0.88,1.76,0.4177274,0.44491374,0.03134129,0.5460328,0.42262596
0.88,1.8,0.42088643,0.44698736,0.030914836,0.5439272,0.42515802
0.88,1.84,0.42403373,0.44905505,0.030494832,0.5418218,0.4276834
0.88,1.88,0.42716932,0.45111662,0.03008121,0.53971684,0.43020195
0.88,1.92,0.43029335,0.4531722,0.029673848,0.53761256,0.43271363
0.88,1.96,0.43340576,0.45522153,0.029272659,0.53550905,0.43521827
0.88,2.0,0.43650663,0.45726466,0.02887755,0.5334067,0.43771583
0.92,-2.0,0.05047356,0.23574021,0.1262427,0.7008856,0.1728716
0.92,-1.96,0.05466577,0.23762828,0.12452645,0.7004415,0.1750321
0.92,-1.92,0.058867745,0.23953378,0.12282339,0.6999609,0.17721573
0.92,-1.88,0.063079,0.2414566,0.12113369,0.69944394,0.17942235
0.92,-1.84,0.06729913,0.24339664,0.11945767,0.69889045,0.18165188
0.92,-1.8,0.071527794,0.24535382,0.117795415,0.69830036,0.18390422
0.92,-1.76,0.075764425,0.24732795,0.11614725,0.6976735,0.18617919
0.92,-1.72,0.08000862,0.24931896,0.114513315,0.69701,0.1884767
0.92,-1.68,0.08425981,0.25132656,0.11289387,0.69630975,0.19079642
0.92,-1.64,0.08851748,0.25335062,0.11128907,0.6955727,0.19313823
0.92,-1.6,0.09278105,0.25539094,0.109699145,0.69479907,0.19550183
0.92,-1.56,0.09704992,0.2574472,0.10812431,0.69398874,0.19788696
0.92,-1.52,0.101323545,0.25951922,0.10656477,0.693142,0.20029329
0.92,-1.48,0.10560118,0.26160657,0.10502074,0.6922588,0.20272046
0.92,-1.44,0.109882124,0.26370907,0.1034924,0.6913395,0.20516811
0.92,-1.4,0.11416572,0.26582628,0.10197998,0.6903842,0.20763585
0.92,-1.36,0.11845124,0.2679579,0.100483686,0.6893931,0.21012321
0.92,-1.32,0.12273791,0.27010345,0.099003665,0.6883666,0.2126297
0.92,-1.28,0.12702486,0.2722626,0.09754014,0.6873049,0.2151549
0.92,-1.24,0.13131146,0.27443486,0.09609329,0.6862085,0.21769822
0.92,-1.2,0.13559675,0.27661976,0.094663255,0.68507767,0.22025912
0.92,-1.16,0.13987996,0.2788168,0.09325024,0.6839128,0.22283694
0.92,-1.12,0.14416014,0.28102553,0.09185439,0.6827144,0.22543117
0.92,-1.08,0.14843652,0.28324538,0.09047583,0.6814831,0.22804116
0.92,-1.04,0.15270819,0.28547576,0.089114755,0.6802192,0.23066612
0.92,-1.0,0.15697426,0.28771618,0.08777121,0.6789233,0.23330548
0.92,-0.96,0.1612339,0.28996605,0.086445384,0.6775961,0.23595853
0.92,-0.92,0.16548619,0.2922248,0.08513729,0.6762381,0.23862456
0.92,-0.88,0.16973028,0.29449183,0.08384708,0.67485017,0.24130283
0.92,-0.84,0.17396538,0.29676652,0.08257479,0.67343265,0.24399257
0.92,-0.8,0.17819053,0.29904822,0.08132047,0.67198646,0.24669304
0.92,-0.76,0.18240504,0.30133647,0.08008415,0.67051226,0.24940358
0.92,-0.72,0.18660803,0.30363053,0.078865826,0.6690109,0.25212333
0.92,-0.68,0.19079877,0.30592984,0.07766556,0.6674828,0.25485158
0.92,-0.64,0.19497651,0.30823392,0.07648328,0.6659291,0.25758767
0.92,-0.6,0.19914052,0.310542,0.07531895,0.6643502,0.26033077
0.92,-0.56,0.20329012,0.31285357,0.0741726,0.6627473,0.26308015
0.92,-0.52,0.20742467,0.31516808,0.07304406,0.6611208,0.26583514
0.92,-0.48,0.21154363,0.31748503,0.07193328,0.65947163,0.26859504
0.92,-0.44,0.21564631,0.31980377,0.07084021,0.6578007,0.27135918
0.92,-0.4,0.2197323,0.3221239,0.06976465,0.6561085,0.2741269
0.92,-0.36,0.22380102,0.32444474,0.06870652,0.654396,0.27689743
0.92,-0.32,0.22785205,0.32676595,0.067665674,0.65266395,0.27967036
0.92,-0.28,0.231885,0.32908708,0.06664198,0.65091306,0.28244495
0.92,-0.24,0.2358995,0.33140758,0.06563522,0.6491441,0.28522068
0.92,-0.2,0.23989516,0.33372703,0.064645246,0.6473578,0.28799692
0.92,-0.16,0.24387175,0.33604506,0.06367188,0.64555484,0.29077324
0.92,-0.12,0.24782902,0.33836132,0.062714875,0.64373606,0.2935491
0.92,-0.08,0.25176674,0.3406754,0.061774075,0.6419019,0.29632404
0.92,-0.04,0.25568467,0.34298688,0.060849246,0.6400533,0.29909748
0.92,0.0,0.25958282,0.3452956,0.059940156,0.6381907,0.3018692
0.92,0.04,0.2634609,0.3476011,0.05904658,0.63631475,0.30463862
0.92,0.08,0.26731905,0.3499033,0.058168262,0.6344262,0.30740556
0.92,0.12,0.271157,0.35220158,0.057305038,0.63252556,0.3101694
0.92,0.16,0.27497488,0.354496,0.056456625,0.6306133,0.31293
0.92,0.2,0.27877268,0.35678637,0.05562272,0.6286902,0.31568706
0.92,0.24,0.28255045,0.3590723,0.05480316,0.6267566,0.31844023
0.92,0.28,0.2863082,0.3613536,0.053997673,0.62481314,0.3211892
0.92,0.32,0.2900461,0.3636303,0.053205974,0.62286013,0.3239339
0.92,0.36,0.29376426,0.36590204,0.052427847,0.6208982,0.32667395
0.92,0.4,0.29746273,0.36816877,0.051663026,0.6189278,0.3294092
0.92,0.44,0.30114183,0.37043047,0.05091124,0.61694914,0.33213964
0.92,0.48,0.30480158,0.3726868,0.050172303,0.61496294,0.33486483
0.92,0.52,0.30844226,0.37493786,0.049445905,0.61296934,0.3375848
0.92,0.56,0.31206405,0.3771835,0.04873181,0.61096877,0.34029937
0.92,0.6,0.31566718,0.37942368,0.048029803,0.60896176,0.34300846
0.92,0.64,0.31925195,0.38165835,0.047339596,0.6069483,0.34571204
0.92,0.68,0.3228185,0.38388747,0.046661004,0.6049291,0.34840992
0.92,0.72,0.32636717,0.38611096,0.045993757,0.60290414,0.35110208
0.92,0.76,0.32989824,0.38832885,0.045337602,0.6008738,0.35378852
0.92,0.8,0.3334119,0.39054114,0.04469234,0.5988385,0.35646912
0.92,0.84,0.33690855,0.39274785,0.04405775,0.59679836,0.35914394
0.92,0.88,0.3403884,0.39494884,0.043433588,0.5947535,0.36181283
0.92,0.92,0.34385175,0.39714426,0.04281965,0.5927044,0.3644759
0.92,0.96,0.3472989,0.39933407,0.04221573,0.5906512,0.36713308
0.92,1.0,0.35073015,0.40151834,0.04162159,0.58859396,0.36978444
0.92,1.04,0.35414582,0.40369704,0.04103706,0.58653307,0.3724299
0.92,1.08,0.35754618,0.40587017,0.0404619,0.5844686,0.37506947
0.92,1.12,0.3609315,0.40803778,0.039895963,0.5824008,0.37770325
0.92,1.16,0.3643021,0.41019994,0.039339013,0.58032984,0.38033113
0.92,1.2,0.3676583,0.41235667,0.038790904,0.57825583,0.3829533
0.92,1.24,0.37100026,0.414508,0.038251434,0.57617897,0.38556963
0.92,1.28,0.37432835,0.41665384,0.037720427,0.5740994,0.3881801
0.92,1.32,0.37764275,0.41879433,0.037197743,0.57201743,0.39078483
0.92,1.36,0.38094378,0.42092946,0.036683176,0.569933,0.39338377
0.92,1.4,0.38423163,0.42305925,0.0361766,0.5678465,0.39597693
0.92,1.44,0.38750654,0.4251837,0.035677835,0.5657578,0.39856434
0.92,1.48,0.3907687,0.4273028,0.035186734,0.5636673,0.4011459
0.92,1.52,0.39401844,0.42941666,0.034703176,0.5615751,0.40372175
0.92,1.56,0.39725578,0.43152508,0.034227002,0.5594813,0.4062917
0.92,1.6,0.40048096,0.43362823,0.033758085,0.5573861,0.40885583
0.92,1.64,0.4036942,0.43572596,0.033296295,0.5552897,0.41141403
0.92,1.68,0.40689552,0.43781823,0.032841496,0.5531923,0.4139662
0.92,1.72,0.4100852,0.4399052,0.03239357,0.55109394,0.41651252
0.92,1.76,0.41326326,0.44198665,0.031952403,0.5489949,0.41905272
0.92,1.8,0.4164298,0.44406247,0.031517904,0.5468954,0.42158666
0.92,1.84,0.4195849,0.44613278,0.031089937,0.54479563,0.42411444
0.92,1.88,0.42272866,0.44819742,0.030668395,0.5426957,0.4266359
0.92,1.92,0.42586112,0.45025632,0.030253198,0.54059595,0.42915088
0.92,1.96,0.42898235,0.45230943,0.029844226,0.53849643,0.43165937
0.92,2.0,0.43209234,0.45435655,0.029441401,0.5363976,0.43416104
0.96,-2.0,0.046751376,0.23407471,0.12778096,0.70125055,0.17096844
0.96,-1.96,0.05091549,0.23593864,0.126061,0.70084053,0.1730985
0.96,-1.92,0.055089843,0.23781997,0.1243538,0.7003945,0.17525163
0.96,-1.88,0.059274025,0.2397187,0.12265957,0.6999126,0.17742781
0.96,-1.84,0.06346758,0.24163467,0.120978646,0.69939446,0.17962687
0.96,-1.8,0.06767017,0.24356782,0.119311154,0.6988401,0.18184876
0.96,-1.76,0.071881235,0.245518,0.11765725,0.6982494,0.18409333
0.96,-1.72,0.07610035,0.24748507,0.116017304,0.6976223,0.18636039
0.96,-1.68,0.08032691,0.24946877,0.11439147,0.6969588,0.18864971
0.96,-1.64,0.084560364,0.25146902,0.11278001,0.69625884,0.19096114
0.96,-1.6,0.08880027,0.25348553,0.11118306,0.6955225,0.19329442
0.96,-1.56,0.093045905,0.2555181,0.109600924,0.69474983,0.19564925
0.96,-1.52,0.09729662,0.2575664,0.10803385,0.6939408,0.1980253
0.96,-1.48,0.10155181,0.25963026,0.10648196,0.69309574,0.20042236
0.96,-1.44,0.10581074,0.2617092,0.104945526,0.6922146,0.20283985
0.96,-1.4,0.110072665,0.26380295,0.103424795,0.6912977,0.20527747
0.96,-1.36,0.11433687,0.26591116,0.10191993,0.6903453,0.20773481
0.96,-1.32,0.118602596,0.26803342,0.10043114,0.6893575,0.21021138
0.96,-1.28,0.12286902,0.27016932,0.09895866,0.68833464,0.21270669
0.96,-1.24,0.12713532,0.27231836,0.09750267,0.6872771,0.21522017
0.96,-1.2,0.13140066,0.27448022,0.09606334,0.6861854,0.21775134
0.96,-1.16,0.13566425,0.27665424,0.094640866,0.6850596,0.22029956
0.96,-1.12,0.13992515,0.27884007,0.09323541,0.6839003,0.22286426
0.96,-1.08,0.14418249,0.28103706,0.09184717,0.6827081,0.22544475
0.96,-1.04,0.14843547,0.28324482,0.090476185,0.6814834,0.22804049
0.96,-1.0,0.15268315,0.28546262,0.08912268,0.6802266,0.23065065
0.96,-0.96,0.15692465,0.28769004,0.08778678,0.6789385,0.2332747
0.96,-0.92,0.16115916,0.28992647,0.0864685,0.67761964,0.23591185
0.96,-0.88,0.16538578,0.2921713,0.08516801,0.6762706,0.23856138
0.96,-0.84,0.16960368,0.294424,0.08388534,0.674892,0.24122265
0.96,-0.8,0.173812,0.2966839,0.08262058,0.6734845,0.24389486
0.96,-0.76,0.17801,0.29895046,0.08137376,0.67204887,0.2465773
0.96,-0.72,0.18219687,0.30122316,0.08014486,0.6705858,0.24926929
0.96,-0.68,0.18637179,0.30350128,0.078933924,0.66909605,0.25197002
0.96,-0.64,0.19053413,0.3057843,0.07774093,0.66758025,0.25467882
0.96,-0.6,0.19468312,0.3080717,0.076565854,0.66603917,0.257395
0.96,-0.56,0.19881812,0.31036288,0.07540863,0.6644736,0.2601178
0.96,-0.52,0.20293853,0.3126573,0.07426918,0.66288424,0.26284662
0.96,-0.48,0.20704374,0.3149544,0.07314746,0.66127187,0.26558065
0.96,-0.44,0.21113315,0.31725365,0.07204339,0.65963733,0.26831934
0.96,-0.4,0.2152063,0.31955457,0.070956804,0.6579813,0.271062
0.96,-0.36,0.21926272,0.32185668,0.069887586,0.65630436,0.27380803
0.96,-0.32,0.22330193,0.32415953,0.068835646,0.65460753,0.27655685
0.96,-0.28,0.22732355,0.32646257,0.06780075,0.65289146,0.2793078
0.96,-0.24,0.23132725,0.32876545,0.066782795,0.6511568,0.2820604
0.96,-0.2,0.23531266,0.33106774,0.0657816,0.6494043,0.28481406
0.96,-0.16,0.23927951,0.33336902,0.06479699,0.6476347,0.2875683
0.96,-0.12,0.24322756,0.3356689,0.06382874,0.64584863,0.29032257
0.96,-0.08,0.24715662,0.3379671,0.06287665,0.64404684,0.29307655
0.96,-0.04,0.25106645,0.3402632,0.061940547,0.64222986,0.2958296
0.96,0.0,0.254957,0.3425569,0.061020173,0.6403984,0.29858142
0.96,0.04,0.25882807,0.3448479,0.060115308,0.63855314,0.30133158
0.96,0.08,0.26267967,0.347136,0.05922571,0.63669443,0.3040798
0.96,0.12,0.26651165,0.3494208,0.058351185,0.63482326,0.30682555
0.96,0.16,0.27032408,0.35170212,0.057491485,0.6329399,0.30956864
0.96,0.2,0.27411693,0.35397977,0.056646366,0.631045,0.3123087
0.96,0.24,0.27789026,0.3562535,0.05581561,0.62913895,0.31504548
0.96,0.28,0.28164408,0.35852316,0.05499889,0.6272224,0.31777874
0.96,0.32,0.28537855,0.36078852,0.054196037,0.62529576,0.32050815
0.96,0.36,0.28909364,0.36304948,0.053406805,0.6233596,0.32323354
0.96,0.4,0.29278964,0.36530587,0.052630898,0.6214143,0.32595477
0.96,0.44,0.29646653,0.36755753,0.051868126,0.61946034,0.32867151
0.96,0.48,0.30012462,0.36980447,0.051118203,0.61749804,0.3313838
0.96,0.52,0.30376402,0.3720464,0.050380904,0.6155278,0.33409125
0.96,0.56,0.30738494,0.37428346,0.049655955,0.6135501,0.33679396
0.96,0.6,0.31098756,0.37651542,0.048943162,0.61156523,0.33949167
0.96,0.64,0.31457216,0.37874222,0.048242275,0.6095735,0.34218428
0.96,0.68,0.3181389,0.3809639,0.047553044,0.60757524,0.34487173
0.96,0.72,0.32168812,0.38318035,0.046875194,0.6055708,0.347554
0.96,0.76,0.32522,0.38539156,0.04620858,0.60356045,0.35023093
0.96,0.8,0.32873482,0.38759753,0.045552924,0.6015445,0.35290256
0.96,0.84,0.33223286,0.3897982,0.04490803,0.5995231,0.3555688
0.96,0.88,0.33571443,0.39199367,0.04427362,0.5974966,0.3582297
0.96,0.92,0.33917972,0.3941838,0.043649547,0.59546536,0.36088508
0.96,0.96,0.3426291,0.39636868,0.04303557,0.59342945,0.36353502
0.96,1.0,0.34606293,0.3985484,0.042431455,0.59138894,0.36617962
0.96,1.04,0.34948125,0.40072274,0.041837044,0.58934426,0.3688186
0.96,1.08,0.3528846,0.40289205,0.04125211,0.58729553,0.37145233
0.96,1.12,0.35627308,0.40505603,0.04067646,0.58524305,0.3740805
0.96,1.16,0.35964713,0.40721494,0.04010989,0.58318675,0.37670335
0.96,1.2,0.36300692,0.40936866,0.039552256,0.58112705,0.3793207
0.96,1.24,0.36635274,0.41151726,0.03900335,0.579064,0.38193265
0.96,1.28,0.36968485,0.41366073,0.03846303,0.5769978,0.38453916
0.96,1.32,0.37300357,0.41579926,0.037931062,0.5749286,0.3871404
0.96,1.36,0.37630913,0.41793263,0.037407316,0.5728565,0.38973618
0.96,1.4,0.3796017,0.420061,0.036891654,0.57078177,0.39232656
0.96,1.44,0.38288152,0.42218432,0.0363839,0.56870455,0.39491156
0.96,1.48,0.38614893,0.42430267,0.03588388,0.5666249,0.39749122
0.96,1.52,0.38940403,0.42641598,0.035391483,0.56454307,0.40006545
0.96,1.56,0.39264706,0.42852426,0.03490656,0.5624592,0.40263423
0.96,1.6,0.39587814,0.43062752,0.03442897,0.5603734,0.4051976
0.96,1.64,0.39909756,0.43272582,0.033958558,0.55828595,0.40775552
0.96,1.68,0.4023053,0.43481895,0.03349523,0.5561969,0.41030782
0.96,1.72,0.40550166,0.43690696,0.033038877,0.55410653,0.41285458
0.96,1.76,0.40868667,0.43898988,0.032589335,0.552015,0.41539568
0.96,1.8,0.41186044,0.4410676,0.032146506,0.5499224,0.41793108
0.96,1.84,0.41502312,0.44314006,0.03171031,0.54782903,0.4204606
0.96,1.88,0.41817474,0.44520724,0.031280607,0.545735,0.42298433
0.96,1.92,0.42131534,0.447269,0.030857304,0.5436407,0.42550197
0.96,1.96,0.42444506,0.4493254,0.030440303,0.5415461,0.42801365
0.96,2.0,0.42756382,0.4513761,0.03002951,0.5394515,0.43051895
1.0,-2.0,0.04300564,0.23240906,0.12934268,0.70158976,0.1690676
1.0,-1.96,0.047140494,0.23424838,0.12761955,0.7012138,0.17116675
1.0,-1.92,0.051286083,0.23610514,0.12590875,0.7008023,0.17328894
1.0,-1.88,0.055441987,0.2379793,0.12421056,0.70035535,0.1754341
1.0,-1.84,0.05960771,0.2398707,0.122525215,0.6998726,0.17760214
1.0,-1.8,0.06378298,0.24177933,0.120852925,0.69935405,0.17979302
1.0,-1.76,0.06796717,0.24370494,0.11919394,0.6987996,0.18200648
1.0,-1.72,0.07215984,0.24564749,0.11754843,0.6982091,0.18424246
1.0,-1.68,0.076360494,0.24760678,0.11591676,0.6975825,0.18650076
1.0,-1.64,0.08056847,0.24958256,0.11429909,0.6969198,0.18878111
1.0,-1.6,0.08478323,0.2515747,0.11269566,0.69622105,0.19108333
1.0,-1.56,0.08900419,0.25358284,0.11110672,0.6954862,0.19340707
1.0,-1.52,0.09323067,0.2556069,0.10953246,0.69471544,0.19575217
1.0,-1.48,0.097461924,0.25764635,0.107973225,0.69390863,0.19811809
1.0,-1.44,0.1016973,0.25970104,0.10642917,0.6930661,0.2005046
1.0,-1.4,0.10593612,0.2617706,0.10490054,0.69218814,0.20291129
1.0,-1.36,0.11017754,0.26385465,0.10338759,0.69127476,0.20533769
1.0,-1.32,0.11442077,0.26595277,0.10189047,0.69032615,0.20778336
1.0,-1.28,0.11866503,0.26806456,0.10040949,0.68934274,0.21024776
1.0,-1.24,0.122909546,0.27018967,0.098944746,0.6883248,0.2127305
1.0,-1.2,0.12715335,0.2723275,0.09749653,0.6872726,0.21523087
1.0,-1.16,0.13139567,0.27447766,0.096065,0.6861866,0.21774837
1.0,-1.12,0.13563566,0.27663967,0.09465036,0.68506724,0.22028245
1.0,-1.08,0.13987242,0.27881294,0.093252696,0.68391484,0.22283241
1.0,-1.04,0.14410505,0.280997,0.091872245,0.6827301,0.22539768
1.0,-1.0,0.14833272,0.28319132,0.09050912,0.6815133,0.22797754
1.0,-0.96,0.15255454,0.28539526,0.08916343,0.6802652,0.23057136
1.0,-0.92,0.15676963,0.2876084,0.08783531,0.67898625,0.23317848
1.0,-0.88,0.16097717,0.2898301,0.086524844,0.677677,0.23579814
1.0,-0.84,0.16517632,0.2920598,0.08523212,0.67633826,0.23842973
1.0,-0.8,0.16936629,0.2942969,0.08395716,0.67497045,0.24107243
1.0,-0.76,0.1735462,0.29654077,0.08270005,0.6735744,0.24372555
1.0,-0.72,0.1777154,0.29879105,0.08146078,0.67215073,0.24638854
1.0,-0.68,0.18187307,0.30104694,0.08023938,0.6707001,0.24906051
1.0,-0.64,0.18601853,0.30330807,0.07903585,0.6692233,0.25174087
1.0,-0.6,0.19015105,0.30557367,0.07785011,0.667721,0.25442883
1.0,-0.56,0.19427006,0.30784345,0.076682225,0.6661939,0.25712386
1.0,-0.52,0.19837494,0.31011677,0.07553198,0.6646428,0.25982523
1.0,-0.48,0.202465,0.31239304,0.074399434,0.66306835,0.2625322
1.0,-0.44,0.2065399,0.31467187,0.073284425,0.6614713,0.26524428
1.0,-0.4,0.21059896,0.31695268,0.07218686,0.65985245,0.26796073
1.0,-0.36,0.21464181,0.31923506,0.071106605,0.65821236,0.27068102
1.0,-0.32,0.21866795,0.3215185,0.070043534,0.6565519,0.27340454
1.0,-0.28,0.22267711,0.3238026,0.068997525,0.65487176,0.2761307
1.0,-0.24,0.2266689,0.32608694,0.06796839,0.65317255,0.27885902
1.0,-0.2,0.23064291,0.32837114,0.066955924,0.65145516,0.28158894
1.0,-0.16,0.23459898,0.33065474,0.06596002,0.64972,0.28431997
1.0,-0.12,0.2385368,0.33293742,0.06498045,0.64796793,0.28705162
1.0,-0.08,0.24245623,0.33521882,0.06401701,0.6461995,0.28978345
1.0,-0.04,0.24635701,0.33749864,0.06306951,0.64441544,0.29251504
1.0,0.0,0.25023904,0.33977652,0.062137727,0.6426164,0.29524595
1.0,0.04,0.25410223,0.34205222,0.06122143,0.64080274,0.2979758
1.0,0.08,0.25794643,0.34432533,0.060320403,0.6389754,0.30070418
1.0,0.12,0.26177168,0.34659576,0.059434466,0.6371347,0.30343083
1.0,0.16,0.26557785,0.34886324,0.058563348,0.6352813,0.30615538
1.0,0.2,0.269365,0.35112742,0.05770678,0.6334157,0.3088775
1.0,0.24,0.27313316,0.35338825,0.056864616,0.63153845,0.31159696
1.0,0.28,0.27688238,0.35564548,0.05603652,0.62965006,0.31431347
1.0,0.32,0.28061265,0.35789877,0.055222318,0.62775105,0.31702667
1.0,0.36,0.28432414,0.3601482,0.054421753,0.6258418,0.3197365
1.0,0.4,0.28801695,0.36239347,0.053634588,0.62392277,0.32244265
1.0,0.44,0.29169118,0.3646345,0.05286054,0.62199444,0.325145
1.0,0.48,0.295347,0.36687124,0.052099418,0.6200572,0.32784334
1.0,0.52,0.2989846,0.36910352,0.051350974,0.61811155,0.33053753
1.0,0.56,0.30260408,0.37133116,0.05061494,0.6161577,0.33322737
1.0,0.6,0.30620572,0.37355423,0.049891103,0.61419606,0.33591282
1.0,0.64,0.3097897,0.3757726,0.049179237,0.612227,0.3385937
1.0,0.68,0.31335616,0.37798613,0.04847911,0.61025095,0.3412699
1.0,0.72,0.31690544,0.3801949,0.047790453,0.6082681,0.34394142
1.0,0.76,0.32043776,0.38239884,0.047113083,0.6062787,0.34660816
1.0,0.8,0.3239533,0.3845979,0.04644677,0.6042832,0.34927
1.0,0.84,0.32745242,0.38679203,0.045791265,0.60228175,0.35192695
1.0,0.88,0.3309353,0.3889813,0.04514637,0.6002747,0.35457894
1.0,0.92,0.3344023,0.39116567,0.044511847,0.5982622,0.35722604
1.0,0.96,0.33785355,0.39334506,0.043887515,0.5962444,0.35986802
1.0,1.0,0.34128946,0.39551958,0.043273155,0.5942218,0.36250505
1.0,1.04,0.34471026,0.39768922,0.04266859,0.5921943,0.36513707
1.0,1.08,0.34811622,0.39985394,0.04207358,0.59016234,0.36776406
1.0,1.12,0.35150763,0.4020139,0.041487932,0.588126,0.3703861
1.0,1.16,0.35488474,0.4041689,0.040911496,0.5860855,0.37300298
1.0,1.2,0.35824788,0.4063191,0.04034406,0.58404106,0.3756149
1.0,1.24,0.36159724,0.40846452,0.039785437,0.58199275,0.37822184
1.0,1.28,0.36493322,0.41060522,0.039235447,0.5799407,0.38082382
1.0,1.32,0.36825588,0.4127411,0.03869398,0.5778853,0.38342074
1.0,1.36,0.37156567,0.41487226,0.03816078,0.57582647,0.38601273
1.0,1.4,0.37486273,0.41699874,0.037635755,0.57376456,0.38859975
1.0,1.44,0.37814724,0.41912043,0.037118707,0.57169956,0.3911817
1.0,1.48,0.38141954,0.42123747,0.036609508,0.56963176,0.39375877
1.0,1.52,0.3846798,0.42334986,0.036107995,0.5675612,0.3963308
1.0,1.56,0.38792822,0.4254575,0.035614014,0.56548816,0.39889783
1.0,1.6,0.3911649,0.4275604,0.035127487,0.5634128,0.40145972
1.0,1.64,0.39439017,0.42965862,0.034648225,0.56133515,0.40401664
1.0,1.68,0.39760405,0.43175206,0.03417611,0.5592555,0.40656838
1.0,1.72,0.4008068,0.4338408,0.03371102,0.5571739,0.40911505
1.0,1.76,0.40399843,0.43592468,0.033252846,0.5550907,0.4116564
1.0,1.8,0.40717924,0.4380038,0.03280144,0.553006,0.4141926
1.0,1.84,0.41034913,0.440078,0.032356735,0.5509199,0.41672337
1.0,1.88,0.41350833,0.4421472,0.03191861,0.5488327,0.4192487
1.0,1.92,0.4166568,0.4442114,0.03148695,0.5467446,0.42176846
1.0,1.96,0.41979468,0.4462705,0.031061653,0.5446557,0.4242826
1.0,2.0,0.42292196,0.44832438,0.03064264,0.54256636,0.42679098
1.04,-2.0,0.03923641,0.23074338,0.13092807,0.7019026,0.16716936
1.04,-1.96,0.043340888,0.23255771,0.12920232,0.7015606,0.16923714
1.04,-1.92,0.047456555,0.23438945,0.12748852,0.70118356,0.1713279
1.04,-1.88,0.051582944,0.2362386,0.1257869,0.7007716,0.17344157
1.04,-1.84,0.05571974,0.23810501,0.124097675,0.70032424,0.17557812
1.04,-1.8,0.0598664,0.2399886,0.12242111,0.69984156,0.17773739
1.04,-1.76,0.06402253,0.24188921,0.12075746,0.6993233,0.17991924
1.04,-1.72,0.068187535,0.24380675,0.11910704,0.6987694,0.18212357
1.04,-1.68,0.07236094,0.24574101,0.11746993,0.6981799,0.18435016
1.04,-1.64,0.07654201,0.24769172,0.11584661,0.6975546,0.18659875
1.04,-1.6,0.080730364,0.24965885,0.11423719,0.69689363,0.18886922
1.04,-1.56,0.08492528,0.25164205,0.11264189,0.69619685,0.19116125
1.04,-1.52,0.08912604,0.25364107,0.1110611,0.69546443,0.19347447
1.04,-1.48,0.09333201,0.25565556,0.10949493,0.6946965,0.19580862
1.04,-1.44,0.09754246,0.2576853,0.10794373,0.6938929,0.19816332
1.04,-1.4,0.1017566,0.2597299,0.1064077,0.6930542,0.20053813
1.04,-1.36,0.10597366,0.261789,0.10488706,0.6921802,0.2029327
1.04,-1.32,0.110192955,0.26386222,0.10338209,0.69127136,0.20534654
1.04,-1.28,0.114413574,0.2659492,0.10189299,0.6903278,0.20777917
1.04,-1.24,0.11863466,0.2680494,0.10042,0.68934995,0.21023004
1.04,-1.2,0.12285537,0.27016246,0.09896332,0.688338,0.21269868
1.04,-1.16,0.12707496,0.2722879,0.097523145,0.68729234,0.21518451
1.04,-1.12,0.13129239,0.27442515,0.096099705,0.6862135,0.21768686
1.04,-1.08,0.13550694,0.27657384,0.09469303,0.6851017,0.22020525
1.04,-1.04,0.1397177,0.27873334,0.09330345,0.6839576,0.22273897
1.04,-1.0,0.14392377,0.28090316,0.09193105,0.6827815,0.22528741
1.04,-0.96,0.1481243,0.28308284,0.09057594,0.6815741,0.22784998
1.04,-0.92,0.15231845,0.28527173,0.08923827,0.6803359,0.23042588
1.04,-0.88,0.15650539,0.28746933,0.087918125,0.6790674,0.23301455
1.04,-0.84,0.16068424,0.289675,0.08661559,0.6777692,0.2356152
1.04,-0.8,0.16485423,0.2918883,0.08533069,0.676442,0.23822722
1.04,-0.76,0.16901466,0.2941087,0.084063545,0.67508644,0.24085002
1.04,-0.72,0.17316471,0.29633552,0.08281415,0.67370313,0.24348274
1.04,-0.68,0.17730361,0.29856825,0.08158254,0.6722927,0.24612479
1.04,-0.64,0.18143079,0.3008064,0.08036861,0.6708559,0.24877551
1.04,-0.6,0.18554546,0.30304945,0.07917247,0.66939336,0.25143418
1.04,-0.56,0.1896471,0.30529678,0.07799399,0.6679058,0.25410017
1.04,-0.52,0.19373505,0.30754802,0.076833144,0.66639394,0.25677294
1.04,-0.48,0.19780876,0.30980253,0.07568983,0.66485846,0.25945172
1.04,-0.44,0.20186776,0.31205997,0.07456396,0.66330004,0.26213598
1.04,-0.4,0.2059115,0.31431976,0.0734555,0.66171944,0.2648251
1.04,-0.36,0.2099396,0.31658143,0.07236425,0.66011727,0.26751846
1.04,-0.32,0.21395159,0.31884462,0.07129012,0.6584943,0.27021554
1.04,-0.28,0.2179471,0.32110888,0.07023295,0.6568512,0.27291584
1.04,-0.24,0.22192584,0.32337382,0.06919259,0.6551887,0.27561876
1.04,-0.2,0.2258874,0.32563895,0.068168886,0.6535073,0.2783238
1.04,-0.16,0.22983165,0.32790402,0.06716162,0.65180784,0.28103054
1.04,-0.12,0.23375823,0.33016858,0.06617069,0.6500909,0.2837384
1.04,-0.08,0.23766705,0.33243245,0.06519579,0.64835703,0.28644717
1.04,-0.04,0.24155782,0.33469504,0.06423681,0.646607,0.28915614
1.04,0.0,0.24543048,0.3369563,0.06329353,0.6448414,0.29186508
1.04,0.04,0.24928483,0.33921582,0.062365707,0.6430608,0.29457358
1.04,0.08,0.25312087,0.3414733,0.06145315,0.64126563,0.29728124
1.04,0.12,0.25693852,0.3437285,0.06055564,0.6394567,0.29998767
1.04,0.16,0.26073766,0.34598124,0.059672922,0.6376344,0.30269265
1.04,0.2,0.26451838,0.34823123,0.058804788,0.63579935,0.30539584
1.04,0.24,0.26828068,0.35047835,0.057951,0.6339521,0.30809698
1.04,0.28,0.27202448,0.3527223,0.05711135,0.63209295,0.31079572
1.04,0.32,0.27574998,0.35496286,0.056285627,0.6302226,0.31349182
1.04,0.36,0.2794572,0.35719997,0.055473484,0.6283414,0.31618512
1.04,0.4,0.2831462,0.3594335,0.054674823,0.6264498,0.31887537
1.04,0.44,0.28681716,0.36166316,0.053889304,0.6245483,0.32156235
1.04,0.48,0.29047015,0.36388898,0.053116757,0.62263733,0.32424587
1.04,0.52,0.29410535,0.36611083,0.052356932,0.6207172,0.32692584
1.04,0.56,0.2977229,0.3683285,0.05160956,0.6187884,0.32960203
1.04,0.6,0.30132303,0.370542,0.05087444,0.6168512,0.33227435
1.04,0.64,0.3049059,0.3727512,0.050151367,0.614906,0.33494264
1.04,0.68,0.30847165,0.37495607,0.04944006,0.6129531,0.33760682
1.04,0.72,0.31202054,0.37715653,0.048740346,0.61099297,0.34026673
1.04,0.76,0.31555286,0.3793525,0.048051946,0.60902566,0.3429224
1.04,0.8,0.31906876,0.38154405,0.04737467,0.6070517,0.34557372
1.04,0.84,0.3225685,0.383731,0.046708293,0.6050711,0.34822056
1.04,0.88,0.32605234,0.3859135,0.04605263,0.60308444,0.35086295
1.04,0.92,0.32952058,0.3880914,0.04540741,0.60109174,0.35350084
1.04,0.96,0.3329734,0.39026475,0.044772457,0.5990933,0.35613418
1.04,1.0,0.3364111,0.3924336,0.044147573,0.59708947,0.35876298
1.04,1.04,0.339834,0.3945979,0.043532547,0.5950803,0.3613872
1.04,1.08,0.34324226,0.39675763,0.042927165,0.59306604,0.36400682
1.04,1.12,0.34663624,0.3989128,0.042331256,0.5910469,0.3666218
1.04,1.16,0.35001618,0.4010635,0.041744657,0.5890232,0.36923224
1.04,1.2,0.35338232,0.4032097,0.04116711,0.5869949,0.37183806
1.04,1.24,0.356735,0.40535134,0.0405985,0.58496225,0.37443924
1.04,1.28,0.36007443,0.40748858,0.040038627,0.5829255,0.37703586
1.04,1.32,0.36340088,0.40962148,0.039487287,0.58088475,0.37962797
1.04,1.36,0.36671454,0.4117498,0.038944393,0.5788402,0.38221538
1.04,1.4,0.37001577,0.41387385,0.038409706,0.576792,0.38479832
1.04,1.44,0.37330472,0.41599342,0.037883095,0.57474023,0.38737664
1.04,1.48,0.37658164,0.41810867,0.03736441,0.5726852,0.3899504
1.04,1.52,0.37984672,0.42021948,0.036853522,0.570627,0.3925195
1.04,1.56,0.38310024,0.42232606,0.03635024,0.5685656,0.39508414
1.04,1.6,0.3863423,0.42442808,0.035854474,0.5665015,0.39764398
1.04,1.64,0.3895731,0.42652583,0.03536607,0.5644347,0.40019926
1.04,1.68,0.39279285,0.42861912,0.034884892,0.5623653,0.40274984
1.04,1.72,0.39600173,0.430708,0.034410805,0.5602935,0.4052957
1.04,1.76,0.39919978,0.43279243,0.03394372,0.5582195,0.40783677
1.04,1.8,0.40238714,0.43487236,0.033483494,0.5561436,0.41037297
1.04,1.84,0.405564,0.43694776,0.033030007,0.5540657,0.41290432
1.04,1.88,0.40873045,0.43901858,0.03258318,0.5519862,0.41543067
1.04,1.92,0.41188645,0.44108465,0.03214291,0.54990524,0.41795185
1.04,1.96,0.41503224,0.44314608,0.031709053,0.547823,0.42046794
1.04,2.0,0.41816768,0.44520265,0.03128155,0.5457397,0.4229787
1.08,-2.0,0.03544401,0.229078,0.13253738,0.70218855,0.1652741
1.08,-1.96,0.039516997,0.23086697,0.13080953,0.7018803,0.16731015
1.08,-1.92,0.0436016,0.23267335,0.12909324,0.70153767,0.16936904
1.08,-1.88,0.04769745,0.23449706,0.12738873,0.70116043,0.17145081
1.08,-1.84,0.05180406,0.23633805,0.12569617,0.7007485,0.17355534
1.08,-1.8,0.055921007,0.2381961,0.12401593,0.7003015,0.1756825
1.08,-1.76,0.060047776,0.24007124,0.122348174,0.6998196,0.1778322
1.08,-1.72,0.06418387,0.24196324,0.120693244,0.6993024,0.1800043
1.08,-1.68,0.06832877,0.24387196,0.119051345,0.69874996,0.1821986
1.08,-1.64,0.07248176,0.24579716,0.11742283,0.69816226,0.18441486
1.08,-1.6,0.07664232,0.2477387,0.11580788,0.69753915,0.18665293
1.08,-1.56,0.080809824,0.2496963,0.11420679,0.69688076,0.18891247
1.08,-1.52,0.08498354,0.25166968,0.11261985,0.69618696,0.1911932
1.08,-1.48,0.08916279,0.25365862,0.111047305,0.69545794,0.1934948
1.08,-1.44,0.09334678,0.25566268,0.10948945,0.6946937,0.19581684
1.08,-1.4,0.09753491,0.25768167,0.1079465,0.69389445,0.19815907
1.08,-1.36,0.10172623,0.25971514,0.106418714,0.6930603,0.20052098
1.08,-1.32,0.10591999,0.2617627,0.10490635,0.6921916,0.2029021
1.08,-1.28,0.110115424,0.26382402,0.10340962,0.69128835,0.205302
1.08,-1.24,0.11431159,0.2658986,0.10192879,0.690351,0.20772016
1.08,-1.2,0.118507735,0.2679861,0.10046408,0.6893798,0.21015611
1.08,-1.16,0.12270295,0.27008593,0.09901567,0.6883751,0.21260923
1.08,-1.12,0.1268964,0.2721977,0.09758378,0.6873373,0.21507895
1.08,-1.08,0.13108721,0.27432084,0.09616856,0.6862667,0.21756467
1.08,-1.04,0.1352745,0.276455,0.09477019,0.6851639,0.22006588
1.08,-1.0,0.13945743,0.2785995,0.09338888,0.6840292,0.22258188
1.08,-0.96,0.14363515,0.28075388,0.09202472,0.6828633,0.22511199
1.08,-0.92,0.14780678,0.28291765,0.09067785,0.68166655,0.22765565
1.08,-0.88,0.15197152,0.2850902,0.08934833,0.6804396,0.23021217
1.08,-0.84,0.15612862,0.28727105,0.08803629,0.67918277,0.23278089
1.08,-0.8,0.16027725,0.28945965,0.08674179,0.67789704,0.23536116
1.08,-0.76,0.16441663,0.29165548,0.08546484,0.6765828,0.23795232
1.08,-0.72,0.16854605,0.29385796,0.084205545,0.67524064,0.24055375
1.08,-0.68,0.17266484,0.29606664,0.08296386,0.6738714,0.24316475
1.08,-0.64,0.17677228,0.29828095,0.08173984,0.67247546,0.24578469
1.08,-0.6,0.18086773,0.30050036,0.080533415,0.6710536,0.2484129
1.08,-0.56,0.18495068,0.30272448,0.079344496,0.66960657,0.2510489
1.08,-0.52,0.18902041,0.30495268,0.07817315,0.668135,0.25369182
1.08,-0.48,0.19307648,0.30718458,0.077019215,0.66663945,0.25634134
1.08,-0.44,0.19711836,0.30941966,0.07588263,0.66512066,0.25899664
1.08,-0.4,0.20114554,0.3116575,0.07476334,0.6635794,0.26165727
1.08,-0.36,0.2051577,0.31389764,0.073661126,0.6620162,0.26432264
1.08,-0.32,0.2091543,0.31613964,0.072576,0.66043174,0.2669922
1.08,-0.28,0.21313512,0.31838322,0.07150768,0.65882677,0.2696655
1.08,-0.24,0.21709973,0.32062784,0.07045614,0.65720195,0.27234197
1.08,-0.2,0.22104782,0.32287312,0.069421105,0.65555775,0.27502108
1.08,-0.16,0.2249792,0.32511878,0.06840251,0.653895,0.27770245
1.08,-0.12,0.22889358,0.32736447,0.067400135,0.65221435,0.2803856
1.08,-0.08,0.2327908,0.3296098,0.06641374,0.6505162,0.28307006
1.08,-0.04,0.2366706,0.3318544,0.06544322,0.6488014,0.2857554
1.08,0.0,0.24053298,0.33409822,0.064488314,0.6470703,0.28844136
1.08,0.04,0.24437769,0.3363407,0.063548855,0.64532375,0.2911274
1.08,0.08,0.24820463,0.33858165,0.06262464,0.6435621,0.29381326
1.08,0.12,0.25201386,0.34082094,0.061715376,0.64178604,0.2964986
1.08,0.16,0.25580522,0.34305817,0.060820937,0.639996,0.29918304
1.08,0.2,0.25957873,0.34529316,0.059941087,0.6381926,0.3018663
1.08,0.24,0.2633344,0.34752575,0.05907555,0.6363763,0.30454808
1.08,0.28,0.26707217,0.3497557,0.05822414,0.63454765,0.30722815
1.08,0.32,0.2707922,0.3519828,0.057386637,0.6327072,0.3099062
1.08,0.36,0.27449444,0.35420686,0.056562826,0.6308552,0.312582
1.08,0.4,0.27817908,0.35642785,0.05575241,0.6289922,0.3152554
1.08,0.44,0.28184608,0.35864544,0.054955237,0.62711865,0.31792605
1.08,0.48,0.2854957,0.36085972,0.054170996,0.625235,0.32059395
1.08,0.52,0.28912795,0.36307037,0.053399555,0.6233416,0.32325876
1.08,0.56,0.29274306,0.3652774,0.052640624,0.6214389,0.32592043
1.08,0.6,0.29634112,0.36748064,0.051893983,0.6195273,0.32857874
1.08,0.64,0.29992235,0.36968005,0.05115944,0.617607,0.33123356
1.08,0.68,0.3034869,0.3718755,0.050436724,0.6156784,0.3338848
1.08,0.72,0.307035,0.374067,0.04972566,0.613742,0.33653238
1.08,0.76,0.31056684,0.3762544,0.04902597,0.61179787,0.33917615
1.08,0.8,0.31408265,0.3784378,0.048337493,0.6098464,0.34181607
1.08,0.84,0.3175826,0.380617,0.047659997,0.607888,0.34445205
1.08,0.88,0.32106704,0.38279206,0.046993233,0.6059227,0.34708405
1.08,0.92,0.32453611,0.38496295,0.046337057,0.6039509,0.34971198
1.08,0.96,0.32799008,0.38712966,0.04569122,0.6019729,0.35233587
1.08,1.0,0.33142924,0.38929218,0.0450555,0.5999888,0.35495564
1.08,1.04,0.33485383,0.39145052,0.044429738,0.597999,0.3575713
1.08,1.08,0.33826414,0.39360464,0.043813743,0.5960035,0.36018276
1.08,1.12,0.34166032,0.39575458,0.043207288,0.5940026,0.36279008
1.08,1.16,0.34504277,0.3979004,0.042610202,0.59199655,0.3653933
1.08,1.2,0.34841165,0.400042,0.042022284,0.5899855,0.36799225
1.08,1.24,0.35176727,0.40217942,0.041443378,0.58796954,0.37058705
1.08,1.28,0.35510987,0.40431267,0.040873297,0.58594906,0.37317762
1.08,1.32,0.35843974,0.4064419,0.04031189,0.58392406,0.37576407
1.08,1.36,0.36175707,0.40856704,0.039758947,0.5818947,0.37834638
1.08,1.4,0.36506218,0.41068804,0.039214324,0.5798611,0.38092452
1.08,1.44,0.3683552,0.412805,0.038677875,0.57782364,0.38349846
1.08,1.48,0.37163648,0.41491795,0.038149435,0.57578236,0.38606828
1.08,1.52,0.37490618,0.41702676,0.03762887,0.57373726,0.38863388
1.08,1.56,0.3781644,0.41913155,0.037116017,0.5716888,0.39119524
1.08,1.6,0.38141155,0.4212323,0.036610737,0.5696368,0.39375246
1.08,1.64,0.38464764,0.42332894,0.036112916,0.56758165,0.39630535
1.08,1.68,0.38787296,0.42542157,0.035622384,0.5655235,0.39885408
1.08,1.72,0.3910876,0.4275101,0.03513905,0.56346244,0.40139848
1.08,1.76,0.39429176,0.42959452,0.034662757,0.5613986,0.40393856
1.08,1.8,0.39748552,0.43167484,0.034193426,0.5593324,0.40647423
1.08,1.84,0.40066895,0.43375087,0.03373092,0.55726373,0.40900537
1.08,1.88,0.40384233,0.43582273,0.033275124,0.5551928,0.41153204
1.08,1.92,0.40700558,0.43789023,0.032825965,0.5531201,0.41405404
1.08,1.96,0.41015884,0.43995342,0.03238329,0.55104536,0.41657138
1.08,2.0,0.41330218,0.44201213,0.031947043,0.54896915,0.41908383
1.12,-2.0,0.0316288,0.2274133,0.1341707,0.702447,0.1633823
1.12,-1.96,0.03566923,0.22917658,0.1324414,0.7021724,0.16538621
1.12,-1.92,0.039721806,0.23095725,0.13072309,0.7018639,0.16741297
1.12,-1.88,0.043785915,0.23275518,0.12901619,0.7015214,0.1694624
1.12,-1.84,0.04786121,0.23457026,0.12732089,0.7011447,0.17153443
1.12,-1.8,0.051947303,0.23640245,0.12563741,0.70073354,0.17362905
1.12,-1.76,0.056043603,0.23825167,0.123966105,0.70028776,0.17574614
1.12,-1.72,0.060149547,0.24011765,0.12230724,0.6998073,0.17788544
1.12,-1.68,0.06426464,0.24200031,0.12066109,0.699292,0.18004689
1.12,-1.64,0.068388216,0.24389948,0.11902791,0.6987419,0.18223023
1.12,-1.6,0.0725198,0.24581487,0.11740797,0.6981568,0.18443526
1.12,-1.56,0.076658584,0.24774633,0.11580159,0.6975367,0.18666172
1.12,-1.52,0.08080386,0.24969351,0.1142091,0.6968817,0.18890923
1.12,-1.48,0.084955,0.25165612,0.11263066,0.6961918,0.19117752
1.12,-1.44,0.08911128,0.25363398,0.1110666,0.69546705,0.19346628
1.12,-1.4,0.09327181,0.25562662,0.10951723,0.6947077,0.19577506
1.12,-1.36,0.09743591,0.25763378,0.10798276,0.6939137,0.1981035
1.12,-1.32,0.10160275,0.25965503,0.106463455,0.6930854,0.20045112
1.12,-1.28,0.10577153,0.26169,0.104959585,0.69222283,0.2028175
1.12,-1.24,0.109941304,0.26373821,0.10347142,0.69132656,0.20520207
1.12,-1.2,0.11411131,0.26579928,0.10199912,0.6903965,0.20760435
1.12,-1.16,0.11828076,0.26787287,0.100542895,0.6894332,0.21002391
1.12,-1.12,0.12244863,0.26995826,0.09910299,0.688437,0.21246001
1.12,-1.08,0.12661415,0.27205515,0.09767966,0.68740815,0.21491218
1.12,-1.04,0.13077646,0.27416298,0.09627297,0.68634725,0.21737976
1.12,-1.0,0.13493478,0.27628136,0.094883084,0.68525463,0.21986231
1.12,-0.96,0.13908814,0.27840966,0.093510225,0.6841307,0.22235905
1.12,-0.92,0.14323579,0.28054744,0.09215446,0.6829761,0.22486942
1.12,-0.88,0.14737692,0.28269407,0.090815924,0.6817913,0.22739272
1.12,-0.84,0.15151079,0.28484923,0.08949467,0.68057686,0.2299285
1.12,-0.8,0.15563653,0.28701225,0.088190824,0.6793332,0.23247594
1.12,-0.76,0.15975352,0.28918266,0.08690438,0.6780611,0.23503448
1.12,-0.72,0.16386093,0.29136,0.08563545,0.67676103,0.23760352
1.12,-0.68,0.16795817,0.29354367,0.084383965,0.67543364,0.24018238
1.12,-0.64,0.17204455,0.29573324,0.083149984,0.67407954,0.24277048
1.12,-0.6,0.17611946,0.2979282,0.081933446,0.67269933,0.24536721
1.12,-0.56,0.18018234,0.30012816,0.080734335,0.67129374,0.24797197
1.12,-0.52,0.18423264,0.30233252,0.07955261,0.6698632,0.2505842
1.12,-0.48,0.18826976,0.30454084,0.0783882,0.6684087,0.25320318
1.12,-0.44,0.19229333,0.30675277,0.07724098,0.6669305,0.25582856
1.12,-0.4,0.1963028,0.30896777,0.07611093,0.6654294,0.25845963
1.12,-0.36,0.20029783,0.31118557,0.074997865,0.66390616,0.261096
1.12,-0.32,0.20427798,0.31340557,0.07390171,0.6623613,0.263737
1.12,-0.28,0.20824291,0.3156275,0.07282234,0.6607955,0.2663822
1.12,-0.24,0.21219236,0.31785095,0.071759574,0.6592093,0.2690311
1.12,-0.2,0.21612589,0.3200755,0.0707133,0.65760344,0.27168325
1.12,-0.16,0.2200434,0.32230097,0.06968327,0.6559785,0.27433822
1.12,-0.12,0.22394459,0.32452685,0.06866942,0.654335,0.27699548
1.12,-0.08,0.22782929,0.3267529,0.067671485,0.6526738,0.27965474
1.12,-0.04,0.23169726,0.3289788,0.066689335,0.65099514,0.2823155
1.12,0.0,0.23554842,0.33120424,0.06572279,0.6492998,0.2849774
1.12,0.04,0.23938262,0.33342895,0.064771555,0.6475883,0.28764006
1.12,0.08,0.24319969,0.33565265,0.06383554,0.6458613,0.2903031
1.12,0.12,0.24699967,0.3378751,0.06291449,0.6441192,0.29296628
1.12,0.16,0.25078243,0.34009612,0.06200815,0.64236265,0.2956292
1.12,0.2,0.25454795,0.34231532,0.0611164,0.64059204,0.29829153
1.12,0.24,0.25829625,0.3445326,0.060238972,0.6388079,0.30095306
1.12,0.28,0.2620273,0.3467478,0.059375647,0.6370109,0.30361345
1.12,0.32,0.26574108,0.3489607,0.058526207,0.6352013,0.3062725
1.12,0.36,0.26943773,0.35117105,0.05769045,0.6333797,0.30892992
1.12,0.4,0.2731173,0.35337868,0.056868136,0.6315464,0.31158546
1.12,0.44,0.27677977,0.35558355,0.056059066,0.62970203,0.31423894
1.12,0.48,0.28042537,0.35778543,0.05526299,0.62784684,0.31689018
1.12,0.52,0.28405413,0.3599843,0.054479662,0.62598133,0.31953904
1.12,0.56,0.2876662,0.3621799,0.053708933,0.6241059,0.3221852
1.12,0.6,0.29126167,0.3643722,0.052950554,0.6222208,0.3248286
1.12,0.64,0.29484072,0.36656106,0.052204296,0.6203266,0.32746905
1.12,0.68,0.29840362,0.36874655,0.051469915,0.61842346,0.33010662
1.12,0.72,0.3019504,0.37092838,0.05074721,0.6165119,0.3327409
1.12,0.76,0.30548134,0.3731066,0.05003602,0.614592,0.33537197
1.12,0.8,0.30899662,0.3752812,0.049336042,0.6126643,0.33799976
1.12,0.84,0.31249636,0.37745196,0.048647128,0.6107289,0.34062397
1.12,0.88,0.31598094,0.37961903,0.047969073,0.60878617,0.34324476
1.12,0.92,0.31945047,0.3817823,0.047301613,0.6068363,0.34586203
1.12,0.96,0.32290524,0.38394174,0.04664458,0.60487974,0.34847564
1.12,1.0,0.32634544,0.38609737,0.04599781,0.6029166,0.3510856
1.12,1.04,0.3297714,0.38824913,0.04536104,0.6009471,0.3536919
1.12,1.08,0.33318332,0.39039707,0.0447341,0.5989714,0.3562945
1.12,1.12,0.33658144,0.39254123,0.0441168,0.5969898,0.35889345
1.12,1.16,0.339966,0.39468145,0.043508958,0.59500253,0.36148855
1.12,1.2,0.34333733,0.39681792,0.042910405,0.5930097,0.36407995
1.12,1.24,0.34669557,0.3989505,0.04232092,0.5910115,0.36666754
1.12,1.28,0.35004103,0.4010793,0.04174036,0.5890082,0.36925143
1.12,1.32,0.353374,0.4032043,0.041168537,0.5869999,0.37183154
1.12,1.36,0.3566947,0.40532556,0.040605295,0.58498675,0.37440792
1.12,1.4,0.36000335,0.4074431,0.04005047,0.582969,0.37698057
1.12,1.44,0.3633002,0.40955684,0.03950389,0.5809467,0.3795494
1.12,1.48,0.36658552,0.41166687,0.038965423,0.57892007,0.38211456
1.12,1.52,0.36985943,0.41377315,0.03843487,0.57688916,0.3846759
1.12,1.56,0.3731222,0.41587576,0.037912153,0.5748544,0.38723347
1.12,1.6,0.37637407,0.4179746,0.03739711,0.57281566,0.38978723
1.12,1.64,0.37961516,0.42006975,0.036889557,0.57077324,0.3923372
1.12,1.68,0.38284567,0.42216107,0.036389418,0.5687274,0.39488325
1.12,1.72,0.3860658,0.42424875,0.035896532,0.5666779,0.39742556
1.12,1.76,0.38927567,0.4263326,0.035410795,0.5646253,0.39996386
1.12,1.8,0.3924755,0.42841265,0.03493207,0.5625697,0.40249825
1.12,1.84,0.39566532,0.4304889,0.034460254,0.5605112,0.40502864
1.12,1.88,0.39884523,0.4325612,0.03399523,0.55844986,0.40755484
1.12,1.92,0.40201536,0.43462962,0.033536904,0.5563861,0.41007695
1.12,1.96,0.4051759,0.4366941,0.033085138,0.55432,0.4125949
1.12,2.0,0.40832675,0.43875444,0.032639872,0.55225176,0.41510838
1.16,-2.0,0.027791345,0.2257497,0.13582812,0.70267737,0.16149452
1.16,-1.96,0.031798247,0.227487,0.13409786,0.70243615,0.16346602
1.16,-1.92,0.03581762,0.22924158,0.1323782,0.70216167,0.16546015
1.16,-1.88,0.039848942,0.2310133,0.13066946,0.7018537,0.1674768
1.16,-1.84,0.043891978,0.23280226,0.12897186,0.70151204,0.16951609
1.16,-1.8,0.04794602,0.23460817,0.12728581,0.7011365,0.17157774
1.16,-1.76,0.052010655,0.236431,0.12561147,0.7007269,0.1736617
1.16,-1.72,0.05608537,0.23827055,0.12394916,0.700283,0.17576776
1.16,-1.68,0.06016949,0.24012673,0.12229924,0.6998049,0.17789584
1.16,-1.64,0.06426244,0.24199931,0.12066197,0.6992923,0.18004572
1.16,-1.6,0.06836365,0.24388814,0.11903759,0.6987453,0.18221718
1.16,-1.56,0.07247244,0.24579284,0.11742645,0.6981636,0.18440989
1.16,-1.52,0.076588005,0.24771327,0.11582884,0.6975475,0.1866236
1.16,-1.48,0.08070973,0.24964914,0.114245065,0.6968969,0.188858
1.16,-1.44,0.08483683,0.2516001,0.11267537,0.6962119,0.19111271
1.16,-1.4,0.08896849,0.25356585,0.11112006,0.6954925,0.1933874
1.16,-1.36,0.09310394,0.255546,0.10957947,0.694739,0.19568159
1.16,-1.32,0.0972424,0.25754023,0.108053744,0.69395137,0.19799492
1.16,-1.28,0.10138307,0.25954813,0.106543146,0.6931299,0.20032692
1.16,-1.24,0.105525024,0.26156932,0.105048075,0.69227487,0.20267709
1.16,-1.2,0.10966743,0.2636033,0.103568666,0.6913864,0.20504491
1.16,-1.16,0.11380955,0.2656497,0.1021051,0.6904649,0.20742992
1.16,-1.12,0.1179504,0.26770806,0.10065768,0.68951076,0.20983154
1.16,-1.08,0.1220892,0.2697779,0.09922657,0.6885242,0.21224922
1.16,-1.04,0.12622508,0.27185878,0.09781191,0.68750566,0.21468242
1.16,-1.0,0.13035728,0.27395013,0.09641392,0.6864556,0.21713047
1.16,-0.96,0.13448484,0.27605155,0.09503273,0.6853745,0.21959285
1.16,-0.92,0.13860705,0.2781625,0.09366847,0.68426263,0.22206895
1.16,-0.88,0.14272316,0.2802825,0.09232121,0.68312055,0.22455819
1.16,-0.84,0.14683227,0.28241104,0.09099113,0.6819489,0.2270599
1.16,-0.8,0.15093376,0.2845477,0.08967822,0.6807483,0.22957352
1.16,-0.76,0.1550269,0.28669187,0.088382564,0.679519,0.23209846
1.16,-0.72,0.15911098,0.28884315,0.08710418,0.67826176,0.2346341
1.16,-0.68,0.16318533,0.29100108,0.08584315,0.67697704,0.23717988
1.16,-0.64,0.16724934,0.29316506,0.08459944,0.6756655,0.23973508
1.16,-0.6,0.1713024,0.2953347,0.08337301,0.67432773,0.24229924
1.16,-0.56,0.17534402,0.29750964,0.082163885,0.67296433,0.24487184
1.16,-0.52,0.17937359,0.29968932,0.08097191,0.6715758,0.24745223
1.16,-0.48,0.18339057,0.3018733,0.07979714,0.6701631,0.25003982
1.16,-0.44,0.18739463,0.30406117,0.07863945,0.6687264,0.25263414
1.16,-0.4,0.19138522,0.30625257,0.077498734,0.66726655,0.2552347
1.16,-0.36,0.19536197,0.30844703,0.07637492,0.6657841,0.2578409
1.16,-0.32,0.19932456,0.31064427,0.07526783,0.6642798,0.26045236
1.16,-0.28,0.20327261,0.31284377,0.074177414,0.66275406,0.2630685
1.16,-0.24,0.20720577,0.31504524,0.07310347,0.6612076,0.26568887
1.16,-0.2,0.2111238,0.3172484,0.07204588,0.6596411,0.26831308
1.16,-0.16,0.21502645,0.31945273,0.07100448,0.6580549,0.27094057
1.16,-0.12,0.21891345,0.32165807,0.06997915,0.65644985,0.27357104
1.16,-0.08,0.22278471,0.32386404,0.068969615,0.65482634,0.27620405
1.16,-0.04,0.22663985,0.3260703,0.06797581,0.653185,0.27883914
1.16,0.0,0.23047893,0.32827666,0.06699749,0.6515265,0.28147602
1.16,0.04,0.23430173,0.33048284,0.06603444,0.64985126,0.2841143
1.16,0.08,0.2381081,0.33268845,0.065086514,0.6481599,0.2867536
1.16,0.12,0.241898,0.33489335,0.06415349,0.6464529,0.2893936
1.16,0.16,0.24567138,0.3370973,0.06323521,0.6447308,0.29203403
1.16,0.2,0.24942815,0.3393,0.062331427,0.6429941,0.29467452
1.16,0.24,0.25316828,0.34150124,0.061441924,0.64124334,0.29731473
1.16,0.28,0.2568919,0.34370098,0.060566507,0.6394789,0.2999546
1.16,0.32,0.2605988,0.34589872,0.059705,0.6377014,0.30259356
1.16,0.36,0.2642892,0.3480946,0.058857128,0.6359112,0.30523166
1.16,0.4,0.26796302,0.35028833,0.058022708,0.63410884,0.3078685
1.16,0.44,0.2716203,0.35247955,0.057201553,0.6322946,0.31050378
1.16,0.48,0.27526128,0.3546685,0.056393363,0.6304691,0.31313756
1.16,0.52,0.27888593,0.35685477,0.055598013,0.6286325,0.31576943
1.16,0.56,0.28249434,0.35903826,0.054815277,0.6267855,0.31839925
1.16,0.6,0.28608674,0.36121893,0.05404486,0.6249282,0.3210269
1.16,0.64,0.28966314,0.36339667,0.05328666,0.6230611,0.3236522
1.16,0.68,0.29322374,0.36557138,0.052540373,0.62118465,0.32627505
1.16,0.72,0.29676872,0.3677429,0.05180585,0.6192989,0.32889524
1.16,0.76,0.3002982,0.36991125,0.051082835,0.61740446,0.33151272
1.16,0.8,0.30381247,0.37207636,0.050371125,0.61550146,0.33412743
1.16,0.84,0.30731162,0.3742381,0.049670547,0.6135903,0.33673915
1.16,0.88,0.31079587,0.3763965,0.04898088,0.6116712,0.3393479
1.16,0.92,0.31426546,0.37855148,0.048301905,0.6097445,0.34195358
1.16,0.96,0.3177206,0.38070303,0.04763343,0.60781044,0.34455612
1.16,1.0,0.32116154,0.38285112,0.046975274,0.6058692,0.3471555
1.16,1.04,0.32458845,0.38499576,0.04632723,0.6039211,0.3497517
1.16,1.08,0.3280016,0.38713694,0.045689072,0.6019663,0.35234466
1.16,1.12,0.33140123,0.38927454,0.045060657,0.60000503,0.35493425
1.16,1.16,0.3347876,0.3914087,0.044441786,0.59803754,0.3575206
1.16,1.2,0.338161,0.39353943,0.043832265,0.59606403,0.36010373
1.16,1.24,0.3415215,0.3956666,0.043231934,0.5940847,0.3626834
1.16,1.28,0.34486958,0.39779037,0.04264058,0.59209955,0.36525983
1.16,1.32,0.3482053,0.39991063,0.0420581,0.59010905,0.36783287
1.16,1.36,0.351529,0.4020275,0.04148427,0.5881131,0.37040257
1.16,1.4,0.35484093,0.4041409,0.040918916,0.5861121,0.37296897
1.16,1.44,0.35814127,0.40625092,0.04036194,0.584106,0.37553206
1.16,1.48,0.36143026,0.4083575,0.03981314,0.5820951,0.37809175
1.16,1.52,0.36470816,0.4104607,0.03927236,0.5800795,0.38064814
1.16,1.56,0.36797512,0.4125605,0.038739495,0.57805943,0.38320112
1.16,1.6,0.37123138,0.41465682,0.038214363,0.5760349,0.38575068
1.16,1.64,0.37447718,0.41674986,0.037696835,0.5740062,0.38829693
1.16,1.68,0.37771258,0.41883948,0.03718678,0.57197344,0.3908398
1.16,1.72,0.38093784,0.42092562,0.036684096,0.5699368,0.3933791
1.16,1.76,0.3841532,0.4230084,0.036188617,0.56789637,0.39591503
1.16,1.8,0.38735867,0.4250877,0.035700224,0.56585234,0.3984474
1.16,1.84,0.39055446,0.42716354,0.03521882,0.5638049,0.40097624
1.16,1.88,0.39374068,0.42923588,0.03474429,0.5617543,0.40350142
1.16,1.92,0.3969174,0.43130454,0.034276515,0.55970055,0.40602288
1.16,1.96,0.40008473,0.43336964,0.033815403,0.557644,0.40854055
1.16,2.0,0.4032428,0.43543112,0.03336083,0.55558467,0.41105443
1.2,-2.0,0.023932312,0.22408766,0.13750964,0.702879,0.1596113
1.2,-1.96,0.027904715,0.2257987,0.13577895,0.70267093,0.16155007
1.2,-1.92,0.03188993,0.22752689,0.13405846,0.7024302,0.16351132
1.2,-1.88,0.035887513,0.22927222,0.13234846,0.7021566,0.165495
1.2,-1.84,0.0398971,0.23103455,0.13064916,0.7018498,0.167501
1.2,-1.8,0.04391803,0.23281382,0.128961,0.7015098,0.16952927
1.2,-1.76,0.047949918,0.23460987,0.12728417,0.7011361,0.17157969
1.2,-1.72,0.051992126,0.23642263,0.12561904,0.70072883,0.17365211
1.2,-1.68,0.05604415,0.23825192,0.12396591,0.7002877,0.17574641
1.2,-1.64,0.060105253,0.24009743,0.12232507,0.69981265,0.17786226
1.2,-1.6,0.06417492,0.24195912,0.120696805,0.6993037,0.17999956
1.2,-1.56,0.0682524,0.24383669,0.11908144,0.6987605,0.18215802
1.2,-1.52,0.07233699,0.24572986,0.11747927,0.6981834,0.18433733
1.2,-1.48,0.076427914,0.24763834,0.115890674,0.6975721,0.18653716
1.2,-1.44,0.080524474,0.24956182,0.11431591,0.6969269,0.18875715
1.2,-1.4,0.08462594,0.2515001,0.11275518,0.6962477,0.19099708
1.2,-1.36,0.08873138,0.2534527,0.11120887,0.69553477,0.19325638
1.2,-1.32,0.092840105,0.25541928,0.109677255,0.6947881,0.19553468
1.2,-1.28,0.09695122,0.25739953,0.10816055,0.69400793,0.1978316
1.2,-1.24,0.10106391,0.25939292,0.106659,0.6931944,0.20014656
1.2,-1.2,0.10517731,0.26139915,0.105173,0.6923479,0.20247911
1.2,-1.16,0.1092907,0.26341778,0.10370257,0.6914686,0.20482884
1.2,-1.12,0.11340306,0.26544836,0.10224803,0.6905569,0.20719513
1.2,-1.08,0.11751369,0.26749045,0.10080963,0.689613,0.20957747
1.2,-1.04,0.12162171,0.2695435,0.09938744,0.68863726,0.21197529
1.2,-1.0,0.12572633,0.27160716,0.097981684,0.6876302,0.21438807
1.2,-0.96,0.12982668,0.27368093,0.096592575,0.6865922,0.21681517
1.2,-0.92,0.13392206,0.27576432,0.09522015,0.68552375,0.21925612
1.2,-0.88,0.13801165,0.27785686,0.09386457,0.6844252,0.22171028
1.2,-0.84,0.14209475,0.2799581,0.09252593,0.68329704,0.2241771
1.2,-0.8,0.14617062,0.28206754,0.09120428,0.6821398,0.22665597
1.2,-0.76,0.1502386,0.28418472,0.0898997,0.680954,0.22914636
1.2,-0.72,0.15429802,0.28630918,0.0886122,0.67974013,0.23164764
1.2,-0.68,0.15834814,0.28844047,0.08734191,0.67849886,0.23415926
1.2,-0.64,0.16238853,0.29057813,0.08608864,0.6772306,0.23668073
1.2,-0.6,0.16641846,0.29272163,0.08485259,0.67593604,0.23921134
1.2,-0.56,0.17043756,0.2948708,0.08363356,0.6746156,0.24175079
1.2,-0.52,0.17444518,0.29702497,0.08243159,0.67327,0.24429835
1.2,-0.48,0.17844087,0.2991838,0.08124662,0.67189974,0.24685356
1.2,-0.44,0.18242426,0.30134693,0.08007852,0.6705055,0.24941598
1.2,-0.4,0.18639484,0.30351385,0.07892729,0.6690877,0.25198495
1.2,-0.36,0.19035228,0.30568436,0.07779274,0.66764706,0.25456017
1.2,-0.32,0.1942962,0.30785793,0.07667482,0.6661842,0.25714102
1.2,-0.28,0.19822626,0.31003422,0.07557342,0.66469944,0.25972712
1.2,-0.24,0.20214215,0.31221294,0.074488364,0.6631937,0.26231796
1.2,-0.2,0.20604362,0.3143937,0.07341952,0.6616673,0.26491314
1.2,-0.16,0.20993045,0.31657627,0.07236672,0.66012096,0.26751232
1.2,-0.12,0.21380234,0.31876028,0.071329854,0.6585552,0.270115
1.2,-0.08,0.21765913,0.32094532,0.070308745,0.6569705,0.2727207
1.2,-0.04,0.22150065,0.32313123,0.0693032,0.65536755,0.2753292
1.2,0.0,0.22532675,0.3253178,0.06831302,0.6537468,0.27794018
1.2,0.04,0.22913726,0.32750455,0.067338094,0.65210885,0.280553
1.2,0.08,0.23293206,0.32969135,0.0663782,0.65045416,0.28316763
1.2,0.12,0.23671111,0.33187795,0.065433145,0.6487833,0.28578353
1.2,0.16,0.24047427,0.33406407,0.06450277,0.6470968,0.28840047
1.2,0.2,0.24422154,0.33624947,0.063586794,0.64539516,0.29101813
1.2,0.24,0.24795282,0.33843395,0.06268512,0.6436787,0.29363617
1.2,0.28,0.25166816,0.34061736,0.061797462,0.64194816,0.2962544
1.2,0.32,0.25536746,0.34279943,0.060923684,0.64020383,0.2988725
1.2,0.36,0.25905085,0.34498,0.060063545,0.63844615,0.30149025
1.2,0.4,0.2627183,0.34715897,0.059216842,0.6366758,0.30410743
1.2,0.44,0.26636976,0.34933603,0.058383387,0.63489294,0.30672368
1.2,0.48,0.27000546,0.35151112,0.05756296,0.6330981,0.30933893
1.2,0.52,0.27362537,0.35368416,0.056755338,0.6312917,0.31195298
1.2,0.56,0.2772296,0.35585484,0.055960342,0.62947416,0.31456554
1.2,0.6,0.28081825,0.35802317,0.055177733,0.62764573,0.3171765
1.2,0.64,0.2843914,0.36018902,0.054407332,0.625807,0.31978568
1.2,0.68,0.28794932,0.3623523,0.0536489,0.62395805,0.32239303
1.2,0.72,0.2914919,0.36451277,0.052902292,0.6220995,0.32499814
1.2,0.76,0.29501957,0.3666706,0.05216721,0.6202315,0.32760128
1.2,0.8,0.2985323,0.3688256,0.051443554,0.61835444,0.33020204
1.2,0.84,0.3020303,0.37097758,0.05073103,0.61646855,0.33280036
1.2,0.88,0.30551386,0.37312675,0.050029505,0.61457425,0.3353963
1.2,0.92,0.30898303,0.37527275,0.049338724,0.61267173,0.33798954
1.2,0.96,0.3124381,0.37741578,0.04865854,0.6107612,0.34058022
1.2,1.0,0.3158793,0.37955576,0.047988728,0.608843,0.34316823
1.2,1.04,0.31930676,0.38169253,0.047329113,0.60691744,0.3457534
1.2,1.08,0.32272083,0.38382635,0.04667949,0.6049846,0.34833595
1.2,1.12,0.3261216,0.38595688,0.04603967,0.6030448,0.35091552
1.2,1.16,0.3295094,0.3880844,0.045409482,0.60109824,0.35349235
1.2,1.2,0.33288446,0.39020872,0.044788733,0.599145,0.35606626
1.2,1.24,0.33624694,0.3923299,0.04417724,0.59718543,0.35863727
1.2,1.28,0.3395972,0.39444798,0.043574855,0.5952197,0.36120543
1.2,1.32,0.34293535,0.3965629,0.042981405,0.593248,0.36377063
1.2,1.36,0.34626174,0.39867476,0.042396687,0.5912704,0.36633295
1.2,1.4,0.34957656,0.4007835,0.041820552,0.5892871,0.36889234
1.2,1.44,0.35288006,0.40288916,0.041252885,0.5872983,0.37144884
1.2,1.48,0.35617244,0.40499175,0.040693454,0.5853042,0.3740024
1.2,1.52,0.35945395,0.40709117,0.040142164,0.5833049,0.37655297
1.2,1.56,0.36272475,0.40918761,0.03959884,0.58130044,0.37910065
1.2,1.6,0.3659851,0.41128102,0.039063357,0.5792913,0.3816454
1.2,1.64,0.36923522,0.41337132,0.038535558,0.5772773,0.38418716
1.2,1.68,0.37247524,0.41545856,0.03801533,0.57525873,0.38672593
1.2,1.72,0.3757054,0.41754276,0.03750253,0.5732358,0.38926172
1.2,1.76,0.37892577,0.41962385,0.036997024,0.57120854,0.39179444
1.2,1.8,0.38213664,0.42170182,0.0364987,0.5691772,0.3943241
1.2,1.84,0.38533807,0.4237767,0.03600743,0.56714195,0.39685065
1.2,1.88,0.3885302,0.42584836,0.035523098,0.5651029,0.39937398
1.2,1.92,0.39171305,0.42791682,0.03504565,0.5630604,0.40189403
1.2,1.96,0.39488694,0.42998204,0.034574874,0.5610143,0.40441084
1.2,2.0,0.39805183,0.43204397,0.03411076,0.55896497,0.40692425
1.24,-2.0,0.020052502,0.22242767,0.1392152,0.7030515,0.15773325
1.24,-1.96,0.02398947,0.22411221,0.13748464,0.70287627,0.15963909
1.24,-1.92,0.0279396,0.22581378,0.13576387,0.70266896,0.16156718
1.24,-1.88,0.031902406,0.22753233,0.13405307,0.7024294,0.16351749
1.24,-1.84,0.03587747,0.22926778,0.1323527,0.7021573,0.16548996
1.24,-1.8,0.03986434,0.23102012,0.13066298,0.70185244,0.16748457
1.24,-1.76,0.043862358,0.2327891,0.12898427,0.7015147,0.16950108
1.24,-1.72,0.04787101,0.23457465,0.12731685,0.70114374,0.17153943
1.24,-1.68,0.051889762,0.23637658,0.125661,0.7007395,0.17359944
1.24,-1.64,0.055917844,0.2381947,0.124017164,0.70030195,0.17568088
1.24,-1.6,0.05995476,0.24002884,0.12238559,0.69983083,0.17778355
1.24,-1.56,0.063999705,0.24187872,0.120766595,0.6993262,0.1799072
1.24,-1.52,0.06805203,0.24374413,0.11916044,0.6987879,0.18205155
1.24,-1.48,0.07211092,0.24562475,0.117567554,0.6982162,0.18421625
1.24,-1.44,0.07617566,0.24752031,0.11598817,0.69761074,0.18640104
1.24,-1.4,0.08024549,0.24943048,0.114422634,0.6969719,0.18860546
1.24,-1.36,0.08431963,0.2513549,0.112871215,0.69629955,0.19082919
1.24,-1.32,0.088397205,0.2532933,0.111334145,0.6955941,0.19307186
1.24,-1.28,0.092477456,0.2552452,0.10981179,0.69485533,0.19533291
1.24,-1.24,0.09655951,0.25721028,0.108304374,0.69408363,0.19761199
1.24,-1.2,0.10064252,0.2591881,0.106812134,0.69327927,0.19990854
1.24,-1.16,0.1047257,0.2611783,0.10533536,0.6924425,0.20222221
1.24,-1.12,0.10880824,0.26318038,0.1038742,0.69157344,0.20455237
1.24,-1.08,0.11288933,0.265194,0.10242891,0.69067246,0.20689857
1.24,-1.04,0.11696803,0.26721865,0.10099966,0.6897401,0.20926024
1.24,-1.0,0.121043704,0.26925385,0.099586636,0.6887765,0.21163686
1.24,-0.96,0.12511548,0.2712993,0.098189935,0.68778217,0.21402793
1.24,-0.92,0.12918264,0.27335438,0.096809804,0.6867574,0.21643282
1.24,-0.88,0.13324444,0.27541876,0.095446214,0.6857027,0.2188511
1.24,-0.84,0.13730015,0.2774919,0.094099365,0.68461853,0.2212821
1.24,-0.8,0.14134906,0.27957347,0.09276931,0.68350536,0.22372538
1.24,-0.76,0.14539056,0.28166285,0.091456115,0.68236357,0.22618026
1.24,-0.72,0.14942399,0.28375977,0.09015979,0.6811939,0.22864632
1.24,-0.68,0.15344866,0.28586373,0.08888042,0.67999667,0.23112297
1.24,-0.64,0.15746418,0.2879743,0.087617956,0.6787724,0.23360972
1.24,-0.6,0.1614698,0.290091,0.0863724,0.6775216,0.23610596
1.24,-0.56,0.16546519,0.29221362,0.08514371,0.676245,0.23861134
1.24,-0.52,0.16944972,0.2943415,0.0839319,0.67494285,0.2411252
1.24,-0.48,0.17342298,0.29647446,0.08273689,0.673616,0.24364711
1.24,-0.44,0.17738456,0.29861203,0.08155856,0.6722648,0.2461766
1.24,-0.4,0.181334,0.30075383,0.08039693,0.6708899,0.24871318
1.24,-0.36,0.18527104,0.30289948,0.07925182,0.6694919,0.25125635
1.24,-0.32,0.1891952,0.30504864,0.078123145,0.66807115,0.25380573
1.24,-0.28,0.19310628,0.30720103,0.07701078,0.66662836,0.25636086
1.24,-0.24,0.19700392,0.30935624,0.07591463,0.6651642,0.25892127
1.24,-0.2,0.20088784,0.31151396,0.07483458,0.6636788,0.26148656
1.24,-0.16,0.20475785,0.31367394,0.07377042,0.6621732,0.26405638
1.24,-0.12,0.20861365,0.31583577,0.072722055,0.66064775,0.26663026
1.24,-0.08,0.21245515,0.31799927,0.07168929,0.6591028,0.2692079
1.24,-0.04,0.21628207,0.32016408,0.07067197,0.6575392,0.27178887
1.24,0.0,0.22009431,0.32232988,0.06966996,0.6559572,0.27437276
1.24,0.04,0.22389169,0.32449663,0.06868308,0.6543576,0.2769594
1.24,0.08,0.22767405,0.3266638,0.06771117,0.6527406,0.27954823
1.24,0.12,0.23144141,0.32883126,0.066753976,0.6511069,0.28213906
1.24,0.16,0.23519358,0.33099884,0.06581134,0.64945704,0.28473163
1.24,0.2,0.23893054,0.3331662,0.06488313,0.6477914,0.2873255
1.24,0.24,0.24265218,0.33533317,0.063969135,0.6461105,0.2899204
1.24,0.28,0.24635854,0.33749956,0.06306913,0.6444148,0.29251614
1.24,0.32,0.25004956,0.33966517,0.062182933,0.6427047,0.2951124
1.24,0.36,0.25372526,0.34182978,0.061310355,0.6409808,0.29770893
1.24,0.4,0.2573856,0.3439932,0.06045121,0.63924336,0.30030543
1.24,0.44,0.2610306,0.3461553,0.059605267,0.637493,0.30290172
1.24,0.48,0.26466036,0.3483159,0.05877239,0.63573,0.3054976
1.24,0.52,0.26827487,0.3504749,0.057952315,0.6339549,0.30809283
1.24,0.56,0.2718743,0.35263208,0.057144858,0.6321679,0.3106872
1.24,0.6,0.27545866,0.35478738,0.05634981,0.63036954,0.3132806
1.24,0.64,0.279028,0.35694057,0.055567045,0.6285601,0.3158728
1.24,0.68,0.28258255,0.35909173,0.05479624,0.6267401,0.31846365
1.24,0.72,0.28612232,0.3612406,0.054037284,0.6249097,0.321053
1.24,0.76,0.28964752,0.36338717,0.053289924,0.62306935,0.32364073
1.24,0.8,0.2931582,0.36553127,0.05255404,0.6212193,0.32622665
1.24,0.84,0.29665467,0.36767298,0.051829338,0.61935985,0.3288108
1.24,0.88,0.30013692,0.36981198,0.051115688,0.61749136,0.33139288
1.24,0.92,0.3036053,0.37194854,0.05041286,0.6156141,0.33397302
1.24,0.96,0.30705982,0.37408236,0.04972072,0.6137284,0.33655095
1.24,1.0,0.3105009,0.37621352,0.04903898,0.61183435,0.3391267
1.24,1.04,0.3139285,0.37834188,0.048367523,0.6099323,0.34170014
1.24,1.08,0.317343,0.38046762,0.047706127,0.6080226,0.34427133
1.24,1.12,0.3207445,0.38259053,0.047054633,0.60610527,0.3468401
1.24,1.16,0.32413334,0.38471067,0.04641284,0.60418063,0.3494065
1.24,1.2,0.32750973,0.38682804,0.045780577,0.60224885,0.35197052
1.24,1.24,0.33087382,0.38894263,0.04515768,0.60031027,0.3545321
1.24,1.28,0.3342259,0.3910544,0.04454395,0.5983649,0.3570912
1.24,1.32,0.3375662,0.39316338,0.043939237,0.59641296,0.35964778
1.24,1.36,0.3408949,0.39526966,0.04334335,0.5944547,0.36220193
1.24,1.4,0.3442123,0.3973731,0.04275615,0.5924903,0.36475354
1.24,1.44,0.34751856,0.39947385,0.042177483,0.59051985,0.3673027
1.24,1.48,0.350814,0.40157175,0.04160716,0.58854353,0.36984926
1.24,1.52,0.35409874,0.4036669,0.04104505,0.58656156,0.37239334
1.24,1.56,0.35737306,0.4057594,0.040491033,0.58457404,0.37493494
1.24,1.6,0.36063722,0.4078492,0.039944906,0.5825811,0.37747407
1.24,1.64,0.36389127,0.40993622,0.039406568,0.5805829,0.38001055
1.24,1.68,0.36713552,0.4120205,0.03887586,0.57857966,0.38254452
1.24,1.72,0.37037018,0.41410208,0.03835267,0.5765714,0.3850759
1.24,1.76,0.37359536,0.4161809,0.037836857,0.57455844,0.38760474
1.24,1.8,0.3768112,0.41825703,0.0373283,0.5725409,0.3901309
1.24,1.84,0.3800179,0.42033026,0.0368269,0.57051873,0.39265433
1.24,1.88,0.38321558,0.42240074,0.036332518,0.5684924,0.39517507
1.24,1.92,0.3864043,0.42446837,0.035845052,0.566462,0.397693
1.24,1.96,0.38958433,0.42653307,0.03536438,0.5644275,0.40020812
1.24,2.0,0.39275566,0.42859492,0.03489042,0.56238925,0.40272033
1.28,-2.0,0.016152974,0.22077036,0.14094459,0.70319426,0.15586114
1.28,-1.96,0.020053633,0.22242816,0.13921474,0.7030515,0.1577338
1.28,-1.92,0.023967622,0.22410282,0.1374942,0.7028774,0.15962847
1.28,-1.88,0.027894769,0.2257944,0.1357833,0.7026715,0.16154522
1.28,-1.84,0.03183438,0.2275027,0.13408233,0.70243376,0.16348386
1.28,-1.8,0.035786062,0.22922772,0.13239165,0.70216393,0.1654444
1.28,-1.76,0.03974917,0.23096931,0.13071157,0.70186174,0.16742669
1.28,-1.72,0.043723144,0.23272732,0.12904245,0.70152694,0.1694306
1.28,-1.68,0.047707494,0.23450157,0.12738457,0.7011595,0.17145596
1.28,-1.64,0.05170147,0.23629189,0.12573825,0.7007591,0.17350255
1.28,-1.6,0.055704426,0.23809808,0.12410386,0.70032597,0.17557018
1.28,-1.56,0.059715603,0.23991987,0.1224818,0.6998597,0.17765854
1.28,-1.52,0.06373446,0.24175707,0.120872274,0.6993603,0.17976744
1.28,-1.48,0.06776007,0.24360934,0.11927562,0.69882786,0.18189651
1.28,-1.44,0.07179173,0.2454764,0.11769225,0.6982624,0.1840454
1.28,-1.4,0.075828716,0.24735802,0.11612242,0.6976638,0.18621388
1.28,-1.36,0.07987016,0.24925378,0.11456637,0.69703215,0.18840145
1.28,-1.32,0.083915286,0.25116336,0.11302448,0.69636774,0.19060776
1.28,-1.28,0.087963305,0.25308642,0.11149697,0.69567066,0.19283237
1.28,-1.24,0.09201336,0.25502256,0.109984174,0.694941,0.19507487
1.28,-1.2,0.09606463,0.2569714,0.10848632,0.6941789,0.19733477
1.28,-1.16,0.1001163,0.2589325,0.10700362,0.6933847,0.19961162
1.28,-1.12,0.104167655,0.26090556,0.10553628,0.69255877,0.20190498
1.28,-1.08,0.10821778,0.2628901,0.10408457,0.6917012,0.20421433
1.28,-1.04,0.11226588,0.2648856,0.10264872,0.69081223,0.20653906
1.28,-1.0,0.1163113,0.26689184,0.10122876,0.6898924,0.20887886
1.28,-0.96,0.12035314,0.2689082,0.09982498,0.688942,0.21123302
1.28,-0.92,0.124390796,0.2709344,0.098437406,0.68796146,0.21360117
1.28,-0.88,0.12842344,0.27296984,0.09706627,0.6869511,0.21598266
1.28,-0.84,0.13245046,0.27501425,0.0957116,0.6859113,0.21837707
1.28,-0.8,0.13647117,0.2770672,0.09437347,0.6848427,0.22078387
1.28,-0.76,0.14048494,0.2791282,0.09305194,0.6837455,0.22320254
1.28,-0.72,0.14449117,0.2811969,0.09174709,0.68262035,0.22563256
1.28,-0.68,0.1484892,0.2832728,0.09045895,0.6814677,0.2280734
1.28,-0.64,0.15247858,0.28535554,0.0891875,0.68028796,0.23052454
1.28,-0.6,0.15645875,0.28744477,0.08793274,0.6790817,0.23298559
1.28,-0.56,0.16042924,0.28954008,0.08669464,0.67784935,0.23545603
1.28,-0.52,0.16438957,0.2916411,0.08547316,0.6765915,0.23793535
1.28,-0.48,0.16833925,0.29374737,0.084268294,0.6753086,0.24042307
1.28,-0.44,0.17227796,0.29585868,0.08307991,0.67400134,0.2429188
1.28,-0.4,0.1762052,0.29797456,0.081908,0.67267,0.24542202
1.28,-0.36,0.18012075,0.30009472,0.080752395,0.6713152,0.24793237
1.28,-0.32,0.18402416,0.30221874,0.0796131,0.66993755,0.2504493
1.28,-0.28,0.18791524,0.3043465,0.07848991,0.66853756,0.2529726
1.28,-0.24,0.19179364,0.3064775,0.07738272,0.66711557,0.2555017
1.28,-0.2,0.19565901,0.30861142,0.07629148,0.6656723,0.2580362
1.28,-0.16,0.19951127,0.31074804,0.075215995,0.6642082,0.26057577
1.28,-0.12,0.20335008,0.31288704,0.074156135,0.6627239,0.26311997
1.28,-0.08,0.20717533,0.3150282,0.07311172,0.6612197,0.26566854
1.28,-0.04,0.21098675,0.31717113,0.07208269,0.6596963,0.26822102
1.28,0.0,0.21478423,0.31931567,0.07106877,0.6581541,0.27077714
1.28,0.04,0.21856764,0.32146144,0.070069894,0.6565936,0.27333644
1.28,0.08,0.22233677,0.32360834,0.06908585,0.65501547,0.27589872
1.28,0.12,0.22609161,0.32575598,0.06811644,0.6534199,0.2784636
1.28,0.16,0.22983195,0.32790422,0.06716157,0.65180767,0.28103074
1.28,0.2,0.2335578,0.3300528,0.06622099,0.65017915,0.2835999
1.28,0.24,0.23726906,0.33220148,0.06529454,0.6485347,0.28617075
1.28,0.28,0.24096568,0.33435014,0.06438204,0.6468749,0.28874305
1.28,0.32,0.24464764,0.3364985,0.06348332,0.64520025,0.29131648
1.28,0.36,0.24831487,0.33864635,0.06259818,0.64351106,0.2938908
1.28,0.4,0.25196743,0.34079358,0.06172642,0.6418078,0.29646578
1.28,0.44,0.2556053,0.34294,0.060867842,0.64009094,0.2990412
1.28,0.48,0.2592285,0.34508538,0.060022335,0.6383609,0.30161676
1.28,0.52,0.26283696,0.34722954,0.059189625,0.63661814,0.30419222
1.28,0.56,0.26643097,0.34937257,0.05836951,0.63486284,0.3067676
1.28,0.6,0.27001038,0.3515141,0.057561867,0.6330957,0.3093425
1.28,0.64,0.27357534,0.35365403,0.056766454,0.63131684,0.31191674
1.28,0.68,0.27712598,0.35579228,0.055983067,0.6295267,0.31449026
1.28,0.72,0.28066227,0.35792878,0.055211548,0.6277256,0.31706282
1.28,0.76,0.2841845,0.36006337,0.05445171,0.6259139,0.31963432
1.28,0.8,0.2876927,0.36219603,0.05370332,0.62409204,0.32220465
1.28,0.84,0.291187,0.36432663,0.052966207,0.6222602,0.32477364
1.28,0.88,0.29466754,0.36645502,0.052240208,0.62041867,0.32734114
1.28,0.92,0.29813457,0.36858127,0.051525075,0.6185678,0.32990712
1.28,0.96,0.30158815,0.37070525,0.05082065,0.61670786,0.33247146
1.28,1.0,0.30502856,0.372827,0.050126754,0.61483914,0.33503416
1.28,1.04,0.3084559,0.37494636,0.049443178,0.6129618,0.33759505
1.28,1.08,0.3118704,0.37706327,0.048769783,0.6110762,0.340154
1.28,1.12,0.3152723,0.3791779,0.04810633,0.60918254,0.34271118
1.28,1.16,0.31866178,0.38129008,0.047452673,0.60728097,0.3452664
1.28,1.2,0.32203904,0.3833998,0.046808638,0.6053718,0.34781963
1.28,1.24,0.3254043,0.3855071,0.046174012,0.6034551,0.35037085
1.28,1.28,0.32875782,0.387612,0.04554868,0.6015312,0.3529201
1.28,1.32,0.33209977,0.38971442,0.04493241,0.5996003,0.35546723
1.28,1.36,0.33543044,0.39181438,0.044325102,0.5976625,0.35801235
1.28,1.4,0.33875006,0.39391202,0.043726522,0.595718,0.36055547
1.28,1.44,0.3420588,0.39600712,0.043136597,0.593767,0.36309642
1.28,1.48,0.34535688,0.39809984,0.04255508,0.5918096,0.3656353
1.28,1.52,0.34864458,0.4001902,0.04198188,0.589846,0.36817217
1.28,1.56,0.3519221,0.40227816,0.041416835,0.58787626,0.37070692
1.28,1.6,0.3551896,0.4043636,0.040859792,0.5859007,0.3732395
1.28,1.64,0.3584473,0.40644675,0.040310606,0.58391947,0.37577
1.28,1.68,0.36169547,0.4085275,0.03976915,0.5819325,0.37829837
1.28,1.72,0.3649342,0.41060585,0.0392353,0.57994014,0.38082457
1.28,1.76,0.36816376,0.41268182,0.038708895,0.57794243,0.38334867
1.28,1.8,0.37138426,0.41475534,0.038189854,0.5759396,0.38587052
1.28,1.84,0.37459585,0.4168265,0.037678007,0.5739318,0.38839018
1.28,1.88,0.37779868,0.41889513,0.0371733,0.5719192,0.3909075
1.28,1.92,0.38099295,0.4209613,0.036675565,0.56990194,0.3934225
1.28,1.96,0.3841787,0.42302492,0.0361847,0.5678801,0.39593515
1.28,2.0,0.38735604,0.42508602,0.03570062,0.5658541,0.39844534
1.32,-2.0,0.012234628,0.21911627,0.14269766,0.70330673,0.15399559
1.32,-1.96,0.016098062,0.22074711,0.14096907,0.70319605,0.1558349
1.32,-1.92,0.019975195,0.22239472,0.13924935,0.70305467,0.157696
1.32,-1.88,0.023865608,0.22405903,0.13753888,0.7028823,0.15957887
1.32,-1.84,0.027768802,0.22573996,0.13583788,0.7026786,0.16148348
1.32,-1.8,0.03168434,0.22743747,0.13414682,0.7024434,0.16340975
1.32,-1.76,0.035611525,0.22915131,0.132466,0.7021765,0.16535747
1.32,-1.72,0.03954978,0.23088142,0.13079572,0.7018777,0.16732658
1.32,-1.68,0.04349863,0.23262766,0.12913632,0.70154667,0.16931695
1.32,-1.64,0.047457304,0.23438978,0.12748817,0.7011835,0.17132828
1.32,-1.6,0.05142516,0.2361677,0.12585163,0.70078796,0.17336047
1.32,-1.56,0.055401485,0.23796098,0.12422705,0.7003599,0.17541313
1.32,-1.52,0.05938563,0.23976958,0.122614615,0.69989926,0.17748614
1.32,-1.48,0.06337675,0.24159306,0.12101487,0.6994061,0.17957906
1.32,-1.44,0.06737409,0.24343123,0.119428046,0.69888026,0.18169166
1.32,-1.4,0.07137697,0.24528378,0.11785444,0.698322,0.18382357
1.32,-1.36,0.075384475,0.24715038,0.11629436,0.69773114,0.18597443
1.32,-1.32,0.07939584,0.24903066,0.114748165,0.697108,0.18814383
1.32,-1.28,0.08341036,0.25092438,0.11321607,0.6964525,0.19033144
1.32,-1.24,0.087427124,0.252831,0.111698404,0.69576484,0.19253674
1.32,-1.2,0.09144531,0.2547503,0.110195406,0.69504523,0.19475935
1.32,-1.16,0.0954642,0.2566818,0.108707316,0.6942939,0.19699879
1.32,-1.12,0.099483006,0.2586252,0.10723435,0.69351107,0.19925466
1.32,-1.08,0.10350088,0.26058,0.10577675,0.6926968,0.20152642
1.32,-1.04,0.1075171,0.2625459,0.10433464,0.6918518,0.20381363
1.32,-1.0,0.11153091,0.2645224,0.10290828,0.6909759,0.20611575
1.32,-0.96,0.11554159,0.26650918,0.101497784,0.69006985,0.20843239
1.32,-0.92,0.11954845,0.26850578,0.10010326,0.6891337,0.21076299
1.32,-0.88,0.12355071,0.2705118,0.09872493,0.688168,0.2131071
1.32,-0.84,0.12754782,0.2725269,0.09736274,0.68717307,0.21546419
1.32,-0.8,0.13153908,0.2745506,0.096016906,0.6861493,0.2178338
1.32,-0.76,0.13552386,0.27658248,0.09468746,0.6850972,0.2202154
1.32,-0.72,0.13950172,0.27862224,0.09337438,0.68401706,0.22260857
1.32,-0.68,0.14347191,0.28066948,0.09207773,0.6829095,0.22501281
1.32,-0.64,0.14743409,0.28272384,0.09079755,0.68177474,0.2274277
1.32,-0.6,0.15138762,0.28478485,0.08953384,0.68061346,0.22985269
1.32,-0.56,0.1553321,0.28685224,0.088286534,0.67942613,0.23228739
1.32,-0.52,0.1592671,0.28892562,0.08705565,0.67821306,0.23473133
1.32,-0.48,0.16319214,0.29100466,0.08584107,0.67697483,0.2371841
1.32,-0.44,0.1671069,0.293089,0.08464281,0.6757119,0.23964524
1.32,-0.4,0.1710109,0.2951783,0.08346079,0.6744249,0.24211432
1.32,-0.36,0.17490399,0.2972723,0.08229485,0.6731141,0.24459097
1.32,-0.32,0.17878565,0.29937062,0.08114498,0.6717802,0.24707478
1.32,-0.28,0.18265574,0.30147296,0.08001107,0.6704236,0.24956533
1.32,-0.24,0.18651387,0.30357903,0.078892976,0.6690448,0.25206226
1.32,-0.2,0.19035979,0.30568847,0.077790596,0.6676443,0.25456506
1.32,-0.16,0.19419333,0.3078011,0.076703824,0.66622263,0.25707355
1.32,-0.12,0.19801423,0.3099166,0.075632505,0.6647802,0.25958726
1.32,-0.08,0.20182233,0.3120346,0.07457652,0.6633176,0.26210582
1.32,-0.04,0.20561738,0.31415498,0.07353568,0.6618353,0.26462895
1.32,0.0,0.20939924,0.31627744,0.0725099,0.6603338,0.2671563
1.32,0.04,0.21316777,0.3184017,0.071498975,0.65881354,0.26968753
1.32,0.08,0.21692282,0.3205274,0.070502795,0.6572749,0.27222222
1.32,0.12,0.22066431,0.32265455,0.06952113,0.65571856,0.27476022
1.32,0.16,0.22439203,0.32478276,0.06855388,0.65414494,0.27730113
1.32,0.2,0.22810598,0.3269118,0.06760086,0.6525545,0.27984464
1.32,0.24,0.23180605,0.32904154,0.066661894,0.65094763,0.2823905
1.32,0.28,0.23549218,0.33117166,0.065736786,0.6493248,0.28493842
1.32,0.32,0.23916435,0.33330208,0.064825416,0.6476864,0.28748816
1.32,0.36,0.24282242,0.33543247,0.063927576,0.6460331,0.29003936
1.32,0.4,0.24646649,0.3375628,0.06304305,0.644365,0.29259193
1.32,0.44,0.2500964,0.33969265,0.062171727,0.6426828,0.2951454
1.32,0.48,0.25371233,0.34182212,0.06131341,0.64098686,0.29769972
1.32,0.52,0.2573142,0.3439509,0.060467865,0.63927746,0.30025464
1.32,0.56,0.26090208,0.3460789,0.05963495,0.63755506,0.30280995
1.32,0.6,0.26447597,0.34820595,0.05881448,0.6358201,0.30536544
1.32,0.64,0.2680359,0.3503319,0.058006253,0.6340729,0.3079209
1.32,0.68,0.271582,0.3524566,0.05721009,0.6323137,0.31047615
1.32,0.72,0.2751143,0.35458001,0.056425825,0.6305432,0.31303105
1.32,0.76,0.27863297,0.35670197,0.05565322,0.62876135,0.31558543
1.32,0.8,0.28213808,0.3588224,0.054892138,0.6269686,0.31813923
1.32,0.84,0.28562972,0.3609412,0.054142375,0.6251655,0.32069215
1.32,0.88,0.289108,0.36305824,0.053403758,0.6233521,0.32324412
1.32,0.92,0.29257318,0.36517355,0.052676085,0.62152874,0.32579514
1.32,0.96,0.2960253,0.36728698,0.05195919,0.6196958,0.328345
1.32,1.0,0.29946458,0.36939853,0.051252853,0.6178534,0.3308937
1.32,1.04,0.30289117,0.37150818,0.050556943,0.616002,0.3334411
1.32,1.08,0.3063053,0.3736158,0.04987122,0.61414164,0.33598718
1.32,1.12,0.30970708,0.37572137,0.049195565,0.6122726,0.3385318
1.32,1.16,0.31309673,0.37782496,0.048529755,0.61039525,0.341075
1.32,1.2,0.31647447,0.37992638,0.04787366,0.6085098,0.34361658
1.32,1.24,0.31984052,0.38202587,0.04722705,0.60661626,0.34615675
1.32,1.28,0.32319507,0.38412315,0.04658981,0.604715,0.34869525
1.32,1.32,0.32653838,0.38621843,0.045961764,0.6028061,0.3512322
1.32,1.36,0.3298706,0.38831154,0.045342714,0.60088986,0.35376748
1.32,1.4,0.33319202,0.39040256,0.04473251,0.59896636,0.35630116
1.32,1.44,0.33650285,0.39249152,0.044131007,0.5970358,0.3588332
1.32,1.48,0.33980325,0.3945784,0.043538034,0.5950984,0.36136356
1.32,1.52,0.34309348,0.39666322,0.042953443,0.5931542,0.36389232
1.32,1.56,0.3463738,0.398746,0.0423771,0.5912035,0.3664194
1.32,1.6,0.3496443,0.40082663,0.04180886,0.58924645,0.3689447
1.32,1.64,0.3529053,0.40290523,0.041248564,0.58728313,0.37146837
1.32,1.68,0.35615695,0.4049818,0.040696073,0.58531356,0.37399036
1.32,1.72,0.35939944,0.40705627,0.040151272,0.58333814,0.3765106
1.32,1.76,0.36263302,0.4091288,0.039614007,0.5813569,0.37902912
1.32,1.8,0.36585775,0.41119915,0.039084174,0.57936996,0.38154587
1.32,1.84,0.36907387,0.41326743,0.03856162,0.5773775,0.38406083
1.32,1.88,0.37228152,0.4153337,0.038046267,0.5753797,0.38657403
1.32,1.92,0.37548083,0.4173977,0.037537985,0.5733767,0.38908523
1.32,1.96,0.37867194,0.41945964,0.03703667,0.5713687,0.39159462
1.32,2.0,0.38185498,0.42151943,0.036542185,0.5693558,0.39410204
1.36,-2.0,0.008298653,0.21746598,0.1444742,0.70338845,0.15213737
1.36,-1.96,0.012124034,0.21906972,0.14274737,0.7033094,0.15394317
1.36,-1.92,0.015963405,0.22069007,0.14102903,0.7032004,0.15577053
1.36,-1.88,0.019816233,0.22232696,0.13931954,0.7030611,0.1576194
1.36,-1.84,0.023682099,0.22398028,0.13761918,0.70289105,0.15948974
1.36,-1.8,0.027560525,0.22564998,0.13592833,0.70269024,0.16138147
1.36,-1.76,0.031450775,0.22733587,0.13424729,0.7024584,0.16329439
1.36,-1.72,0.03535235,0.22903787,0.13257644,0.70219505,0.16522847
1.36,-1.68,0.039264657,0.2307558,0.13091613,0.7019004,0.16718352
1.36,-1.64,0.043186937,0.2324894,0.12926674,0.7015739,0.16915926
1.36,-1.6,0.047118586,0.23423856,0.12762862,0.7012158,0.17115556
1.36,-1.56,0.05105899,0.23600309,0.12600203,0.7008257,0.17317222
1.36,-1.52,0.055007197,0.23778264,0.12438742,0.70040375,0.17520887
1.36,-1.48,0.05896262,0.23957697,0.12278511,0.69994956,0.17726524
1.36,-1.44,0.06292447,0.24138582,0.121195376,0.69946355,0.17934106
1.36,-1.4,0.066891916,0.24320889,0.119618654,0.69894546,0.18143596
1.36,-1.36,0.07086432,0.2450459,0.1180551,0.6983953,0.18354966
1.36,-1.32,0.0748407,0.24689643,0.11650515,0.6978132,0.18568164
1.36,-1.28,0.078820445,0.24876025,0.11496901,0.69719934,0.18783167
1.36,-1.24,0.082802676,0.25063694,0.11344702,0.69655377,0.18999924
1.36,-1.2,0.08678656,0.25252616,0.11193942,0.6958766,0.19218397
1.36,-1.16,0.09077137,0.25442755,0.11044647,0.6951681,0.19438542
1.36,-1.12,0.09475635,0.25634074,0.10896832,0.69442844,0.19660316
1.36,-1.08,0.09874075,0.25826535,0.107505284,0.69365793,0.19883676
1.36,-1.04,0.10272383,0.26020104,0.10605747,0.6928567,0.20108578
1.36,-1.0,0.106704846,0.26214734,0.104625106,0.6920252,0.20334971
1.36,-0.96,0.11068307,0.26410392,0.103208326,0.6911635,0.20562811
1.36,-0.92,0.114657864,0.2660704,0.10180731,0.69027215,0.20792055
1.36,-0.88,0.118628554,0.26804638,0.10042214,0.6893513,0.2102265
1.36,-0.84,0.12259454,0.2700315,0.09905288,0.6884016,0.2125456
1.36,-0.8,0.12655517,0.27202538,0.09769968,0.687423,0.21487732
1.36,-0.76,0.1305099,0.27402765,0.096362576,0.68641615,0.21722125
1.36,-0.72,0.1344582,0.27603793,0.09504159,0.6853815,0.21957691
1.36,-0.68,0.13839945,0.2780559,0.0937368,0.6843193,0.22194386
1.36,-0.64,0.14233325,0.28008115,0.09244818,0.6832301,0.22432168
1.36,-0.6,0.14625901,0.2821134,0.091175765,0.68211436,0.2267099
1.36,-0.56,0.1501765,0.28415233,0.0899195,0.6809723,0.22910821
1.36,-0.52,0.15408511,0.28619745,0.08867937,0.67980456,0.23151603
1.36,-0.48,0.1579844,0.28824854,0.0874554,0.6786116,0.23393302
1.36,-0.44,0.16187422,0.29030538,0.08624743,0.6773937,0.23635887
1.36,-0.4,0.16575402,0.2923675,0.08505541,0.6761515,0.23879308
1.36,-0.36,0.16962355,0.29443464,0.08387934,0.6748855,0.24123524
1.36,-0.32,0.1734825,0.2965065,0.082719065,0.67359585,0.243685
1.36,-0.28,0.1773306,0.29858282,0.081574544,0.6722834,0.24614203
1.36,-0.24,0.18116756,0.3006633,0.08044562,0.6709484,0.24860595
1.36,-0.2,0.1849931,0.30274767,0.07933222,0.6695914,0.25107637
1.36,-0.16,0.18880701,0.3048356,0.078234226,0.6682129,0.25355288
1.36,-0.12,0.19260904,0.30692685,0.07715151,0.66681325,0.25603524
1.36,-0.08,0.19639911,0.30902115,0.07608394,0.66539305,0.25852305
1.36,-0.04,0.20017686,0.31111822,0.07503139,0.6639527,0.26101592
1.36,0.0,0.20394228,0.31321794,0.07399367,0.6624927,0.26351368
1.36,0.04,0.20769511,0.3153199,0.0729707,0.66101336,0.2660159
1.36,0.08,0.2114352,0.31742388,0.07196235,0.65951544,0.2685222
1.36,0.12,0.21516249,0.31952977,0.07096841,0.65799916,0.27103242
1.36,0.16,0.21887681,0.32163724,0.069988735,0.65646505,0.2735462
1.36,0.2,0.22257808,0.32374606,0.06902322,0.65491354,0.27606317
1.36,0.24,0.22626613,0.32585606,0.06807165,0.6533452,0.27858314
1.36,0.28,0.22994103,0.327967,0.06713387,0.65176034,0.2811058
1.36,0.32,0.23360257,0.33007866,0.06620974,0.65015936,0.28363085
1.36,0.36,0.23725076,0.3321909,0.06529906,0.6485429,0.28615806
1.36,0.4,0.24088562,0.3343035,0.06440169,0.6469111,0.2886872
1.36,0.44,0.24450697,0.33641624,0.06351746,0.64526457,0.29121795
1.36,0.48,0.24811491,0.33852905,0.06264618,0.6436037,0.29375017
1.36,0.52,0.2517094,0.3406416,0.061787654,0.6419288,0.29628348
1.36,0.56,0.25529048,0.34275395,0.060941774,0.6402404,0.2988179
1.36,0.6,0.25885817,0.34486574,0.060108293,0.6385386,0.30135304
1.36,0.64,0.26241243,0.34697694,0.059287094,0.6368242,0.30388874
1.36,0.68,0.26595342,0.34908742,0.058477946,0.6350972,0.30642483
1.36,0.72,0.26948112,0.35119694,0.057680685,0.6333582,0.30896112
1.36,0.76,0.27299562,0.35330558,0.056895196,0.63160735,0.31149748
1.36,0.8,0.27649704,0.35541305,0.056121197,0.6298451,0.31403372
1.36,0.84,0.2799855,0.3575194,0.055358555,0.62807167,0.31656978
1.36,0.88,0.28346103,0.35962442,0.054607067,0.6262875,0.31910542
1.36,0.92,0.28692383,0.3617281,0.053866606,0.6244929,0.32164058
1.36,0.96,0.29037395,0.3638303,0.053136997,0.62268794,0.3241751
1.36,1.0,0.29381165,0.36593106,0.05241797,0.62087303,0.32670897
1.36,1.04,0.29723698,0.36803022,0.051709447,0.6190486,0.329242
1.36,1.08,0.30065018,0.3701278,0.051011205,0.61721456,0.33177418
1.36,1.12,0.3040514,0.37222373,0.050323043,0.61537147,0.33430547
1.36,1.16,0.30744085,0.37431803,0.049644835,0.61351943,0.33683574
1.36,1.2,0.3108186,0.3764106,0.048976395,0.6116587,0.33936492
1.36,1.24,0.314185,0.37850147,0.048317563,0.6097894,0.34189308
1.36,1.28,0.31754023,0.3805906,0.047668163,0.60791177,0.34442008
1.36,1.32,0.3208844,0.3826779,0.047027986,0.60602605,0.3469459
1.36,1.36,0.3242178,0.38476357,0.04639694,0.6041325,0.34947056
1.36,1.4,0.32754064,0.38684744,0.045774832,0.60223114,0.35199404
1.36,1.44,0.33085313,0.3889296,0.045161493,0.6003222,0.3545163
1.36,1.48,0.3341554,0.39101,0.044556778,0.5984059,0.3570373
1.36,1.52,0.33744782,0.3930886,0.04396053,0.5964824,0.3595571
1.36,1.56,0.3407305,0.3951655,0.043372642,0.5945518,0.3620756
1.36,1.6,0.34400368,0.39724067,0.04279288,0.59261423,0.36459288
1.36,1.64,0.34726757,0.39931417,0.042221162,0.5906699,0.3671089
1.36,1.68,0.3505223,0.40138584,0.041657384,0.58871895,0.3696236
1.36,1.72,0.3537682,0.40345597,0.041101325,0.58676153,0.37213713
1.36,1.76,0.35700536,0.40552425,0.040552933,0.5847978,0.37464926
1.36,1.8,0.36023393,0.4075908,0.04001204,0.5828279,0.37716004
1.36,1.84,0.36345422,0.4096557,0.039478514,0.5808519,0.37966958
1.36,1.88,0.36666626,0.4117188,0.03895224,0.57887006,0.38217768
1.36,1.92,0.36987025,0.41378015,0.038433146,0.5768825,0.38468438
1.36,1.96,0.37306628,0.4158397,0.037921064,0.57488936,0.3871896
1.36,2.0,0.37625453,0.4178974,0.03741592,0.5728908,0.3896933
1.4,-2.0,0.004346388,0.2158202,0.14627375,0.703439,0.15028726
1.4,-1.96,0.008132874,0.2173967,0.14454938,0.7033912,0.15205944
1.4,-1.92,0.011933655,0.21898967,0.14283295,0.70331407,0.15385295
1.4,-1.88,0.015748033,0.22059888,0.14112508,0.7032073,0.1556676
1.4,-1.84,0.019575657,0.22222444,0.13942584,0.70307064,0.15750352
1.4,-1.8,0.023415964,0.2238661,0.1377358,0.70290375,0.15936048
1.4,-1.76,0.027268324,0.2255238,0.1360552,0.7027064,0.1612384
1.4,-1.72,0.031132245,0.2271974,0.13438438,0.70247847,0.16313717
1.4,-1.68,0.035006937,0.22888672,0.13272378,0.7022196,0.16505662
1.4,-1.64,0.038891833,0.23059157,0.13107373,0.70192975,0.16699651
1.4,-1.6,0.042786255,0.23231179,0.12943454,0.7016087,0.1689567
1.4,-1.56,0.046689425,0.23404709,0.1278067,0.7012564,0.1709369
1.4,-1.52,0.05060068,0.23579732,0.12619045,0.7008727,0.17293687
1.4,-1.48,0.05451925,0.23756209,0.124586135,0.70045763,0.17495629
1.4,-1.44,0.05844446,0.23934123,0.12299415,0.70001096,0.17699492
1.4,-1.4,0.062375426,0.24113443,0.12141479,0.6995328,0.17905241
1.4,-1.36,0.066311374,0.24294135,0.119848415,0.6990232,0.18112837
1.4,-1.32,0.07025168,0.24476182,0.11829525,0.69848216,0.1832226
1.4,-1.28,0.07419541,0.2465953,0.116755664,0.69790983,0.18533452
1.4,-1.24,0.07814183,0.24844158,0.115229905,0.6973062,0.18746388
1.4,-1.2,0.08209016,0.2503003,0.11371823,0.6966715,0.1896102
1.4,-1.16,0.08603978,0.25217116,0.11222086,0.6960059,0.1917732
1.4,-1.12,0.089989774,0.25405365,0.11073811,0.6953096,0.19395232
1.4,-1.08,0.09393942,0.2559476,0.10927014,0.6945827,0.1961472
1.4,-1.04,0.097888134,0.25785252,0.10781711,0.6938255,0.19835743
1.4,-1.0,0.10183516,0.25976816,0.106379226,0.6930382,0.2005826
1.4,-0.96,0.10577977,0.261694,0.10495664,0.69222116,0.2028222
1.4,-0.92,0.10972136,0.26362985,0.10354947,0.6913746,0.20507586
1.4,-0.88,0.11365937,0.2655753,0.10215788,0.6904989,0.20734316
1.4,-0.84,0.11759304,0.26752996,0.100781985,0.6895944,0.20962362
1.4,-0.8,0.12152195,0.2694935,0.099421814,0.68866134,0.21191685
1.4,-0.76,0.12544544,0.27146554,0.09807741,0.68770015,0.2142224
1.4,-0.72,0.12936307,0.27344584,0.09674889,0.68671125,0.21653992
1.4,-0.68,0.13327424,0.27543396,0.09543626,0.6856949,0.21886893
1.4,-0.64,0.13717864,0.27742967,0.09413949,0.6846515,0.22120906
1.4,-0.6,0.14107569,0.27943254,0.09285864,0.68358153,0.22355987
1.4,-0.56,0.14496504,0.28144234,0.0915937,0.6824852,0.22592105
1.4,-0.52,0.14884622,0.2834587,0.09034461,0.6813633,0.22829211
1.4,-0.48,0.15271883,0.28548136,0.08911139,0.680216,0.23067269
1.4,-0.44,0.15658267,0.28750998,0.08789389,0.6790437,0.23306246
1.4,-0.4,0.16043724,0.28954425,0.086692154,0.6778468,0.23546098
1.4,-0.36,0.16428235,0.291584,0.08550608,0.67662597,0.237868
1.4,-0.32,0.16811761,0.2936289,0.08433552,0.6753814,0.24028309
1.4,-0.28,0.17194277,0.29567856,0.08318055,0.67411363,0.24270582
1.4,-0.24,0.17575757,0.29773283,0.08204091,0.67282313,0.24513596
1.4,-0.2,0.1795618,0.2997914,0.08091658,0.67151034,0.24757312
1.4,-0.16,0.18335518,0.30185404,0.07980744,0.6701756,0.250017
1.4,-0.12,0.18713751,0.3039204,0.078713395,0.6688194,0.25246713
1.4,-0.08,0.19090861,0.3059903,0.07763428,0.6674423,0.25492334
1.4,-0.04,0.19466823,0.30806348,0.07657002,0.6660447,0.25738522
1.4,0.0,0.19841628,0.31013972,0.075520486,0.6646271,0.25985253
1.4,0.04,0.20215258,0.3122188,0.07448547,0.66318965,0.26232493
1.4,0.08,0.20587686,0.3143003,0.07346497,0.6617331,0.26480195
1.4,0.12,0.20958915,0.31638423,0.0724587,0.6602578,0.26728353
1.4,0.16,0.21328919,0.31847027,0.0714666,0.6587641,0.26976928
1.4,0.2,0.21697693,0.3205582,0.07048851,0.65725267,0.27225888
1.4,0.24,0.22065224,0.3226477,0.06952428,0.6557237,0.27475202
1.4,0.28,0.22431505,0.32473874,0.06857376,0.6541778,0.27724856
1.4,0.32,0.22796528,0.32683104,0.06763679,0.65261513,0.27974808
1.4,0.36,0.23160283,0.32892436,0.06671319,0.65103644,0.28225037
1.4,0.4,0.23522767,0.33101857,0.06580283,0.64944196,0.28475523
1.4,0.44,0.23883973,0.3331134,0.06490557,0.6478321,0.2872623
1.4,0.48,0.24243903,0.3352088,0.06402119,0.64620733,0.28977144
1.4,0.52,0.24602543,0.33730447,0.0631496,0.644568,0.29228237
1.4,0.56,0.24959902,0.33940038,0.062290575,0.6429146,0.2947949
1.4,0.6,0.25315988,0.34149626,0.06144393,0.64124733,0.29730877
1.4,0.64,0.25670782,0.34359202,0.060609568,0.63956666,0.29982382
1.4,0.68,0.26024303,0.3456875,0.059787244,0.6378729,0.30233985
1.4,0.72,0.26376545,0.3477825,0.05897686,0.6361665,0.3048566
1.4,0.76,0.26727527,0.3498771,0.05817817,0.63444775,0.3073741
1.4,0.8,0.27077246,0.351971,0.05739106,0.632717,0.309892
1.4,0.84,0.274257,0.354064,0.056615368,0.63097453,0.3124101
1.4,0.88,0.27772918,0.3561563,0.055850856,0.6292207,0.31492844
1.4,0.92,0.28118905,0.35824764,0.05509736,0.6274558,0.31744686
1.4,0.96,0.28463674,0.36033797,0.05435476,0.6256801,0.31996515
1.4,1.0,0.28807223,0.36242718,0.053622857,0.6238939,0.32248327
1.4,1.04,0.29149583,0.3645152,0.05290147,0.62209743,0.32500106
1.4,1.08,0.29490766,0.36660212,0.0521904,0.620291,0.32751858
1.4,1.12,0.29830778,0.36868766,0.051489547,0.61847496,0.33003554
1.4,1.16,0.3016965,0.370772,0.05079868,0.61664927,0.33255208
1.4,1.2,0.30507392,0.37285498,0.050117645,0.61481434,0.335068
1.4,1.24,0.30844015,0.37493655,0.04944631,0.6129705,0.3375832
1.4,1.28,0.31179556,0.3770168,0.048784453,0.61111766,0.34009784
1.4,1.32,0.31514022,0.3790957,0.048131954,0.6092563,0.3426118
1.4,1.36,0.31847432,0.38117307,0.047488634,0.60738647,0.34512484
1.4,1.4,0.32179818,0.38324916,0.04685431,0.6055084,0.3476373
1.4,1.44,0.3251119,0.3853238,0.04622888,0.6036222,0.3501489
1.4,1.48,0.32841572,0.38739705,0.045612138,0.6017281,0.35265973
1.4,1.52,0.3317099,0.38946885,0.04500396,0.5998263,0.3551697
1.4,1.56,0.33499455,0.3915393,0.044404194,0.5979169,0.35767892
1.4,1.6,0.33826995,0.39360836,0.043812685,0.596,0.36018726
1.4,1.64,0.3415363,0.39567596,0.043229308,0.5940759,0.36269474
1.4,1.68,0.3447938,0.39774227,0.042653903,0.59214467,0.36520144
1.4,1.72,0.34804267,0.39980716,0.04208634,0.5902063,0.36770725
1.4,1.76,0.351283,0.4018707,0.041526508,0.5882613,0.37021223
1.4,1.8,0.3545151,0.4039328,0.04097427,0.5863095,0.37271625
1.4,1.84,0.35773906,0.40599355,0.040429477,0.5843511,0.37521937
1.4,1.88,0.3609551,0.40805292,0.039892036,0.5823864,0.3777216
1.4,1.92,0.3641633,0.41011083,0.039361842,0.58041537,0.38022283
1.4,1.96,0.36736387,0.41216734,0.038838718,0.5784382,0.38272306
1.4,2.0,0.37055695,0.4142224,0.03832263,0.5764551,0.38522226
1.44,-2.0,0.0003789514,0.21417958,0.14809607,0.70345795,0.14844601
1.44,-1.96,0.0041259145,0.21572873,0.14637457,0.7034409,0.15018451
1.44,-1.92,0.0078871995,0.2172941,0.14466077,0.7033952,0.151944
1.44,-1.88,0.011662327,0.2188756,0.14295502,0.70332056,0.15372442
1.44,-1.84,0.0154508725,0.22047317,0.1412576,0.7032167,0.15552573
1.44,-1.8,0.019252187,0.22208667,0.13956892,0.70308334,0.1573478
1.44,-1.76,0.023065751,0.22371595,0.13788928,0.7029202,0.1591905
1.44,-1.72,0.026890976,0.22536096,0.13621914,0.7027271,0.16105379
1.44,-1.68,0.030727128,0.22702146,0.13455883,0.7025038,0.16293742
1.44,-1.64,0.03457355,0.22869723,0.13290875,0.70225006,0.16484116
1.44,-1.6,0.038429696,0.23038821,0.1312692,0.7019659,0.16676494
1.44,-1.56,0.042294707,0.23209405,0.12964061,0.70165104,0.16870843
1.44,-1.52,0.046167836,0.23381457,0.12802336,0.70130527,0.17067139
1.44,-1.48,0.050048493,0.23554951,0.12641771,0.70092875,0.17265354
1.44,-1.44,0.053935885,0.23729864,0.12482405,0.70052135,0.17465466
1.44,-1.4,0.05782919,0.23906162,0.123242736,0.70008296,0.17667435
1.44,-1.36,0.06172765,0.24083814,0.12167402,0.6996137,0.17871226
1.44,-1.32,0.06563065,0.24262807,0.12011824,0.69911355,0.18076824
1.44,-1.28,0.069537185,0.24443081,0.11857579,0.69858253,0.18284164
1.44,-1.24,0.07344667,0.24624634,0.11704682,0.6980209,0.18493237
1.44,-1.2,0.077358335,0.24807414,0.11553162,0.69742846,0.1870399
1.44,-1.16,0.081271514,0.24991395,0.114030436,0.69680566,0.18916386
1.44,-1.12,0.08518535,0.25176543,0.11254358,0.6961525,0.19130391
1.44,-1.08,0.089099154,0.25362822,0.11107115,0.69546926,0.19345962
1.44,-1.04,0.093012355,0.255502,0.10961339,0.69475603,0.19563057
1.44,-1.0,0.096924186,0.25738645,0.10817047,0.6940131,0.19781643
1.44,-0.96,0.10083411,0.25928122,0.106742516,0.69324076,0.20001675
1.44,-0.92,0.104741365,0.26118594,0.105329745,0.69243914,0.20223108
1.44,-0.88,0.10864551,0.2631004,0.10393216,0.6916087,0.20445918
1.44,-0.84,0.112545826,0.26502407,0.10254995,0.6907496,0.20670046
1.44,-0.8,0.11644186,0.26695675,0.1011832,0.6898622,0.20895462
1.44,-0.76,0.12033314,0.2688982,0.099831864,0.6889468,0.21122132
1.44,-0.72,0.12421907,0.27084792,0.098496154,0.6880038,0.21350008
1.44,-0.68,0.12809917,0.27280575,0.09717596,0.6870334,0.21579057
1.44,-0.64,0.13197312,0.27477136,0.0958714,0.68603617,0.21809246
1.44,-0.6,0.13584037,0.2767444,0.09458244,0.68501234,0.22040525
1.44,-0.56,0.13970059,0.27872455,0.09330906,0.6839623,0.22272867
1.44,-0.52,0.14355338,0.28071162,0.09205129,0.6828864,0.22506233
1.44,-0.48,0.14739834,0.28270525,0.09080904,0.6817851,0.22740585
1.44,-0.44,0.15123524,0.28470516,0.089582294,0.68065876,0.22975892
1.44,-0.4,0.15506363,0.28671116,0.088371,0.67950773,0.23212118
1.44,-0.36,0.15888332,0.28872293,0.08717509,0.67833257,0.23449233
1.44,-0.32,0.16269398,0.29074016,0.08599449,0.6771335,0.23687196
1.44,-0.28,0.16649526,0.29276267,0.08482913,0.6759111,0.23925976
1.44,-0.24,0.17028709,0.29479015,0.08367894,0.67466563,0.24165544
1.44,-0.2,0.17406903,0.2968223,0.08254383,0.67339754,0.24405861
1.44,-0.16,0.17784101,0.298859,0.08142367,0.6721073,0.246469
1.44,-0.12,0.18160267,0.30089986,0.08031837,0.6707954,0.24888621
1.44,-0.08,0.18535401,0.30294478,0.079227805,0.6694621,0.2513101
1.44,-0.04,0.18909462,0.30499342,0.0781519,0.6681079,0.2537402
1.44,0.0,0.19282444,0.30704558,0.07709053,0.66673326,0.25617623
1.44,0.04,0.1965433,0.309101,0.076043524,0.6653385,0.25861794
1.44,0.08,0.20025098,0.3111595,0.07501084,0.6639242,0.26106498
1.44,0.12,0.2039474,0.31322077,0.07399227,0.6624906,0.26351708
1.44,0.16,0.20763238,0.31528467,0.072987735,0.66103834,0.26597396
1.44,0.2,0.2113058,0.31735098,0.07199704,0.6595677,0.26843533
1.44,0.24,0.21496753,0.31941938,0.07102015,0.658079,0.27090082
1.44,0.28,0.2186175,0.3214898,0.07005682,0.65657294,0.27337027
1.44,0.32,0.22225559,0.32356197,0.069106914,0.6550497,0.27584338
1.44,0.36,0.22588174,0.3256357,0.06817036,0.65350974,0.27831993
1.44,0.4,0.22949582,0.3277108,0.06724694,0.6519535,0.28079957
1.44,0.44,0.23309782,0.32978705,0.06633654,0.6503814,0.28328207
1.44,0.48,0.23668768,0.3318643,0.06543898,0.6487937,0.28576723
1.44,0.52,0.24026531,0.3339424,0.064554125,0.64719105,0.28825483
1.44,0.56,0.24383077,0.33602113,0.063681826,0.64557356,0.29074457
1.44,0.6,0.24738404,0.3381004,0.06282189,0.64394176,0.29323635
1.44,0.64,0.25092497,0.34017998,0.061974227,0.642296,0.2957298
1.44,0.68,0.25445378,0.34225973,0.06113858,0.6406366,0.29822484
1.44,0.72,0.25797027,0.3443395,0.06031486,0.638964,0.30072117
1.44,0.76,0.26147467,0.34641922,0.059502903,0.6372784,0.30321872
1.44,0.8,0.264967,0.34849876,0.05870246,0.6355802,0.30571732
1.44,0.84,0.2684472,0.35057795,0.05791346,0.63386977,0.30821675
1.44,0.88,0.27191544,0.35265678,0.057135686,0.6321474,0.31071693
1.44,0.92,0.2753718,0.35473505,0.056368988,0.63041335,0.31321764
1.44,0.96,0.2788164,0.35681278,0.055613168,0.62866795,0.31571886
1.44,1.0,0.2822492,0.35888973,0.05486816,0.6269116,0.3182203
1.44,1.04,0.28567055,0.360966,0.054133665,0.6251443,0.320722
1.44,1.08,0.2890804,0.3630414,0.053409602,0.62336653,0.3232238
1.44,1.12,0.29247904,0.365116,0.052695747,0.6215786,0.3257257
1.44,1.16,0.2958665,0.36718962,0.051991995,0.6197804,0.32822752
1.44,1.2,0.299243,0.36926228,0.05129813,0.6179726,0.33072925
1.44,1.24,0.3026087,0.37133408,0.050614,0.6161552,0.33323085
1.44,1.28,0.30596378,0.37340468,0.049939472,0.6143284,0.3357321
1.44,1.32,0.30930847,0.3754744,0.049274333,0.61249244,0.33823323
1.44,1.36,0.31264287,0.37754294,0.04861849,0.6106475,0.34073398
1.44,1.4,0.31596726,0.3796105,0.047971692,0.6087938,0.34323448
1.44,1.44,0.31928176,0.38167697,0.047333892,0.6069315,0.34573457
1.44,1.48,0.32258672,0.3837424,0.046704844,0.60506076,0.34823436
1.44,1.52,0.32588217,0.38580677,0.04608447,0.60318184,0.35073373
1.44,1.56,0.3291684,0.38787,0.045472585,0.6012947,0.35323268
1.44,1.6,0.33244565,0.38993225,0.04486903,0.59939975,0.35573122
1.44,1.64,0.33571407,0.39199346,0.044273686,0.5974969,0.35822943
1.44,1.68,0.33897385,0.39405358,0.043686412,0.5955864,0.36072713
1.44,1.72,0.34222522,0.39611262,0.043107085,0.59366846,0.3632244
1.44,1.76,0.3454684,0.3981707,0.042535532,0.5917432,0.36572132
1.44,1.8,0.3487035,0.40022773,0.041971672,0.58981067,0.3682177
1.44,1.84,0.35193077,0.40228364,0.041415352,0.5878711,0.3707136
1.44,1.88,0.35515034,0.40433857,0.040866446,0.5859245,0.37320906
1.44,1.92,0.35836238,0.4063924,0.040324837,0.5839712,0.37570393
1.44,1.96,0.36156705,0.40844518,0.039790455,0.5820113,0.37819833
1.44,2.0,0.36476448,0.41049683,0.039263137,0.5800448,0.38069206
1.48,-2.0,-0.0036019825,0.21254475,0.14994058,0.703445,0.14661443
1.48,-1.96,0.000104531646,0.2140665,0.14822268,0.70345813,0.14831923
1.48,-1.92,0.0038255565,0.21560417,0.14651208,0.70344335,0.15004462
1.48,-1.88,0.0075606606,0.21715778,0.14480901,0.70340025,0.15179068
1.48,-1.84,0.011309335,0.21872729,0.1431139,0.7033288,0.15355733
1.48,-1.8,0.015070758,0.22031239,0.14142723,0.7032285,0.15534432
1.48,-1.76,0.018844727,0.22191319,0.13974921,0.7030991,0.15715177
1.48,-1.72,0.02263021,0.22352931,0.13808039,0.7029403,0.15897928
1.48,-1.68,0.026426911,0.2251608,0.136421,0.7027521,0.16082694
1.48,-1.64,0.030233957,0.22680736,0.13477145,0.70253414,0.16269441
1.48,-1.6,0.034050707,0.22846879,0.13313219,0.7022863,0.16458149
1.48,-1.56,0.03787651,0.23014493,0.13150351,0.7020084,0.166488
1.48,-1.52,0.04171063,0.23183554,0.1298858,0.70170045,0.16841374
1.48,-1.48,0.04555224,0.23354036,0.12827942,0.70136225,0.17035836
1.48,-1.44,0.049400736,0.23525913,0.12668473,0.70099366,0.1723216
1.48,-1.4,0.053255253,0.23699158,0.12510201,0.7005948,0.17430317
1.48,-1.36,0.057115123,0.2387374,0.12353163,0.7001656,0.17630273
1.48,-1.32,0.060979623,0.2404964,0.12197389,0.6997061,0.17832004
1.48,-1.28,0.06484795,0.2422682,0.120429076,0.69921625,0.18035468
1.48,-1.24,0.068719424,0.24405253,0.11889745,0.6986962,0.18240635
1.48,-1.2,0.07259325,0.24584906,0.11737934,0.69814605,0.18447463
1.48,-1.16,0.0764689,0.24765751,0.11587485,0.69756585,0.18655926
1.48,-1.12,0.08034545,0.24947755,0.114384405,0.69695586,0.18865983
1.48,-1.08,0.084222294,0.25130886,0.11290806,0.69631606,0.19077593
1.48,-1.04,0.08809889,0.25315103,0.11144609,0.6956467,0.19290715
1.48,-1.0,0.09197451,0.25500393,0.109998606,0.69494814,0.19505328
1.48,-0.96,0.095848575,0.25686714,0.10856578,0.69422036,0.19721381
1.48,-0.92,0.09972051,0.2587404,0.10714778,0.69346374,0.19938846
1.48,-0.88,0.10358971,0.2606234,0.10574465,0.6926785,0.20157684
1.48,-0.84,0.10745566,0.26251572,0.10435662,0.6918649,0.20377849
1.48,-0.8,0.111317836,0.26441717,0.10298362,0.69102323,0.20599313
1.48,-0.76,0.11517577,0.26632744,0.10162584,0.6901537,0.20822039
1.48,-0.72,0.119028956,0.26824626,0.10028326,0.6892568,0.21045992
1.48,-0.68,0.12287707,0.27017337,0.098955885,0.6883327,0.21271142
1.48,-0.64,0.12671956,0.2721084,0.097643815,0.68738174,0.21497446
1.48,-0.6,0.13055603,0.27405107,0.09634707,0.6864042,0.21724868
1.48,-0.56,0.13438617,0.2760012,0.095065586,0.6854006,0.2195338
1.48,-0.52,0.13820961,0.27795845,0.09379937,0.6843712,0.22182949
1.48,-0.48,0.14202596,0.27992257,0.09254838,0.68331623,0.22413538
1.48,-0.44,0.14583498,0.28189334,0.0913126,0.68223614,0.2264512
1.48,-0.4,0.14963627,0.2838705,0.090091966,0.68113154,0.22877657
1.48,-0.36,0.15342964,0.28585374,0.08888645,0.6800024,0.23111121
1.48,-0.32,0.15721476,0.28784287,0.08769594,0.6788493,0.23345481
1.48,-0.28,0.16099133,0.28983757,0.08652046,0.67767256,0.23580696
1.48,-0.24,0.16475919,0.2918377,0.08535986,0.6764726,0.23816748
1.48,-0.2,0.16851802,0.29384297,0.08421404,0.67524993,0.24053602
1.48,-0.16,0.1722677,0.29585314,0.083083,0.67400473,0.24291228
1.48,-0.12,0.1760079,0.29786795,0.08196655,0.67273754,0.24529588
1.48,-0.08,0.1797385,0.29988727,0.08086464,0.67144865,0.24768665
1.48,-0.04,0.18345927,0.30191073,0.07977717,0.6701386,0.2500842
1.48,0.0,0.18717003,0.30393818,0.078704044,0.6688077,0.25248826
1.48,0.04,0.19087061,0.30596942,0.0776451,0.6674563,0.25489855
1.48,0.08,0.19456083,0.30800414,0.076600306,0.666085,0.2573147
1.48,0.12,0.19824055,0.31004214,0.07556946,0.6646941,0.2597365
1.48,0.16,0.2019096,0.31208327,0.07455247,0.66328377,0.26216373
1.48,0.2,0.20556793,0.31412733,0.07354918,0.6618548,0.26459602
1.48,0.24,0.20921527,0.31617397,0.07255953,0.66040736,0.26703307
1.48,0.28,0.2128516,0.3182231,0.07158335,0.658942,0.26947466
1.48,0.32,0.21647677,0.32027447,0.070620514,0.6574589,0.2719205
1.48,0.36,0.22009069,0.3223279,0.06967094,0.6559588,0.27437034
1.48,0.4,0.2236933,0.3243832,0.06873438,0.6544417,0.27682394
1.48,0.44,0.22728445,0.32644016,0.06781078,0.65290827,0.279281
1.48,0.48,0.23086417,0.3284986,0.06689992,0.6513587,0.28174132
1.48,0.52,0.2344323,0.3305583,0.066001736,0.6497936,0.2842046
1.48,0.56,0.23798887,0.33261922,0.065116055,0.6482132,0.28667074
1.48,0.6,0.24153383,0.33468112,0.0642427,0.6466179,0.28913942
1.48,0.64,0.24506707,0.33674374,0.063381575,0.6450081,0.29161036
1.48,0.68,0.24858874,0.33880708,0.06253245,0.64338404,0.2940835
1.48,0.72,0.2520987,0.34087086,0.061695278,0.64174616,0.2965585
1.48,0.76,0.2555971,0.34293512,0.060869776,0.6400948,0.29903537
1.48,0.8,0.25908387,0.34499964,0.06005588,0.63843036,0.3015138
1.48,0.84,0.26255906,0.3470642,0.059253406,0.636753,0.30399355
1.48,0.88,0.26602274,0.34912878,0.058462203,0.63506323,0.30647457
1.48,0.92,0.269475,0.3511933,0.057682082,0.6333612,0.3089567
1.48,0.96,0.2729159,0.35325763,0.056912906,0.6316472,0.3114398
1.48,1.0,0.27634552,0.35532174,0.056154516,0.62992173,0.31392378
1.48,1.04,0.279764,0.35738546,0.055406734,0.6281848,0.3164085
1.48,1.08,0.28317142,0.35944873,0.054669388,0.6264368,0.31889376
1.48,1.12,0.2865679,0.3615116,0.053942353,0.6246781,0.3213796
1.48,1.16,0.28995368,0.3635739,0.05322542,0.62290865,0.32386592
1.48,1.2,0.2933288,0.3656356,0.05251849,0.62112904,0.32635254
1.48,1.24,0.29669333,0.36769664,0.051821377,0.6193392,0.32883942
1.48,1.28,0.30004773,0.36975724,0.051133864,0.61753947,0.33132672
1.48,1.32,0.30339187,0.3718169,0.050455883,0.6157301,0.33381402
1.48,1.36,0.3067261,0.37387595,0.04978723,0.6139113,0.33630154
1.48,1.4,0.31005055,0.37593427,0.049127765,0.6120831,0.33878917
1.48,1.44,0.3133655,0.37799194,0.04847729,0.61024576,0.3412769
1.48,1.48,0.316671,0.38004887,0.047835704,0.60839957,0.34376472
1.48,1.52,0.31996736,0.38210505,0.047202833,0.60654455,0.3462526
1.48,1.56,0.32325473,0.38416046,0.046578553,0.604681,0.34874043
1.48,1.6,0.32653335,0.3862152,0.0459627,0.60280895,0.35122836
1.48,1.64,0.32980338,0.38826925,0.045355137,0.6009286,0.35371625
1.48,1.68,0.33306506,0.39032257,0.044755705,0.59904015,0.3562042
1.48,1.72,0.33631852,0.39237508,0.044164307,0.59714365,0.35869205
1.48,1.76,0.33956406,0.39442703,0.043580785,0.5952392,0.36118
1.48,1.8,0.3428018,0.39647824,0.043005016,0.5933271,0.3636679
1.48,1.84,0.34603187,0.3985287,0.042436875,0.5914074,0.3661557
1.48,1.88,0.34925458,0.4005785,0.041876234,0.5894803,0.3686435
1.48,1.92,0.35246995,0.40262747,0.04132301,0.5875459,0.37113112
1.48,1.96,0.35567823,0.40467584,0.04077704,0.5856043,0.3736187
1.48,2.0,0.3588796,0.40672347,0.040238205,0.58365566,0.37610617
1.52,-2.0,-0.007595214,0.21091643,0.1518069,0.7033997,0.14479333
1.52,-1.96,-0.003929774,0.21241066,0.15009317,0.70344245,0.14646435
1.52,-1.92,-0.00024956465,0.21392068,0.14838624,0.7034581,0.14815573
1.52,-1.88,0.0034446877,0.21544632,0.14668651,0.70344615,0.14986739
1.52,-1.84,0.00715251,0.21698755,0.14499442,0.7034064,0.15159921
1.52,-1.8,0.010873366,0.21854423,0.14331035,0.70333856,0.15335114
1.52,-1.76,0.014606614,0.22011624,0.14163461,0.70324236,0.15512304
1.52,-1.72,0.0183517,0.22170344,0.13996762,0.70311755,0.1569148
1.52,-1.68,0.022107963,0.22330576,0.13830978,0.702964,0.1587263
1.52,-1.64,0.025874635,0.2249228,0.13666148,0.70278126,0.16055726
1.52,-1.6,0.029651098,0.22655457,0.13502309,0.70256937,0.16240752
1.52,-1.56,0.033436764,0.22820082,0.13339488,0.7023282,0.16427694
1.52,-1.52,0.03723065,0.22986123,0.13177745,0.70205736,0.16616513
1.52,-1.48,0.04103224,0.23153564,0.13017099,0.7017571,0.16807193
1.52,-1.44,0.04484081,0.23322383,0.12857582,0.7014271,0.16999708
1.52,-1.4,0.04865555,0.23492545,0.12699236,0.7010673,0.17194025
1.52,-1.36,0.052475814,0.23664033,0.12542088,0.7006779,0.17390122
1.52,-1.32,0.056300778,0.23836815,0.12386174,0.7002587,0.1758796
1.52,-1.28,0.060129825,0.24010867,0.12231517,0.69980973,0.17787515
1.52,-1.24,0.063962154,0.24186152,0.12078155,0.69933105,0.17988743
1.52,-1.2,0.06779713,0.24362643,0.11926098,0.6988228,0.18191616
1.52,-1.16,0.07163406,0.2454032,0.11775388,0.6982851,0.18396108
1.52,-1.12,0.07547231,0.24719143,0.11626034,0.6977179,0.18602176
1.52,-1.08,0.07931122,0.24899091,0.11478061,0.6971215,0.18809792
1.52,-1.04,0.083150126,0.25080124,0.113314934,0.69649595,0.19018914
1.52,-1.0,0.086988464,0.25262222,0.11186341,0.6958415,0.1922951
1.52,-0.96,0.090825774,0.2544536,0.110426165,0.69515824,0.19441557
1.52,-0.92,0.09466125,0.2562949,0.10900344,0.6944465,0.19655003
1.52,-0.88,0.09849453,0.25814608,0.107595265,0.6937065,0.19869827
1.52,-0.84,0.10232512,0.26000673,0.106201746,0.6929383,0.20085992
1.52,-0.8,0.10615247,0.26187658,0.104822986,0.69214237,0.20303461
1.52,-0.76,0.10997613,0.26375538,0.10345904,0.6913189,0.20522204
1.52,-0.72,0.11379572,0.26564288,0.10210996,0.6904681,0.20742196
1.52,-0.68,0.11761071,0.26753876,0.10077584,0.68959033,0.20963389
1.52,-0.64,0.121420816,0.26944283,0.09945663,0.68868583,0.21185763
1.52,-0.6,0.1252256,0.27135476,0.0981524,0.6877548,0.21409282
1.52,-0.56,0.1290248,0.27327442,0.096863076,0.68679774,0.21633922
1.52,-0.52,0.13281795,0.27520144,0.09558868,0.68581486,0.21859643
1.52,-0.48,0.1366048,0.27713564,0.09432922,0.6848066,0.22086416
1.52,-0.44,0.14038503,0.27907676,0.093084686,0.68377316,0.22314213
1.52,-0.4,0.14415833,0.2810246,0.09185495,0.68271494,0.22543009
1.52,-0.36,0.14792448,0.28297886,0.0906401,0.6816323,0.22772765
1.52,-0.32,0.1516831,0.28493935,0.08943992,0.6805255,0.23003455
1.52,-0.28,0.15543412,0.28690585,0.08825444,0.67939496,0.23235056
1.52,-0.24,0.15917717,0.2888781,0.08708359,0.678241,0.23467532
1.52,-0.2,0.16291203,0.2908559,0.08592732,0.6770642,0.23700854
1.52,-0.16,0.16663851,0.29283908,0.084785484,0.67586446,0.23935002
1.52,-0.12,0.17035636,0.29482728,0.083658054,0.67464256,0.24169935
1.52,-0.08,0.17406544,0.2968204,0.082544886,0.6733988,0.24405633
1.52,-0.04,0.17776541,0.29881805,0.081446,0.6721334,0.24642055
1.52,0.0,0.18145627,0.30082026,0.08036115,0.67084694,0.24879192
1.52,0.04,0.18513776,0.30282664,0.07929037,0.6695396,0.25117
1.52,0.08,0.1888097,0.30483702,0.07823349,0.6682119,0.2535546
1.52,0.12,0.19247188,0.3068512,0.077190384,0.6668642,0.2559454
1.52,0.16,0.19612423,0.30886889,0.07616098,0.6654969,0.25834212
1.52,0.2,0.19976656,0.31089,0.07514516,0.6641103,0.26074454
1.52,0.24,0.20339873,0.31291422,0.074142784,0.66270494,0.2631523
1.52,0.28,0.20702064,0.31494144,0.073153734,0.661281,0.26556525
1.52,0.32,0.21063207,0.31697133,0.072177954,0.6598391,0.26798296
1.52,0.36,0.214233,0.31900376,0.07121524,0.65837944,0.27040526
1.52,0.4,0.2178233,0.32103854,0.07026554,0.65690255,0.27283192
1.52,0.44,0.2214029,0.32307553,0.069328636,0.6554086,0.27526268
1.52,0.48,0.22497165,0.32511446,0.06840445,0.65389824,0.27769727
1.52,0.52,0.2285295,0.32715517,0.06749287,0.6523717,0.28013548
1.52,0.56,0.23207645,0.32919753,0.066593684,0.65082926,0.28257704
1.52,0.6,0.23561242,0.33124128,0.06570682,0.6492715,0.28502172
1.52,0.64,0.23913729,0.33328635,0.0648321,0.64769864,0.28746933
1.52,0.68,0.24265112,0.33533257,0.06396939,0.646111,0.28991967
1.52,0.72,0.24615385,0.3373797,0.06311857,0.644509,0.29237247
1.52,0.76,0.24964547,0.33942765,0.06227945,0.6428929,0.29482758
1.52,0.8,0.25312608,0.34147638,0.061451904,0.6412632,0.2972849
1.52,0.84,0.2565956,0.34352562,0.060635805,0.6396201,0.29974413
1.52,0.88,0.2600541,0.34557533,0.05983097,0.6379639,0.30220515
1.52,0.92,0.26350164,0.34762537,0.059037246,0.63629496,0.3046678
1.52,0.96,0.26693827,0.34967566,0.05825449,0.6346136,0.30713195
1.52,1.0,0.27036405,0.35172606,0.05748254,0.63292,0.30959743
1.52,1.04,0.27377912,0.35377657,0.05672124,0.63121456,0.3120642
1.52,1.08,0.2771835,0.35582703,0.05597044,0.62949747,0.31453207
1.52,1.12,0.2805774,0.35787746,0.05522997,0.62776905,0.317001
1.52,1.16,0.28396082,0.35992765,0.05449971,0.62602955,0.31947076
1.52,1.2,0.28733397,0.36197764,0.053779468,0.62427914,0.32194138
1.52,1.24,0.290697,0.36402744,0.053069077,0.62251806,0.32441282
1.52,1.28,0.29405004,0.36607695,0.05236843,0.6207466,0.32688498
1.52,1.32,0.29739326,0.36812615,0.051677294,0.6189649,0.32935777
1.52,1.36,0.30072686,0.370175,0.050995585,0.6171732,0.3318312
1.52,1.4,0.3040509,0.3722235,0.050323155,0.61537176,0.33430514
1.52,1.44,0.3073657,0.37427148,0.04965981,0.6135606,0.3367795
1.52,1.48,0.3106714,0.37631926,0.04900539,0.61174005,0.33925453
1.52,1.52,0.31396815,0.3783666,0.048359785,0.6099102,0.34173
1.52,1.56,0.31725618,0.38041353,0.047722846,0.6080713,0.3442059
1.52,1.6,0.32053575,0.3824601,0.047094405,0.60622334,0.34668225
1.52,1.64,0.3238069,0.38450623,0.046474364,0.60436666,0.349159
1.52,1.68,0.32706997,0.38655198,0.045862515,0.6025012,0.3516362
1.52,1.72,0.33032513,0.3885974,0.0452588,0.60062736,0.35411385
1.52,1.76,0.33357257,0.3906424,0.044663016,0.5987451,0.35659185
1.52,1.8,0.33681238,0.39268702,0.04407511,0.59685457,0.35907024
1.52,1.84,0.34004492,0.39473143,0.04349486,0.59495604,0.36154914
1.52,1.88,0.34327024,0.39677534,0.042922225,0.5930494,0.36402833
1.52,1.92,0.34648857,0.39881897,0.042357054,0.5911351,0.36650795
1.52,1.96,0.34970006,0.40086216,0.041799225,0.58921295,0.36898783
1.52,2.0,0.35290483,0.40290493,0.04124865,0.5872834,0.371468
1.56,-2.0,-0.011599035,0.20929533,0.15369447,0.70332205,0.1429835
1.56,-1.96,-0.007975245,0.21076208,0.15198536,0.7033938,0.14462087
1.56,-1.92,-0.0043367473,0.21224427,0.15028277,0.70343906,0.14627816
1.56,-1.88,-0.0006841569,0.21374184,0.14858705,0.7034576,0.1479553
1.56,-1.84,0.0029821605,0.21525478,0.14689857,0.7034492,0.14965233
1.56,-1.8,0.0066616144,0.21678291,0.14521764,0.70341325,0.15136911
1.56,-1.76,0.010353419,0.21832609,0.1435448,0.70334965,0.15310548
1.56,-1.72,0.014057098,0.21988422,0.14188041,0.7032583,0.15486135
1.56,-1.68,0.01777207,0.22145715,0.14022468,0.7031387,0.15663658
1.56,-1.64,0.021497454,0.2230446,0.13857825,0.7029909,0.15843089
1.56,-1.6,0.02523271,0.2246465,0.13694139,0.70281434,0.1602442
1.56,-1.56,0.028977118,0.2262626,0.1353144,0.70260936,0.16207625
1.56,-1.52,0.032730047,0.2278927,0.13369776,0.70237535,0.16392684
1.56,-1.48,0.036490623,0.22953653,0.1320918,0.70211256,0.16579567
1.56,-1.44,0.04025826,0.23119392,0.13049687,0.7018207,0.16768254
1.56,-1.4,0.04403226,0.23286454,0.12891328,0.7014996,0.16958715
1.56,-1.36,0.047811802,0.23454818,0.12734137,0.70114946,0.17150919
1.56,-1.32,0.051596247,0.23624459,0.12578142,0.7007702,0.17344843
1.56,-1.28,0.055384956,0.23795348,0.12423374,0.7003617,0.17540455
1.56,-1.24,0.059177212,0.23967466,0.12269864,0.6999242,0.17737727
1.56,-1.2,0.062972285,0.2414077,0.12117629,0.69945747,0.1793662
1.56,-1.16,0.06676963,0.2431525,0.11966702,0.69896185,0.18137114
1.56,-1.12,0.070568554,0.24490872,0.11817097,0.69843733,0.18339172
1.56,-1.08,0.07436846,0.24667603,0.11668841,0.69788396,0.18542758
1.56,-1.04,0.07816872,0.24845423,0.11521953,0.69730204,0.18747847
1.56,-1.0,0.08196884,0.250243,0.11376449,0.6966915,0.18954404
1.56,-0.96,0.085768275,0.25204214,0.11232336,0.6960527,0.19162399
1.56,-0.92,0.08956647,0.25385138,0.1108963,0.69538563,0.19371806
1.56,-0.88,0.09336286,0.25567037,0.10948354,0.69469064,0.19582579
1.56,-0.84,0.097157165,0.257499,0.108085,0.6939679,0.19794708
1.56,-0.8,0.10094871,0.25933692,0.1067009,0.69321764,0.20008145
1.56,-0.76,0.10473718,0.2611839,0.10533124,0.69244003,0.20222871
1.56,-0.72,0.108522184,0.2630397,0.1039761,0.6916354,0.20438856
1.56,-0.68,0.11230322,0.26490408,0.102635525,0.6908039,0.20656061
1.56,-0.64,0.11608011,0.26677686,0.101309486,0.6899459,0.20874469
1.56,-0.6,0.1198523,0.26865765,0.0999981,0.68906146,0.21094038
1.56,-0.56,0.12361954,0.2705464,0.09870132,0.6881511,0.21314754
1.56,-0.52,0.1273816,0.27244282,0.09741911,0.68721503,0.2153658
1.56,-0.48,0.13113801,0.27434668,0.09615152,0.6862535,0.21759494
1.56,-0.44,0.1348886,0.27625778,0.09489844,0.685267,0.21983464
1.56,-0.4,0.13863309,0.27817586,0.09365988,0.6842554,0.22208464
1.56,-0.36,0.1423711,0.28010073,0.09243586,0.6832195,0.22434464
1.56,-0.32,0.14610253,0.28203216,0.09122624,0.6821593,0.2266144
1.56,-0.28,0.14982703,0.28396997,0.090031035,0.68107533,0.22889364
1.56,-0.24,0.1535444,0.28591388,0.08885013,0.6799678,0.23118207
1.56,-0.2,0.15725441,0.28786376,0.08768353,0.67883706,0.23347943
1.56,-0.16,0.16095687,0.28981933,0.086531125,0.6776834,0.23578544
1.56,-0.12,0.16465148,0.2917804,0.08539284,0.6765073,0.23809986
1.56,-0.08,0.16833818,0.2937468,0.084268615,0.675309,0.24042238
1.56,-0.04,0.17201664,0.29571828,0.083158344,0.67408895,0.24275278
1.56,0.0,0.17568673,0.29769456,0.08206197,0.67284733,0.24509068
1.56,0.04,0.17934826,0.29967558,0.080979384,0.67158467,0.24743596
1.56,0.08,0.18300101,0.301661,0.079910494,0.6703013,0.24978821
1.56,0.12,0.18664491,0.3036507,0.07885522,0.6689975,0.25214726
1.56,0.16,0.19027965,0.30564442,0.07781347,0.66767377,0.2545128
1.56,0.2,0.19390522,0.30764195,0.076785095,0.66633034,0.25688452
1.56,0.24,0.19752134,0.30964312,0.07577006,0.6649678,0.2592622
1.56,0.28,0.20112799,0.3116477,0.07476818,0.6635862,0.26164562
1.56,0.32,0.20472492,0.31365547,0.07377942,0.6621861,0.26403442
1.56,0.36,0.20831208,0.31566632,0.072803624,0.66076785,0.26642844
1.56,0.4,0.2118893,0.31767994,0.07184068,0.6593319,0.26882735
1.56,0.44,0.21545647,0.31969628,0.070890464,0.6578786,0.27123097
1.56,0.48,0.21901359,0.321715,0.06995289,0.65640813,0.27363896
1.56,0.52,0.22256044,0.32373598,0.069027804,0.65492105,0.27605116
1.56,0.56,0.22609697,0.32575908,0.06811506,0.6534177,0.2784673
1.56,0.6,0.22962317,0.3277841,0.06721457,0.65189826,0.28088716
1.56,0.64,0.2331389,0.3298108,0.06632621,0.6503633,0.28331047
1.56,0.68,0.23664422,0.33183914,0.065449774,0.6488131,0.2857371
1.56,0.72,0.24013896,0.33386892,0.06458521,0.647248,0.2881668
1.56,0.76,0.24362326,0.33589995,0.06373233,0.64566827,0.29059938
1.56,0.8,0.24709696,0.33793214,0.062891014,0.6440744,0.29303464
1.56,0.84,0.25056013,0.33996537,0.062061127,0.6424665,0.2954724
1.56,0.88,0.2540128,0.3419994,0.061242506,0.640845,0.29791248
1.56,0.92,0.25745496,0.3440343,0.060435005,0.6392103,0.30035475
1.56,0.96,0.26088664,0.34606975,0.059638515,0.6375625,0.302799
1.56,1.0,0.26430798,0.34810582,0.05885284,0.63590205,0.30524513
1.56,1.04,0.26771906,0.3501424,0.05807782,0.6342291,0.30769306
1.56,1.08,0.2711198,0.3521793,0.05731335,0.6325441,0.31014258
1.56,1.12,0.27451044,0.3542165,0.056559283,0.6308471,0.31259358
1.56,1.16,0.27789107,0.356254,0.055815425,0.6291385,0.31504607
1.56,1.2,0.2812617,0.3582916,0.055081654,0.6274185,0.31749982
1.56,1.24,0.28462258,0.3603294,0.054357804,0.6256874,0.31995484
1.56,1.28,0.28797385,0.36236724,0.053643692,0.62394524,0.32241106
1.56,1.32,0.29131556,0.36440513,0.052939247,0.6221924,0.32486832
1.56,1.36,0.2946479,0.366443,0.05224427,0.6204291,0.32732663
1.56,1.4,0.29797113,0.36848095,0.051558595,0.61865544,0.329786
1.56,1.44,0.3012853,0.37051874,0.050882112,0.61687165,0.33224624
1.56,1.48,0.30459067,0.37255663,0.050214633,0.61507785,0.33470756
1.56,1.52,0.30788735,0.37459436,0.04955606,0.61327434,0.33716965
1.56,1.56,0.31117555,0.37663206,0.0489062,0.61146116,0.33963266
1.56,1.6,0.31445557,0.37866968,0.04826494,0.60963845,0.34209654
1.56,1.64,0.31772745,0.38070732,0.047632128,0.60780656,0.3445613
1.56,1.68,0.3209915,0.38274485,0.047007613,0.60596544,0.3470269
1.56,1.72,0.3242478,0.38478234,0.04639129,0.6041153,0.34949332
1.56,1.76,0.32749665,0.38681984,0.045783028,0.6022564,0.3519606
1.56,1.8,0.33073822,0.38885725,0.04518266,0.60038865,0.35442865
1.56,1.84,0.33397263,0.39089468,0.04459007,0.59851235,0.3568976
1.56,1.88,0.33720013,0.39293206,0.044005163,0.5966275,0.35936728
1.56,1.92,0.34042087,0.3949694,0.043427806,0.59473443,0.36183777
1.56,1.96,0.34363502,0.3970068,0.042857848,0.59283304,0.3643091
1.56,2.0,0.34684277,0.3990441,0.04229523,0.59092367,0.36678115
1.6,-2.0,-0.015611915,0.20768212,0.1556026,0.70321167,0.14118575
1.6,-1.96,-0.012030558,0.20912129,0.15389885,0.70331174,0.1427894
1.6,-1.92,-0.008434453,0.2105757,0.15220122,0.7033861,0.14441265
1.6,-1.88,-0.0048240945,0.21204521,0.15051004,0.7034345,0.14605542
1.6,-1.84,-0.0012000495,0.21352975,0.14882573,0.70345664,0.14771761
1.6,-1.8,0.0024371396,0.21502924,0.14714873,0.70345217,0.14939919
1.6,-1.76,0.0060867365,0.2165435,0.1454794,0.70342064,0.15109996
1.6,-1.72,0.009748239,0.21807244,0.14381813,0.70336205,0.15281989
1.6,-1.68,0.013421013,0.21961589,0.14216526,0.703276,0.15455878
1.6,-1.64,0.017104268,0.22117364,0.1405213,0.70316225,0.15631641
1.6,-1.6,0.020797443,0.22274554,0.13888659,0.7030208,0.15809265
1.6,-1.56,0.024499742,0.22433138,0.13726147,0.7028513,0.15988725
1.6,-1.52,0.028210677,0.22593097,0.13564633,0.7026536,0.16170008
1.6,-1.48,0.031929307,0.22754404,0.13404155,0.7024277,0.16353078
1.6,-1.44,0.035655085,0.2291704,0.13244742,0.7021734,0.1653792
1.6,-1.4,0.03938734,0.23080982,0.13086432,0.70189065,0.16724505
1.6,-1.36,0.043125283,0.23246205,0.12929256,0.70157933,0.16912806
1.6,-1.32,0.04686825,0.23412688,0.12773247,0.7012395,0.171028
1.6,-1.28,0.05061565,0.23580402,0.12618428,0.7008712,0.17294456
1.6,-1.24,0.054366827,0.23749322,0.124648266,0.70047426,0.17487745
1.6,-1.2,0.0581211,0.23919424,0.123124756,0.70004886,0.1768264
1.6,-1.16,0.061877817,0.24090682,0.12161388,0.699595,0.1787911
1.6,-1.12,0.065636545,0.24263078,0.120115936,0.69911283,0.18077134
1.6,-1.08,0.069396496,0.24436572,0.118631065,0.69860214,0.18276672
1.6,-1.04,0.07315719,0.24611148,0.11715951,0.69806343,0.18477699
1.6,-1.0,0.07691813,0.24786788,0.11570142,0.6974967,0.18680193
1.6,-0.96,0.08067892,0.24963465,0.11425684,0.6969019,0.18884125
1.6,-0.92,0.08443879,0.25141138,0.11282604,0.6962794,0.1908945
1.6,-0.88,0.08819748,0.25319803,0.1114091,0.69562936,0.19296156
1.6,-0.84,0.0919545,0.25499433,0.11000606,0.69495183,0.19504213
1.6,-0.8,0.095709436,0.25680006,0.108617015,0.694247,0.19713598
1.6,-0.76,0.099461816,0.2586149,0.107242085,0.69351524,0.1992427
1.6,-0.72,0.10321138,0.26043877,0.10588126,0.6927566,0.20136218
1.6,-0.68,0.106957644,0.26227134,0.10453463,0.6919713,0.20349404
1.6,-0.64,0.11070038,0.26411244,0.10320222,0.6911597,0.20563805
1.6,-0.6,0.11443909,0.2659619,0.10188404,0.69032204,0.20779397
1.6,-0.56,0.11817365,0.2678194,0.10058012,0.6894584,0.20996153
1.6,-0.52,0.12190372,0.2696849,0.099290386,0.6885691,0.2121405
1.6,-0.48,0.12562887,0.27155805,0.09801493,0.6876545,0.21433058
1.6,-0.44,0.12934898,0.2734387,0.09675364,0.6867148,0.21653156
1.6,-0.4,0.13306373,0.27532664,0.09550654,0.6857503,0.21874315
1.6,-0.36,0.13677287,0.27722174,0.094273634,0.6847612,0.22096513
1.6,-0.32,0.14047615,0.2791237,0.093054846,0.6837479,0.22319724
1.6,-0.28,0.14417335,0.28103238,0.091850094,0.68271077,0.22543924
1.6,-0.24,0.14786424,0.2829475,0.0906594,0.68164974,0.22769079
1.6,-0.2,0.15154858,0.284869,0.08948267,0.6805656,0.22995174
1.6,-0.16,0.15522613,0.28679654,0.08831986,0.6794583,0.23222177
1.6,-0.12,0.15889677,0.28873008,0.08717089,0.6783284,0.23450074
1.6,-0.08,0.1625602,0.29066923,0.08603572,0.6771761,0.23678823
1.6,-0.04,0.16621624,0.29261386,0.084914275,0.67600167,0.23908402
1.6,0.0,0.16986473,0.29456383,0.083806455,0.6748056,0.24138792
1.6,0.04,0.17350551,0.29651892,0.082712196,0.67358816,0.2436997
1.6,0.08,0.17713833,0.29847887,0.081631444,0.67234963,0.24601898
1.6,0.12,0.18076298,0.30044347,0.080564074,0.6710904,0.2483455
1.6,0.16,0.18437935,0.30241254,0.079510055,0.6698109,0.25067905
1.6,0.2,0.18798733,0.304386,0.0784692,0.6685113,0.25301948
1.6,0.24,0.19158663,0.3063635,0.07744153,0.6671921,0.25536636
1.6,0.28,0.19517715,0.3083449,0.076426856,0.66585374,0.25771952
1.6,0.32,0.19875878,0.3103299,0.07542512,0.66449624,0.26007864
1.6,0.36,0.20233133,0.31231847,0.07443627,0.6631203,0.26244348
1.6,0.4,0.2058947,0.3143103,0.07346008,0.661726,0.26481387
1.6,0.44,0.2094487,0.31630522,0.07249655,0.660314,0.2671894
1.6,0.48,0.2129933,0.3183031,0.07154555,0.65888447,0.26957005
1.6,0.52,0.21652833,0.3203037,0.070606925,0.65743774,0.27195537
1.6,0.56,0.22005375,0.32230684,0.069680564,0.6559742,0.27434522
1.6,0.6,0.22356942,0.3243124,0.06876642,0.6544942,0.2767394
1.6,0.64,0.22707531,0.32632014,0.067864254,0.6529981,0.2791376
1.6,0.68,0.23057131,0.3283299,0.06697409,0.6514863,0.28153965
1.6,0.72,0.2340574,0.33034158,0.066095665,0.649959,0.28394535
1.6,0.76,0.23753355,0.332355,0.0652289,0.6484167,0.28635445
1.6,0.8,0.24099967,0.33436996,0.06437369,0.6468595,0.28876677
1.6,0.84,0.2444558,0.33638632,0.063529894,0.645288,0.2911821
1.6,0.88,0.24790196,0.33840412,0.06269735,0.6437022,0.2936004
1.6,0.92,0.25133806,0.34042305,0.06187594,0.6421028,0.2960213
1.6,0.96,0.25476426,0.34244308,0.06106548,0.6404897,0.29844484
1.6,1.0,0.25818053,0.34446406,0.060265906,0.6388634,0.30087072
1.6,1.04,0.2615869,0.34648597,0.059477024,0.6372241,0.30329892
1.6,1.08,0.2649834,0.34850854,0.058698703,0.63557214,0.3057291
1.6,1.12,0.26837024,0.35053194,0.057930797,0.63390774,0.3081614
1.6,1.16,0.27174744,0.35255593,0.05717316,0.6322312,0.31059563
1.6,1.2,0.275115,0.35458043,0.05642566,0.63054276,0.31303158
1.6,1.24,0.27847317,0.35660544,0.05568814,0.62884265,0.3154692
1.6,1.28,0.28182206,0.35863096,0.054960415,0.627131,0.31790859
1.6,1.32,0.2851617,0.3606568,0.054242395,0.6254082,0.32034943
1.6,1.36,0.28849238,0.3626831,0.053533893,0.6236743,0.3227918
1.6,1.4,0.29181415,0.36470968,0.0528348,0.6219296,0.32523564
1.6,1.44,0.29512718,0.36673653,0.052144933,0.6201742,0.3276808
1.6,1.48,0.2984317,0.36876374,0.05146416,0.6184084,0.33012742
1.6,1.52,0.3017278,0.37079123,0.050792348,0.61663234,0.3325753
1.6,1.56,0.30501574,0.37281904,0.050129317,0.6148461,0.33502457
1.6,1.6,0.30829567,0.37484708,0.04947496,0.6130499,0.3374751
1.6,1.64,0.31156778,0.37687546,0.04882915,0.61124396,0.33992693
1.6,1.68,0.31483224,0.378904,0.04819174,0.60942835,0.34237996
1.6,1.72,0.31808928,0.3809329,0.047562562,0.60760313,0.34483427
1.6,1.76,0.32133907,0.3829621,0.0469415,0.6057686,0.34728986
1.6,1.8,0.32458183,0.38499165,0.04632845,0.6039249,0.3497467
1.6,1.84,0.32781774,0.38702148,0.045723274,0.60207194,0.3522048
1.6,1.88,0.3310469,0.38905153,0.045125816,0.6002101,0.35466406
1.6,1.92,0.33426955,0.3910819,0.04453601,0.59833944,0.3571245
1.6,1.96,0.3374859,0.3931127,0.043953687,0.59646004,0.35958627
1.6,2.0,0.3406961,0.39514372,0.04337875,0.594572,0.3620492
1.64,-2.0,-0.019632306,0.20607747,0.15753078,0.7030684,0.13940082
1.64,-1.96,-0.01609395,0.2074891,0.15583295,0.70319617,0.14097087
1.64,-1.92,-0.01254086,0.20891571,0.15414082,0.70329905,0.14256015
1.64,-1.88,-0.008973491,0.2103571,0.15245482,0.70337665,0.14416851
1.64,-1.84,-0.005392365,0.2118133,0.15077536,0.7034287,0.14579599
1.64,-1.8,-0.0017982404,0.21328403,0.14910282,0.70345485,0.14744231
1.64,-1.76,0.0018084476,0.21476935,0.14743765,0.70345473,0.14910756
1.64,-1.72,0.0054269796,0.21626908,0.14578015,0.7034283,0.15079154
1.64,-1.68,0.009056693,0.21778293,0.14413083,0.70337516,0.15249401
1.64,-1.64,0.012697014,0.21931086,0.14249003,0.70329505,0.15421492
1.64,-1.6,0.016347174,0.22085261,0.14085811,0.7031878,0.155954
1.64,-1.56,0.020006625,0.22240812,0.13923547,0.7030534,0.15771115
1.64,-1.52,0.02367458,0.22397706,0.13762249,0.70289147,0.15948607
1.64,-1.48,0.027350472,0.2255593,0.13601951,0.7027019,0.16127862
1.64,-1.44,0.031033516,0.22715452,0.13442686,0.70248467,0.16308849
1.64,-1.4,0.03472307,0.2287626,0.13284492,0.70223963,0.16491547
1.64,-1.36,0.038418464,0.23038325,0.13127397,0.70196664,0.16675931
1.64,-1.32,0.04211914,0.23201634,0.12971425,0.7016659,0.16861983
1.64,-1.28,0.04582436,0.23366152,0.12816617,0.7013372,0.17049666
1.64,-1.24,0.049533535,0.23531863,0.12662993,0.70098037,0.17238963
1.64,-1.2,0.05324601,0.2369874,0.12510577,0.7005958,0.17429839
1.64,-1.16,0.056961354,0.23866767,0.12359392,0.70018333,0.1762228
1.64,-1.12,0.060678843,0.24035911,0.122094594,0.6997429,0.17816249
1.64,-1.08,0.06439796,0.24206151,0.12060803,0.6992748,0.18011719
1.64,-1.04,0.06811833,0.24377477,0.1191343,0.6987789,0.1820868
1.64,-1.0,0.07183926,0.24549851,0.11767369,0.6982555,0.18407086
1.64,-0.96,0.075560346,0.24723257,0.116226256,0.69770455,0.1860692
1.64,-0.92,0.0792811,0.24897674,0.114792176,0.6971262,0.18808156
1.64,-0.88,0.083001316,0.25073087,0.11337147,0.69652075,0.19010778
1.64,-0.84,0.08672019,0.25249457,0.11196439,0.69588816,0.1921474
1.64,-0.8,0.090437636,0.25426787,0.11057091,0.6952287,0.19420041
1.64,-0.76,0.0941532,0.2560504,0.109191105,0.6945424,0.19626646
1.64,-0.72,0.09786642,0.257842,0.10782503,0.6938297,0.19834524
1.64,-0.68,0.10157706,0.2596425,0.1064728,0.6930906,0.20043658
1.64,-0.64,0.10528485,0.26145178,0.105134346,0.6923253,0.20254034
1.64,-0.6,0.10898937,0.26326948,0.103809744,0.69153416,0.20465614
1.64,-0.56,0.112690374,0.26509556,0.10249901,0.6907172,0.20678382
1.64,-0.52,0.11638759,0.26692975,0.10120211,0.68987477,0.20892312
1.64,-0.48,0.12008074,0.2687719,0.09991913,0.68900704,0.21107382
1.64,-0.44,0.123769544,0.27062184,0.09864997,0.68811435,0.2132357
1.64,-0.4,0.1274538,0.27247936,0.09739461,0.6871968,0.21540855
1.64,-0.36,0.1311332,0.27434424,0.09615312,0.68625474,0.21759208
1.64,-0.32,0.1348076,0.2762164,0.09492538,0.68528855,0.21978612
1.64,-0.28,0.13847665,0.27809554,0.093711406,0.6842982,0.22199039
1.64,-0.24,0.1421402,0.27998155,0.092511125,0.6832842,0.22420464
1.64,-0.2,0.14579804,0.28187418,0.09132449,0.68224686,0.22642867
1.64,-0.16,0.14944993,0.2837733,0.09015149,0.68118626,0.22866225
1.64,-0.12,0.15309568,0.28567874,0.088992044,0.6801029,0.23090512
1.64,-0.08,0.15673508,0.28759024,0.08784614,0.67899686,0.23315704
1.64,-0.04,0.16036789,0.28950763,0.086713664,0.6778686,0.23541775
1.64,0.0,0.16399395,0.2914307,0.08559459,0.6767184,0.23768699
1.64,0.04,0.16761313,0.29335934,0.084488794,0.6755466,0.2399646
1.64,0.08,0.17122512,0.29529327,0.0833963,0.6743535,0.24225023
1.64,0.12,0.17482981,0.29723233,0.08231693,0.6731394,0.24454369
1.64,0.16,0.17842697,0.2991763,0.08125072,0.6719046,0.24684468
1.64,0.2,0.18201649,0.301125,0.08019751,0.6706495,0.24915296
1.64,0.24,0.18559813,0.3030782,0.07915724,0.6693744,0.2514683
1.64,0.28,0.18917178,0.30503577,0.07812984,0.6680797,0.25379044
1.64,0.32,0.19273722,0.30699745,0.07711522,0.66676563,0.2561191
1.64,0.36,0.19629438,0.30896312,0.07611326,0.66543263,0.25845408
1.64,0.4,0.19984305,0.31093252,0.07512392,0.6640809,0.26079512
1.64,0.44,0.2033831,0.3129055,0.074147075,0.66271096,0.26314193
1.64,0.48,0.20691441,0.31488183,0.0731826,0.6613231,0.2654943
1.64,0.52,0.21043685,0.3168614,0.07223044,0.6599176,0.26785198
1.64,0.56,0.21395034,0.31884393,0.07129043,0.65849483,0.27021474
1.64,0.6,0.21745473,0.3208293,0.07036258,0.65705514,0.2725823
1.64,0.64,0.22094996,0.32281733,0.069446616,0.6555989,0.2749545
1.64,0.68,0.22443594,0.32480785,0.06854256,0.65412635,0.2773311
1.64,0.72,0.22791256,0.32680073,0.067650236,0.65263784,0.27971187
1.64,0.76,0.23137988,0.3287958,0.06676951,0.65113384,0.28209665
1.64,0.8,0.23483774,0.33079287,0.065900296,0.64961445,0.28448522
1.64,0.84,0.23828612,0.33279184,0.06504244,0.6480802,0.28687733
1.64,0.88,0.24172504,0.33479255,0.06419586,0.6465313,0.28927287
1.64,0.92,0.24515444,0.33679485,0.06336041,0.64496803,0.2916716
1.64,0.96,0.24857445,0.33879864,0.06253588,0.64339066,0.2940734
1.64,1.0,0.2519849,0.34080386,0.061722282,0.6417996,0.29647812
1.64,1.04,0.255386,0.34281033,0.06091934,0.640195,0.2988856
1.64,1.08,0.25877765,0.344818,0.060127024,0.6385773,0.3012957
1.64,1.12,0.26216,0.34682676,0.059345108,0.63694656,0.3037083
1.64,1.16,0.26553312,0.3488365,0.058573537,0.6353032,0.3061233
1.64,1.2,0.2688971,0.35084724,0.057812087,0.6336474,0.30854055
1.64,1.24,0.27225193,0.35285884,0.057060674,0.63197935,0.31096
1.64,1.28,0.27559784,0.35487118,0.056319136,0.6302993,0.3133815
1.64,1.32,0.27893496,0.3568844,0.055587318,0.6286076,0.3158051
1.64,1.36,0.2822633,0.35889828,0.054865118,0.6269043,0.31823057
1.64,1.4,0.28558308,0.3609128,0.05415236,0.6251897,0.32065794
1.64,1.44,0.28889447,0.3629281,0.053448893,0.623464,0.32308722
1.64,1.48,0.29219761,0.36494398,0.052754574,0.6217272,0.32551822
1.64,1.52,0.29549265,0.3669605,0.052069284,0.6199797,0.32795104
1.64,1.56,0.29877976,0.3689776,0.051392887,0.6182216,0.33038554
1.64,1.6,0.3020591,0.37099534,0.050725196,0.616453,0.3328218
1.64,1.64,0.30533093,0.3730137,0.050066125,0.61467415,0.33525977
1.64,1.68,0.30859533,0.37503263,0.049415555,0.6128851,0.33769932
1.64,1.72,0.31185257,0.3770522,0.04877328,0.6110861,0.34014064
1.64,1.76,0.31510285,0.37907243,0.048139215,0.6092772,0.34258363
1.64,1.8,0.31834626,0.3810932,0.0475132,0.6074586,0.34502822
1.64,1.84,0.32158306,0.38311464,0.04689517,0.60563034,0.34747446
1.64,1.88,0.3248134,0.3851367,0.04628494,0.60379267,0.34992236
1.64,1.92,0.32803753,0.38715944,0.045682404,0.60194564,0.35237193
1.64,1.96,0.33125553,0.38918284,0.04508744,0.6000894,0.35482314
1.64,2.0,0.33446768,0.39120686,0.04449996,0.59822404,0.357276
1.68,-2.0,-0.023658464,0.20448211,0.15947823,0.70289224,0.13762954
1.68,-1.96,-0.02016371,0.20586626,0.15778688,0.703047,0.13916613
1.68,-1.92,-0.016654188,0.20726502,0.15610091,0.70317763,0.14072147
1.68,-1.88,-0.013130492,0.2086783,0.15442073,0.7032838,0.1422955
1.68,-1.84,-0.009593088,0.21010607,0.15274674,0.703365,0.14388822
1.68,-1.8,-0.0060425857,0.2115482,0.15107933,0.7034212,0.14549951
1.68,-1.76,-0.0024796524,0.21300445,0.14941894,0.7034519,0.14712915
1.68,-1.72,0.0010951455,0.21447487,0.14776592,0.70345694,0.14877719
1.68,-1.68,0.0046810913,0.21595915,0.14612073,0.70343596,0.15044333
1.68,-1.64,0.008277674,0.2174572,0.14448372,0.70338887,0.15212749
1.68,-1.6,0.0118841,0.21896884,0.14285526,0.7033153,0.15382947
1.68,-1.56,0.015499766,0.22049382,0.14123578,0.7032151,0.15554905
1.68,-1.52,0.019124039,0.22203207,0.13962561,0.70308834,0.15728611
1.68,-1.48,0.022756163,0.22358325,0.13802508,0.7029345,0.15904035
1.68,-1.44,0.026395625,0.22514734,0.13643457,0.7027538,0.16081166
1.68,-1.4,0.030041711,0.22672395,0.13485439,0.7025458,0.16259974
1.68,-1.36,0.033693742,0.22831295,0.13328488,0.70231074,0.16440436
1.68,-1.32,0.03735121,0.22991417,0.13172628,0.7020484,0.16622537
1.68,-1.28,0.04101338,0.2315273,0.13017891,0.7017586,0.16806242
1.68,-1.24,0.044679724,0.23315218,0.12864298,0.70144165,0.16991535
1.68,-1.2,0.04834965,0.23478861,0.12711881,0.7010973,0.17178388
1.68,-1.16,0.05202266,0.23643637,0.12560652,0.7007257,0.17366783
1.68,-1.12,0.055698194,0.23809525,0.124106415,0.7003266,0.17556694
1.68,-1.08,0.059375696,0.23976502,0.122618675,0.69990045,0.17748092
1.68,-1.04,0.06305475,0.24144551,0.12114337,0.6994471,0.17940961
1.68,-1.0,0.06673488,0.24313653,0.119680755,0.69896656,0.18135275
1.68,-0.96,0.07041552,0.24483773,0.118230976,0.698459,0.18331
1.68,-0.92,0.07409644,0.24654916,0.1167941,0.69792455,0.18528134
1.68,-0.88,0.07777719,0.24827051,0.11537026,0.69736326,0.18726647
1.68,-0.84,0.08145729,0.25000158,0.11395954,0.6967754,0.18926509
1.68,-0.8,0.0851364,0.2517422,0.11256206,0.6961609,0.19127707
1.68,-0.76,0.08881428,0.25349224,0.11117784,0.69552004,0.19330215
1.68,-0.72,0.09249052,0.25525147,0.10980694,0.6948529,0.19534016
1.68,-0.68,0.09616478,0.25701973,0.108449444,0.6941597,0.19739084
1.68,-0.64,0.099836774,0.25879684,0.10710539,0.6934406,0.19945401
1.68,-0.6,0.1035063,0.2605827,0.105774775,0.69269574,0.2015295
1.68,-0.56,0.107172996,0.26237696,0.104457624,0.69192535,0.20361698
1.68,-0.52,0.11083668,0.2641797,0.10315395,0.6911297,0.20571642
1.68,-0.48,0.11449695,0.26599056,0.10186376,0.69030887,0.20782743
1.68,-0.44,0.118153706,0.26780945,0.10058704,0.689463,0.2099499
1.68,-0.4,0.12180665,0.2696362,0.09932378,0.6885926,0.21208362
1.68,-0.36,0.12545556,0.27147067,0.09807395,0.68769765,0.21422839
1.68,-0.32,0.12910023,0.27331263,0.096837595,0.6867785,0.21638395
1.68,-0.28,0.13274038,0.27516192,0.09561462,0.68583524,0.21855009
1.68,-0.24,0.13637583,0.2770184,0.09440505,0.68486834,0.22072662
1.68,-0.2,0.14000635,0.27888185,0.09320878,0.6838779,0.22291331
1.68,-0.16,0.14363177,0.28075218,0.09202581,0.68286425,0.22510996
1.68,-0.12,0.14725186,0.28262907,0.090856135,0.68182755,0.22731629
1.68,-0.08,0.1508664,0.28451246,0.08969967,0.68076825,0.2295321
1.68,-0.04,0.15447514,0.28640217,0.08855637,0.6796864,0.23175715
1.68,0.0,0.15807801,0.28829792,0.087426186,0.67858255,0.23399124
1.68,0.04,0.16167477,0.29019964,0.08630905,0.67745686,0.23623411
1.68,0.08,0.1652651,0.29210705,0.085204944,0.6763096,0.23848549
1.68,0.12,0.16884898,0.29402003,0.08411374,0.67514104,0.24074523
1.68,0.16,0.1724261,0.29593828,0.08303546,0.67395157,0.24301296
1.68,0.2,0.17599636,0.29786175,0.08197,0.67274153,0.24528852
1.68,0.24,0.1795595,0.29979014,0.08091727,0.6715111,0.24757162
1.68,0.28,0.18311541,0.30172336,0.07987723,0.6702607,0.24986209
1.68,0.32,0.1866639,0.3036611,0.07884975,0.6689907,0.2521596
1.68,0.36,0.19020483,0.3056033,0.0778348,0.66770124,0.25446397
1.68,0.4,0.19373801,0.30754966,0.07683232,0.66639286,0.25677487
1.68,0.44,0.19726326,0.3095,0.07584216,0.6650657,0.25909212
1.68,0.48,0.20078051,0.31145424,0.07486427,0.66372025,0.2614155
1.68,0.52,0.20428954,0.31341204,0.07389855,0.66235673,0.2637447
1.68,0.56,0.2077903,0.3153733,0.07294493,0.6609756,0.26607952
1.68,0.6,0.21128266,0.3173379,0.07200328,0.65957695,0.26841974
1.68,0.64,0.21476643,0.3193056,0.071073525,0.6581614,0.27076513
1.68,0.68,0.21824162,0.3212762,0.07015553,0.656729,0.27311543
1.68,0.72,0.22170807,0.32324958,0.069249205,0.6552803,0.27547047
1.68,0.76,0.22516577,0.3252256,0.06835448,0.65381545,0.27783
1.68,0.8,0.2286146,0.32720408,0.06747118,0.6523349,0.2801939
1.68,0.84,0.2320545,0.32918483,0.06659923,0.6508389,0.28256187
1.68,0.88,0.23548546,0.33116776,0.065738484,0.64932775,0.28493375
1.68,0.92,0.23890747,0.3331528,0.064888835,0.64780176,0.28730947
1.68,0.96,0.24232054,0.33513972,0.06405017,0.64626116,0.2896887
1.68,1.0,0.24572459,0.3371284,0.06322235,0.64470637,0.2920713
1.68,1.04,0.2491197,0.3391188,0.062405232,0.6431376,0.29445726
1.68,1.08,0.25250584,0.34111077,0.06159875,0.64155495,0.29684627
1.68,1.12,0.2558831,0.3431042,0.060802698,0.63995904,0.2992383
1.68,1.16,0.2592515,0.34509897,0.060016982,0.63834983,0.30163312
1.68,1.2,0.26261118,0.3470952,0.059241444,0.63672775,0.30403078
1.68,1.24,0.26596212,0.3490926,0.05847597,0.635093,0.30643108
1.68,1.28,0.26930448,0.3510912,0.05772041,0.6334457,0.30883393
1.68,1.32,0.2726384,0.353091,0.056974605,0.6317861,0.3112393
1.68,1.36,0.2759639,0.35509175,0.056238487,0.63011456,0.31364697
1.68,1.4,0.27928117,0.35709354,0.055511855,0.62843114,0.31605697
1.68,1.44,0.28259033,0.35909647,0.05479455,0.6267361,0.31846935
1.68,1.48,0.28589153,0.36110032,0.0540865,0.62502956,0.3208839
1.68,1.52,0.28918493,0.36310512,0.053387534,0.6233119,0.32330066
1.68,1.56,0.29247066,0.36511087,0.052697495,0.621583,0.32571957
1.68,1.6,0.2957489,0.36711752,0.052016284,0.6198432,0.32814056
1.68,1.64,0.29901987,0.36912516,0.05134376,0.61809254,0.33056366
1.68,1.68,0.30228373,0.37113377,0.05067973,0.6163313,0.33298898
1.68,1.72,0.30554068,0.37314326,0.05002413,0.6145596,0.33541626
1.68,1.76,0.3087908,0.37515372,0.049376804,0.61277753,0.33784568
1.68,1.8,0.3120344,0.37716508,0.048737623,0.6109852,0.3402771
1.68,1.84,0.31527165,0.37917745,0.04810647,0.6091829,0.34271067
1.68,1.88,0.31850266,0.38119078,0.047483187,0.6073705,0.34514627
1.68,1.92,0.3217277,0.38320512,0.04686768,0.6055483,0.34758395
1.68,1.96,0.32494688,0.3852204,0.046259854,0.6037165,0.3500237
1.68,2.0,0.3281604,0.38723665,0.04565955,0.601875,0.35246545
1.72,-2.0,-0.027688725,0.2028967,0.16144425,0.7026831,0.13587266
1.72,-1.96,-0.02423819,0.20425335,0.15976001,0.7028641,0.13737583
1.72,-1.92,-0.020772895,0.20562434,0.1580808,0.7030219,0.13889737
1.72,-1.88,-0.017293427,0.20700955,0.15640709,0.7031557,0.14043723
1.72,-1.84,-0.013800356,0.20840895,0.1547392,0.70326555,0.14199531
1.72,-1.8,-0.010294268,0.20982233,0.15307754,0.70335096,0.1435715
1.72,-1.76,-0.0067757373,0.21124965,0.1514226,0.7034117,0.14516574
1.72,-1.72,-0.003245372,0.21269074,0.14977466,0.7034474,0.14677788
1.72,-1.68,0.00029610097,0.21414542,0.14813426,0.703458,0.14840771
1.72,-1.64,0.0038480717,0.21561351,0.14650178,0.7034431,0.15005513
1.72,-1.6,0.007410048,0.21709496,0.14487739,0.7034025,0.15172002
1.72,-1.56,0.010981178,0.21858948,0.14326172,0.7033361,0.15340212
1.72,-1.52,0.014560952,0.22009695,0.14165501,0.70324373,0.15510128
1.72,-1.48,0.018148635,0.22161716,0.14005764,0.70312506,0.15681732
1.72,-1.44,0.02174376,0.22314993,0.13846989,0.70298004,0.15855004
1.72,-1.4,0.025345484,0.224695,0.13689217,0.7028086,0.16029915
1.72,-1.36,0.028953355,0.22625229,0.13532473,0.7026107,0.16206457
1.72,-1.32,0.032566767,0.22782157,0.1337678,0.70238614,0.16384605
1.72,-1.28,0.036185134,0.22940262,0.13222176,0.70213497,0.16564332
1.72,-1.24,0.039807804,0.2309952,0.13068683,0.70185703,0.16745616
1.72,-1.2,0.043434426,0.23259917,0.1291632,0.70155233,0.16928445
1.72,-1.16,0.047064375,0.23421438,0.1276511,0.701221,0.17112793
1.72,-1.12,0.05069713,0.23584059,0.12615079,0.7008628,0.17298637
1.72,-1.08,0.054332238,0.2374776,0.12466236,0.700478,0.17485957
1.72,-1.04,0.057969294,0.23912527,0.123186074,0.7000667,0.1767473
1.72,-1.0,0.061607797,0.24078336,0.12172203,0.6996286,0.1786494
1.72,-0.96,0.065247364,0.24245177,0.12027036,0.699164,0.18056563
1.72,-0.92,0.068887584,0.24413028,0.11883123,0.6986729,0.1824958
1.72,-0.88,0.0725282,0.24581882,0.117404684,0.69815564,0.18443978
1.72,-0.84,0.076168686,0.24751702,0.1159909,0.69761187,0.18639722
1.72,-0.8,0.0798088,0.24922493,0.11458986,0.69704205,0.18836813
1.72,-0.76,0.0834483,0.25094232,0.11320169,0.6964462,0.1903522
1.72,-0.72,0.08708673,0.25266898,0.11182645,0.6958243,0.19234924
1.72,-0.68,0.090723835,0.2544048,0.11046415,0.69517684,0.19435905
1.72,-0.64,0.09435941,0.25614965,0.10911489,0.69450355,0.19638152
1.72,-0.6,0.097993195,0.25790334,0.10777865,0.6938049,0.19841644
1.72,-0.56,0.10162484,0.2596658,0.10645546,0.6930809,0.20046362
1.72,-0.52,0.105254166,0.2614368,0.10514535,0.6923318,0.20252289
1.72,-0.48,0.108880915,0.26321614,0.10384835,0.69155765,0.204594
1.72,-0.44,0.11250485,0.2650038,0.10256442,0.69075876,0.20667683
1.72,-0.4,0.11612577,0.26679954,0.10129354,0.68993527,0.20877117
1.72,-0.36,0.11974341,0.26860324,0.10003581,0.6890874,0.21087681
1.72,-0.32,0.123357564,0.2704147,0.0987911,0.6882153,0.21299356
1.72,-0.28,0.12696804,0.27223387,0.097559445,0.6873193,0.2151213
1.72,-0.24,0.13057464,0.27406052,0.096340775,0.68639946,0.21725973
1.72,-0.2,0.13417704,0.27589443,0.09513519,0.68545616,0.21940866
1.72,-0.16,0.13777521,0.27773553,0.09394255,0.68448955,0.22156793
1.72,-0.12,0.14136876,0.27958357,0.09276288,0.6834998,0.22373727
1.72,-0.08,0.1449577,0.28143853,0.09159608,0.68248737,0.22591656
1.72,-0.04,0.14854163,0.2833001,0.090442136,0.6814524,0.2281055
1.72,0.0,0.15212043,0.2851681,0.08930108,0.68039507,0.23030387
1.72,0.04,0.15569393,0.2870424,0.0881728,0.67931575,0.23251148
1.72,0.08,0.15926188,0.28892288,0.087057225,0.67821467,0.23472811
1.72,0.12,0.16282406,0.2908092,0.08595441,0.6770921,0.23695344
1.72,0.16,0.16638033,0.29270136,0.08486423,0.67594844,0.23918737
1.72,0.2,0.1699305,0.29459906,0.08378661,0.6747838,0.24142957
1.72,0.24,0.17347437,0.2965021,0.08272153,0.6735986,0.2436798
1.72,0.28,0.17701174,0.2984104,0.08166891,0.67239314,0.2459379
1.72,0.32,0.18054241,0.30032367,0.08062869,0.67116773,0.24820359
1.72,0.36,0.18406633,0.30224174,0.07960087,0.6699226,0.25047657
1.72,0.4,0.18758318,0.3041645,0.078585245,0.668658,0.2527567
1.72,0.44,0.19109282,0.3060917,0.07758188,0.6673745,0.2550437
1.72,0.48,0.19459517,0.3080231,0.07659058,0.66607213,0.25733727
1.72,0.52,0.19808997,0.30995858,0.0756114,0.6647514,0.2596372
1.72,0.56,0.20157723,0.311898,0.07464414,0.6634125,0.26194334
1.72,0.6,0.20505673,0.31384116,0.07368875,0.66205585,0.2642554
1.72,0.64,0.20852831,0.3157878,0.07274513,0.6606817,0.26657313
1.72,0.68,0.21199188,0.31773782,0.07181321,0.65929043,0.2688963
1.72,0.72,0.21544737,0.31969112,0.07089288,0.6578824,0.27122483
1.72,0.76,0.21889469,0.32164738,0.06998405,0.65645754,0.2735583
1.72,0.8,0.22233371,0.32360658,0.06908665,0.6550167,0.27589664
1.72,0.84,0.2257644,0.3255685,0.068200484,0.6535599,0.2782396
1.72,0.88,0.22918668,0.32753298,0.06732555,0.65208745,0.280587
1.72,0.92,0.23260061,0.32950002,0.06646163,0.65059966,0.28293875
1.72,0.96,0.236006,0.33146933,0.06560867,0.64909685,0.28529453
1.72,1.0,0.2394029,0.33344072,0.064766556,0.64757925,0.28765416
1.72,1.04,0.24279134,0.33541435,0.06393517,0.6460472,0.29001766
1.72,1.08,0.24617127,0.3373899,0.06311437,0.644501,0.29238468
1.72,1.12,0.2495428,0.33936733,0.06230401,0.64294076,0.29475528
1.72,1.16,0.25290588,0.34134653,0.061504018,0.6413669,0.29712912
1.72,1.2,0.2562606,0.34332743,0.06071422,0.63977957,0.29950625
1.72,1.24,0.25960702,0.34530997,0.059934523,0.638179,0.30188647
1.72,1.28,0.2629452,0.34729403,0.05916479,0.63656557,0.3042697
1.72,1.32,0.2662753,0.34927958,0.058404837,0.6349393,0.30665582
1.72,1.36,0.26959735,0.35126662,0.057654597,0.63330054,0.30904487
1.72,1.4,0.27291146,0.353255,0.0569139,0.6316495,0.31143662
1.72,1.44,0.2762178,0.35524476,0.056182582,0.6299863,0.31383115
1.72,1.48,0.27951652,0.35723585,0.0554606,0.6283111,0.3162283
1.72,1.52,0.2828077,0.35922825,0.054747704,0.6266242,0.3186281
1.72,1.56,0.2860915,0.3612219,0.054043837,0.62492573,0.32103044
1.72,1.6,0.2893681,0.36321682,0.053348854,0.62321585,0.3234353
1.72,1.64,0.2926377,0.36521298,0.05266262,0.62149465,0.3258427
1.72,1.68,0.29590043,0.36721045,0.051984977,0.61976236,0.32825267
1.72,1.72,0.29915655,0.3692092,0.051315803,0.6180191,0.3306651
1.72,1.76,0.30240607,0.37120908,0.050654985,0.616265,0.33307996
1.72,1.8,0.30564928,0.37321037,0.050002392,0.6145002,0.33549735
1.72,1.84,0.3088864,0.3752129,0.04935787,0.6127249,0.3379172
1.72,1.88,0.31211755,0.37721673,0.048721325,0.61093915,0.34033954
1.72,1.92,0.31534293,0.37922183,0.048092637,0.609143,0.34276432
1.72,1.96,0.31856272,0.38122827,0.047471657,0.6073367,0.34519163
1.72,2.0,0.32177714,0.38323602,0.046858314,0.60552037,0.34762138
1.76,-2.0,-0.03172148,0.20132184,0.1634281,0.7024411,0.13413087
1.76,-1.96,-0.028315602,0.20265117,0.16175154,0.7026476,0.13560088
1.76,-1.92,-0.024895187,0.20399438,0.16007976,0.7028315,0.1370887
1.76,-1.88,-0.021460501,0.20535165,0.15841302,0.7029925,0.13859454
1.76,-1.84,-0.018012408,0.20672263,0.1567519,0.70313007,0.14011806
1.76,-1.8,-0.014551253,0.2081074,0.15509668,0.703244,0.14165935
1.76,-1.76,-0.01107777,0.20950575,0.15344778,0.70333403,0.14321823
1.76,-1.72,-0.007592607,0.2109175,0.1518057,0.7033998,0.14479451
1.76,-1.68,-0.004096336,0.21234253,0.15017073,0.70344114,0.1463881
1.76,-1.64,-0.0005895495,0.21378079,0.14854333,0.7034578,0.14799894
1.76,-1.6,0.002927131,0.215232,0.1469238,0.7034495,0.14962676
1.76,-1.56,0.006453082,0.21669605,0.14531259,0.703416,0.15127146
1.76,-1.52,0.009987573,0.21817273,0.14370997,0.7033572,0.1529328
1.76,-1.48,0.013530129,0.21966192,0.14211635,0.703273,0.15461066
1.76,-1.44,0.017080031,0.22116339,0.14053208,0.70316315,0.15630482
1.76,-1.4,0.020636773,0.22267696,0.1389574,0.7030275,0.15801512
1.76,-1.36,0.024199722,0.22420248,0.13739266,0.702866,0.15974131
1.76,-1.32,0.02776834,0.22573976,0.13583812,0.7026787,0.16148324
1.76,-1.28,0.031342175,0.22728865,0.13429403,0.70246524,0.16324078
1.76,-1.24,0.03492054,0.22884893,0.13276063,0.70222574,0.16501364
1.76,-1.2,0.03850302,0.23042046,0.13123816,0.70196015,0.16680168
1.76,-1.16,0.042089168,0.23200305,0.12972684,0.70166844,0.16860469
1.76,-1.12,0.045678426,0.23359656,0.12822694,0.7013506,0.1704225
1.76,-1.08,0.049270414,0.23520076,0.12673847,0.7010067,0.17225488
1.76,-1.04,0.052864723,0.23681554,0.12526172,0.70063657,0.1741017
1.76,-1.0,0.056460977,0.23844078,0.12379674,0.70024043,0.17596279
1.76,-0.96,0.06005869,0.24007626,0.12234378,0.6998183,0.17783795
1.76,-0.92,0.06365756,0.24172178,0.12090291,0.69937015,0.17972691
1.76,-0.88,0.06725737,0.24337736,0.11947417,0.69889617,0.1816297
1.76,-0.84,0.07085758,0.24504276,0.11805777,0.69839627,0.18354604
1.76,-0.8,0.074458,0.2467178,0.11665368,0.6978707,0.18547572
1.76,-0.76,0.078058384,0.24840243,0.115262,0.6973193,0.1874187
1.76,-0.72,0.081658356,0.25009647,0.113882825,0.6967425,0.18937472
1.76,-0.68,0.08525769,0.25179976,0.1125162,0.6961401,0.19134362
1.76,-0.64,0.08885613,0.2535122,0.11116218,0.6955126,0.19332527
1.76,-0.6,0.0924534,0.25523368,0.10982073,0.69485974,0.19531953
1.76,-0.56,0.09604928,0.25696403,0.10849193,0.6941819,0.1973262
1.76,-0.52,0.09964357,0.25870308,0.10717581,0.69347906,0.19934513
1.76,-0.48,0.103236094,0.26045078,0.10587234,0.69275147,0.20137617
1.76,-0.44,0.1068265,0.26220703,0.10458156,0.6919993,0.20341916
1.76,-0.4,0.1104146,0.2639715,0.103303485,0.69122267,0.20547386
1.76,-0.36,0.11400027,0.26574424,0.102038085,0.6904217,0.20754014
1.76,-0.32,0.11758322,0.26752508,0.100785404,0.6895967,0.2096179
1.76,-0.28,0.121163234,0.26931375,0.0995454,0.68874776,0.21170685
1.76,-0.24,0.124740206,0.2711103,0.098318025,0.68787515,0.21380687
1.76,-0.2,0.12831381,0.27291435,0.097103365,0.68697894,0.2159177
1.76,-0.16,0.13188395,0.27472597,0.09590128,0.6860594,0.21803929
1.76,-0.12,0.1354503,0.2765449,0.09471183,0.6851169,0.2201713
1.76,-0.08,0.13901271,0.2783709,0.09353501,0.6841514,0.22231352
1.76,-0.04,0.14257105,0.28020394,0.09237073,0.68316334,0.2244659
1.76,0.0,0.14612505,0.28204387,0.09121897,0.68215287,0.22662817
1.76,0.04,0.14967445,0.28389034,0.09007977,0.6811202,0.22879995
1.76,0.08,0.15321913,0.2857434,0.088953,0.6800657,0.23098126
1.76,0.12,0.15675892,0.28760278,0.087838665,0.6789895,0.2331718
1.76,0.16,0.16029352,0.28946826,0.08673672,0.67789197,0.23537132
1.76,0.2,0.16382276,0.29133973,0.08564716,0.67677325,0.23757958
1.76,0.24,0.16734646,0.2932169,0.08456989,0.6756338,0.23979634
1.76,0.28,0.1708645,0.29509974,0.08350487,0.67447364,0.24202143
1.76,0.32,0.17437658,0.29698807,0.08245205,0.67329335,0.24425468
1.76,0.36,0.17788261,0.29888153,0.08141136,0.6720929,0.24649568
1.76,0.4,0.1813823,0.30078006,0.08038281,0.670873,0.24874426
1.76,0.44,0.18487552,0.3026834,0.07936628,0.66963357,0.25100017
1.76,0.48,0.18836218,0.3045915,0.0783617,0.6683749,0.25326332
1.76,0.52,0.19184197,0.3065041,0.07736901,0.66709775,0.2555333
1.76,0.56,0.19531485,0.30842102,0.076388136,0.6658019,0.25780997
1.76,0.6,0.19878064,0.310342,0.075419046,0.66448784,0.26009303
1.76,0.64,0.2022392,0.31226707,0.074461624,0.66315603,0.26238236
1.76,0.68,0.20569044,0.31419593,0.07351579,0.6618066,0.2646777
1.76,0.72,0.20913416,0.31612837,0.07258145,0.66043985,0.26697874
1.76,0.76,0.21257034,0.31806427,0.07165851,0.6590561,0.26928538
1.76,0.8,0.21599884,0.32000357,0.07074688,0.6576558,0.27159742
1.76,0.84,0.21941952,0.3219459,0.069846526,0.656239,0.27391452
1.76,0.88,0.2228324,0.3238913,0.06895726,0.6548062,0.2762366
1.76,0.92,0.22623736,0.3258395,0.06807905,0.6533575,0.27856338
1.76,0.96,0.22963443,0.32779053,0.06721172,0.6518933,0.28089488
1.76,1.0,0.23302343,0.3297441,0.06635523,0.65041405,0.2832307
1.76,1.04,0.2364045,0.33170018,0.065509416,0.64891976,0.28557083
1.76,1.08,0.23977757,0.33365867,0.064674206,0.64741075,0.28791505
1.76,1.12,0.2431426,0.33561936,0.063849464,0.6458874,0.29026324
1.76,1.16,0.24649966,0.33758217,0.063035056,0.64434975,0.29261518
1.76,1.2,0.24984878,0.33954713,0.062230866,0.64279824,0.29497084
1.76,1.24,0.25319,0.34151405,0.061436795,0.6412331,0.2973301
1.76,1.28,0.25652346,0.34348297,0.06065268,0.63965446,0.2996929
1.76,1.32,0.25984904,0.3454536,0.059878442,0.6380626,0.30205896
1.76,1.36,0.26316702,0.34742606,0.05911391,0.63645774,0.30442834
1.76,1.4,0.2664774,0.34940034,0.058358982,0.6348401,0.30680096
1.76,1.44,0.2697803,0.35137624,0.057613496,0.6332099,0.30917668
1.76,1.48,0.27307594,0.35335383,0.056877334,0.6315671,0.31155553
1.76,1.52,0.27636436,0.3553331,0.056150366,0.62991226,0.31393746
1.76,1.56,0.27964565,0.3573139,0.05543246,0.6282452,0.31632233
1.76,1.6,0.28292006,0.35929638,0.054723494,0.62656635,0.31871018
1.76,1.64,0.2861877,0.36128038,0.054023363,0.6248757,0.32110092
1.76,1.68,0.28944874,0.36326596,0.053331856,0.6231736,0.32349458
1.76,1.72,0.2927034,0.3652531,0.052648906,0.6214599,0.32589114
1.76,1.76,0.29595175,0.3672419,0.051974386,0.619735,0.3282906
1.76,1.8,0.2991941,0.3692323,0.051308118,0.61799896,0.330693
1.76,1.84,0.30243054,0.37122422,0.05065004,0.61625177,0.33309817
1.76,1.88,0.30566123,0.37321773,0.049999993,0.6144937,0.33550626
1.76,1.92,0.30888644,0.3752129,0.049357872,0.6127249,0.33791724
1.76,1.96,0.31210628,0.3772097,0.048723545,0.61094534,0.34033105
1.76,2.0,0.315321,0.3792082,0.048096895,0.6091553,0.34274784
1.8,-2.0,-0.03575496,0.19975822,0.16542895,0.70216614,0.1324049
1.8,-1.96,-0.032394394,0.20106018,0.16376074,0.70239747,0.1338418
1.8,-1.92,-0.029019179,0.20237586,0.1620969,0.7026069,0.13529623
1.8,-1.88,-0.025629956,0.20370513,0.16043787,0.702794,0.1367681
1.8,-1.84,-0.022227366,0.20504786,0.15878414,0.70295864,0.1382573
1.8,-1.8,-0.018811807,0.20640399,0.15713593,0.70310026,0.13976376
1.8,-1.76,-0.015384086,0.20777343,0.15549384,0.7032188,0.1412874
1.8,-1.72,-0.011944635,0.20915595,0.15385816,0.7033138,0.14282803
1.8,-1.68,-0.008494158,0.21055147,0.1522293,0.7033851,0.14438559
1.8,-1.64,-0.0050332868,0.21195981,0.15060769,0.7034325,0.14595985
1.8,-1.6,-0.0015625345,0.21338087,0.14899361,0.7034556,0.14755079
1.8,-1.56,0.0019174344,0.2148144,0.14738749,0.7034544,0.14915809
1.8,-1.52,0.005406044,0.21626036,0.14578973,0.70342857,0.15078175
1.8,-1.48,0.008902702,0.21771851,0.14420055,0.70337796,0.15242152
1.8,-1.44,0.012406785,0.21918869,0.14262034,0.70330244,0.15407723
1.8,-1.4,0.01591779,0.22067074,0.14104939,0.70320183,0.15574871
1.8,-1.36,0.019435193,0.22216457,0.13948797,0.7030762,0.15743585
1.8,-1.32,0.022958402,0.22366995,0.13793637,0.7029252,0.15913844
1.8,-1.28,0.02648695,0.2251867,0.13639484,0.7027489,0.16085628
1.8,-1.24,0.03002029,0.22671467,0.13486369,0.70254713,0.16258919
1.8,-1.2,0.033558026,0.22825372,0.13334298,0.70232,0.16433705
1.8,-1.16,0.037099626,0.2298037,0.13183308,0.70206726,0.16609965
1.8,-1.12,0.040644757,0.23136449,0.13033405,0.7017891,0.1678769
1.8,-1.08,0.044193074,0.23293595,0.12884611,0.7014852,0.16966861
1.8,-1.04,0.047743935,0.23451786,0.12736946,0.701156,0.17147456
1.8,-1.0,0.051297214,0.23611015,0.1259042,0.7008012,0.17329465
1.8,-0.96,0.054852508,0.23771268,0.1244504,0.70042086,0.17512874
1.8,-0.92,0.05840941,0.23932528,0.12300828,0.700015,0.17697665
1.8,-0.88,0.061967652,0.24094789,0.12157795,0.6995838,0.17883825
1.8,-0.84,0.06552702,0.24258038,0.12015939,0.69912726,0.18071343
1.8,-0.8,0.069087096,0.24422255,0.118752725,0.6986453,0.18260197
1.8,-0.76,0.07264769,0.24587436,0.11735809,0.6981381,0.1845038
1.8,-0.72,0.07620852,0.24753568,0.11597551,0.69760585,0.18641874
1.8,-0.68,0.07976943,0.2492064,0.114604965,0.6970483,0.18834671
1.8,-0.64,0.08333009,0.25088638,0.11324659,0.6964659,0.19028755
1.8,-0.6,0.08689024,0.2525755,0.1119004,0.6958586,0.19224103
1.8,-0.56,0.09044968,0.2542736,0.11056642,0.6952265,0.19420709
1.8,-0.52,0.09400836,0.25598073,0.109244645,0.6945697,0.19618563
1.8,-0.48,0.09756583,0.25769663,0.10793514,0.6938884,0.19817644
1.8,-0.44,0.10112202,0.25942117,0.10663793,0.6931827,0.20017938
1.8,-0.4,0.10467672,0.26115435,0.105353,0.69245267,0.20219435
1.8,-0.36,0.10822965,0.2628959,0.10408037,0.69169855,0.2042211
1.8,-0.32,0.111780636,0.26464576,0.10282003,0.6909205,0.20625953
1.8,-0.28,0.11532958,0.26640385,0.10157196,0.69011855,0.20830952
1.8,-0.24,0.11887617,0.26816997,0.10033622,0.68929297,0.21037084
1.8,-0.2,0.122420155,0.26994398,0.09911279,0.6884439,0.21244329
1.8,-0.16,0.1259615,0.27172577,0.097901605,0.6875715,0.2145268
1.8,-0.12,0.12949987,0.27351516,0.09670273,0.68667614,0.21662112
1.8,-0.08,0.13303515,0.27531213,0.09551608,0.68575776,0.21872611
1.8,-0.04,0.13656701,0.27711627,0.09434176,0.6848168,0.22084144
1.8,0.0,0.14009541,0.27892768,0.093179576,0.6838533,0.22296713
1.8,0.04,0.14361998,0.2807461,0.09202965,0.6828676,0.22510283
1.8,0.08,0.14714062,0.2825713,0.090891905,0.6818598,0.22724831
1.8,0.12,0.15065713,0.28440318,0.08976629,0.6808302,0.22940345
1.8,0.16,0.15416923,0.2862416,0.08865286,0.6797791,0.23156802
1.8,0.2,0.15767682,0.28808635,0.08755148,0.6787067,0.23374182
1.8,0.24,0.16117959,0.2899373,0.08646221,0.67761326,0.2359246
1.8,0.28,0.1646774,0.29179418,0.08538491,0.67649895,0.23811612
1.8,0.32,0.16817006,0.29365698,0.08431961,0.6753642,0.24031623
1.8,0.36,0.17165735,0.29552528,0.08326629,0.6742092,0.24252456
1.8,0.4,0.17513905,0.2973991,0.08222485,0.67303413,0.24474104
1.8,0.44,0.17861505,0.29927817,0.08119525,0.6718395,0.24696532
1.8,0.48,0.18208513,0.30116236,0.08017746,0.6706253,0.24919724
1.8,0.52,0.18554914,0.3030514,0.079171404,0.66939205,0.25143653
1.8,0.56,0.18900687,0.30494526,0.07817704,0.66813993,0.25368303
1.8,0.6,0.19245815,0.30684364,0.077194266,0.6668693,0.25593644
1.8,0.64,0.1959029,0.3087464,0.07622302,0.66558045,0.25819656
1.8,0.68,0.19934094,0.3106534,0.0752633,0.6642735,0.2604632
1.8,0.72,0.20277211,0.31256443,0.07431494,0.662949,0.2627361
1.8,0.76,0.20619631,0.31447926,0.07337792,0.6616071,0.265015
1.8,0.8,0.20961343,0.3163979,0.072452135,0.660248,0.26729983
1.8,0.84,0.21302336,0.3183201,0.0715375,0.65887225,0.26959026
1.8,0.88,0.21642607,0.32024568,0.0706339,0.6574798,0.2718862
1.8,0.92,0.21982135,0.32217455,0.069741346,0.6560713,0.27418736
1.8,0.96,0.22320926,0.32410654,0.06885962,0.65464675,0.2764936
1.8,1.0,0.22658972,0.32604155,0.06798868,0.6532065,0.27880478
1.8,1.04,0.22996268,0.32797948,0.067128375,0.6517509,0.28112072
1.8,1.08,0.23332809,0.32992008,0.06627866,0.6502802,0.2834412
1.8,1.12,0.23668602,0.33186337,0.0654394,0.64879453,0.2857661
1.8,1.16,0.24003637,0.3338092,0.06461048,0.6472943,0.2880953
1.8,1.2,0.2433792,0.3357575,0.06379178,0.64577955,0.2904287
1.8,1.24,0.24671453,0.33770806,0.0629832,0.64425075,0.29276603
1.8,1.28,0.25004247,0.33966094,0.062184628,0.642708,0.29510736
1.8,1.32,0.25336304,0.34161606,0.06139591,0.64115155,0.2974525
1.8,1.36,0.25667623,0.34357327,0.060616963,0.6395817,0.29980135
1.8,1.4,0.25998232,0.34553272,0.059847582,0.63799846,0.30215397
1.8,1.44,0.2632812,0.34749413,0.059087735,0.63640225,0.3045101
1.8,1.48,0.26657304,0.34945747,0.058337267,0.63479304,0.30686966
1.8,1.52,0.26985803,0.3514228,0.057596054,0.63317126,0.30923268
1.8,1.56,0.27313623,0.3533901,0.05686392,0.6315369,0.31159917
1.8,1.6,0.27640784,0.35535926,0.056140807,0.6298902,0.313969
1.8,1.64,0.27967295,0.35733044,0.05542651,0.6282313,0.3163422
1.8,1.68,0.28293175,0.35930347,0.05472098,0.62656033,0.3187187
1.8,1.72,0.28618443,0.36127838,0.054024037,0.62487745,0.3210985
1.8,1.76,0.28943107,0.3632552,0.053335574,0.62318283,0.32348162
1.8,1.8,0.29267183,0.36523387,0.052655503,0.62147665,0.3258679
1.8,1.84,0.29590705,0.3672145,0.05198361,0.61975884,0.32825753
1.8,1.88,0.2991368,0.369197,0.05131984,0.6180297,0.33065042
1.8,1.92,0.30236122,0.37118155,0.05066405,0.6162894,0.33304664
1.8,1.96,0.30558062,0.37316793,0.050016124,0.6145378,0.33544606
1.8,2.0,0.308795,0.37515625,0.049375977,0.6127752,0.33784875
1.84,-2.0,-0.039787482,0.19820641,0.16744596,0.70185864,0.13069537
1.84,-1.96,-0.03647257,0.19948122,0.16578665,0.7021138,0.13209951
1.84,-1.92,-0.033143163,0.2007694,0.16413143,0.70234793,0.13352066
1.84,-1.88,-0.029799964,0.2020708,0.16248076,0.7025605,0.1349588
1.84,-1.84,-0.026443336,0.20338535,0.16083498,0.70275116,0.13641381
1.84,-1.8,-0.023074018,0.20471299,0.15919453,0.7029198,0.13788567
1.84,-1.76,-0.019692587,0.20605351,0.15755981,0.70306593,0.1393742
1.84,-1.72,-0.016299577,0.20740682,0.15593126,0.70318943,0.14087929
1.84,-1.68,-0.01289551,0.2087729,0.15430915,0.7032899,0.14240095
1.84,-1.64,-0.009481101,0.21015142,0.15269394,0.7033672,0.14393885
1.84,-1.6,-0.00605692,0.21154234,0.15108603,0.703421,0.14549297
1.84,-1.56,-0.0026234477,0.21294552,0.14948569,0.7034511,0.14706317
1.84,-1.52,0.0008185355,0.21436077,0.14789338,0.7034574,0.14864923
1.84,-1.48,0.00426865,0.21578795,0.14630929,0.70343965,0.15025102
1.84,-1.44,0.007726322,0.21722695,0.14473382,0.70339775,0.15186846
1.84,-1.4,0.01119096,0.21867758,0.1431672,0.7033315,0.15350133
1.84,-1.36,0.0146620795,0.22013968,0.14160986,0.70324075,0.15514947
1.84,-1.32,0.018139265,0.22161318,0.14006183,0.7031254,0.15681282
1.84,-1.28,0.021621926,0.22309785,0.13852347,0.7029854,0.15849112
1.84,-1.24,0.025109645,0.22459355,0.13699506,0.70282066,0.16018422
1.84,-1.2,0.028601995,0.22610024,0.1354768,0.7026312,0.16189207
1.84,-1.16,0.032098513,0.22761768,0.13396883,0.7024167,0.16361444
1.84,-1.12,0.035598934,0.22914582,0.13247134,0.70217746,0.16535124
1.84,-1.08,0.039102796,0.23068446,0.13098453,0.7019132,0.16710229
1.84,-1.04,0.042609714,0.23223355,0.12950855,0.701624,0.1688675
1.84,-1.0,0.046119433,0.233793,0.12804346,0.7013098,0.17064676
1.84,-0.96,0.049631655,0.2353626,0.12658948,0.7009706,0.17243989
1.84,-0.92,0.053145997,0.23694232,0.12514664,0.7006065,0.1742468
1.84,-0.88,0.056662153,0.23853196,0.12371514,0.70021755,0.1760673
1.84,-0.84,0.06018001,0.24013153,0.122295044,0.69980365,0.17790137
1.84,-0.8,0.06369917,0.24174088,0.12088635,0.69936484,0.17974885
1.84,-0.76,0.067219436,0.2433599,0.11948912,0.6989013,0.18160962
1.84,-0.72,0.07074054,0.24498847,0.11810356,0.69841295,0.18348353
1.84,-0.68,0.07426239,0.24662654,0.11672965,0.6978998,0.18537053
1.84,-0.64,0.077784546,0.24827395,0.115367405,0.6973621,0.18727045
1.84,-0.6,0.081307,0.24993068,0.114016876,0.6967999,0.1891832
1.84,-0.56,0.084829465,0.2515966,0.112678155,0.6962131,0.19110867
1.84,-0.52,0.0883518,0.25327164,0.11135117,0.69560206,0.19304675
1.84,-0.48,0.09187364,0.25495556,0.1100361,0.6949666,0.19499722
1.84,-0.44,0.09539491,0.25664842,0.108732864,0.6943071,0.19696005
1.84,-0.4,0.09891554,0.25835007,0.1074414,0.6936235,0.19893512
1.84,-0.36,0.10243507,0.2600603,0.106161915,0.6929159,0.20092218
1.84,-0.32,0.1059535,0.26177913,0.104894325,0.69218445,0.20292123
1.84,-0.28,0.10947051,0.2635063,0.10363865,0.69142944,0.20493193
1.84,-0.24,0.112986036,0.26524186,0.10239481,0.69065076,0.20695437
1.84,-0.2,0.11649981,0.2669856,0.10116298,0.6898488,0.20898828
1.84,-0.16,0.1200116,0.26873732,0.09994303,0.6890235,0.21103343
1.84,-0.12,0.12352123,0.270497,0.09873502,0.68817526,0.21308975
1.84,-0.08,0.12702854,0.27226445,0.097538896,0.6873041,0.21515706
1.84,-0.04,0.13053325,0.27403948,0.096354745,0.6864101,0.2172351
1.84,0.0,0.13403521,0.27582207,0.09518243,0.68549377,0.21932381
1.84,0.04,0.13753422,0.27761194,0.09402206,0.684555,0.22142293
1.84,0.08,0.14103003,0.279409,0.09287357,0.68359417,0.22353223
1.84,0.12,0.14452247,0.2812131,0.091736965,0.6826114,0.2256516
1.84,0.16,0.14801131,0.28302404,0.09061219,0.681607,0.2277808
1.84,0.2,0.15149638,0.28484172,0.08949925,0.68058115,0.22991963
1.84,0.24,0.15497738,0.28666583,0.088398166,0.679534,0.2320678
1.84,0.28,0.15845418,0.28849638,0.08730882,0.6784659,0.2342252
1.84,0.32,0.16192658,0.29033312,0.08623123,0.6773771,0.23639162
1.84,0.36,0.1653943,0.29217586,0.085165404,0.6762678,0.23856676
1.84,0.4,0.16885726,0.29402444,0.08411126,0.67513835,0.24075045
1.84,0.44,0.17231518,0.29587868,0.08306875,0.6739888,0.24294245
1.84,0.48,0.17576787,0.29773843,0.08203784,0.6728196,0.24514256
1.84,0.52,0.1792152,0.29960343,0.08101852,0.67163104,0.24735048
1.84,0.56,0.18265691,0.3014736,0.08001071,0.6704232,0.24956606
1.84,0.6,0.1860929,0.30334866,0.07901438,0.6691965,0.25178906
1.84,0.64,0.18952303,0.30522865,0.07802944,0.6679512,0.25401932
1.84,0.68,0.19294702,0.30711317,0.077055834,0.66668767,0.2562565
1.84,0.72,0.19636482,0.30900213,0.07609352,0.665406,0.25850046
1.84,0.76,0.1997763,0.31089544,0.07514244,0.6641066,0.260751
1.84,0.8,0.20318128,0.31279278,0.074202485,0.6627897,0.26300782
1.84,0.84,0.20657967,0.31469417,0.0732736,0.6614555,0.26527083
1.84,0.88,0.20997138,0.31659934,0.07235568,0.6601046,0.26753977
1.84,0.92,0.21335627,0.31850815,0.0714487,0.6587368,0.26981443
1.84,0.96,0.21673428,0.3204205,0.070552535,0.65735275,0.2720947
1.84,1.0,0.22010536,0.32233626,0.06966707,0.65595263,0.27438033
1.84,1.04,0.22346947,0.32425526,0.068792276,0.6545366,0.27667117
1.84,1.08,0.2268265,0.32617736,0.06792798,0.65310496,0.27896702
1.84,1.12,0.23017651,0.32810253,0.06707415,0.651658,0.28126785
1.84,1.16,0.23351948,0.33003065,0.06623061,0.65019596,0.28357342
1.84,1.2,0.2368553,0.3319615,0.06539733,0.64871913,0.28588355
1.84,1.24,0.2401841,0.33389512,0.06457413,0.6472277,0.2881982
1.84,1.28,0.24350587,0.3358314,0.06376094,0.64572185,0.29051724
1.84,1.32,0.24682064,0.33777022,0.06295761,0.6442018,0.29284054
1.84,1.36,0.2501285,0.33971152,0.062164083,0.6426679,0.295168
1.84,1.4,0.25342953,0.3416553,0.061380196,0.6411202,0.2974996
1.84,1.44,0.2567237,0.3436014,0.06060586,0.6395591,0.2998351
1.84,1.48,0.26001123,0.34554988,0.059840903,0.6379845,0.30217457
1.84,1.52,0.2632922,0.34750065,0.05908522,0.6363969,0.30451792
1.84,1.56,0.26656666,0.34945357,0.058338728,0.63479626,0.306865
1.84,1.6,0.26983488,0.35140893,0.057601243,0.6331828,0.30921602
1.84,1.64,0.2730968,0.35336637,0.0568727,0.63155663,0.31157064
1.84,1.68,0.27635273,0.3553261,0.0561529,0.62991804,0.31392905
1.84,1.72,0.27960283,0.357288,0.0554418,0.6282671,0.31629112
1.84,1.76,0.28284714,0.35925213,0.054739207,0.6266039,0.3186569
1.84,1.8,0.28608587,0.36121845,0.05404505,0.62492865,0.3210263
1.84,1.84,0.28931928,0.36318702,0.053359166,0.6232414,0.3233994
1.84,1.88,0.2925474,0.36515778,0.052681457,0.6215424,0.32577613
1.84,1.92,0.2957705,0.36713082,0.052011825,0.6198316,0.32815656
1.84,1.96,0.2989888,0.3691061,0.05135009,0.6181093,0.3305407
1.84,2.0,0.30220237,0.37108362,0.05069621,0.61637545,0.3329284
1.88,-2.0,-0.043817237,0.19666712,0.16947822,0.70151865,0.1290031
1.88,-1.96,-0.040548433,0.1979149,0.16782846,0.70179695,0.13037464
1.88,-1.92,-0.037265398,0.19917563,0.1661825,0.7020548,0.13176268
1.88,-1.88,-0.03396859,0.20044932,0.16454072,0.70229197,0.13316733
1.88,-1.84,-0.030658618,0.2017358,0.16290362,0.70250803,0.13458838
1.88,-1.8,-0.027336,0.203035,0.16127153,0.7027027,0.13602579
1.88,-1.76,-0.02400137,0.20434678,0.15964486,0.7028757,0.13747945
1.88,-1.72,-0.020655273,0.20567103,0.15802403,0.7030267,0.13894925
1.88,-1.68,-0.017298196,0.20700769,0.15640935,0.7031556,0.14043513
1.88,-1.64,-0.013931014,0.20835645,0.15480135,0.70326185,0.14193682
1.88,-1.6,-0.010553877,0.20971741,0.15320016,0.7033454,0.1434544
1.88,-1.56,-0.0071676187,0.21109027,0.15160629,0.7034061,0.14498758
1.88,-1.52,-0.003772673,0.21247494,0.15002002,0.7034437,0.1465363
1.88,-1.48,-0.00036965308,0.21387124,0.1484417,0.70345795,0.14810033
1.88,-1.44,0.0030409005,0.21527909,0.14687163,0.7034488,0.14967963
1.88,-1.4,0.0064586396,0.21669835,0.14531004,0.70341593,0.15127406
1.88,-1.36,0.009882992,0.21812889,0.14375721,0.7033593,0.15288346
1.88,-1.32,0.01331346,0.21957055,0.1422135,0.70327884,0.15450767
1.88,-1.28,0.016749708,0.22102325,0.14067897,0.7031744,0.15614662
1.88,-1.24,0.020191206,0.22248682,0.13915399,0.7030459,0.15780012
1.88,-1.2,0.02363766,0.2239612,0.13763867,0.7028932,0.15946813
1.88,-1.16,0.027088555,0.22544621,0.13613328,0.7027163,0.16115044
1.88,-1.12,0.030543674,0.2269418,0.13463789,0.7025151,0.16284698
1.88,-1.08,0.034002587,0.22844781,0.13315277,0.7022896,0.16455764
1.88,-1.04,0.037465032,0.22996414,0.13167801,0.7020397,0.16628224
1.88,-1.0,0.04093065,0.23149076,0.13021371,0.70176554,0.16802078
1.88,-0.96,0.044399258,0.23302756,0.12876002,0.7014669,0.16977313
1.88,-0.92,0.047870453,0.23457438,0.12731709,0.70114374,0.17153913
1.88,-0.88,0.05134403,0.2361312,0.12588495,0.7007963,0.17331874
1.88,-0.84,0.054819807,0.2376979,0.1244637,0.70042443,0.17511183
1.88,-0.8,0.05829742,0.23927438,0.123053536,0.70002824,0.17691827
1.88,-0.76,0.061776802,0.24086063,0.121654354,0.6996076,0.17873807
1.88,-0.72,0.06525766,0.2424565,0.12026629,0.6991626,0.18057105
1.88,-0.68,0.06873987,0.24406199,0.11888938,0.6986934,0.18241721
1.88,-0.64,0.07222306,0.2456769,0.1175238,0.6981999,0.18427633
1.88,-0.6,0.07570715,0.24730119,0.11616941,0.69768226,0.18614833
1.88,-0.56,0.07919204,0.24893486,0.11482637,0.69714046,0.18803324
1.88,-0.52,0.082677364,0.25057772,0.11349468,0.6965745,0.18993078
1.88,-0.48,0.08616303,0.2522297,0.11217437,0.69598466,0.19184095
1.88,-0.44,0.08964878,0.25389072,0.11086556,0.6953709,0.19376358
1.88,-0.4,0.093134664,0.25556076,0.109568074,0.69473326,0.19569868
1.88,-0.36,0.09662015,0.25723955,0.10828208,0.69407195,0.19764596
1.88,-0.32,0.10010527,0.25892714,0.10700761,0.693387,0.19960539
1.88,-0.28,0.103589855,0.26062343,0.1057446,0.69267845,0.20157687
1.88,-0.24,0.1070736,0.26232818,0.104493186,0.69194657,0.2035602
1.88,-0.2,0.11055631,0.26404142,0.10325323,0.6911915,0.20555528
1.88,-0.16,0.11403788,0.26576293,0.102024905,0.69041324,0.20756194
1.88,-0.12,0.11751807,0.2674926,0.10080808,0.68961185,0.20957999
1.88,-0.08,0.120996684,0.26923037,0.09960281,0.6887878,0.2116094
1.88,-0.04,0.12447349,0.270976,0.09840917,0.68794096,0.21364984
1.88,0.0,0.12794833,0.27272946,0.097227074,0.6870717,0.21570125
1.88,0.04,0.131421,0.27449054,0.09605653,0.68618006,0.21776344
1.88,0.08,0.13489115,0.2762591,0.09489759,0.68526626,0.21983618
1.88,0.12,0.13835874,0.27803499,0.09375024,0.68433046,0.22191931
1.88,0.16,0.14182356,0.27981812,0.092614375,0.68337286,0.22401272
1.88,0.2,0.14528526,0.28160828,0.09149015,0.6823938,0.2261161
1.88,0.24,0.1487437,0.28340527,0.09037741,0.68139327,0.22822925
1.88,0.28,0.15219869,0.28520906,0.08927626,0.6803717,0.23035207
1.88,0.32,0.15565002,0.28701937,0.088186584,0.67932916,0.2324843
1.88,0.36,0.15909743,0.288836,0.08710843,0.6782659,0.23462568
1.88,0.4,0.16254069,0.29065883,0.086041726,0.67718226,0.23677598
1.88,0.44,0.1659797,0.29248774,0.084986486,0.67607844,0.23893507
1.88,0.48,0.16941419,0.2943225,0.08394266,0.67495465,0.24110268
1.88,0.52,0.17284402,0.29616302,0.08291017,0.6738111,0.24327873
1.88,0.56,0.17626892,0.298009,0.08188907,0.6726482,0.24546279
1.88,0.6,0.17968884,0.2998603,0.08087924,0.671466,0.24765472
1.88,0.64,0.1831034,0.30171683,0.0798807,0.670265,0.24985434
1.88,0.68,0.1865126,0.3035783,0.07889335,0.66904527,0.25206137
1.88,0.72,0.18991622,0.30544466,0.077917114,0.66780716,0.25427568
1.88,0.76,0.1933141,0.30731568,0.07695205,0.66655093,0.256497
1.88,0.8,0.1967061,0.30919117,0.07599797,0.6652769,0.2587251
1.88,0.84,0.20009217,0.31107113,0.07505483,0.66398525,0.26095992
1.88,0.88,0.20347208,0.3129552,0.07412262,0.6626763,0.26320106
1.88,0.92,0.20684575,0.31484336,0.07320126,0.6613503,0.26544845
1.88,0.96,0.21021307,0.3167354,0.07229063,0.66000754,0.26770183
1.88,1.0,0.21357404,0.3186312,0.07139066,0.65864813,0.26996112
1.88,1.04,0.21692853,0.3205307,0.07050129,0.6572726,0.27222613
1.88,1.08,0.22027646,0.32243368,0.06962237,0.655881,0.2744966
1.88,1.12,0.22361784,0.32434008,0.06875389,0.6544737,0.27677244
1.88,1.16,0.2269526,0.32624972,0.0678957,0.65305084,0.27905345
1.88,1.2,0.23028071,0.32816255,0.0670477,0.6516127,0.2813396
1.88,1.24,0.23360224,0.33007842,0.06620981,0.65015954,0.28363058
1.88,1.28,0.23691717,0.3319974,0.065381944,0.6486916,0.28592646
1.88,1.32,0.24022548,0.33391926,0.06456395,0.647209,0.28822708
1.88,1.36,0.24352723,0.33584386,0.06375574,0.645712,0.2905322
1.88,1.4,0.24682254,0.33777136,0.06295715,0.644201,0.29284188
1.88,1.44,0.25011143,0.33970153,0.062168147,0.6426758,0.295156
1.88,1.48,0.25339395,0.3416343,0.061388608,0.641137,0.29747438
1.88,1.52,0.25667024,0.34356976,0.060618352,0.63958454,0.29979712
1.88,1.56,0.25994036,0.34550777,0.05985729,0.6380186,0.30212402
1.88,1.6,0.26320451,0.3474484,0.059105307,0.63643956,0.30445516
1.88,1.64,0.26646268,0.34939152,0.058362313,0.63484734,0.30679038
1.88,1.68,0.26971516,0.35133716,0.05762811,0.6332421,0.30912974
1.88,1.72,0.27296203,0.3532854,0.05690263,0.63162416,0.31147322
1.88,1.76,0.2762034,0.35523605,0.056185763,0.62999356,0.31382066
1.88,1.8,0.27943948,0.35718927,0.055477366,0.62835044,0.3161722
1.88,1.84,0.28267047,0.35914505,0.054777276,0.6266948,0.31852788
1.88,1.88,0.2858964,0.36110327,0.05408546,0.62502706,0.32088748
1.88,1.92,0.28911757,0.36306408,0.053401753,0.6233471,0.32325116
1.88,1.96,0.29233417,0.36502743,0.052726023,0.62165505,0.32561892
1.88,2.0,0.2955463,0.36699337,0.05205818,0.61995107,0.3279907
1.92,-2.0,-0.047842637,0.19514087,0.17152491,0.7011465,0.12732859
1.92,-1.96,-0.044620458,0.19636166,0.1698853,0.70144695,0.12866768
1.92,-1.92,-0.0413841,0.19759518,0.16824917,0.70172787,0.13002299
1.92,-1.88,-0.038134284,0.19884121,0.16661704,0.7019887,0.13139428
1.92,-1.84,-0.034871306,0.20009978,0.16498916,0.70222926,0.13278162
1.92,-1.8,-0.03159596,0.20137072,0.16336608,0.7024491,0.13418487
1.92,-1.76,-0.028308589,0.20265388,0.16174808,0.70264804,0.13560387
1.92,-1.72,-0.025009943,0.20394918,0.16013567,0.7028258,0.1370386
1.92,-1.68,-0.021700522,0.20525652,0.1585291,0.702982,0.13848893
1.92,-1.64,-0.018380806,0.20657578,0.15692881,0.7031165,0.13995476
1.92,-1.6,-0.01505145,0.20790675,0.1553351,0.703229,0.14143588
1.92,-1.56,-0.0117127905,0.20924942,0.1537483,0.7033193,0.14293231
1.92,-1.52,-0.00836554,0.21060365,0.1521688,0.7033873,0.14444388
1.92,-1.48,-0.0050101457,0.21196923,0.15059687,0.70343274,0.14597042
1.92,-1.44,-0.0016470685,0.21334611,0.14903277,0.7034554,0.14751184
1.92,-1.4,0.0017231387,0.21473414,0.14747687,0.7034551,0.14906803
1.92,-1.36,0.0051001613,0.21613324,0.14592932,0.7034318,0.15063891
1.92,-1.32,0.008483489,0.21754321,0.14439039,0.7033853,0.15222426
1.92,-1.28,0.011872762,0.21896407,0.14286038,0.70331556,0.15382409
1.92,-1.24,0.015267571,0.22039561,0.14133939,0.7032224,0.15543821
1.92,-1.2,0.018667512,0.22183779,0.13982773,0.70310575,0.15706658
1.92,-1.16,0.022072336,0.22329047,0.13832542,0.70296556,0.15870903
1.92,-1.12,0.025481667,0.22475365,0.13683276,0.7028017,0.16036557
1.92,-1.08,0.028895155,0.2262271,0.1353499,0.7026141,0.16203599
1.92,-1.04,0.03231257,0.22771084,0.13387692,0.70240283,0.16372027
1.92,-1.0,0.035733692,0.22920482,0.13241395,0.70216775,0.16541834
1.92,-0.96,0.0391581,0.23070884,0.13096115,0.70190877,0.16713005
1.92,-0.92,0.04258562,0.23222288,0.12951863,0.701626,0.16885532
1.92,-0.88,0.046016164,0.23374696,0.12808639,0.7013194,0.1705942
1.92,-0.84,0.04944933,0.2352809,0.12666465,0.70098877,0.17234649
1.92,-0.8,0.052885022,0.23682469,0.12525338,0.7006345,0.17411217
1.92,-0.76,0.056323014,0.23837826,0.12385271,0.70025617,0.17589115
1.92,-0.72,0.05976306,0.23994148,0.1224627,0.699854,0.17768332
1.92,-0.68,0.06320502,0.24151435,0.121083416,0.69942796,0.17948866
1.92,-0.64,0.06664873,0.2430968,0.11971485,0.6989781,0.18130706
1.92,-0.6,0.07009401,0.24468875,0.118357114,0.69850445,0.18313849
1.92,-0.56,0.07354061,0.24629009,0.117010266,0.698007,0.18498278
1.92,-0.52,0.07698841,0.24790078,0.11567427,0.6974858,0.18683988
1.92,-0.48,0.08043737,0.24952081,0.1143492,0.696941,0.1887098
1.92,-0.44,0.083887026,0.25114998,0.11303519,0.6963725,0.19059226
1.92,-0.4,0.08733742,0.2527883,0.11173214,0.6957805,0.19248731
1.92,-0.36,0.090788305,0.25443566,0.11044011,0.6951651,0.1943948
1.92,-0.32,0.09423959,0.25609198,0.10915915,0.69452614,0.19631466
1.92,-0.28,0.09769092,0.25775713,0.10788932,0.693864,0.19824669
1.92,-0.24,0.1011422,0.25943097,0.10663062,0.6931786,0.20019075
1.92,-0.2,0.10459337,0.26111358,0.10538297,0.6924701,0.20214695
1.92,-0.16,0.10804397,0.26280466,0.10414661,0.6917386,0.20411485
1.92,-0.12,0.11149401,0.26450416,0.10292132,0.69098413,0.20609452
1.92,-0.08,0.114943154,0.266212,0.10170731,0.690207,0.2080857
1.92,-0.04,0.118391365,0.26792803,0.10050446,0.6894072,0.21008833
1.92,0.0,0.12183832,0.2696521,0.09931287,0.6885849,0.21210219
1.92,0.04,0.12528382,0.2713841,0.09813252,0.6877403,0.21412712
1.92,0.08,0.12872769,0.27312392,0.09696342,0.68687356,0.21616301
1.92,0.12,0.13216966,0.27487135,0.095805556,0.6859848,0.2182096
1.92,0.16,0.13560958,0.2766263,0.09465898,0.6850742,0.22026677
1.92,0.2,0.13904716,0.2783886,0.093523696,0.684142,0.2223343
1.92,0.24,0.14248224,0.2801581,0.09239965,0.6831883,0.22441205
1.92,0.28,0.14591463,0.28193465,0.09128684,0.68221337,0.22649977
1.92,0.32,0.14934398,0.28371805,0.09018537,0.6812174,0.22859724
1.92,0.36,0.15277022,0.28550825,0.089095086,0.6802006,0.23070437
1.92,0.4,0.15619317,0.287305,0.08801606,0.6791631,0.2328209
1.92,0.44,0.15961239,0.28910813,0.086948246,0.6781052,0.23494656
1.92,0.48,0.16302787,0.29091743,0.085891634,0.67702717,0.23708116
1.92,0.52,0.16643931,0.2927328,0.08484622,0.67592925,0.2392245
1.92,0.56,0.16984656,0.29455405,0.08381195,0.6748116,0.24137639
1.92,0.6,0.17324948,0.2963811,0.0827888,0.6736745,0.24353667
1.92,0.64,0.17664775,0.29821366,0.08177673,0.67251825,0.24570504
1.92,0.68,0.1800413,0.3000516,0.080775715,0.67134297,0.24788131
1.92,0.72,0.18342987,0.3018947,0.07978575,0.670149,0.25006518
1.92,0.76,0.18681338,0.3037429,0.07880669,0.66893667,0.2522566
1.92,0.8,0.19019169,0.30559605,0.07783854,0.6677061,0.2544554
1.92,0.84,0.19356447,0.30745387,0.076881304,0.6664576,0.25666112
1.92,0.88,0.1969318,0.30931625,0.075934805,0.6651914,0.25887373
1.92,0.92,0.20029345,0.3111831,0.07499909,0.6639078,0.26109308
1.92,0.96,0.20364936,0.31305426,0.074074,0.6626071,0.26331893
1.92,1.0,0.20699939,0.31492952,0.07315951,0.6612894,0.26555106
1.92,1.04,0.21034347,0.31680882,0.07225555,0.65995514,0.26778933
1.92,1.08,0.21368155,0.31869197,0.071362026,0.6586044,0.27003357
1.92,1.12,0.21701351,0.3205789,0.07047887,0.6572375,0.2722836
1.92,1.16,0.22033934,0.3224695,0.06960598,0.65585476,0.27453935
1.92,1.2,0.22365907,0.3243636,0.06874324,0.65445614,0.27680054
1.92,1.24,0.22697255,0.3262612,0.067890584,0.6530423,0.2790672
1.92,1.28,0.23027985,0.32816204,0.06704794,0.6516131,0.281339
1.92,1.32,0.23358102,0.3300662,0.06621514,0.6501689,0.28361595
1.92,1.36,0.236876,0.33197352,0.06539215,0.6487099,0.28589794
1.92,1.4,0.24016488,0.333884,0.06457886,0.64723635,0.28818485
1.92,1.44,0.24344772,0.3357975,0.06377508,0.6457484,0.2904766
1.92,1.48,0.24672459,0.33771396,0.062980786,0.6442461,0.2927731
1.92,1.52,0.24999559,0.3396334,0.06219582,0.6427299,0.2950743
1.92,1.56,0.25326067,0.3415557,0.06142011,0.6411998,0.2973801
1.92,1.6,0.25652012,0.34348094,0.060653463,0.639656,0.2996905
1.92,1.64,0.25977394,0.34540904,0.059895843,0.6380987,0.3020054
1.92,1.68,0.26302227,0.3473399,0.059147093,0.6365281,0.3043248
1.92,1.72,0.26626527,0.34927362,0.05840711,0.6349442,0.30664864
1.92,1.76,0.26950315,0.35121018,0.057675764,0.6333473,0.30897698
1.92,1.8,0.2727359,0.3531495,0.056952946,0.63173735,0.3113097
1.92,1.84,0.2759638,0.3550917,0.056238517,0.6301146,0.31364688
1.92,1.88,0.27918702,0.35703668,0.05553237,0.6284791,0.31598848
1.92,1.92,0.28240564,0.35898453,0.054834403,0.6268311,0.3183345
1.92,1.96,0.2856199,0.3609352,0.05414447,0.6251706,0.32068494
1.92,2.0,0.28883,0.3628888,0.053462487,0.62349766,0.32303986
1.96,-2.0,-0.05186192,0.19362819,0.17358512,0.7007424,0.12567246
1.96,-1.96,-0.04868674,0.19482224,0.17195621,0.7010643,0.12697946
1.96,-1.92,-0.04549759,0.19602865,0.17033058,0.70136726,0.12830217
1.96,-1.88,-0.04229505,0.19724724,0.16870861,0.701651,0.12964046
1.96,-1.84,-0.039079633,0.198478,0.1670907,0.701915,0.13099432
1.96,-1.8,-0.0358519,0.19972077,0.16547722,0.70215917,0.1323636
1.96,-1.76,-0.032612287,0.20097551,0.16386855,0.7023832,0.13374828
1.96,-1.72,-0.029361583,0.20224199,0.16226517,0.70258665,0.13514815
1.96,-1.68,-0.02610016,0.20352024,0.16066734,0.70276946,0.13656324
1.96,-1.64,-0.02282856,0.20481,0.15907547,0.70293117,0.13799332
1.96,-1.6,-0.019547252,0.20611134,0.1574898,0.7030718,0.13943845
1.96,-1.56,-0.016256792,0.20742396,0.15591079,0.70319086,0.14089835
1.96,-1.52,-0.0129577415,0.20874786,0.15433869,0.7032883,0.14237304
1.96,-1.48,-0.009650392,0.2100829,0.15277377,0.7033639,0.14386235
1.96,-1.44,-0.006335427,0.2114289,0.15121637,0.7034175,0.14536613
1.96,-1.4,-0.0030131696,0.21278584,0.14966674,0.7034489,0.14688435
1.96,-1.36,0.00031611323,0.21415366,0.14812504,0.703458,0.14841697
1.96,-1.32,0.0036518262,0.21553218,0.14659162,0.70344466,0.14996377
1.96,-1.28,0.0069936863,0.21692133,0.14506665,0.7034086,0.15152475
1.96,-1.24,0.01034129,0.218321,0.1435503,0.70335,0.15309975
1.96,-1.2,0.013694354,0.21973118,0.14204279,0.7032685,0.15468876
1.96,-1.16,0.017052665,0.22115172,0.14054427,0.70316404,0.15629168
1.96,-1.12,0.020415673,0.22258258,0.13905494,0.70303667,0.1579084
1.96,-1.08,0.023783341,0.2240237,0.13757488,0.7028862,0.1595389
1.96,-1.04,0.027155248,0.22547498,0.13610427,0.7027127,0.16118304
1.96,-1.0,0.030531377,0.22693646,0.1346432,0.7025159,0.16284093
1.96,-0.96,0.03391117,0.22840787,0.13319185,0.7022959,0.16451225
1.96,-0.92,0.037294697,0.22988935,0.13175024,0.70205265,0.16619712
1.96,-0.88,0.040681668,0.23138079,0.13031851,0.70178604,0.16789548
1.96,-0.84,0.044071823,0.23288208,0.12889674,0.70149606,0.16960715
1.96,-0.8,0.047465008,0.23439325,0.12748502,0.7011828,0.17133223
1.96,-0.76,0.050861094,0.23591425,0.12608334,0.7008461,0.1730706
1.96,-0.72,0.05425987,0.23744492,0.12469186,0.70048594,0.17482214
1.96,-0.68,0.05766119,0.2389853,0.123310626,0.7001025,0.17658687
1.96,-0.64,0.061064895,0.24053535,0.12193969,0.6996956,0.17836472
1.96,-0.6,0.06447073,0.24209493,0.120579064,0.69926536,0.18015559
1.96,-0.56,0.06787864,0.24366412,0.119228855,0.6988117,0.1819595
1.96,-0.52,0.071288414,0.24524269,0.11788906,0.6983347,0.18377624
1.96,-0.48,0.07469999,0.24683072,0.11655974,0.6978343,0.1856059
1.96,-0.44,0.07811302,0.24842806,0.11524096,0.69731075,0.18744828
1.96,-0.4,0.081527434,0.2500347,0.113932766,0.69676393,0.18930334
1.96,-0.36,0.084943086,0.25165048,0.112635165,0.6961938,0.19117098
1.96,-0.32,0.088359825,0.25327548,0.11134818,0.6956007,0.1930512
1.96,-0.28,0.0917774,0.25490943,0.11007187,0.6949844,0.19494376
1.96,-0.24,0.09519564,0.25655237,0.108806305,0.6943451,0.19684863
1.96,-0.2,0.098614395,0.25820416,0.10755142,0.6936829,0.1987657
1.96,-0.16,0.102033466,0.25986472,0.10630735,0.6929979,0.20069483
1.96,-0.12,0.10545263,0.26153392,0.105074055,0.6922901,0.20263588
1.96,-0.08,0.10887173,0.26321164,0.10385163,0.69155973,0.20458874
1.96,-0.04,0.11229058,0.2648978,0.10263998,0.6908067,0.20655328
1.96,0.0,0.11570892,0.26659235,0.10143925,0.6900314,0.20852943
1.96,0.04,0.11912656,0.26829502,0.10024941,0.6892337,0.21051687
1.96,0.08,0.12254329,0.27000576,0.09907048,0.68841404,0.21251553
1.96,0.12,0.12595892,0.27172446,0.0979025,0.6875722,0.2145253
1.96,0.16,0.12937312,0.27345094,0.09674552,0.68670857,0.21654588
1.96,0.2,0.13278587,0.27518508,0.09559939,0.6858233,0.21857725
1.96,0.24,0.13619679,0.27692676,0.09446429,0.6849165,0.22061914
1.96,0.28,0.13960575,0.2786758,0.093340196,0.68398845,0.2226714
1.96,0.32,0.14301243,0.280432,0.09222711,0.6830392,0.22473377
1.96,0.36,0.1464167,0.2821952,0.091124974,0.6820689,0.22680612
1.96,0.4,0.1498183,0.28396544,0.09003382,0.68107796,0.2288883
1.96,0.44,0.15321696,0.28574228,0.0889537,0.68006635,0.23097996
1.96,0.48,0.15661258,0.2875257,0.0878845,0.6790344,0.23308103
1.96,0.52,0.16000488,0.28931558,0.08682633,0.67798245,0.23519124
1.96,0.56,0.1633937,0.29111177,0.08577904,0.67691046,0.2373105
1.96,0.6,0.16677876,0.29291385,0.084742725,0.67581886,0.23943837
1.96,0.64,0.17015989,0.29472196,0.083717324,0.67470783,0.24157485
1.96,0.68,0.17353696,0.29653582,0.082702786,0.6735775,0.2437197
1.96,0.72,0.17690967,0.29835522,0.08169912,0.67242825,0.24587263
1.96,0.76,0.18027797,0.30018005,0.08070628,0.6712603,0.24803345
1.96,0.8,0.18364161,0.30201015,0.07972417,0.6700738,0.25020203
1.96,0.84,0.18700047,0.30384535,0.078752816,0.668869,0.2523781
1.96,0.88,0.19035436,0.30568546,0.077792175,0.6676463,0.25456148
1.96,0.92,0.1937032,0.3075304,0.07684212,0.66640586,0.25675204
1.96,0.96,0.19704685,0.30938005,0.07590264,0.66514784,0.25894955
1.96,1.0,0.20038512,0.31123412,0.074973695,0.66387254,0.26115373
1.96,1.04,0.20371802,0.3130926,0.07405516,0.6625803,0.26336455
1.96,1.08,0.2070454,0.31495532,0.07314702,0.6612712,0.2655818
1.96,1.12,0.2103672,0.31682217,0.072249174,0.6599456,0.26780525
1.96,1.16,0.21368334,0.318693,0.071361534,0.65860367,0.27003482
1.96,1.2,0.21699382,0.32056773,0.07048405,0.6572457,0.2722703
1.96,1.24,0.22029856,0.32244626,0.06961662,0.6558718,0.2745116
1.96,1.28,0.22359756,0.32432848,0.068759136,0.6544823,0.27675858
1.96,1.32,0.22689083,0.32621425,0.06791152,0.65307736,0.2790111
1.96,1.36,0.23017836,0.32810363,0.067073666,0.6516572,0.28126913
1.96,1.4,0.23346016,0.3299964,0.06624548,0.65022206,0.28353244
1.96,1.44,0.23673624,0.33189252,0.065426886,0.6487722,0.28580096
1.96,1.48,0.24000673,0.3337919,0.06461778,0.6473075,0.28807464
1.96,1.52,0.24327168,0.33569467,0.063817985,0.64582855,0.29035348
1.96,1.56,0.24653111,0.3376006,0.06302747,0.64433527,0.29263726
1.96,1.6,0.24978518,0.33950973,0.062246073,0.64282787,0.29492602
1.96,1.64,0.25303397,0.34142205,0.061473694,0.6413066,0.29721972
1.96,1.68,0.25627753,0.3433375,0.06071025,0.6397715,0.2995183
1.96,1.72,0.2595161,0.345256,0.0599556,0.6382227,0.30182168
1.96,1.76,0.26274967,0.3471776,0.059209634,0.6366605,0.3041298
1.96,1.8,0.26597854,0.3491024,0.05847223,0.63508487,0.3064429
1.96,1.84,0.2692028,0.3510303,0.05774327,0.633496,0.30876067
1.96,1.88,0.27242255,0.3529613,0.05702266,0.63189405,0.3110833
1.96,1.92,0.27563804,0.35489544,0.056310255,0.63027906,0.31341067
1.96,1.96,0.27884936,0.35683265,0.055606,0.62865114,0.31574282
1.96,2.0,0.28205678,0.35877317,0.054909702,0.62701046,0.31807986
2.0,-2.0,-0.055873495,0.1921296,0.17565785,0.7003069,0.124035195
2.0,-1.96,-0.05274561,0.19329712,0.17404026,0.70064926,0.12531044
2.0,-1.92,-0.049604025,0.19447654,0.17242572,0.7009734,0.12660083
2.0,-1.88,-0.046449173,0.19566792,0.17081456,0.701279,0.12790644
2.0,-1.84,-0.043281678,0.19687106,0.16920717,0.7015657,0.1292271
2.0,-1.8,-0.04010193,0.19808595,0.16760394,0.7018333,0.13056281
2.0,-1.76,-0.036910687,0.19931228,0.16600531,0.7020813,0.1319133
2.0,-1.72,-0.033708286,0.20055018,0.16441159,0.7023098,0.13327865
2.0,-1.68,-0.03049526,0.20179947,0.16282311,0.7025181,0.13465877
2.0,-1.64,-0.027272195,0.20306,0.16124031,0.7027062,0.13605347
2.0,-1.6,-0.024039494,0.20433173,0.15966341,0.7028738,0.13746274
2.0,-1.56,-0.020797577,0.20561457,0.15809272,0.7030208,0.13888651
2.0,-1.52,-0.017547162,0.20690829,0.15652871,0.70314676,0.14032455
2.0,-1.48,-0.014288407,0.2082129,0.15497147,0.70325166,0.14177687
2.0,-1.44,-0.011021794,0.20952831,0.1534213,0.7033352,0.14324342
2.0,-1.4,-0.0077478974,0.2108544,0.15187858,0.7033974,0.14472401
2.0,-1.36,-0.0044668317,0.21219113,0.1503434,0.7034379,0.1462187
2.0,-1.32,-0.0011790836,0.21353835,0.14881605,0.7034567,0.14772724
2.0,-1.28,0.0021149484,0.21489604,0.14729674,0.7034536,0.1492497
2.0,-1.24,0.005415044,0.21626408,0.1457856,0.7034285,0.15078594
2.0,-1.2,0.0087207435,0.2176424,0.1442829,0.7033812,0.15233588
2.0,-1.16,0.012032048,0.21903102,0.14278875,0.7033117,0.15389955
2.0,-1.12,0.015348496,0.22042984,0.14130324,0.7032199,0.15547685
2.0,-1.08,0.018669864,0.22183877,0.13982667,0.7031057,0.15706769
2.0,-1.04,0.02199602,0.22325784,0.13835895,0.7029689,0.15867211
2.0,-1.0,0.025326602,0.2246869,0.1369004,0.70280963,0.16028996
2.0,-0.96,0.02866152,0.22612599,0.13545103,0.7026277,0.16192126
2.0,-0.92,0.03200052,0.22757502,0.13401094,0.7024231,0.16356598
2.0,-0.88,0.035343524,0.229034,0.13258019,0.70219576,0.16522408
2.0,-0.84,0.038690228,0.23050284,0.13115898,0.7019456,0.16689548
2.0,-0.8,0.04204054,0.23198152,0.12974726,0.7016726,0.16858014
2.0,-0.76,0.04539433,0.23347005,0.12834518,0.70137674,0.1702781
2.0,-0.72,0.048751347,0.23496836,0.12695277,0.701058,0.17198928
2.0,-0.68,0.05211157,0.23647639,0.12557007,0.70071626,0.17371362
2.0,-0.64,0.055474713,0.23799412,0.12419723,0.7003517,0.17545108
2.0,-0.6,0.05884077,0.2395215,0.12283425,0.6999641,0.17720164
2.0,-0.56,0.062209487,0.24105854,0.12148116,0.6995536,0.17896527
2.0,-0.52,0.06558072,0.2426051,0.12013805,0.69912016,0.18074185
2.0,-0.48,0.06895439,0.24416116,0.11880498,0.69866365,0.18253133
2.0,-0.44,0.07233024,0.2457267,0.117481954,0.6981843,0.18433371
2.0,-0.4,0.07570814,0.24730165,0.116169035,0.697682,0.18614888
2.0,-0.36,0.079088,0.24888593,0.1148663,0.69715697,0.18797675
2.0,-0.32,0.08246961,0.2504795,0.11357375,0.6966089,0.1898173
2.0,-0.28,0.08585279,0.2520823,0.11229145,0.6960381,0.19167043
2.0,-0.24,0.089237355,0.25369418,0.111019425,0.6954446,0.193536
2.0,-0.2,0.09262316,0.25531512,0.10975773,0.6948282,0.19541396
2.0,-0.16,0.096009985,0.256945,0.10850641,0.6941894,0.19730416
2.0,-0.12,0.09939764,0.25858378,0.107265465,0.693528,0.19920658
2.0,-0.08,0.10278598,0.26023132,0.10603502,0.69284403,0.20112099
2.0,-0.04,0.10617477,0.2618875,0.10481501,0.69213766,0.20304732
2.0,0.0,0.10956377,0.26355228,0.10360548,0.6914091,0.20498547
2.0,0.04,0.11295282,0.26522544,0.10240654,0.6906583,0.20693521
2.0,0.08,0.116341725,0.26690692,0.10121814,0.6898854,0.20889649
2.0,0.12,0.11973021,0.26859665,0.100040354,0.6890905,0.21086912
2.0,0.16,0.123118095,0.27029446,0.09887321,0.6882739,0.21285295
2.0,0.2,0.12650517,0.27200013,0.09771669,0.68743557,0.21484777
2.0,0.24,0.12989113,0.27371362,0.096570864,0.68657565,0.21685348
2.0,0.28,0.13327588,0.2754348,0.09543572,0.68569446,0.21886986
2.0,0.32,0.13665907,0.27716342,0.09431128,0.6847919,0.22089675
2.0,0.36,0.14004053,0.27889943,0.09319757,0.68386847,0.22293395
2.0,0.4,0.14342004,0.2806427,0.09209462,0.68292415,0.22498131
2.0,0.44,0.14679737,0.28239292,0.09100234,0.6819591,0.22703858
2.0,0.48,0.1501723,0.2841501,0.08992088,0.68097353,0.2291056
2.0,0.52,0.1535446,0.285914,0.08885007,0.67996776,0.23118219
2.0,0.56,0.15691409,0.2876845,0.08779006,0.6789418,0.23326816
2.0,0.6,0.16028048,0.2894613,0.08674079,0.677896,0.23536314
2.0,0.64,0.16364367,0.29124454,0.08570217,0.6768306,0.23746723
2.0,0.68,0.16700338,0.29303378,0.08467431,0.6757457,0.23958
2.0,0.72,0.17035942,0.2948289,0.08365714,0.67464155,0.24170128
2.0,0.76,0.17371164,0.29662988,0.08265058,0.6735185,0.24383095
2.0,0.8,0.17705986,0.29843643,0.08165464,0.6723766,0.24596874
2.0,0.84,0.18040383,0.30024838,0.08066935,0.67121625,0.2481144
2.0,0.88,0.1837435,0.30206573,0.07969459,0.67003757,0.2502679
2.0,0.92,0.18707868,0.30388823,0.078730315,0.66884077,0.25242898
2.0,0.96,0.19040921,0.30571562,0.07777654,0.66762614,0.25459728
2.0,1.0,0.19373502,0.30754802,0.076833144,0.66639394,0.25677294
2.0,1.04,0.1970559,0.30938506,0.0759001,0.6651444,0.2589555
2.0,1.08,0.20037182,0.31122673,0.07497736,0.6638777,0.26114494
2.0,1.12,0.20368268,0.31307283,0.074064866,0.6625941,0.26334104
2.0,1.16,0.20698835,0.3149233,0.07316252,0.6612938,0.26554364
2.0,1.2,0.21028887,0.31677806,0.07227024,0.6599771,0.2677527
2.0,1.24,0.21358407,0.31863686,0.07138799,0.6586441,0.26996788
2.0,1.28,0.21687397,0.32049978,0.070515655,0.6572951,0.27218923
2.0,1.32,0.22015856,0.32236654,0.069653176,0.6559304,0.27441648
2.0,1.36,0.22343788,0.32423723,0.068800434,0.65454996,0.27664962
2.0,1.4,0.22671184,0.32611164,0.06795736,0.6531542,0.2788885
2.0,1.44,0.22998048,0.3279897,0.06712386,0.6517432,0.28113294
2.0,1.48,0.23324391,0.32987148,0.06629981,0.6503172,0.28338304
2.0,1.52,0.23650213,0.33175677,0.065485135,0.64887637,0.28563854
2.0,1.56,0.23975524,0.33364567,0.0646797,0.6474208,0.28789952
2.0,1.6,0.24300322,0.33553803,0.06388344,0.6459508,0.29016578
2.0,1.64,0.24624626,0.33743382,0.06309625,0.64446646,0.29243734
2.0,1.68,0.24948445,0.33933303,0.062317975,0.6429679,0.29471412
2.0,1.72,0.25271785,0.3412357,0.06154853,0.6414553,0.29699615
2.0,1.76,0.2559466,0.34314176,0.060787793,0.6399289,0.2992834
2.0,1.8,0.2591709,0.34505123,0.060035683,0.6383886,0.30157575
2.0,1.84,0.2623908,0.34696406,0.059292056,0.6368347,0.30387327
2.0,1.88,0.26560652,0.34888035,0.05855682,0.6352672,0.30617595
2.0,1.92,0.26881814,0.3508,0.05782986,0.6336864,0.30848375
2.0,1.96,0.27202597,0.3527231,0.057111043,0.6320922,0.31079674
2.0,2.0,0.27523,0.3546496,0.05640029,0.6304848,0.31311485
