t,regime,prediction,target,abs_error,alpha_final
12064,1,-0.93610007,-0.7641853,0.17191476,0.1
12065,1,-0.6043805,-0.27512532,0.32925516,0.1
12066,1,-0.07102911,0.15765664,0.22868575,0.1
12067,1,0.39161897,0.57823366,0.18661469,0.1
12068,1,0.8265021,0.8908993,0.064397216,0.1
12069,1,1.1292031,1.1608394,0.031636357,0.1
12070,1,1.3754096,1.1450845,0.2303251,0.1
12071,1,1.313035,1.0815812,0.23145378,0.1
12072,1,1.2021835,1.0205343,0.18164921,0.1
12073,1,1.098532,0.8436431,0.25488883,0.1
12074,1,0.8682179,0.67315394,0.19506395,0.1
12075,1,0.64970386,0.56261444,0.08708942,0.1
12076,1,0.5065658,0.53914213,0.032576323,0.1
12077,1,0.4707855,0.46205774,0.008727759,0.1
12078,1,0.37501302,0.2813277,0.09368533,0.1
12079,1,0.16072859,0.10978427,0.05094432,0.1
12080,1,-0.037096202,-0.10355705,0.06646085,0.1
12081,1,-0.27819833,-0.25089154,0.027306795,0.1
12082,1,-0.43526584,-0.37952125,0.05574459,0.1
12083,1,-0.56612116,-0.4764596,0.08966157,0.1
12084,1,-0.6570094,-0.5700668,0.08694261,0.1
12085,1,-0.7422716,-0.764591,0.022319376,0.1
12086,1,-0.93993765,-0.9630713,0.023133636,0.1
12087,1,-1.1348698,-1.1464927,0.011622906,0.1
12088,1,-1.3061738,-1.33557,0.029396176,0.1
12089,1,-1.476814,-1.4156485,0.06116557,0.1
12090,1,-1.5285709,-1.5339428,0.005371928,0.1
12091,1,-1.6199987,-1.6500479,0.030049205,0.1
12092,1,-1.7074962,-1.714383,0.00688684,0.1
12093,1,-1.7419448,-1.9424682,0.20052338,0.1
12094,1,-1.9362562,-1.9995669,0.06331074,0.1
12095,1,-1.9597776,-2.0297008,0.06992316,0.1
12096,1,-1.9594419,-2.1108766,0.15143466,0.1
12097,1,-2.0102787,-2.2026665,0.19238782,0.1
12098,1,-2.0710268,-2.1641645,0.09313774,0.1
12099,1,-2.010194,-2.1058407,0.09564662,0.1
12100,1,-1.9348919,-2.0360804,0.10118842,0.1
12101,1,-1.8529112,-1.743909,0.10900223,0.1
12102,1,-1.5510819,-1.6210678,0.06998587,0.1
12103,1,-1.42698,-1.3828927,0.04408729,0.1
12104,1,-1.1823449,-1.0375737,0.14477122,0.1
12105,1,-0.8209354,-0.4774919,0.34344354,0.1
12106,1,-0.22267327,-0.08659683,0.13607644,0.1
12107,1,0.18555167,0.33131176,0.14576009,0.1
12108,1,0.61475617,0.6277416,0.012985408,0.1
12109,1,0.8994071,0.9163197,0.01691264,0.1
12110,1,1.1673324,0.93699765,0.23033476,0.1
12111,1,1.1406665,0.96684897,0.17381752,0.1
12112,1,1.1280007,0.99844974,0.129551,0.1
12113,1,1.1213171,0.83749384,0.2838233,0.1
12114,1,0.90249795,0.59484565,0.3076523,0.1
12115,1,0.5941628,0.5177038,0.07645905,0.1
12116,1,0.48451167,0.47745293,0.0070587397,0.1
12117,1,0.4233915,0.28150147,0.14189002,0.1
12118,1,0.18314466,0.16605225,0.017092407,0.1
12119,1,0.04446359,0.029246284,0.015217306,0.1
12120,1,-0.1145449,-0.13989025,0.025345355,0.1
12121,1,-0.3062805,-0.22212914,0.08415136,0.1
12122,1,-0.39044958,-0.4785722,0.08812261,0.1
12123,1,-0.67293996,-0.6334598,0.03948015,0.1
12124,1,-0.83010453,-0.8226777,0.007426858,0.1
12125,1,-1.02021,-0.975074,0.045136034,0.1
12126,1,-1.1628959,-0.97987777,0.18301815,0.1
12127,1,-1.1398818,-1.1419518,0.00206995,0.1
12128,1,-1.2908947,-1.1899462,0.10094857,0.1
12129,1,-1.3152637,-1.3627882,0.047524452,0.1
12130,1,-1.4730787,-1.4414628,0.031615973,0.1
12131,1,-1.5279386,-1.6191396,0.09120095,0.1
12132,1,-1.6835177,-1.7845166,0.10099888,0.1
12133,1,-1.8202405,-1.9185438,0.09830332,0.1
12134,1,-1.9212737,-1.8790488,0.042224884,0.1
12135,1,-1.8523755,-2.0071678,0.15479231,0.1
12136,1,-1.9510615,-2.1384096,0.18734813,0.1
12137,1,-2.04938,-2.1747358,0.12535572,0.1
12138,1,-2.0568979,-1.9661158,0.09078205,0.1
12139,1,-1.8321533,-1.8373867,0.005233407,0.1
12140,1,-1.6905916,-1.7637461,0.07315457,0.1
12141,1,-1.6095564,-1.4478066,0.16174984,0.1
12142,1,-1.2777946,-1.1839865,0.093808055,0.1
12143,1,-1.0015528,-0.8363062,0.1652466,0.1
12144,1,-0.63277894,-0.49820736,0.13457158,0.1
12145,1,-0.27577198,0.03145562,0.3072276,0.1
12146,1,0.2892749,0.3960462,0.10677129,0.1
12147,1,0.6607364,0.9038118,0.24307543,0.1
12148,1,1.1681395,1.0226142,0.14552522,0.1
12149,1,1.2489798,1.0328255,0.21615434,0.1
12150,1,1.2132301,1.0715547,0.14167547,0.1
12151,1,1.212549,0.9604858,0.25206316,0.1
12152,1,1.0495248,0.86534953,0.18417525,0.1
12153,1,0.9092474,0.7300811,0.17916632,0.1
12154,1,0.72788954,0.64144427,0.08644527,0.1
12155,1,0.6061092,0.5028007,0.1033085,0.1
12156,1,0.43077916,0.3411287,0.08965045,0.1
12157,1,0.23374328,0.06445012,0.16929317,0.1
12158,1,-0.092186466,0.0058238213,0.09801029,0.1
12159,1,-0.15318674,-0.13097301,0.022213727,0.1
12160,1,-0.30373615,-0.44787535,0.1441392,0.1
12161,1,-0.6562776,-0.57367074,0.08260685,0.1
12162,1,-0.7793068,-0.7308093,0.048497558,0.1
12163,1,-0.9339848,-0.85156196,0.08242285,0.1
12164,1,-1.0432899,-0.9320804,0.11120951,0.1
12165,1,-1.1055169,-1.0376313,0.06788564,0.1
12166,1,-1.1947632,-1.2281827,0.03341949,0.1
12167,1,-1.3732347,-1.3561608,0.017073989,0.1
12168,1,-1.4795082,-1.4662879,0.01322031,0.1
12169,1,-1.5647833,-1.5444959,0.020287395,0.1
12170,1,-1.6161165,-1.5681688,0.047947764,0.1
12171,1,-1.6121798,-1.5518789,0.060300827,0.1
12172,1,-1.5697987,-1.6393559,0.06955719,0.1
12173,1,-1.6379993,-1.722461,0.08446169,0.1
12174,1,-1.7011368,-1.8506247,0.14948785,0.1
12175,1,-1.8080773,-1.7932246,0.014852762,0.1
12176,1,-1.7290449,-1.8218849,0.09283996,0.1
12177,1,-1.7410038,-1.7104033,0.030600429,0.1
12178,1,-1.6130261,-1.5508047,0.062221408,0.1
12179,1,-1.438642,-1.4976175,0.05897546,0.1
12180,1,-1.3811581,-1.2824782,0.0986799,0.1
12181,1,-1.1516676,-0.967574,0.1840936,0.1
12182,1,-0.81342596,-0.5602735,0.25315243,0.1
12183,1,-0.37223053,-0.11466437,0.25756615,0.1
12184,1,0.10815093,0.35958752,0.2514366,0.1
12185,1,0.60858846,0.62129164,0.01270318,0.1
12186,1,0.8619583,0.9502425,0.088284194,0.1
12187,1,1.1797955,1.1056582,0.07413733,0.1
12188,1,1.3032825,1.1238023,0.1794802,0.1
12189,1,1.278763,1.0972213,0.1815418,0.1
12190,1,1.2090642,0.946125,0.26293927,0.1
12191,1,1.004688,0.9616856,0.043002427,0.1
12192,1,0.99429816,0.84008604,0.15421212,0.1
12193,1,0.8314757,0.6829333,0.1485424,0.1
12194,1,0.6324482,0.51947814,0.112970054,0.1
12195,1,0.4312303,0.48698196,0.05575165,0.1
12196,1,0.3898439,0.31680804,0.073035866,0.1
12197,1,0.18888326,0.13646995,0.052413315,0.1
12198,1,-0.018667504,-0.064268105,0.0456006,0.1
12199,1,-0.24435309,-0.2365593,0.007793784,0.1
12200,1,-0.43022138,-0.39171457,0.038506806,0.1
12201,1,-0.5907089,-0.6139731,0.02326417,0.1
12202,1,-0.822582,-0.7529458,0.069636226,0.1
12203,1,-0.9531222,-0.8564805,0.09664172,0.1
12204,1,-1.0408561,-1.0114317,0.029424429,0.1
12205,1,-1.1835501,-1.1444345,0.039115667,0.1
12206,1,-1.2985091,-1.2548246,0.043684483,0.1
12207,1,-1.3867581,-1.4516288,0.064870715,0.1
12208,1,-1.5631349,-1.4839914,0.079143524,0.1
12209,1,-1.5648618,-1.6558868,0.091024995,0.1
12210,1,-1.7111075,-1.6759918,0.03511572,0.1
12211,1,-1.7010825,-1.7842588,0.083176374,0.1
12212,1,-1.782373,-1.840738,0.058365107,0.1
12213,1,-1.8115642,-1.9521888,0.14062464,0.1
12214,1,-1.8955438,-2.025422,0.12987828,0.1
12215,1,-1.9412735,-1.9442257,0.002952218,0.1
12216,1,-1.8384402,-1.931979,0.09353876,0.1
12217,1,-1.8087704,-1.9091315,0.10036111,0.1
12218,1,-1.7718971,-1.7953136,0.02341652,0.1
12219,1,-1.6467409,-1.627207,0.019533873,0.1
12220,1,-1.4690881,-1.3635325,0.105555534,0.1
12221,1,-1.1920335,-0.98447466,0.20755887,0.1
12222,1,-0.78857344,-0.5775738,0.21099967,0.1
12223,1,-0.35326344,-0.004483681,0.34877977,0.1
12224,1,0.2599416,0.47650248,0.21656087,0.1
12225,1,0.7578005,0.71478933,0.04301119,0.1
12226,1,0.97774273,0.9058652,0.07187754,0.1
12227,1,1.1414847,0.9549859,0.18649882,0.1
12228,1,1.1490173,0.9839367,0.1650806,0.1
12229,1,1.1374438,0.9261106,0.21133316,0.1
12230,1,1.0330101,0.95882016,0.07418996,0.1
12231,1,1.0354949,0.8428161,0.19267881,0.1
12232,1,0.87338513,0.8041795,0.06920564,0.1
12233,1,0.80548334,0.56995344,0.2355299,0.1
12234,1,0.51533234,0.32676297,0.18856937,0.1
12235,1,0.22032765,0.21948817,0.0008394718,0.1
12236,1,0.09260008,0.16091092,0.06831084,0.1
12237,1,0.027109474,-0.09324848,0.12035795,0.1
12238,1,-0.26539427,-0.2946883,0.029294044,0.1
12239,1,-0.48759288,-0.3753916,0.11220127,0.1
12240,1,-0.56306267,-0.5510971,0.011965573,0.1
12241,1,-0.7457712,-0.66466016,0.08111107,0.1
12242,1,-0.8523299,-0.90053356,0.048203647,0.1
12243,1,-1.0918672,-1.028301,0.06356621,0.1
12244,1,-1.2044272,-1.1166811,0.08774614,0.1
12245,1,-1.2717028,-1.2170181,0.05468464,0.1
12246,1,-1.3513207,-1.3232553,0.028065443,0.1
12247,1,-1.4361985,-1.4046596,0.031538844,0.1
12248,1,-1.4939306,-1.5643892,0.07045865,0.1
12249,1,-1.6320376,-1.7245193,0.09248161,0.1
12250,1,-1.7653463,-1.9529762,0.18762994,0.1
12251,1,-1.9582729,-2.0316508,0.07337785,0.1
12252,1,-2.001107,-2.0688872,0.067780256,0.1
12253,1,-2.0056574,-2.092387,0.08672953,0.1
12254,1,-1.9998589,-2.1041627,0.10430384,0.1
12255,1,-1.9859333,-2.097743,0.11180973,0.1
12256,1,-1.9579105,-2.1277008,0.16979027,0.1
12257,1,-1.9680917,-1.919564,0.048527718,0.1
12258,1,-1.7486496,-1.7220218,0.026627779,0.1
12259,1,-1.5423939,-1.475452,0.06694198,0.1
12260,1,-1.2866681,-1.169247,0.11742103,0.1
12261,1,-0.9668607,-0.76860553,0.19825518,0.1
12262,1,-0.54198515,-0.22836138,0.3136238,0.1
12263,1,0.035381526,0.1809517,0.14557017,0.1
12264,1,0.46004158,0.60317653,0.14313495,0.1
12265,1,0.88570267,0.85931915,0.02638352,0.1
12266,1,1.1193674,0.9327728,0.18659455,0.1
12267,1,1.1510324,0.9719241,0.17910832,0.1
12268,1,1.1476903,0.91782784,0.22986245,0.1
12269,1,1.0445447,0.9086001,0.1359446,0.1
12270,1,0.99688536,0.82088286,0.1760025,0.1
12271,1,0.86477166,0.59667057,0.2681011,0.1
12272,1,0.5802893,0.5233091,0.056980193,0.1
12273,1,0.47783083,0.3544262,0.12340462,0.1
12274,1,0.26796824,0.24119042,0.026777819,0.1
12275,1,0.12988132,0.08665658,0.043224744,0.1
12276,1,-0.052012295,0.027672976,0.07968527,0.1
12277,1,-0.11549701,-0.11291108,0.0025859252,0.1
12278,1,-0.2725972,-0.27803,0.0054328144,0.1
12279,1,-0.45351762,-0.48820633,0.03468871,0.1
12280,1,-0.68038756,-0.4927121,0.18767545,0.1
12281,1,-0.66429347,-0.64825034,0.016043127,0.1
12282,1,-0.8225471,-0.82347983,0.0009327531,0.1
12283,1,-0.99790305,-0.97532517,0.022577882,0.1
12284,1,-1.1416113,-1.1153693,0.026242018,0.1
12285,1,-1.2680933,-1.1949188,0.073174596,0.1
12286,1,-1.3263876,-1.2934928,0.03289485,0.1
12287,1,-1.4048507,-1.4011782,0.0036724806,0.1
12288,1,-1.4918883,-1.431283,0.060605288,0.1
12289,1,-1.4968362,-1.5681345,0.07129836,0.1
12290,1,-1.6142366,-1.7307415,0.11650491,0.1
12291,1,-1.7534506,-1.8029616,0.049510956,0.1
12292,1,-1.7987046,-1.8641163,0.06541169,0.1
12293,1,-1.833595,-1.9237905,0.09019542,0.1
12294,1,-1.8679998,-2.0167694,0.14876962,0.1
12295,1,-1.9353082,-1.8979216,0.037386656,0.1
12296,1,-1.7965369,-1.7455258,0.051011086,0.1
12297,1,-1.628027,-1.6554565,0.02742958,0.1
12298,1,-1.5280671,-1.387599,0.14046812,0.1
12299,1,-1.2428675,-1.0992508,0.14361668,0.1
12300,1,-0.9357328,-0.7196046,0.21612817,0.1
12301,1,-0.5272838,-0.12828659,0.3989972,0.1
12302,1,0.11142077,0.4368835,0.32546273,0.1
12303,1,0.70605683,0.7780905,0.07203364,0.1
12304,1,1.0409424,0.99677825,0.04416418,0.1
12305,1,1.2338228,1.1326336,0.101189256,0.1
12306,1,1.3343577,1.2120198,0.12233794,0.1
12307,1,1.3748114,1.066397,0.30841446,0.1
12308,1,1.1732254,1.024533,0.14869237,0.1
12309,1,1.091625,0.96415913,0.12746584,0.1
12310,1,0.9939654,0.8126703,0.1812951,0.1
12311,1,0.7969731,0.6777302,0.11924291,0.1
12312,1,0.62419873,0.41071942,0.21347931,0.1
12313,1,0.30221248,0.35956252,0.05735004,0.1
12314,1,0.2413783,0.13315317,0.10822514,0.1
12315,1,-0.023035228,-0.10880893,0.0857737,0.1
12316,1,-0.2980323,-0.33253378,0.034501463,0.1
12317,1,-0.5429695,-0.4258645,0.11710504,0.1
12318,1,-0.62982583,-0.5193282,0.11049765,0.1
12319,1,-0.7147315,-0.6676269,0.047104597,0.1
12320,1,-0.86024684,-0.6897373,0.17050952,0.1
12321,1,-0.85932666,-0.90003204,0.040705383,0.1
12322,1,-1.0707185,-1.1298364,0.059117913,0.1
12323,1,-1.2944925,-1.3030282,0.008535743,0.1
12324,1,-1.4490247,-1.2968166,0.15220809,0.1
12325,1,-1.4104667,-1.4376389,0.027172208,0.1
12326,1,-1.530241,-1.5507307,0.020489693,0.1
12327,1,-1.6183903,-1.620669,0.0022786856,0.1
12328,1,-1.6613748,-1.7622124,0.10083759,0.1
12329,1,-1.7765763,-1.8211651,0.044588804,0.1
12330,1,-1.8074119,-1.964968,0.15755606,0.1
12331,1,-1.9216337,-2.1352322,0.21359849,0.1
12332,1,-2.0560367,-2.1583962,0.10235953,0.1
12333,1,-2.0492618,-2.0333962,0.015865564,0.1
12334,1,-1.9043751,-2.0254855,0.12111044,0.1
12335,1,-1.8791039,-1.8843066,0.005202651,0.1
12336,1,-1.7253716,-1.9331396,0.20776796,0.1
12337,1,-1.7670317,-1.7370983,0.029933333,0.1
12338,1,-1.5624449,-1.3858958,0.17654908,0.1
12339,1,-1.1956701,-0.99624264,0.19942749,0.1
12340,1,-0.78383774,-0.6649418,0.11889595,0.1
12341,1,-0.43615586,-0.2492945,0.18686135,0.1
12342,1,0.0039367974,0.18773153,0.18379474,0.1
12343,1,0.46012655,0.50646156,0.04633501,0.1
12344,1,0.77471983,0.83404386,0.059324026,0.1
12345,1,1.0892814,0.9534076,0.13587385,0.1
12346,1,1.1717536,1.0585598,0.11319387,0.1
12347,1,1.2399635,1.0035293,0.23643422,0.1
12348,1,1.1350129,0.8565424,0.27847046,0.1
12349,1,0.93138474,0.7531188,0.17826593,0.1
12350,1,0.78245354,0.5735044,0.20894915,0.1
12351,1,0.5505051,0.51686496,0.033640146,0.1
12352,1,0.4685633,0.3426896,0.12587368,0.1
12353,1,0.25293344,0.11913153,0.1338019,0.1
12354,1,-0.014396146,-0.058120463,0.043724317,0.1
12355,1,-0.21956101,-0.1988472,0.020713806,0.1
12356,1,-0.37530214,-0.36631343,0.008988708,0.1
12357,1,-0.5568262,-0.3948108,0.16201538,0.1
12358,1,-0.57183206,-0.60832524,0.036493182,0.1
12359,1,-0.7990225,-0.7624721,0.036550403,0.1
12360,1,-0.9514323,-0.78791344,0.16351885,0.1
12361,1,-0.95527655,-0.91346204,0.041814506,0.1
12362,1,-1.0722611,-1.0303303,0.041930795,0.1
12363,1,-1.1768303,-1.1386129,0.038217425,0.1
12364,1,-1.2697878,-1.3532313,0.08344352,0.1
12365,1,-1.4727628,-1.4868511,0.014088273,0.1
12366,1,-1.583775,-1.7240378,0.14026272,0.1
12367,1,-1.7939925,-1.7589848,0.035007715,0.1
12368,1,-1.7967136,-1.8196524,0.022938848,0.1
12369,1,-1.8273365,-1.9342917,0.10695517,0.1
12370,1,-1.9115345,-1.9701651,0.058630586,0.1
12371,1,-1.9186149,-1.9601357,0.041520834,0.1
12372,1,-1.8836353,-1.9921335,0.108498216,0.1
12373,1,-1.8933041,-1.9370797,0.04377556,0.1
12374,1,-1.8201544,-1.942466,0.12231159,0.1
12375,1,-1.8110428,-1.8874302,0.076387405,0.1
12376,1,-1.7444601,-1.6613348,0.08312535,0.1
12377,1,-1.5065329,-1.5001253,0.0064076185,0.1
12378,1,-1.3393211,-1.1093178,0.23000336,0.1
12379,1,-0.92514175,-0.6668272,0.25831455,0.1
12380,1,-0.45117968,-0.13661599,0.3145637,0.1
12381,1,0.1168766,0.30272204,0.18584543,0.1
12382,1,0.5742052,0.73649335,0.16228813,0.1
12383,1,1.0090637,1.043159,0.034095287,0.1
12384,1,1.2929242,1.1880617,0.10486245,0.1
12385,1,1.398881,1.2091612,0.1897198,0.1
12386,1,1.3738945,1.0579381,0.31595635,0.1
12387,1,1.1649036,0.9182863,0.24661732,0.1
12388,1,0.9724516,0.86548805,0.106963575,0.1
12389,1,0.88399154,0.63139963,0.2525919,0.1
12390,1,0.5914093,0.4927745,0.09863484,0.1
12391,1,0.41579646,0.3095545,0.10624197,0.1
12392,1,0.19330876,0.13101122,0.062297538,0.1
12393,1,-0.017251864,0.07970341,0.09695528,0.1
12394,1,-0.071284354,-0.0064127217,0.06487163,0.1
12395,1,-0.16403899,-0.2248541,0.06081511,0.1
12396,1,-0.4086635,-0.3498972,0.058766305,0.1
12397,1,-0.5375572,-0.47325262,0.06430456,0.1
12398,1,-0.66092294,-0.6778781,0.016955137,0.1
12399,1,-0.8730195,-0.82602656,0.046992958,0.1
12400,1,-1.0147512,-1.062093,0.047341824,0.1
12401,1,-1.247345,-1.2457485,0.0015964508,0.1
12402,1,-1.41416,-1.3717796,0.042380452,0.1
12403,1,-1.5148237,-1.5045717,0.010251999,0.1
12404,1,-1.6200333,-1.5887196,0.031313658,0.1
12405,1,-1.6735187,-1.6458119,0.027706742,0.1
12406,1,-1.7001479,-1.6092387,0.09090912,0.1
12407,1,-1.6334136,-1.8574393,0.22402573,0.1
12408,1,-1.8555005,-2.0306988,0.17519832,0.1
12409,1,-1.9938602,-2.0068326,0.012972355,0.1
12410,1,-1.9410746,-2.1387916,0.19771695,0.1
12411,1,-2.040823,-2.0695107,0.028687716,0.1
12412,1,-1.9489346,-2.0754383,0.1265037,0.1
12413,1,-1.9345939,-1.9765084,0.041914463,0.1
12414,1,-1.8212934,-1.8290489,0.007755518,0.1
12415,1,-1.6634982,-1.6697373,0.006239176,0.1
12416,1,-1.4970832,-1.5130048,0.015921593,0.1
12417,1,-1.3364856,-1.1930248,0.14346087,0.1
12418,1,-1.0011644,-0.8993761,0.10178834,0.1
12419,1,-0.6945972,-0.43450594,0.26009125,0.1
12420,1,-0.19763666,0.17473088,0.37236756,0.1
12421,1,0.44792363,0.5061171,0.058193475,0.1
12422,1,0.7771651,0.76784074,0.009324372,0.1
12423,1,1.0213009,0.8237231,0.19757783,0.1
12424,1,1.0357826,0.9837911,0.051991463,0.1
12425,1,1.1673493,0.9688516,0.19849771,0.1
12426,1,1.1072271,0.97484976,0.13237733,0.1
12427,1,1.0750184,0.80636907,0.26864934,0.1
12428,1,0.8499872,0.6281827,0.2218045,0.1
12429,1,0.6184118,0.570697,0.04771477,0.1
12430,1,0.53350383,0.39799437,0.13550946,0.1
12431,1,0.31806666,0.25482273,0.063243926,0.1
12432,1,0.14349583,0.20402046,0.060524628,0.1
12433,1,0.08375117,0.056839626,0.026911546,0.1
12434,1,-0.0869246,-0.07669015,0.010234445,0.1
12435,1,-0.23634776,-0.34617653,0.10982877,0.1
12436,1,-0.53855217,-0.38675895,0.15179321,0.1
12437,1,-0.56712705,-0.6724004,0.105273366,0.1
12438,1,-0.87437683,-0.68716705,0.18720978,0.1
12439,1,-0.8663518,-0.94211686,0.07576507,0.1
12440,1,-1.1272261,-1.0805534,0.0466727,0.1
12441,1,-1.251303,-1.3381392,0.08683622,0.1
12442,1,-1.4961827,-1.4192543,0.07692838,0.1
12443,1,-1.5485027,-1.6272845,0.07878184,0.1
12444,1,-1.7291384,-1.6941826,0.03495574,0.1
12445,1,-1.7626891,-1.775673,0.012983918,0.1
12446,1,-1.811933,-1.7573556,0.05457747,0.1
12447,1,-1.7630677,-1.7546487,0.008419037,0.1
12448,1,-1.7341053,-1.8368163,0.10271096,0.1
12449,1,-1.7933722,-1.8769748,0.08360267,0.1
12450,1,-1.8111827,-1.9101882,0.09900546,0.1
12451,1,-1.8238862,-1.8366681,0.012781978,0.1
12452,1,-1.7327077,-1.7767174,0.044009686,0.1
12453,1,-1.6595895,-1.7233931,0.06380355,0.1
12454,1,-1.5969768,-1.5073776,0.08959913,0.1
12455,1,-1.3673465,-1.2616687,0.10567784,0.1
12456,1,-1.1074078,-0.9783311,0.12907672,0.1
12457,1,-0.80698675,-0.61963457,0.18735218,0.1
12458,1,-0.42293358,-0.16056082,0.26237276,0.1
12459,1,0.07043513,0.26593098,0.19549584,0.1
12460,1,0.5181173,0.6247412,0.10662389,0.1
12461,1,0.8783336,0.9371351,0.058801472,0.1
12462,1,1.1759906,1.1105549,0.06543565,0.1
12463,1,1.3171606,1.1409619,0.17619872,0.1
12464,1,1.3042965,1.2516202,0.05267632,0.1
12465,1,1.381402,1.1521257,0.2292763,0.1
12466,1,1.2329721,1.0058905,0.22708166,0.1
12467,1,1.0368465,0.7894259,0.24742061,0.1
12468,1,0.76493394,0.6099799,0.15495402,0.1
12469,1,0.54063183,0.5652882,0.024656355,0.1
12470,1,0.48023653,0.3720461,0.10819042,0.1
12471,1,0.24874613,0.24073708,0.008009046,0.1
12472,1,0.09636752,0.14648515,0.050117627,0.1
12473,1,-0.007521346,-0.11360071,0.10607936,0.1
12474,1,-0.30258098,-0.28166392,0.020917058,0.1
12475,1,-0.48199707,-0.46498775,0.017009318,0.1
12476,1,-0.67343277,-0.63732016,0.036112607,0.1
12477,1,-0.84618956,-0.84827274,0.0020831823,0.1
12478,1,-1.0560255,-0.9783909,0.07763463,0.1
12479,1,-1.1698878,-1.1231847,0.0467031,0.1
12480,1,-1.2967792,-1.2618693,0.034909844,0.1
12481,1,-1.4136713,-1.408373,0.005298257,0.1
12482,1,-1.5356171,-1.4053746,0.13024247,0.1
12483,1,-1.4997177,-1.5170484,0.017330647,0.1
12484,1,-1.5869312,-1.6923162,0.105384946,0.1
12485,1,-1.7364175,-1.7406449,0.0042274,0.1
12486,1,-1.7550724,-1.8358538,0.08078146,0.1
12487,1,-1.822058,-1.9866025,0.16454458,0.1
12488,1,-1.9416301,-1.9563466,0.014716506,0.1
12489,1,-1.8845184,-1.9648793,0.08036089,0.1
12490,1,-1.8697765,-1.9731687,0.10339224,0.1
12491,1,-1.8579416,-1.9044454,0.046503782,0.1
12492,1,-1.7731245,-1.7436589,0.029465556,0.1
12493,1,-1.5990744,-1.4614172,0.13765717,0.1
12494,1,-1.3003356,-1.2848892,0.0154464245,0.1
12495,1,-1.1170835,-0.8738603,0.24322325,0.1
12496,1,-0.6764318,-0.4694855,0.20694628,0.1
12497,1,-0.24279559,-0.010244889,0.2325507,0.1
12498,1,0.24676521,0.4178237,0.17105849,0.1
12499,1,0.6897068,0.87554467,0.18583786,0.1
12500,1,1.1456065,1.0383658,0.10724068,0.1
12501,1,1.2744455,1.223756,0.050689578,0.1
12502,1,1.4254117,1.2844342,0.1409775,0.1
12503,1,1.4435258,1.2231874,0.22033834,0.1
12504,1,1.3341744,1.0847096,0.24946475,0.1
12505,1,1.1442499,1.0888422,0.055407763,0.1
12506,1,1.1190672,0.8618564,0.2572108,0.1
12507,1,0.83655244,0.76810557,0.068446875,0.1
12508,1,0.7125347,0.5856495,0.12688524,0.1
12509,1,0.48984772,0.37505662,0.114791095,0.1
12510,1,0.23959658,0.310722,0.07112542,0.1
12511,1,0.168345,0.093782246,0.07456276,0.1
12512,1,-0.08010723,-0.14142926,0.061322033,0.1
12513,1,-0.34279567,-0.23935145,0.10344422,0.1
12514,1,-0.43794793,-0.4766478,0.038699865,0.1
12515,1,-0.6912041,-0.62170494,0.069499135,0.1
12516,1,-0.83141565,-0.7152773,0.11613834,0.1
12517,1,-0.9098883,-0.850534,0.059354305,0.1
12518,1,-1.0338871,-1.0439515,0.0100643635,0.1
12519,1,-1.2181952,-1.0908799,0.12731528,0.1
12520,1,-1.2384737,-1.2075003,0.030973315,0.1
12521,1,-1.3355753,-1.4405421,0.10496676,0.1
12522,1,-1.5516949,-1.5983166,0.04662168,0.1
12523,1,-1.6818488,-1.5564333,0.12541544,0.1
12524,1,-1.6064072,-1.7352144,0.12880719,0.1
12525,1,-1.7596669,-1.7611158,0.0014488697,0.1
12526,1,-1.7566743,-1.8414654,0.084791064,0.1
12527,1,-1.810513,-1.8351002,0.024587154,0.1
12528,1,-1.779264,-1.9469354,0.16767144,0.1
12529,1,-1.8678968,-1.9309613,0.063064456,0.1
12530,1,-1.8306901,-1.9350471,0.104357004,0.1
12531,1,-1.8169181,-1.8650054,0.04808724,0.1
12532,1,-1.7323389,-1.7199423,0.012396574,0.1
12533,1,-1.5752428,-1.5102154,0.065027356,0.1
12534,1,-1.3535674,-1.2902861,0.0632813,0.1
12535,1,-1.1229656,-0.9610042,0.16196138,0.1
12536,1,-0.7729072,-0.6175159,0.15539128,0.1
12537,1,-0.40739018,-0.11938919,0.288001,0.1
12538,1,0.12736565,0.3636908,0.23632514,0.1
12539,1,0.63327825,0.69622177,0.06294352,0.1
12540,1,0.960093,0.95926815,0.0008248687,0.1
12541,1,1.2016618,1.1829334,0.018728375,0.1
12542,1,1.3944902,1.0586432,0.33584702,0.1
12543,1,1.2123909,1.1257563,0.086634636,0.1
12544,1,1.2455163,0.9245125,0.3210038,0.1
12545,1,0.98390645,0.9425626,0.041343868,0.1
12546,1,0.9759225,0.7349781,0.24094445,0.1
12547,1,0.71373755,0.6189227,0.09481484,0.1
12548,1,0.5631378,0.56582546,0.002687633,0.1
12549,1,0.49160275,0.3005427,0.19106004,0.1
12550,1,0.17475317,0.21849178,0.043738604,0.1
12551,1,0.0810991,0.00842376,0.07267534,0.1
12552,1,-0.1599409,-0.09086927,0.06907163,0.1
12553,1,-0.2641382,-0.2542945,0.009843677,0.1
12554,1,-0.44029212,-0.44797766,0.007685542,0.1
12555,1,-0.64596784,-0.7261241,0.08015627,0.1
12556,1,-0.93895775,-0.8031316,0.13582617,0.1
12557,1,-0.99758273,-0.93334687,0.064235866,0.1
12558,1,-1.1147199,-1.0404721,0.07424772,0.1
12559,1,-1.2038333,-1.1812572,0.022576094,0.1
12560,1,-1.3277063,-1.3469784,0.019272089,0.1
12561,1,-1.4742777,-1.501877,0.027599216,0.1
12562,1,-1.6046348,-1.678427,0.07379222,0.1
12563,1,-1.7520692,-1.8282632,0.07619393,0.1
12564,1,-1.8675392,-1.8527952,0.014743924,0.1
12565,1,-1.8584237,-1.9310348,0.07261109,0.1
12566,1,-1.9047778,-2.0901067,0.18532896,0.1
12567,1,-2.0279028,-2.0735695,0.045666695,0.1
12568,1,-1.9826224,-2.1400974,0.157475,0.1
12569,1,-2.0204942,-2.0874639,0.06696963,0.1
12570,1,-1.9467189,-2.021272,0.07455301,0.1
12571,1,-1.8643503,-1.8624781,0.0018721819,0.1
12572,1,-1.6940758,-1.6621137,0.031962156,0.1
12573,1,-1.48437,-1.4576402,0.026729822,0.1
12574,1,-1.2727251,-1.1736531,0.09907198,0.1
12575,1,-0.97624665,-0.80660415,0.16964251,0.1
12576,1,-0.5876629,-0.24794792,0.33971494,0.1
12577,1,0.011006415,0.13175459,0.12074818,0.1
12578,1,0.4045398,0.5338275,0.12928769,0.1
12579,1,0.81167847,0.86917627,0.0574978,0.1
12580,1,1.1329148,0.94588524,0.18702954,0.1
12581,1,1.1680541,0.98124605,0.18680805,0.1
12582,1,1.1603742,0.9096693,0.25070488,0.1
12583,1,1.0376728,0.92570394,0.111968815,0.1
12584,1,1.0185509,0.74576056,0.2727903,0.1
12585,1,0.78094774,0.5941775,0.18677026,0.1
12586,1,0.5811055,0.57843834,0.002667129,0.1
12587,1,0.5459536,0.3067323,0.23922127,0.1
12588,1,0.21479687,0.1934787,0.021318167,0.1
12589,1,0.07750272,0.07982371,0.00232099,0.1
12590,1,-0.05532536,-0.08943658,0.034111224,0.1
12591,1,-0.24894834,-0.23720564,0.011742696,0.1
12592,1,-0.4113472,-0.3317349,0.079612315,0.1
12593,1,-0.5067392,-0.54662,0.039880812,0.1
12594,1,-0.73758894,-0.6273669,0.11022204,0.1
12595,1,-0.8084459,-0.75620455,0.052241325,0.1
12596,1,-0.9323198,-0.9490365,0.01671666,0.1
12597,1,-1.1233408,-1.0244733,0.098867536,0.1
12598,1,-1.1797831,-1.217386,0.0376029,0.1
12599,1,-1.3621569,-1.3435158,0.018641114,0.1
12600,1,-1.4675226,-1.4888225,0.021299839,0.1
12601,1,-1.5899107,-1.635233,0.0453223,0.1
12602,1,-1.7094727,-1.7128351,0.0033624172,0.1
12603,1,-1.7570806,-1.9268343,0.16975379,0.1
12604,1,-1.9370072,-2.0125215,0.07551432,0.1
12605,1,-1.9874344,-2.0815976,0.09416318,0.1
12606,1,-2.0225227,-2.076592,0.05406928,0.1
12607,1,-1.9889336,-2.0792441,0.09031057,0.1
12608,1,-1.9666374,-2.1000123,0.13337493,0.1
12609,1,-1.9650509,-1.9672867,0.0022357702,0.1
12610,1,-1.8173964,-1.9782399,0.16084349,0.1
12611,1,-1.8169746,-1.8410325,0.024057865,0.1
12612,1,-1.6710556,-1.6367851,0.034270406,0.1
12613,1,-1.4592602,-1.4307133,0.02854693,0.1
12614,1,-1.2476115,-1.1407529,0.10685861,0.1
12615,1,-0.94589907,-0.68256557,0.2633335,0.1
12616,1,-0.4576484,-0.22899891,0.22864948,0.1
12617,1,0.024206996,0.30394807,0.27974108,0.1
12618,1,0.5822189,0.6263383,0.044119418,0.1
12619,1,0.89663774,0.8517812,0.04485655,0.1
12620,1,1.0975013,1.055847,0.04165423,0.1
12621,1,1.271209,0.96885955,0.30234945,0.1
12622,1,1.1281972,0.95870084,0.16949636,0.1
12623,1,1.0753508,0.9296181,0.14573264,0.1
12624,1,1.0059507,0.7877464,0.21820426,0.1
12625,1,0.81307083,0.619196,0.19387484,0.1
12626,1,0.5944404,0.54405814,0.050382257,0.1
12627,1,0.4908379,0.26419175,0.22664616,0.1
12628,1,0.15211767,0.14795214,0.00416553,0.1
12629,1,0.01369065,-0.046347506,0.060038157,0.1
12630,1,-0.21150929,-0.15670942,0.05479987,0.1
12631,1,-0.33130684,-0.32501122,0.0062956214,0.1
12632,1,-0.5145909,-0.49542502,0.019165903,0.1
12633,1,-0.6941908,-0.5743315,0.11985928,0.1
12634,1,-0.76361746,-0.7268243,0.036793172,0.1
12635,1,-0.91498,-0.84780353,0.06717646,0.1
12636,1,-1.0266247,-0.95322716,0.07339752,0.1
12637,1,-1.1183817,-1.2100729,0.09169114,0.1
12638,1,-1.3703406,-1.3300272,0.040313363,0.1
12639,1,-1.4679003,-1.4591019,0.008798361,0.1
12640,1,-1.5726364,-1.5192481,0.053388238,0.1
12641,1,-1.6044312,-1.7472484,0.14281726,0.1
12642,1,-1.8048804,-1.7831879,0.021692514,0.1
12643,1,-1.808938,-1.7998652,0.009072781,0.1
12644,1,-1.7964964,-1.9126447,0.11614835,0.1
12645,1,-1.8813365,-1.9217544,0.04041791,0.1
12646,1,-1.8643329,-1.9741439,0.10981095,0.1
12647,1,-1.8926442,-1.9439013,0.051257133,0.1
12648,1,-1.84199,-1.8610302,0.019040227,0.1
12649,1,-1.7429111,-1.7681968,0.02528572,0.1
12650,1,-1.6379678,-1.5337989,0.10416889,0.1
12651,1,-1.3891428,-1.3799825,0.00916028,0.1
12652,1,-1.2288897,-1.0304538,0.1984359,0.1
12653,1,-0.85610276,-0.52146447,0.3346383,0.1
12654,1,-0.3062498,-0.10961959,0.19663021,0.1
12655,1,0.1325728,0.32641488,0.19384208,0.1
12656,1,0.5881687,0.69282037,0.10465169,0.1
12657,1,0.9533331,0.9124082,0.040924907,0.1
12658,1,1.1489615,1.012507,0.13645458,0.1
12659,1,1.2121503,1.230274,0.018123627,0.1
12660,1,1.4019,1.1270847,0.27481532,0.1
12661,1,1.245857,1.1330938,0.11276317,0.1
12662,1,1.2150259,1.0496083,0.16541755,0.1
12663,1,1.089138,0.9430394,0.14609861,0.1
12664,1,0.9421292,0.65755045,0.28457874,0.1
12665,1,0.5941229,0.50320387,0.09091902,0.1
12666,1,0.40411383,0.3934654,0.010648429,0.1
12667,1,0.27228877,0.23881772,0.033471048,0.1
12668,1,0.092016414,0.094980344,0.0029639304,0.1
12669,1,-0.070243865,-0.083958596,0.013714731,0.1
12670,1,-0.26894104,-0.30382964,0.034888595,0.1
12671,1,-0.5091011,-0.4052184,0.1038827,0.1
12672,1,-0.6051787,-0.5787969,0.02638179,0.1
12673,1,-0.7816074,-0.81946677,0.03785938,0.1
12674,1,-1.0268347,-0.9228658,0.10396892,0.1
12675,1,-1.1121528,-1.1016476,0.010505199,0.1
12676,1,-1.2777884,-1.1150402,0.16274822,0.1
12677,1,-1.2605793,-1.3567637,0.09618437,0.1
12678,1,-1.4885721,-1.4893907,0.0008186102,0.1
12679,1,-1.5946803,-1.5557774,0.03890288,0.1
12680,1,-1.6310439,-1.710852,0.079808116,0.1
12681,1,-1.7575808,-1.6824489,0.07513189,0.1
12682,1,-1.6980085,-1.7934016,0.09539306,0.1
12683,1,-1.782933,-1.867373,0.08443999,0.1
12684,1,-1.8301353,-1.9008514,0.07071602,0.1
12685,1,-1.8383908,-1.7964,0.041990876,0.1
12686,1,-1.7119839,-1.8052084,0.093224525,0.1
12687,1,-1.7053287,-1.7544053,0.049076557,0.1
12688,1,-1.640852,-1.6806414,0.03978944,0.1
12689,1,-1.5564094,-1.5722578,0.015848398,0.1
12690,1,-1.4393091,-1.2763165,0.1629926,0.1
12691,1,-1.1238592,-0.962996,0.16086316,0.1
12692,1,-0.7890012,-0.61029875,0.17870247,0.1
12693,1,-0.41072023,-0.23818399,0.17253624,0.1
12694,1,-0.013430566,0.2386036,0.2520342,0.1
12695,1,0.49208963,0.64696807,0.15487844,0.1
12696,1,0.9070247,0.8532763,0.05374837,0.1
12697,1,1.0904992,0.99905443,0.09144473,0.1
12698,1,1.2050815,1.0166986,0.18838286,0.1
12699,1,1.1802118,1.117204,0.06300783,0.1
12700,1,1.2498674,1.040287,0.20958042,0.1
12701,1,1.1265551,0.8817887,0.24476641,0.1
12702,1,0.915838,0.76066935,0.15516865,0.1
12703,1,0.7528253,0.68737924,0.06544608,0.1
12704,1,0.6506582,0.48597312,0.16468507,0.1
12705,1,0.4033176,0.32462943,0.078688174,0.1
12706,1,0.20906377,0.20455784,0.0045059323,0.1
12707,1,0.069189,0.08931629,0.020127296,0.1
12708,1,-0.060505778,-0.115937226,0.055431448,0.1
12709,1,-0.291846,-0.34524357,0.053397566,0.1
12710,1,-0.5436973,-0.3737035,0.16999379,0.1
12711,1,-0.5557061,-0.53507763,0.020628452,0.1
12712,1,-0.72139865,-0.6415965,0.079802155,0.1
12713,1,-0.820011,-0.8037542,0.01625681,0.1
12714,1,-0.9790599,-0.957565,0.021494865,0.1
12715,1,-1.1240528,-1.068075,0.05597782,0.1
12716,1,-1.2177677,-1.1926636,0.025104165,0.1
12717,1,-1.3249743,-1.301982,0.022992253,0.1
12718,1,-1.4137099,-1.3828328,0.030877113,0.1
12719,1,-1.4712427,-1.5624001,0.09115744,0.1
12720,1,-1.6301701,-1.6781698,0.04799974,0.1
12721,1,-1.7190797,-1.8106816,0.09160185,0.1
12722,1,-1.8225219,-1.9121944,0.089672446,0.1
12723,1,-1.893059,-2.1263642,0.23330522,0.1
12724,1,-2.067732,-2.2453542,0.17762208,0.1
12725,1,-2.146689,-2.1957595,0.049070597,0.1
12726,1,-2.069926,-2.2591681,0.18924212,0.1
12727,1,-2.1036272,-2.2557797,0.15215254,0.1
12728,1,-2.076886,-2.147285,0.070399046,0.1
12729,1,-1.9545314,-2.105973,0.15144157,0.1
12730,1,-1.9019983,-1.7909437,0.11105454,0.1
12731,1,-1.5804875,-1.4350787,0.14540875,0.1
12732,1,-1.213135,-1.2025669,0.010568142,0.1
12733,1,-0.97795755,-0.6757718,0.30218577,0.1
12734,1,-0.4189158,-0.14025778,0.27865803,0.1
12735,1,0.14832196,0.36883622,0.22051427,0.1
12736,1,0.6738654,0.61169845,0.06216693,0.1
12737,1,0.8964702,0.8465886,0.049881577,0.1
12738,1,1.1056886,0.9805139,0.1251747,0.1
12739,1,1.2024157,0.978261,0.22415471,0.1
12740,1,1.1519463,0.95812166,0.19382465,0.1
12741,1,1.0860889,0.86085695,0.22523195,0.1
12742,1,0.93830997,0.8142825,0.12402749,0.1
12743,1,0.8537437,0.5404262,0.31331748,0.1
12744,1,0.5119209,0.49060136,0.021319568,0.1
12745,1,0.43814117,0.3695211,0.068620056,0.1
12746,1,0.2849663,0.28107107,0.0038952231,0.1
12747,1,0.17572203,-0.050452344,0.22617438,0.1
12748,1,-0.21350312,-0.27895132,0.065448195,0.1
12749,1,-0.47174972,-0.4212359,0.050513834,0.1
12750,1,-0.62161404,-0.4908021,0.13081193,0.1
12751,1,-0.6828907,-0.6806666,0.0022240877,0.1
12752,1,-0.879432,-0.6957113,0.18372071,0.1
12753,1,-0.87252265,-0.94073683,0.06821418,0.1
12754,1,-1.1232169,-1.024245,0.09897184,0.1
12755,1,-1.1884809,-1.1560168,0.032464027,0.1
12756,1,-1.3052263,-1.2289051,0.076321244,0.1
12757,1,-1.3561952,-1.3590072,0.002812028,0.1
12758,1,-1.4677222,-1.5309907,0.06326854,0.1
12759,1,-1.6190045,-1.7784111,0.15940666,0.1
12760,1,-1.8375108,-1.8417243,0.0042134523,0.1
12761,1,-1.8674669,-1.8004735,0.066993475,0.1
12762,1,-1.796077,-1.9231359,0.12705886,0.1
12763,1,-1.8907738,-1.9723347,0.08156097,0.1
12764,1,-1.9126139,-1.9470588,0.03444493,0.1
12765,1,-1.8639736,-2.0169456,0.15297198,0.1
12766,1,-1.9119194,-1.9637913,0.051871896,0.1
12767,1,-1.841032,-1.8384176,0.002614379,0.1
12768,1,-1.7021322,-1.7433095,0.041177273,0.1
12769,1,-1.5982554,-1.4983575,0.09989786,0.1
12770,1,-1.3407302,-1.2064943,0.13423586,0.1
12771,1,-1.0332117,-0.8365822,0.19662952,0.1
12772,1,-0.6391217,-0.3333821,0.3057396,0.1
12773,1,-0.09789269,-0.020382281,0.0775104,0.1
12774,1,0.22511306,0.43330118,0.20818812,0.1
12775,1,0.69574565,0.8386353,0.14288968,0.1
12776,1,1.0968208,1.0706644,0.026156425,0.1
12777,1,1.3004663,1.1262387,0.1742276,0.1
12778,1,1.3127944,1.1639007,0.14889371,0.1
12779,1,1.3088689,1.1438967,0.16497219,0.1
12780,1,1.2459211,0.93541074,0.3105104,0.1
12781,1,0.97740084,0.8908982,0.08650261,0.1
12782,1,0.89999086,0.69653946,0.2034514,0.1
12783,1,0.6547875,0.5844247,0.07036281,0.1
12784,1,0.511022,0.3588994,0.15212256,0.1
12785,1,0.239191,0.24466132,0.0054703206,0.1
12786,1,0.10526541,-0.038778964,0.14404437,0.1
12787,1,-0.222419,-0.20747128,0.014947712,0.1
12788,1,-0.40685177,-0.3070401,0.09981167,0.1
12789,1,-0.5051059,-0.30918396,0.19592196,0.1
12790,1,-0.4871785,-0.5002793,0.013100803,0.1
12791,1,-0.6890672,-0.5881762,0.100890994,0.1
12792,1,-0.76723194,-0.75116426,0.016067684,0.1
12793,1,-0.92899936,-0.9148524,0.014146984,0.1
12794,1,-1.0865419,-1.0470632,0.03947866,0.1
12795,1,-1.2049246,-1.2560669,0.051142335,0.1
12796,1,-1.401732,-1.5116751,0.10994315,0.1
12797,1,-1.6365814,-1.478784,0.15779746,0.1
12798,1,-1.5685582,-1.6820955,0.11353731,0.1
12799,1,-1.7456698,-1.6765879,0.0690819,0.1
12800,1,-1.7086248,-1.808029,0.099404216,0.1
12801,1,-1.8121729,-1.9039549,0.091781974,0.1
12802,1,-1.878433,-2.0243502,0.14591718,0.1
12803,1,-1.9672818,-2.1027331,0.13545132,0.1
12804,1,-2.014473,-2.1726944,0.15822148,0.1
12805,1,-2.0541348,-2.0967133,0.04257846,0.1
12806,1,-1.9573135,-2.0049808,0.047667265,0.1
12807,1,-1.8499551,-1.9657248,0.115769744,0.1
12808,1,-1.7990646,-1.7074213,0.09164333,0.1
12809,1,-1.5298698,-1.470362,0.059507847,0.1
12810,1,-1.2837164,-1.1396462,0.14407027,0.1
12811,1,-0.936595,-0.7950609,0.14153415,0.1
12812,1,-0.5734176,-0.27717105,0.29624656,0.1
12813,1,-0.019375876,0.24209827,0.26147413,0.1
12814,1,0.5260511,0.6720869,0.14603579,0.1
12815,1,0.95751053,0.8075687,0.1499418,0.1
12816,1,1.0588396,1.0335466,0.025292993,0.1
12817,1,1.2573392,1.1489301,0.10840917,0.1
12818,1,1.334554,1.054869,0.2796849,0.1
12819,1,1.1864266,1.0283794,0.1580472,0.1
12820,1,1.1181722,0.78077996,0.3373922,0.1
12821,1,0.8046575,0.6613635,0.14329404,0.1
12822,1,0.64317554,0.5423655,0.10081005,0.1
12823,1,0.48771954,0.48589674,0.0018227994,0.1
12824,1,0.4112581,0.28114417,0.13011393,0.1
12825,1,0.1642557,0.05839151,0.10586418,0.1
12826,1,-0.097121835,-0.16386652,0.066744685,0.1
12827,1,-0.34987247,-0.30743125,0.04244122,0.1
12828,1,-0.5030594,-0.39953884,0.10352054,0.1
12829,1,-0.5918428,-0.4895112,0.10233158,0.1
12830,1,-0.6758156,-0.6871444,0.011328816,0.1
12831,1,-0.88010794,-0.8935002,0.01339227,0.1
12832,1,-1.0864208,-0.8725241,0.21389669,0.1
12833,1,-1.0348215,-1.0080779,0.02674365,0.1
12834,1,-1.1599894,-1.1756843,0.015694976,0.1
12835,1,-1.3161778,-1.3184034,0.0022255182,0.1
12836,1,-1.4407582,-1.3984809,0.042277336,0.1
12837,1,-1.4966211,-1.5923867,0.09576559,0.1
12838,1,-1.6686268,-1.7049173,0.036290526,0.1
12839,1,-1.752548,-1.8202827,0.06773472,0.1
12840,1,-1.8376172,-1.9768909,0.13927376,0.1
12841,1,-1.960118,-2.0879366,0.12781858,0.1
12842,1,-2.0352943,-2.1258304,0.09053612,0.1
12843,1,-2.0411327,-2.106651,0.06551838,0.1
12844,1,-1.995765,-2.134106,0.13834095,0.1
12845,1,-1.9989069,-2.0729752,0.07406831,0.1
12846,1,-1.9200499,-1.9471942,0.027144313,0.1
12847,1,-1.7820344,-1.7387897,0.04324472,0.1
12848,1,-1.5639386,-1.4833262,0.08061242,0.1
12849,1,-1.2982213,-1.1224557,0.17576563,0.1
12850,1,-0.9183325,-0.6951284,0.22320414,0.1
12851,1,-0.46329916,-0.22830057,0.23499858,0.1
12852,1,0.033679016,0.22216846,0.18848944,0.1
12853,1,0.5034894,0.54410446,0.04061508,0.1
12854,1,0.8199609,0.8862318,0.06627089,0.1
12855,1,1.1477587,0.98867786,0.15908086,0.1
12856,1,1.2104142,0.9903738,0.22004038,0.1
12857,1,1.1650777,1.0158522,0.14922547,0.1
12858,1,1.1502974,0.94162667,0.20867074,0.1
12859,1,1.0285299,0.9581305,0.0703994,0.1
12860,1,1.0144377,0.759482,0.25495565,0.1
12861,1,0.75949967,0.67073834,0.08876133,0.1
12862,1,0.6371143,0.5348838,0.10223049,0.1
12863,1,0.46475762,0.29893163,0.165826,0.1
12864,1,0.18026337,0.20321368,0.022950307,0.1
12865,1,0.06823556,-0.042754445,0.11099,0.1
12866,1,-0.21619022,-0.2032283,0.012961924,0.1
12867,1,-0.39233017,-0.38107565,0.011254519,0.1
12868,1,-0.582834,-0.50378346,0.07905054,0.1
12869,1,-0.7039134,-0.7455646,0.04165119,0.1
12870,1,-0.95536715,-0.73295724,0.2224099,0.1
12871,1,-0.9136155,-0.88116574,0.032449782,0.1
12872,1,-1.054909,-1.1615381,0.10662913,0.1
12873,1,-1.3333879,-1.2140936,0.119294286,0.1
12874,1,-1.3590009,-1.2670425,0.0919584,0.1
12875,1,-1.3863344,-1.4253677,0.039033294,0.1
12876,1,-1.5254517,-1.543166,0.017714381,0.1
12877,1,-1.6185982,-1.6545821,0.03598392,0.1
12878,1,-1.7033846,-1.803962,0.100577354,0.1
12879,1,-1.823869,-1.8420098,0.018140793,0.1
12880,1,-1.8321514,-1.9818794,0.14972794,0.1
12881,1,-1.941195,-2.050134,0.10893893,0.1
12882,1,-1.9790938,-2.0877597,0.10866594,0.1
12883,1,-1.9889247,-1.9653922,0.02353251,0.1
12884,1,-1.8468809,-1.9323708,0.08548987,0.1
12885,1,-1.7983277,-1.8300276,0.031699896,0.1
12886,1,-1.6839919,-1.7575974,0.07360554,0.1
12887,1,-1.6043396,-1.5561383,0.048201323,0.1
12888,1,-1.3934116,-1.2963628,0.09704888,0.1
12889,1,-1.1216207,-0.98535013,0.13627052,0.1
12890,1,-0.7938792,-0.47561532,0.3182639,0.1
12891,1,-0.24593446,-0.045799587,0.20013487,0.1
12892,1,0.20937642,0.467223,0.25784656,0.1
12893,1,0.7423218,0.80045956,0.058137774,0.1
12894,1,1.0645597,0.8892197,0.17534,0.1
12895,1,1.1144922,0.94003916,0.17445302,0.1
12896,1,1.1246257,0.9657428,0.15888286,0.1
12897,1,1.1101371,0.91701496,0.19312215,0.1
12898,1,1.0164814,0.844366,0.17211539,0.1
12899,1,0.9005831,0.7136101,0.18697298,0.1
12900,1,0.7229603,0.67383945,0.049120843,0.1
12901,1,0.65643984,0.4774723,0.17896754,0.1
12902,1,0.411497,0.30990463,0.10159236,0.1
12903,1,0.20642051,0.25694308,0.050522566,0.1
12904,1,0.14282224,0.17710586,0.034283623,0.1
12905,1,0.050587304,0.00700505,0.043582253,0.1
12906,1,-0.14478981,-0.17019077,0.025400952,0.1
12907,1,-0.34268135,-0.28799894,0.054682404,0.1
12908,1,-0.46546853,-0.4726086,0.00714007,0.1
12909,1,-0.6617793,-0.71897066,0.057191372,0.1
12910,1,-0.9206272,-0.80943525,0.11119193,0.1
12911,1,-0.99648184,-0.944387,0.052094817,0.1
12912,1,-1.1203182,-1.1178412,0.0024769306,0.1
12913,1,-1.2823026,-1.2761183,0.0061843395,0.1
12914,1,-1.422446,-1.4819871,0.059541106,0.1
12915,1,-1.6064148,-1.5135133,0.09290147,0.1
12916,1,-1.6061287,-1.7549235,0.14879477,0.1
12917,1,-1.8181722,-1.8758626,0.057690382,0.1
12918,1,-1.903508,-2.0642004,0.16069245,0.1
12919,1,-2.0499585,-2.0544765,0.004518032,0.1
12920,1,-2.0063546,-1.999443,0.006911516,0.1
12921,1,-1.9235842,-2.026615,0.10303068,0.1
12922,1,-1.9255846,-1.9877031,0.06211853,0.1
12923,1,-1.8662448,-2.033307,0.16706228,0.1
12924,1,-1.8935547,-1.8322836,0.06127107,0.1
12925,1,-1.6789012,-1.7139326,0.035031438,0.1
12926,1,-1.552486,-1.4489547,0.10353124,0.1
12927,1,-1.2746103,-1.0311964,0.24341393,0.1
12928,1,-0.83031046,-0.73820525,0.09210521,0.1
12929,1,-0.5232106,-0.35989475,0.16331583,0.1
12930,1,-0.121761024,0.24886785,0.3706289,0.1
12931,1,0.5229683,0.617835,0.09486669,0.1
12932,1,0.8917535,0.92281777,0.031064272,0.1
12933,1,1.1790338,1.0343884,0.14464533,0.1
12934,1,1.2523408,1.1506017,0.10173905,0.1
12935,1,1.331609,1.0489786,0.28263044,0.1
12936,1,1.1760106,1.0865008,0.089509845,0.1
12937,1,1.1796267,0.96564525,0.21398145,0.1
12938,1,1.0103358,0.7986428,0.21169299,0.1
12939,1,0.7931194,0.6759845,0.11713487,0.1
12940,1,0.6324582,0.5257186,0.10673958,0.1
12941,1,0.44477457,0.43517578,0.009598792,0.1
12942,1,0.3329558,0.23292956,0.10002625,0.1
12943,1,0.09374725,0.10724827,0.013501018,0.1
12944,1,-0.048767135,-0.028232949,0.020534186,0.1
12945,1,-0.19841802,-0.16940095,0.029017076,0.1
12946,1,-0.35035813,-0.36370224,0.013344109,0.1
12947,1,-0.55948263,-0.530871,0.02861166,0.1
12948,1,-0.73092014,-0.7673014,0.036381245,0.1
12949,1,-0.97424453,-0.8872308,0.08701372,0.1
12950,1,-1.0799453,-1.05034,0.02960527,0.1
12951,1,-1.2302094,-1.1360848,0.094124556,0.1
12952,1,-1.2927663,-1.2877554,0.0050109625,0.1
12953,1,-1.4251287,-1.4988029,0.0736742,0.1
12954,1,-1.61398,-1.6383425,0.024362445,0.1
12955,1,-1.7230287,-1.8183963,0.09536767,0.1
12956,1,-1.8682921,-1.8764753,0.008183241,0.1
12957,1,-1.8908389,-1.935658,0.044819117,0.1
12958,1,-1.9164183,-1.988173,0.071754694,0.1
12959,1,-1.9373848,-2.1158323,0.17844748,0.1
12960,1,-2.0311496,-2.1491063,0.11795664,0.1
12961,1,-2.0347905,-2.1006014,0.06581092,0.1
12962,1,-1.9637835,-2.174452,0.21066856,0.1
12963,1,-2.0139987,-2.0866818,0.072683096,0.1
12964,1,-1.9112003,-1.9705222,0.05932188,0.1
12965,1,-1.7850223,-1.8533382,0.06831598,0.1
12966,1,-1.6619201,-1.5909227,0.07099736,0.1
12967,1,-1.3916051,-1.2123687,0.17923641,0.1
12968,1,-0.99622005,-0.9401364,0.05608368,0.1
12969,1,-0.71640104,-0.50214964,0.2142514,0.1
12970,1,-0.25196713,0.038429525,0.29039666,0.1
12971,1,0.31971815,0.5314245,0.21170637,0.1
12972,1,0.82376546,0.7118607,0.11190474,0.1
12973,1,0.97574234,0.94452745,0.031214893,0.1
12974,1,1.182159,0.9855305,0.19662845,0.1
12975,1,1.1785288,1.0112199,0.16730893,0.1
12976,1,1.1617002,0.93803096,0.22366929,0.1
12977,1,1.0390899,0.8441836,0.1949063,0.1
12978,1,0.8981121,0.7362442,0.16186792,0.1
12979,1,0.7462316,0.599735,0.1464966,0.1
12980,1,0.5665306,0.5181388,0.04839176,0.1
12981,1,0.45686513,0.31328893,0.1435762,0.1
12982,1,0.20709702,0.12517919,0.08191784,0.1
12983,1,-0.016211584,-0.0070588873,0.009152697,0.1
12984,1,-0.1670503,-0.06278655,0.10426375,0.1
12985,1,-0.22287637,-0.2995138,0.07663742,0.1
12986,1,-0.48790234,-0.4096236,0.07827875,0.1
12987,1,-0.59836936,-0.57202846,0.026340902,0.1
12988,1,-0.76559126,-0.7103873,0.055203974,0.1
12989,1,-0.90040046,-0.9619375,0.061537027,0.1
12990,1,-1.1554132,-1.1019119,0.05350125,0.1
12991,1,-1.279558,-1.1836433,0.0959146,0.1
12992,1,-1.3379924,-1.3158473,0.022145152,0.1
12993,1,-1.4496322,-1.320514,0.1291182,0.1
12994,1,-1.4247184,-1.493481,0.06876266,0.1
12995,1,-1.5788217,-1.6805024,0.101680756,0.1
12996,1,-1.7405882,-1.7274464,0.013141751,0.1
12997,1,-1.7576234,-1.8879857,0.13036227,0.1
12998,1,-1.8877261,-1.8993798,0.011653781,0.1
12999,1,-1.8697195,-1.9377877,0.06806815,0.1
13000,1,-1.8813775,-2.0061536,0.124776125,0.1
13001,1,-1.924057,-1.9791361,0.055079103,0.1
13002,1,-1.8754303,-1.989562,0.11413169,0.1
13003,1,-1.8673482,-1.7916049,0.07574332,0.1
13004,1,-1.6545548,-1.7109984,0.056443572,0.1
13005,1,-1.5661747,-1.4524956,0.11367917,0.1
13006,1,-1.2937589,-1.1582034,0.1355555,0.1
13007,1,-0.9829106,-0.7683025,0.21460807,0.1
13008,1,-0.5659102,-0.38547736,0.18043286,0.1
13009,1,-0.15790904,0.09026944,0.24817848,0.1
13010,1,0.347292,0.48716423,0.13987222,0.1
13011,1,0.75281906,0.8384136,0.085594535,0.1
13012,1,1.0948856,1.0559889,0.03889668,0.1
13013,1,1.2836735,1.0865413,0.19713223,0.1
13014,1,1.2694957,0.9671118,0.3023839,0.1
13015,1,1.0938458,0.8637409,0.23010492,0.1
13016,1,0.94048446,0.73211616,0.2083683,0.1
13017,1,0.75967926,0.687742,0.07193726,0.1
13018,1,0.6853697,0.5840076,0.10136205,0.1
13019,1,0.54655004,0.39475942,0.15179062,0.1
13020,1,0.3125306,0.27966014,0.03287047,0.1
13021,1,0.1720886,0.10094739,0.071141206,0.1
13022,1,-0.038505882,-0.029114172,0.00939171,0.1
13023,1,-0.1855681,-0.18612134,0.0005532503,0.1
13024,1,-0.35949835,-0.28931847,0.07017988,0.1
13025,1,-0.46540248,-0.45316553,0.012236953,0.1
13026,1,-0.63844126,-0.5975332,0.04090804,0.1
13027,1,-0.7838605,-0.83993536,0.056074858,0.1
13028,1,-1.0338998,-1.0002785,0.03362131,0.1
13029,1,-1.1842046,-1.1260741,0.058130503,0.1
13030,1,-1.2923586,-1.3344663,0.0421077,0.1
13031,1,-1.4843533,-1.3993409,0.085012436,0.1
13032,1,-1.5204263,-1.351095,0.16933131,0.1
13033,1,-1.438767,-1.5037129,0.064945936,0.1
13034,1,-1.5723703,-1.5968215,0.024451256,0.1
13035,1,-1.641326,-1.6478484,0.006522417,0.1
13036,1,-1.6672292,-1.7005533,0.033324122,0.1
13037,1,-1.6963329,-1.7062682,0.00993526,0.1
13038,1,-1.6794348,-1.744398,0.06496322,0.1
13039,1,-1.6983116,-1.7846326,0.086321,0.1
13040,1,-1.720871,-1.7764928,0.055621862,0.1
13041,1,-1.696224,-1.742813,0.046589017,0.1
13042,1,-1.6485775,-1.671395,0.022817492,0.1
13043,1,-1.5654204,-1.3979176,0.16750276,0.1
13044,1,-1.2721589,-1.1453791,0.1267798,0.1
13045,1,-1.0021982,-0.79471004,0.20748818,0.1
13046,1,-0.6238948,-0.41357943,0.21031538,0.1
13047,1,-0.21266252,0.12120483,0.33386734,0.1
13048,1,0.3619653,0.56156254,0.19959724,0.1
13049,1,0.817251,0.8080407,0.009210348,0.1
13050,1,1.0479057,1.1461065,0.0982008,0.1
13051,1,1.3671343,1.1394824,0.22765195,0.1
13052,1,1.3137825,1.0756145,0.238168,0.1
13053,1,1.2015591,1.0814873,0.12007177,0.1
13054,1,1.1711814,1.0042036,0.16697788,0.1
13055,1,1.0521507,0.91748154,0.13466918,0.1
13056,1,0.9272868,0.76916635,0.15812045,0.1
13057,1,0.7364674,0.66383576,0.07263166,0.1
13058,1,0.6007748,0.54219097,0.058583856,0.1
13059,1,0.4507704,0.46812475,0.01735434,0.1
13060,1,0.3616116,0.37327427,0.011662662,0.1
13061,1,0.25142598,0.038875826,0.21255016,0.1
13062,1,-0.13590986,-0.16671203,0.030802175,0.1
13063,1,-0.36333898,-0.19799486,0.16534412,0.1
13064,1,-0.3805377,-0.42975295,0.049215257,0.1
13065,1,-0.6302455,-0.4818901,0.1483554,0.1
13066,1,-0.66637,-0.66591805,0.00045192242,0.1
13067,1,-0.85304326,-0.82932925,0.023714006,0.1
13068,1,-1.0108066,-0.9938604,0.016946137,0.1
13069,1,-1.1649561,-1.1157211,0.049234986,0.1
13070,1,-1.2683847,-1.2392232,0.029161453,0.1
13071,1,-1.3714945,-1.4110844,0.039589882,0.1
13072,1,-1.5227606,-1.4799864,0.0427742,0.1
13073,1,-1.5633502,-1.6631778,0.09982765,0.1
13074,1,-1.7204936,-1.8123784,0.09188485,0.1
13075,1,-1.837831,-1.899319,0.061488032,0.1
13076,1,-1.891463,-1.9379351,0.046472073,0.1
13077,1,-1.8988714,-1.865706,0.033165455,0.1
13078,1,-1.8003483,-1.8320692,0.031720877,0.1
13079,1,-1.7454314,-1.8684008,0.12296939,0.1
13080,1,-1.7646165,-1.8573005,0.09268403,0.1
13081,1,-1.7382555,-1.7999074,0.061651945,0.1
13082,1,-1.6683555,-1.7302536,0.061898112,0.1
13083,1,-1.589633,-1.6072885,0.017655492,0.1
13084,1,-1.4588616,-1.3347704,0.12409115,0.1
13085,1,-1.1711147,-0.93915397,0.23196071,0.1
13086,1,-0.7480294,-0.42543727,0.32259214,0.1
13087,1,-0.19364032,-0.016345756,0.17729457,0.1
13088,1,0.23961209,0.37580794,0.13619585,0.1
13089,1,0.6437779,0.6764406,0.03266269,0.1
13090,1,0.9358807,0.9478577,0.011976957,0.1
13091,1,1.1874869,1.091669,0.09581792,0.1
13092,1,1.2966223,0.98206884,0.31455344,0.1
13093,1,1.1305555,1.0543115,0.076244,0.1
13094,1,1.1712759,0.9639143,0.20736158,0.1
13095,1,1.034101,0.80598915,0.22811186,0.1
13096,1,0.8248534,0.7462498,0.078603625,0.1
13097,1,0.73421365,0.5720644,0.16214925,0.1
13098,1,0.5151152,0.51844877,0.0033335686,0.1
13099,1,0.44333094,0.3450624,0.09826854,0.1
13100,1,0.23430245,0.13496894,0.09933351,0.1
13101,1,-0.012133479,0.0007517125,0.0128851915,0.1
13102,1,-0.16247472,-0.15092348,0.011551246,0.1
13103,1,-0.32868573,-0.34611323,0.017427504,0.1
13104,1,-0.5403013,-0.5710792,0.030777872,0.1
13105,1,-0.77860445,-0.6927053,0.085899174,0.1
13106,1,-0.8921544,-0.8161711,0.075983286,0.1
13107,1,-1.0048966,-1.0206041,0.015707493,0.1
13108,1,-1.2033422,-1.057735,0.14560723,0.1
13109,1,-1.2138817,-1.3030213,0.08913958,0.1
13110,1,-1.4480321,-1.4149002,0.033131957,0.1
13111,1,-1.5340779,-1.5231087,0.010969162,0.1
13112,1,-1.6149905,-1.6504312,0.035440683,0.1
13113,1,-1.7139418,-1.7087033,0.005238533,0.1
13114,1,-1.7419746,-1.7874678,0.045493245,0.1
13115,1,-1.7919595,-1.8668163,0.07485676,0.1
13116,1,-1.8429248,-2.0167959,0.17387104,0.1
13117,1,-1.9616694,-2.0833347,0.12166524,0.1
13118,1,-1.9978387,-2.0521116,0.05427289,0.1
13119,1,-1.9422748,-1.9321812,0.01009357,0.1
13120,1,-1.804219,-2.02124,0.21702099,0.1
13121,1,-1.8773706,-1.9158882,0.038517594,0.1
13122,1,-1.7596066,-1.7453015,0.014305115,0.1
13123,1,-1.5794773,-1.5014348,0.07804251,0.1
13124,1,-1.3251224,-1.1799244,0.14519799,0.1
13125,1,-0.9873095,-0.7259495,0.26136,0.1
13126,1,-0.5022065,-0.31089148,0.19131503,0.1
13127,1,-0.061122954,0.16090009,0.22202304,0.1
13128,1,0.43516156,0.53691864,0.10175708,0.1
13129,1,0.8132421,0.7818691,0.031372964,0.1
13130,1,1.0379153,0.9869831,0.05093223,0.1
13131,1,1.2145154,1.0775758,0.13693964,0.1
13132,1,1.265749,1.0031983,0.2625507,0.1
13133,1,1.1390727,0.9495486,0.18952405,0.1
13134,1,1.0403528,0.8419445,0.1984083,0.1
13135,1,0.88545066,0.6922546,0.19319606,0.1
13136,1,0.68725103,0.56151253,0.1257385,0.1
13137,1,0.51659876,0.5191379,0.0025391579,0.1
13138,1,0.45532078,0.28901505,0.16630572,0.1
13139,1,0.17721093,0.102113396,0.07509753,0.1
13140,1,-0.043005824,0.024067178,0.067073,0.1
13141,1,-0.12836558,-0.08519145,0.043174125,0.1
13142,1,-0.24745795,-0.24132676,0.006131187,0.1
13143,1,-0.4177633,-0.43046743,0.012704134,0.1
13144,1,-0.62090427,-0.5878487,0.033055544,0.1
13145,1,-0.7811718,-0.7192601,0.061911702,0.1
13146,1,-0.9072111,-0.8507911,0.05642003,0.1
13147,1,-1.0299699,-1.0301131,0.00014317036,0.1
13148,1,-1.2015941,-1.1363539,0.065240264,0.1
13149,1,-1.2887695,-1.2465389,0.042230606,0.1
13150,1,-1.3787246,-1.3461361,0.032588482,0.1
13151,1,-1.4560332,-1.6257284,0.16969514,0.1
13152,1,-1.714309,-1.6776516,0.036657333,0.1
13153,1,-1.7345216,-1.8215162,0.08699453,0.1
13154,1,-1.8472083,-1.9093609,0.062152624,0.1
13155,1,-1.9024267,-2.0428338,0.14040709,0.1
13156,1,-2.0008395,-2.1618106,0.16097116,0.1
13157,1,-2.0827076,-2.1519868,0.069279194,0.1
13158,1,-2.0438488,-2.0162213,0.027627468,0.1
13159,1,-1.8883998,-1.9603182,0.07191837,0.1
13160,1,-1.81657,-1.8012916,0.015278459,0.1
13161,1,-1.6452489,-1.6966482,0.05139935,0.1
13162,1,-1.5339046,-1.4102404,0.12366414,0.1
13163,1,-1.2334085,-1.1319963,0.10141218,0.1
13164,1,-0.94177145,-0.6926799,0.24909157,0.1
13165,1,-0.4715808,-0.22487006,0.24671075,0.1
13166,1,0.028501973,0.21075937,0.1822574,0.1
13167,1,0.48405224,0.6603436,0.17629135,0.1
13168,1,0.93924814,0.925072,0.01417613,0.1
13169,1,1.1815112,0.9905016,0.19100958,0.1
13170,1,1.2044868,1.1161712,0.088315606,0.1
13171,1,1.2951729,1.0673993,0.22777367,0.1
13172,1,1.1977947,0.9764507,0.221344,0.1
13173,1,1.0580778,0.87646246,0.18161535,0.1
13174,1,0.91312265,0.58446753,0.32865512,0.1
13175,1,0.5521621,0.53889555,0.013266563,0.1
13176,1,0.4845732,0.3265977,0.1579755,0.1
13177,1,0.22534943,0.26086846,0.035519034,0.1
13178,1,0.14587668,0.08580118,0.0600755,0.1
13179,1,-0.05909127,0.017584458,0.07667573,0.1
13180,1,-0.13199997,-0.19608147,0.064081505,0.1
13181,1,-0.37283075,-0.22741848,0.14541227,0.1
13182,1,-0.39375907,-0.38438845,0.009370625,0.1
13183,1,-0.56069124,-0.6415074,0.08081615,0.1
13184,1,-0.83594364,-0.74384314,0.0921005,0.1
13185,1,-0.92773455,-0.8024172,0.12531734,0.1
13186,1,-0.9685828,-0.9468264,0.02175641,0.1
13187,1,-1.105053,-1.2040486,0.098995686,0.1
13188,1,-1.357805,-1.3228524,0.03495264,0.1
13189,1,-1.4544184,-1.4082329,0.046185493,0.1
13190,1,-1.5142639,-1.4768143,0.0374496,0.1
13191,1,-1.5566955,-1.6319662,0.07527077,0.1
13192,1,-1.6878743,-1.7025512,0.0146769285,0.1
13193,1,-1.730504,-1.7666775,0.036173463,0.1
13194,1,-1.7675004,-1.7900764,0.022575974,0.1
13195,1,-1.7651637,-1.7831684,0.018004775,0.1
13196,1,-1.7352421,-1.8145794,0.07933724,0.1
13197,1,-1.7471647,-1.766328,0.01916325,0.1
13198,1,-1.6810513,-1.7883273,0.10727608,0.1
13199,1,-1.690131,-1.7266484,0.0365175,0.1
13200,2,-1.6160264,-0.7584691,0.8575573,0.1
13201,2,-0.61269563,-0.5682858,0.04440981,0.1
13202,2,-0.41071045,-0.4382883,0.027577847,0.1
13203,2,-0.28190398,-0.32927647,0.04737249,0.1
13204,2,-0.17965788,-0.23331618,0.053658307,0.1
13205,2,-0.09382889,-0.26399478,0.1701659,0.1
13206,2,-0.15633956,-0.16994096,0.013601407,0.1
13207,2,-0.07026425,-0.18731327,0.11704902,0.1
13208,2,-0.114593625,-0.33128628,0.21669266,0.1
13209,2,-0.3039044,-0.36442238,0.060517967,0.1
13210,2,-0.35783193,-0.38847566,0.030643731,0.1
13211,2,-0.39817417,-0.49153158,0.093357414,0.1
13212,2,-0.5276502,-0.46085617,0.06679401,0.1
13213,2,-0.49743038,-0.49573138,0.0016990006,0.1
13214,2,-0.54287976,-0.53887033,0.0040094256,0.1
13215,2,-0.59574586,-0.4927106,0.10303527,0.1
13216,2,-0.54306954,-0.5422249,0.0008446574,0.1
13217,2,-0.60184604,-0.48995033,0.11189571,0.1
13218,2,-0.5407669,-0.4300758,0.1106911,0.1
13219,2,-0.4716661,-0.45461535,0.017050743,0.1
13220,2,-0.50196314,-0.51022416,0.008261025,0.1
13221,2,-0.56717473,-0.43542483,0.1317499,0.1
13222,2,-0.4791097,-0.27530062,0.20380908,0.1
13223,2,-0.29289204,-0.37732816,0.08443612,0.1
13224,2,-0.4167667,-0.3153227,0.101444006,0.1
13225,2,-0.34573692,-0.26565334,0.08008358,0.1
13226,2,-0.290282,-0.19408163,0.09620038,0.1
13227,2,-0.2099024,-0.06106024,0.14884217,0.1
13228,2,-0.058532313,0.007552612,0.06608492,0.1
13229,2,0.014486156,0.15368092,0.13919476,0.1
13230,2,0.17760283,0.26470998,0.08710715,0.1
13231,2,0.29668814,0.40091398,0.104225844,0.1
13232,2,0.44318628,0.38267964,0.060506642,0.1
13233,2,0.40704063,0.56472033,0.1576797,0.1
13234,2,0.60608137,0.6961501,0.09006876,0.1
13235,2,0.7425656,0.77238655,0.029820979,0.1
13236,2,0.813642,0.9054352,0.09179318,0.1
13237,2,0.94876516,1.0372362,0.088471055,0.1
13238,2,1.0796875,1.0553771,0.02431035,0.1
13239,2,1.0817195,1.1530678,0.07134831,0.1
13240,2,1.1742456,1.0354494,0.13879621,0.1
13241,2,1.0254918,1.1764468,0.15095496,0.1
13242,2,1.1720772,1.1773522,0.005275011,0.1
13243,2,1.1605458,1.1371735,0.023372293,0.1
13244,2,1.1050727,1.0822098,0.022862911,0.1
13245,2,1.0357358,1.0789447,0.043208838,0.1
13246,2,1.0279603,0.990652,0.037308276,0.1
13247,2,0.9248511,1.128774,0.20392293,0.1
13248,2,1.0820885,1.1173409,0.035252452,0.1
13249,2,1.0674881,0.9945468,0.0729413,0.1
13250,2,0.9273326,0.9267762,0.00055640936,0.1
13251,2,0.8533936,0.9783904,0.12499678,0.1
13252,2,0.91873425,1.0558283,0.13709408,0.1
13253,2,1.0116813,1.0023379,0.009343386,0.1
13254,2,0.9535299,0.909795,0.043734908,0.1
13255,2,0.8518024,0.9401976,0.08839518,0.1
13256,2,0.89384943,0.8224171,0.07143235,0.1
13257,2,0.76388544,0.7224752,0.041410267,0.1
13258,2,0.656653,0.6184265,0.038226485,0.1
13259,2,0.5461251,0.59212446,0.04599935,0.1
13260,2,0.52857417,0.48333594,0.045238227,0.1
13261,2,0.4134577,0.50228417,0.08882648,0.1
13262,2,0.45054138,0.4636417,0.013100326,0.1
13263,2,0.41787377,0.40811563,0.009758145,0.1
13264,2,0.36487028,0.39201584,0.027145565,0.1
13265,2,0.35828888,0.24216914,0.11611974,0.1
13266,2,0.19243261,0.11691283,0.075519785,0.1
13267,2,0.057872288,0.0013459908,0.056526296,0.1
13268,2,-0.063549474,-0.08226199,0.018712513,0.1
13269,2,-0.14581373,-0.11692787,0.028885864,0.1
13270,2,-0.16984004,-0.025127674,0.14471236,0.1
13271,2,-0.045329303,0.051371567,0.09670087,0.1
13272,2,0.05690121,-0.211381,0.2682822,0.1
13273,2,-0.24468672,-0.2908089,0.046122164,0.1
13274,2,-0.32546914,-0.3143665,0.011102647,0.1
13275,2,-0.34008998,-0.3940665,0.053976536,0.1
13276,2,-0.42164594,-0.4148148,0.0068311393,0.1
13277,2,-0.4337201,-0.43161395,0.00210616,0.1
13278,2,-0.44238406,-0.5038949,0.06151086,0.1
13279,2,-0.5170018,-0.47948274,0.037519068,0.1
13280,2,-0.47857338,-0.52699214,0.04841876,0.1
13281,2,-0.5262498,-0.5881525,0.0619027,0.1
13282,2,-0.5898156,-0.56643325,0.023382366,0.1
13283,2,-0.5569883,-0.52719295,0.029795349,0.1
13284,2,-0.50571626,-0.51562476,0.009908497,0.1
13285,2,-0.48891848,-0.5559262,0.06700772,0.1
13286,2,-0.5338698,-0.39404607,0.13982373,0.1
13287,2,-0.34305358,-0.384621,0.041567415,0.1
13288,2,-0.3350256,-0.33049855,0.004527062,0.1
13289,2,-0.27524596,-0.2807763,0.0055303276,0.1
13290,2,-0.2222302,-0.27454695,0.052316755,0.1
13291,2,-0.22169304,-0.23264839,0.010955349,0.1
13292,2,-0.17919552,-0.23076567,0.051570147,0.1
13293,2,-0.18462119,-0.14785995,0.03676124,0.1
13294,2,-0.094242245,0.029691549,0.12393379,0.1
13295,2,0.105772965,-0.0024755688,0.10824853,0.1
13296,2,0.055072635,0.13974279,0.084670156,0.1
13297,2,0.21168415,0.29185814,0.080173984,0.1
13298,2,0.37685725,0.34336028,0.033496976,0.1
13299,2,0.42142874,0.51969117,0.09826243,0.1
13300,2,0.6110624,0.6178197,0.006757319,0.1
13301,2,0.7065913,0.698319,0.00827229,0.1
13302,2,0.78075475,0.7824745,0.0017197728,0.1
13303,2,0.85871714,0.8809781,0.022260964,0.1
13304,2,0.95243746,0.9246576,0.027779877,0.1
13305,2,0.9833402,1.0042676,0.02092737,0.1
13306,2,1.0557463,1.0565953,0.00084900856,0.1
13307,2,1.097384,1.1427971,0.045413136,0.1
13308,2,1.177438,1.1489133,0.028524756,0.1
13309,2,1.1681283,1.1546563,0.013471961,0.1
13310,2,1.1605604,1.0940659,0.066494465,0.1
13311,2,1.0805509,1.1888347,0.10828376,0.1
13312,2,1.1782737,1.2286712,0.050397515,0.1
13313,2,1.2135475,1.2946353,0.08108783,0.1
13314,2,1.2780676,1.2234768,0.05459082,0.1
13315,2,1.1904902,1.1673248,0.023165464,0.1
13316,2,1.1227055,1.0820794,0.04062605,0.1
13317,2,1.0244181,1.0292548,0.0048366785,0.1
13318,2,0.9658511,1.0114527,0.045601547,0.1
13319,2,0.949289,0.8809642,0.068324804,0.1
13320,2,0.80388576,0.9293148,0.12542903,0.1
13321,2,0.8681132,0.7118306,0.1562826,0.1
13322,2,0.6230122,0.781341,0.15832883,0.1
13323,2,0.71674323,0.68145025,0.035292983,0.1
13324,2,0.61042744,0.7073946,0.09696716,0.1
13325,2,0.6530177,0.62254673,0.030470967,0.1
13326,2,0.5643209,0.55061835,0.013702571,0.1
13327,2,0.49180168,0.52511907,0.033317387,0.1
13328,2,0.4746377,0.43630216,0.038335532,0.1
13329,2,0.38215214,0.42023906,0.03808692,0.1
13330,2,0.37659198,0.4025269,0.025934905,0.1
13331,2,0.3681204,0.34894654,0.01917386,0.1
13332,2,0.3162747,0.1809331,0.1353416,0.1
13333,2,0.12888771,0.10622418,0.022663534,0.1
13334,2,0.054681726,-0.04041317,0.0950949,0.1
13335,2,-0.10430172,-0.0071614496,0.09714027,0.1
13336,2,-0.048220992,-0.12170868,0.07348769,0.1
13337,2,-0.16977575,-0.106521115,0.06325464,0.1
13338,2,-0.13671198,-0.22096074,0.08424875,0.1
13339,2,-0.2590576,-0.31995896,0.060901344,0.1
13340,2,-0.36166823,-0.40735576,0.045687526,0.1
13341,2,-0.4495976,-0.4849332,0.0353356,0.1
13342,2,-0.52536255,-0.3002903,0.22507226,0.1
13343,2,-0.2946598,-0.33149105,0.03683126,0.1
13344,2,-0.32338455,-0.39949358,0.07610902,0.1
13345,2,-0.3960387,-0.38398868,0.012050033,0.1
13346,2,-0.3704477,-0.35671338,0.013734311,0.1
13347,2,-0.33290362,-0.3886227,0.055719078,0.1
13348,2,-0.36686116,-0.38104457,0.014183402,0.1
13349,2,-0.3547398,-0.42209518,0.067355394,0.1
13350,2,-0.40080667,-0.50333244,0.10252577,0.1
13351,2,-0.4934076,-0.4892315,0.00417611,0.1
13352,2,-0.47339737,-0.45531797,0.0180794,0.1
13353,2,-0.4314676,-0.42381358,0.0076540112,0.1
13354,2,-0.39395738,-0.49158087,0.0976235,0.1
13355,2,-0.47384483,-0.428366,0.04547882,0.1
13356,2,-0.39945954,-0.25420338,0.14525616,0.1
13357,2,-0.19702703,-0.27757308,0.08054605,0.1
13358,2,-0.23099086,-0.21857074,0.012420118,0.1
13359,2,-0.16735977,0.07538077,0.24274054,0.1
13360,2,0.16959088,0.1726121,0.0030212253,0.1
13361,2,0.27023175,0.1972461,0.07298565,0.1
13362,2,0.28383183,0.27508822,0.008743614,0.1
13363,2,0.36047313,0.3917843,0.031311184,0.1
13364,2,0.48162737,0.38282976,0.09879762,0.1
13365,2,0.45421356,0.41643068,0.037782878,0.1
13366,2,0.4785518,0.64970887,0.17115706,0.1
13367,2,0.73415637,0.71137255,0.022783816,0.1
13368,2,0.7873885,0.780386,0.0070025325,0.1
13369,2,0.84921366,0.8416944,0.007519245,0.1
13370,2,0.90222937,0.8861905,0.016038895,0.1
13371,2,0.9364238,1.0547316,0.11830783,0.1
13372,2,1.1105442,1.1492352,0.038691044,0.1
13373,2,1.1982725,1.1110244,0.08724809,0.1
13374,2,1.1378479,1.1159569,0.021890998,0.1
13375,2,1.1290016,1.0904644,0.038537264,0.1
13376,2,1.0879745,1.096941,0.008966446,0.1
13377,2,1.0856403,1.125291,0.03965068,0.1
13378,2,1.1095357,1.1487788,0.039243102,0.1
13379,2,1.128814,1.2496884,0.120874405,0.1
13380,2,1.234822,1.3085887,0.07376671,0.1
13381,2,1.292274,1.1317849,0.16048908,0.1
13382,2,1.0871114,1.09988,0.012768626,0.1
13383,2,1.0499067,0.9897157,0.060191035,0.1
13384,2,0.9251123,0.9231592,0.001953125,0.1
13385,2,0.85322464,0.925623,0.072398365,0.1
13386,2,0.8628633,0.9562538,0.093390524,0.1
13387,2,0.9047178,0.9231888,0.018471003,0.1
13388,2,0.8725043,0.80688673,0.06561756,0.1
13389,2,0.7445558,0.6708992,0.07365656,0.1
13390,2,0.5954815,0.56851006,0.02697146,0.1
13391,2,0.4879744,0.5937256,0.10575122,0.1
13392,2,0.5321581,0.51076615,0.021391928,0.1
13393,2,0.44726825,0.37350616,0.07376209,0.1
13394,2,0.2989388,0.40400374,0.10506493,0.1
13395,2,0.35106158,0.31763113,0.033430457,0.1
13396,2,0.26254985,0.18146153,0.08108832,0.1
13397,2,0.11566365,0.27000943,0.15434578,0.1
13398,2,0.2369037,0.1782305,0.058673203,0.1
13399,2,0.14043005,0.1683929,0.027962849,0.1
13400,2,0.14184207,0.13018058,0.011661485,0.1
13401,2,0.10819642,0.15702651,0.048830092,0.1
13402,2,0.15110454,0.038189564,0.11291498,0.1
13403,2,0.019028082,-0.045716647,0.064744726,0.1
13404,2,-0.06997961,-0.24201134,0.17203173,0.1
13405,2,-0.2902247,-0.38105068,0.090825975,0.1
13406,2,-0.4388249,-0.34255832,0.09626657,0.1
13407,2,-0.37749535,-0.33205372,0.045441628,0.1
13408,2,-0.35186243,-0.36722147,0.015359044,0.1
13409,2,-0.3819819,-0.3828498,0.00086790323,0.1
13410,2,-0.3899879,-0.38453314,0.005454749,0.1
13411,2,-0.38291854,-0.48943898,0.106520444,0.1
13412,2,-0.49796057,-0.4573306,0.040629953,0.1
13413,2,-0.45169514,-0.39787093,0.053824216,0.1
13414,2,-0.37565136,-0.44389513,0.06824377,0.1
13415,2,-0.42599523,-0.36065727,0.065337956,0.1
13416,2,-0.3248133,-0.38572416,0.06091085,0.1
13417,2,-0.3538306,-0.37137744,0.017546833,0.1
13418,2,-0.3367063,-0.37625453,0.03954822,0.1
13419,2,-0.3431545,-0.50616574,0.16301125,0.1
13420,2,-0.49585187,-0.4088665,0.08698538,0.1
13421,2,-0.38039166,-0.41477236,0.034380704,0.1
13422,2,-0.3886013,-0.29471916,0.09388214,0.1
13423,2,-0.24931392,-0.22467338,0.024640545,0.1
13424,2,-0.1718468,-0.16552235,0.006324455,0.1
13425,2,-0.10889827,-0.1093239,0.00042562932,0.1
13426,2,-0.05065994,-0.028605081,0.022054859,0.1
13427,2,0.035501532,0.16027462,0.12477309,0.1
13428,2,0.24705559,0.2514107,0.004355103,0.1
13429,2,0.33995578,0.36357647,0.023620695,0.1
13430,2,0.45604795,0.47568312,0.01963517,0.1
13431,2,0.57010424,0.57028216,0.00017791986,0.1
13432,2,0.66215295,0.60389954,0.058253407,0.1
13433,2,0.682767,0.66172427,0.021042705,0.1
13434,2,0.73242533,0.90068305,0.16825771,0.1
13435,2,0.98735124,0.9104002,0.07695103,0.1
13436,2,0.9781725,0.9421838,0.03598869,0.1
13437,2,0.9960434,1.05883,0.06278664,0.1
13438,2,1.110565,1.0569723,0.053592682,0.1
13439,2,1.0910873,1.1368204,0.045733094,0.1
13440,2,1.1653934,1.2092512,0.043857813,0.1
13441,2,1.2309592,1.2758837,0.044924498,0.1
13442,2,1.2898746,1.2700197,0.019854903,0.1
13443,2,1.2692456,1.3408015,0.07155585,0.1
13444,2,1.3350849,1.2476327,0.08745217,0.1
13445,2,1.220367,1.2408059,0.02043891,0.1
13446,2,1.2057197,1.1221702,0.0835495,0.1
13447,2,1.0672761,1.064539,0.0027371645,0.1
13448,2,1.0015781,1.1420385,0.14046037,0.1
13449,2,1.0913193,1.1853431,0.094023824,0.1
13450,2,1.1406536,0.9731976,0.16745603,0.1
13451,2,0.8999197,1.0358498,0.13593012,0.1
13452,2,0.97824234,0.9196343,0.058608055,0.1
13453,2,0.85012263,0.8491293,0.0009933114,0.1
13454,2,0.77717406,0.84108955,0.06391549,0.1
13455,2,0.77805567,0.8073037,0.029248059,0.1
13456,2,0.7487212,0.71064955,0.038071632,0.1
13457,2,0.6462825,0.47771505,0.16856745,0.1
13458,2,0.38512743,0.4996611,0.11453366,0.1
13459,2,0.42825598,0.4235587,0.0046972632,0.1
13460,2,0.35365257,0.35774413,0.004091561,0.1
13461,2,0.2916272,0.34146637,0.04983917,0.1
13462,2,0.28829503,0.37402946,0.08573443,0.1
13463,2,0.34151796,0.35942185,0.017903894,0.1
13464,2,0.33641273,0.21061873,0.125794,0.1
13465,2,0.17119513,0.15194494,0.0192502,0.1
13466,2,0.114880085,0.028804297,0.08607579,0.1
13467,2,-0.01793006,-0.011407827,0.0065222336,0.1
13468,2,-0.050944537,-0.06688837,0.015943833,0.1
13469,2,-0.10274142,-0.039339855,0.063401565,0.1
13470,2,-0.056511045,-0.0708481,0.014337055,0.1
13471,2,-0.08280265,-0.1567415,0.07393885,0.1
13472,2,-0.17426586,-0.24806422,0.07379836,0.1
13473,2,-0.27128878,-0.35084984,0.079561055,0.1
13474,2,-0.3806591,-0.4861061,0.105446994,0.1
13475,2,-0.5261554,-0.48074728,0.04540813,0.1
13476,2,-0.50576764,-0.4375491,0.06821853,0.1
13477,2,-0.4431911,-0.51769096,0.074499846,0.1
13478,2,-0.5274995,-0.5240971,0.003402412,0.1
13479,2,-0.5253392,-0.4287675,0.096571684,0.1
13480,2,-0.40591747,-0.48860985,0.082692385,0.1
13481,2,-0.47174394,-0.48157978,0.009835839,0.1
13482,2,-0.45910567,-0.4966927,0.037587017,0.1
13483,2,-0.47365743,-0.46769428,0.0059631467,0.1
13484,2,-0.4373017,-0.34431934,0.09298235,0.1
13485,2,-0.29208034,-0.391628,0.099547654,0.1
13486,2,-0.35077775,-0.30250084,0.0482769,0.1
13487,2,-0.24854505,-0.42468762,0.17614257,0.1
13488,2,-0.39669722,-0.36342892,0.033268303,0.1
13489,2,-0.3268847,-0.31096807,0.015916616,0.1
13490,2,-0.26904237,-0.2132798,0.055762574,0.1
13491,2,-0.15929848,-0.12953359,0.02976489,0.1
13492,2,-0.06818077,0.015550904,0.08373167,0.1
13493,2,0.09339571,0.13028252,0.03688681,0.1
13494,2,0.21619093,0.23404455,0.017853618,0.1
13495,2,0.32393306,0.3026648,0.021268278,0.1
13496,2,0.3888492,0.43790352,0.049054325,0.1
13497,2,0.53093815,0.5811405,0.05020237,0.1
13498,2,0.679529,0.69404536,0.014516354,0.1
13499,2,0.7904059,0.7975986,0.0071926713,0.1
13500,2,0.88900596,0.91030616,0.021300197,0.1
13501,2,0.9966807,0.97944534,0.017235339,0.1
13502,2,1.053997,1.0342072,0.019789815,0.1
13503,2,1.0955601,1.0354506,0.060109496,0.1
13504,2,1.078006,1.0232203,0.05478573,0.1
13505,2,1.0476832,1.0410604,0.0066227913,0.1
13506,2,1.0540076,1.1989261,0.14491844,0.1
13507,2,1.2177973,1.1768914,0.040905833,0.1
13508,2,1.1791675,1.1449171,0.03425038,0.1
13509,2,1.132066,1.1860566,0.053990602,0.1
13510,2,1.1695848,1.2551031,0.08551836,0.1
13511,2,1.2384071,1.1931261,0.045281053,0.1
13512,2,1.1612027,1.1727331,0.011530399,0.1
13513,2,1.1335857,1.1075902,0.025995493,0.1
13514,2,1.0572776,1.0325875,0.024690032,0.1
13515,2,0.97221226,1.0768938,0.10468155,0.1
13516,2,1.0255756,1.0157181,0.009857535,0.1
13517,2,0.9582396,0.94504267,0.013196945,0.1
13518,2,0.8817449,0.9523658,0.070620894,0.1
13519,2,0.8968093,0.9117928,0.014983535,0.1
13520,2,0.8565218,0.9624394,0.10591763,0.1
13521,2,0.9219309,0.7872763,0.13465458,0.1
13522,2,0.72529167,0.6474498,0.07784188,0.1
13523,2,0.57223785,0.6223784,0.05014056,0.1
13524,2,0.55623543,0.5003768,0.055858612,0.1
13525,2,0.42575946,0.5850345,0.15927503,0.1
13526,2,0.5403984,0.50934047,0.031057954,0.1
13527,2,0.46294865,0.46136945,0.0015791953,0.1
13528,2,0.4187754,0.39288682,0.025888592,0.1
13529,2,0.3502278,0.28276172,0.06746608,0.1
13530,2,0.23262736,0.2171356,0.015491769,0.1
13531,2,0.16901106,0.11138842,0.057622634,0.1
13532,2,0.057878643,0.123003826,0.06512518,0.1
13533,2,0.087015286,-0.0093312515,0.096346535,0.1
13534,2,-0.056581482,-0.1789432,0.12236172,0.1
13535,2,-0.24200052,-0.14442429,0.09757623,0.1
13536,2,-0.18392542,-0.14924625,0.034679174,0.1
13537,2,-0.1752274,-0.35796025,0.18273285,0.1
13538,2,-0.40759617,-0.34173292,0.06586325,0.1
13539,2,-0.372626,-0.46496803,0.09234202,0.1
13540,2,-0.5032255,-0.43142226,0.07180324,0.1
13541,2,-0.4494015,-0.4755279,0.026126415,0.1
13542,2,-0.4891932,-0.4330254,0.05616781,0.1
13543,2,-0.42851907,-0.4235067,0.005012363,0.1
13544,2,-0.40935993,-0.38393915,0.025420785,0.1
13545,2,-0.35680193,-0.4412681,0.08446616,0.1
13546,2,-0.42027175,-0.44568297,0.025411218,0.1
13547,2,-0.4214509,-0.50674266,0.08529174,0.1
13548,2,-0.4897415,-0.47818038,0.0115611255,0.1
13549,2,-0.45285398,-0.4874285,0.03457451,0.1
13550,2,-0.4618014,-0.43513337,0.026668042,0.1
13551,2,-0.39944243,-0.39548165,0.0039607882,0.1
13552,2,-0.3538379,-0.39796773,0.04412982,0.1
13553,2,-0.35918993,-0.3991557,0.03996578,0.1
13554,2,-0.36330503,-0.28458077,0.078724265,0.1
13555,2,-0.23183042,-0.27070543,0.038875014,0.1
13556,2,-0.2216146,-0.22739509,0.0057804883,0.1
13557,2,-0.177006,-0.21141422,0.03440821,0.1
13558,2,-0.16545713,-0.17091548,0.005458355,0.1
13559,2,-0.12504157,-0.03104856,0.093993016,0.1
13560,2,0.031864338,0.07845824,0.046593904,0.1
13561,2,0.15015142,0.16145977,0.011308357,0.1
13562,2,0.23525299,0.28788024,0.05262725,0.1
13563,2,0.37007746,0.46241263,0.092335165,0.1
13564,2,0.5581818,0.5842999,0.0261181,0.1
13565,2,0.68146676,0.7514194,0.06995267,0.1
13566,2,0.8540074,0.90450495,0.050497532,0.1
13567,2,1.006453,0.9063903,0.10006273,0.1
13568,2,0.9860168,0.97363687,0.012379944,0.1
13569,2,1.0418382,1.0521729,0.01033473,0.1
13570,2,1.110657,1.2186749,0.10801792,0.1
13571,2,1.275814,1.2378806,0.03793347,0.1
13572,2,1.276454,1.2657287,0.01072526,0.1
13573,2,1.2887361,1.1656573,0.12307882,0.1
13574,2,1.1609833,1.1331545,0.027828813,0.1
13575,2,1.1132064,1.1515244,0.038318038,0.1
13576,2,1.1255261,1.0505408,0.074985266,0.1
13577,2,1.0044117,1.1693494,0.16493773,0.1
13578,2,1.1355045,1.2051951,0.069690585,0.1
13579,2,1.1711471,1.0923856,0.07876146,0.1
13580,2,1.0398986,1.0553766,0.015478015,0.1
13581,2,0.99815357,1.0470667,0.04891312,0.1
13582,2,0.9908254,0.9920425,0.0012170672,0.1
13583,2,0.9309153,0.90817463,0.022740662,0.1
13584,2,0.83941275,0.8606091,0.021196365,0.1
13585,2,0.7918594,0.85210824,0.06024885,0.1
13586,2,0.79064244,0.82827926,0.037636817,0.1
13587,2,0.77157164,0.73356205,0.038009584,0.1
13588,2,0.67012346,0.5877159,0.082407534,0.1
13589,2,0.5101119,0.58136445,0.071252525,0.1
13590,2,0.5165771,0.5776479,0.0610708,0.1
13591,2,0.5252317,0.65087235,0.12564063,0.1
13592,2,0.6228747,0.5625561,0.06031859,0.1
13593,2,0.5281227,0.47865206,0.049470663,0.1
13594,2,0.439521,0.36496955,0.07455146,0.1
13595,2,0.3165117,0.24587914,0.07063255,0.1
13596,2,0.18851115,0.13335371,0.055157438,0.1
13597,2,0.069789,0.025469786,0.044319212,0.1
13598,2,-0.042071506,0.04343066,0.08550216,0.1
13599,2,-0.0036768913,0.036260996,0.039937887,0.1
13600,2,0.0025446862,-0.04769329,0.050237976,0.1
13601,2,-0.08390887,-0.11037021,0.02646134,0.1
13602,2,-0.14466166,-0.13521475,0.009446919,0.1
13603,2,-0.16083482,-0.23421659,0.07338177,0.1
13604,2,-0.2656342,-0.30444762,0.038813412,0.1
13605,2,-0.33552802,-0.29604876,0.039479256,0.1
13606,2,-0.31283426,-0.27564895,0.03718531,0.1
13607,2,-0.27805033,-0.39514273,0.1170924,0.1
13608,2,-0.40978134,-0.36427483,0.045506507,0.1
13609,2,-0.3635553,-0.3750806,0.011525273,0.1
13610,2,-0.36862803,-0.46200815,0.09338012,0.1
13611,2,-0.46388406,-0.56481344,0.10092938,0.1
13612,2,-0.57604545,-0.42632934,0.14971611,0.1
13613,2,-0.40595478,-0.48628438,0.0803296,0.1
13614,2,-0.47235358,-0.5113419,0.03898835,0.1
13615,2,-0.49745053,-0.45257965,0.044870883,0.1
13616,2,-0.4251334,-0.3128596,0.11227381,0.1
13617,2,-0.26027602,-0.32676634,0.06649032,0.1
13618,2,-0.2798881,-0.24374418,0.036143914,0.1
13619,2,-0.18555656,-0.30539033,0.11983377,0.1
13620,2,-0.263843,-0.15204294,0.11180006,0.1
13621,2,-0.0876503,-0.26023328,0.17258298,0.1
13622,2,-0.22313958,-0.19026516,0.03287442,0.1
13623,2,-0.14571774,-0.13942593,0.0062918067,0.1
13624,2,-0.0923423,-0.085369386,0.0069729164,0.1
13625,2,-0.036050647,0.02306862,0.05911927,0.1
13626,2,0.08352362,0.25474238,0.17121875,0.1
13627,2,0.34474772,0.31837946,0.02636826,0.1
13628,2,0.40439305,0.42536798,0.020974934,0.1
13629,2,0.5141406,0.4638679,0.050272703,0.1
13630,2,0.5424951,0.61223155,0.06973648,0.1
13631,2,0.6986336,0.71570224,0.017068624,0.1
13632,2,0.80016404,0.7883023,0.011861742,0.1
13633,2,0.8651116,0.7698764,0.09523517,0.1
13634,2,0.8258093,0.9202095,0.09440023,0.1
13635,2,0.98143977,1.034314,0.052874267,0.1
13636,2,1.0928981,0.99911755,0.09378058,0.1
13637,2,1.0353746,1.0674276,0.032052994,0.1
13638,2,1.0977328,0.9965298,0.101202965,0.1
13639,2,1.0033011,1.1667218,0.16342068,0.1
13640,2,1.1834607,1.2171595,0.033698797,0.1
13641,2,1.2267869,1.1690545,0.057732344,0.1
13642,2,1.1610172,1.0833414,0.07767582,0.1
13643,2,1.0556521,1.1677177,0.11206555,0.1
13644,2,1.145611,1.1500344,0.00442338,0.1
13645,2,1.1200684,1.1913973,0.07132888,0.1
13646,2,1.1625092,1.1280382,0.034471035,0.1
13647,2,1.0874286,1.0635512,0.023877382,0.1
13648,2,1.0134621,1.0204532,0.006991148,0.1
13649,2,0.9661271,0.96782446,0.0016973615,0.1
13650,2,0.90942276,0.8714729,0.03794986,0.1
13651,2,0.8037489,0.80250776,0.0012411475,0.1
13652,2,0.73193866,0.78283924,0.05090058,0.1
13653,2,0.7189227,0.77088964,0.051966965,0.1
13654,2,0.71490544,0.7202415,0.005336046,0.1
13655,2,0.6654757,0.67512506,0.009649336,0.1
13656,2,0.623021,0.5070363,0.11598468,0.1
13657,2,0.43632385,0.42326382,0.013060033,0.1
13658,2,0.35165188,0.39966646,0.04801458,0.1
13659,2,0.33898318,0.33146748,0.0075156987,0.1
13660,2,0.27269167,0.26245344,0.01023823,0.1
13661,2,0.2056383,0.3029719,0.097333595,0.1
13662,2,0.26859653,0.20865875,0.059937775,0.1
13663,2,0.16902584,0.20295987,0.033934027,0.1
13664,2,0.17537922,0.12828033,0.04709889,0.1
13665,2,0.098426506,0.052113086,0.04631342,0.1
13666,2,0.020063564,0.06997397,0.049910404,0.1
13667,2,0.05361958,0.015718857,0.037900724,0.1
13668,2,-0.00044080615,-0.063211985,0.06277118,0.1
13669,2,-0.08382124,-0.14092363,0.057102397,0.1
13670,2,-0.16512805,-0.095841624,0.06928643,0.1
13671,2,-0.10065538,-0.26708496,0.16642958,0.1
13672,2,-0.29406324,-0.27288154,0.021181703,0.1
13673,2,-0.28958988,-0.31613994,0.026550055,0.1
13674,2,-0.33061346,-0.3781285,0.047515035,0.1
13675,2,-0.39387864,-0.2992321,0.09464654,0.1
13676,2,-0.2915268,-0.35209844,0.06057164,0.1
13677,2,-0.34764007,-0.3956632,0.048023134,0.1
13678,2,-0.39259177,-0.42562214,0.03303036,0.1
13679,2,-0.42161995,-0.42301732,0.0013973713,0.1
13680,2,-0.41293424,-0.44837025,0.035436004,0.1
13681,2,-0.43819994,-0.4797819,0.04158196,0.1
13682,2,-0.47084278,-0.42895195,0.04189083,0.1
13683,2,-0.40755087,-0.3775856,0.029965281,0.1
13684,2,-0.34574538,-0.40470082,0.05895543,0.1
13685,2,-0.37806737,-0.39745873,0.019391358,0.1
13686,2,-0.36991578,-0.34332186,0.026593924,0.1
13687,2,-0.3074494,-0.32159966,0.014150262,0.1
13688,2,-0.284782,-0.19671665,0.08806534,0.1
13689,2,-0.14154783,-0.2218508,0.08030297,0.1
13690,2,-0.17811596,-0.18775986,0.009643897,0.1
13691,2,-0.1440602,0.01686708,0.16092728,0.1
13692,2,0.0898803,0.12066672,0.030786417,0.1
13693,2,0.20087999,0.18552011,0.015359879,0.1
13694,2,0.26413935,0.2557322,0.008407146,0.1
13695,2,0.33299163,0.4158169,0.08282527,0.1
13696,2,0.5059556,0.55669576,0.050740182,0.1
13697,2,0.6529774,0.76309305,0.11011565,0.1
13698,2,0.8711383,0.8232833,0.04785496,0.1
13699,2,0.91850996,0.87692785,0.041582108,0.1
13700,2,0.9588827,0.93705714,0.021825552,0.1
13701,2,1.007354,1.0096838,0.0023298264,0.1
13702,2,1.0704002,1.0103216,0.06007862,0.1
13703,2,1.0527976,1.1734676,0.12067008,0.1
13704,2,1.2184827,1.2023016,0.016181111,0.1
13705,2,1.2326965,1.1086915,0.12400508,0.1
13706,2,1.1119733,1.2404363,0.12846303,0.1
13707,2,1.2470682,1.1948115,0.052256703,0.1
13708,2,1.1836655,1.143988,0.0396775,0.1
13709,2,1.1174145,1.130185,0.012770534,0.1
13710,2,1.0958097,1.0914624,0.0043473244,0.1
13711,2,1.0479367,1.1318405,0.08390379,0.1
13712,2,1.0917354,1.0840597,0.0076756477,0.1
13713,2,1.0358992,1.0251337,0.010765433,0.1
13714,2,0.9693846,1.174209,0.20482439,0.1
13715,2,1.1399179,1.051932,0.08798587,0.1
13716,2,1.000849,1.0020586,0.0012096167,0.1
13717,2,0.94731677,0.8708325,0.07648426,0.1
13718,2,0.80136746,0.8363209,0.034953415,0.1
13719,2,0.77020556,0.81408924,0.04388368,0.1
13720,2,0.75384784,0.67016923,0.0836786,0.1
13721,2,0.5956001,0.6451748,0.049574673,0.1
13722,2,0.5792223,0.56127435,0.017947972,0.1
13723,2,0.49328873,0.39820158,0.09508714,0.1
13724,2,0.31477115,0.43099213,0.11622098,0.1
13725,2,0.37039733,0.31516528,0.055232048,0.1
13726,2,0.2478105,0.2469838,0.0008267015,0.1
13727,2,0.18297054,0.3417583,0.15878777,0.1
13728,2,0.31113684,0.32170758,0.010570735,0.1
13729,2,0.2993038,0.22452544,0.07477836,0.1
13730,2,0.19499163,0.13959426,0.055397376,0.1
13731,2,0.10607988,0.032669146,0.073410735,0.1
13732,2,-0.0082586855,-0.087767065,0.07950838,0.1
13733,2,-0.13727748,-0.13567221,0.0016052723,0.1
13734,2,-0.17900723,-0.096803606,0.08220363,0.1
13735,2,-0.11867756,-0.1743727,0.055695146,0.1
13736,2,-0.19887438,-0.2730524,0.07417801,0.1
13737,2,-0.30344543,-0.22376914,0.079676285,0.1
13738,2,-0.23276228,-0.38243672,0.14967445,0.1
13739,2,-0.40946972,-0.36279628,0.046673447,0.1
13740,2,-0.37450516,-0.46534872,0.09084356,0.1
13741,2,-0.48472577,-0.42677742,0.05794835,0.1
13742,2,-0.42887086,-0.5117611,0.08289027,0.1
13743,2,-0.5199272,-0.49816474,0.02176246,0.1
13744,2,-0.49527407,-0.49966103,0.0043869615,0.1
13745,2,-0.4900821,-0.54418457,0.05410248,0.1
13746,2,-0.53630686,-0.5936168,0.057309926,0.1
13747,2,-0.5881504,-0.45351538,0.134635,0.1
13748,2,-0.41951317,-0.5907551,0.17124194,0.1
13749,2,-0.5781862,-0.55019593,0.027990282,0.1
13750,2,-0.5275809,-0.5283465,0.00076556206,0.1
13751,2,-0.50067556,-0.43647853,0.06419703,0.1
13752,2,-0.39334875,-0.33230597,0.061042786,0.1
13753,2,-0.274249,-0.29739878,0.023149788,0.1
13754,2,-0.23922828,-0.26965952,0.03043124,0.1
13755,2,-0.21355075,-0.28263986,0.069089115,0.1
13756,2,-0.2363711,-0.21705088,0.01932022,0.1
13757,2,-0.16608876,-0.052257046,0.113831714,0.1
13758,2,0.01960513,0.050454002,0.030848872,0.1
13759,2,0.1288939,0.20785351,0.078959614,0.1
13760,2,0.3003828,0.28142503,0.018957764,0.1
13761,2,0.37059772,0.42371133,0.05311361,0.1
13762,2,0.52023506,0.6128874,0.09265232,0.1
13763,2,0.72065896,0.64270085,0.07795811,0.1
13764,2,0.73412913,0.8678766,0.13374746,0.1
13765,2,0.9705997,0.98013455,0.009534836,0.1
13766,2,1.0745301,1.0399284,0.03460169,0.1
13767,2,1.1187575,1.1492206,0.0304631,0.1
13768,2,1.2184627,1.1686155,0.049847245,0.1
13769,2,1.218194,1.2600949,0.041900873,0.1
13770,2,1.2994201,1.3432399,0.043819785,0.1
13771,2,1.3709505,1.3023154,0.068635106,0.1
13772,2,1.3074536,1.2484771,0.05897653,0.1
13773,2,1.2331054,1.2450095,0.01190412,0.1
13774,2,1.2183347,1.1298771,0.088457584,0.1
13775,2,1.0806236,1.2268445,0.14622092,0.1
13776,2,1.1854692,1.2279828,0.04251361,0.1
13777,2,1.181993,1.099803,0.08219004,0.1
13778,2,1.0343177,0.9800883,0.05422944,0.1
13779,2,0.89927316,1.0425105,0.14323735,0.1
13780,2,0.9762242,0.98342544,0.0072012544,0.1
13781,2,0.9130272,1.0027934,0.089766204,0.1
13782,2,0.9414808,0.83292294,0.10855788,0.1
13783,2,0.7515215,0.8248192,0.07329768,0.1
13784,2,0.75264674,0.8031627,0.05051595,0.1
13785,2,0.7377989,0.73557216,0.00222677,0.1
13786,2,0.6693781,0.72918624,0.059808135,0.1
13787,2,0.6733598,0.62514323,0.04821658,0.1
13788,2,0.5623684,0.616379,0.05401063,0.1
13789,2,0.56471413,0.4166412,0.14807293,0.1
13790,2,0.34139597,0.35633516,0.014939189,0.1
13791,2,0.2858988,0.36853096,0.082632154,0.1
13792,2,0.316264,0.29515854,0.021105468,0.1
13793,2,0.24338572,0.20709746,0.03628826,0.1
13794,2,0.15334004,0.2380571,0.084717065,0.1
13795,2,0.20505548,0.26066276,0.05560729,0.1
13796,2,0.24434797,0.19734497,0.047003,0.1
13797,2,0.17956732,0.0888965,0.090670824,0.1
13798,2,0.061362617,0.0855551,0.024192482,0.1
13799,2,0.069094926,-0.0002669702,0.069361895,0.1
13800,2,-0.022447675,-0.14903201,0.12658434,0.1
13801,2,-0.1874147,-0.19340332,0.005988613,0.1
13802,2,-0.22669038,-0.1840545,0.042635888,0.1
13803,2,-0.20298201,-0.23475347,0.031771466,0.1
13804,2,-0.25213015,-0.3213237,0.06919354,0.1
13805,2,-0.34361324,-0.29588005,0.047733188,0.1
13806,2,-0.30265385,-0.29391903,0.008734822,0.1
13807,2,-0.2915938,-0.2924285,0.00083470345,0.1
13808,2,-0.28265533,-0.3263205,0.04366517,0.1
13809,2,-0.31677657,-0.38477802,0.06800145,0.1
13810,2,-0.38000518,-0.3453595,0.034645677,0.1
13811,2,-0.3279574,-0.32129472,0.006662667,0.1
13812,2,-0.29612905,-0.38925266,0.093123615,0.1
13813,2,-0.37393314,-0.4708203,0.09688717,0.1
13814,2,-0.46639824,-0.46370593,0.002692312,0.1
13815,2,-0.45387405,-0.441528,0.012346059,0.1
13816,2,-0.42481917,-0.44091758,0.01609841,0.1
13817,2,-0.42237955,-0.35357746,0.06880209,0.1
13818,2,-0.31903258,-0.34712502,0.028092444,0.1
13819,2,-0.3133363,-0.32155842,0.008222103,0.1
13820,2,-0.2857064,-0.2915655,0.005859107,0.1
13821,2,-0.25377917,-0.20391265,0.049866527,0.1
13822,2,-0.15486997,-0.1297058,0.025164172,0.1
13823,2,-0.0738817,-0.1253717,0.051489994,0.1
13824,2,-0.07696542,0.08345252,0.16041794,0.1
13825,2,0.16075785,0.14010783,0.02065003,0.1
13826,2,0.21515825,0.26492852,0.049770266,0.1
13827,2,0.3489727,0.38949978,0.040527076,0.1
13828,2,0.48000956,0.55355954,0.073549986,0.1
13829,2,0.65408057,0.5985963,0.055484295,0.1
13830,2,0.6874504,0.7168346,0.029384196,0.1
13831,2,0.8055839,0.9491104,0.1435265,0.1
13832,2,1.049139,0.9747132,0.07442582,0.1
13833,2,1.0557921,0.9576476,0.09814447,0.1
13834,2,1.0159743,1.1072968,0.09132254,0.1
13835,2,1.1657827,1.1399174,0.025865316,0.1
13836,2,1.183147,1.221499,0.038352013,0.1
13837,2,1.2561171,1.2712395,0.015122414,0.1
13838,2,1.2938483,1.2373866,0.05646169,0.1
13839,2,1.2405155,1.1590912,0.08142424,0.1
13840,2,1.140517,1.29451,0.15399301,0.1
13841,2,1.2820127,1.2935555,0.011542797,0.1
13842,2,1.2708418,1.2060076,0.06483424,0.1
13843,2,1.1652219,1.2020686,0.036846638,0.1
13844,2,1.1567957,1.2031626,0.04636681,0.1
13845,2,1.1554527,1.1555123,5.9604645e-05,0.1
13846,2,1.1004512,1.1256936,0.025242329,0.1
13847,2,1.0677156,1.0993546,0.03163898,0.1
13848,2,1.0403566,1.0311693,0.009187341,0.1
13849,2,0.9664741,0.9573019,0.009172201,0.1
13850,2,0.8878275,0.9289428,0.041115284,0.1
13851,2,0.8633025,0.8511181,0.012184441,0.1
13852,2,0.782076,0.7403719,0.04170412,0.1
13853,2,0.66373485,0.69549465,0.0317598,0.1
13854,2,0.6242317,0.62963027,0.0053985715,0.1
13855,2,0.56028056,0.5126625,0.04761809,0.1
13856,2,0.43659556,0.50814,0.07154447,0.1
13857,2,0.4470845,0.42572424,0.021360248,0.1
13858,2,0.36427724,0.32079092,0.043486327,0.1
13859,2,0.25525787,0.20202044,0.05323744,0.1
13860,2,0.13075414,0.20242861,0.071674466,0.1
13861,2,0.14883968,0.06569095,0.08314873,0.1
13862,2,0.0024237186,0.037890445,0.035466727,0.1
13863,2,-0.013285652,0.0061791707,0.019464822,0.1
13864,2,-0.03491831,-0.034005415,0.00091289356,0.1
13865,2,-0.067757785,-0.114545345,0.04678756,0.1
13866,2,-0.1492812,-0.285481,0.1361998,0.1
13867,2,-0.33661315,-0.32338056,0.013232589,0.1
13868,2,-0.3649025,-0.38401768,0.01911518,0.1
13869,2,-0.42086905,-0.2977682,0.12310085,0.1
13870,2,-0.30493775,-0.25336227,0.051575482,0.1
13871,2,-0.24226803,-0.21710294,0.025165081,0.1
13872,2,-0.1921162,-0.33776727,0.14565107,0.1
13873,2,-0.32928175,-0.46395236,0.13467062,0.1
13874,2,-0.47030717,-0.4596078,0.010699362,0.1
13875,2,-0.4567358,-0.51458526,0.057849467,0.1
13876,2,-0.513901,-0.48858285,0.025318146,0.1
13877,2,-0.4764911,-0.3498912,0.12659991,0.1
13878,2,-0.30912462,-0.44555604,0.13643143,0.1
13879,2,-0.42089146,-0.37389174,0.046999723,0.1
13880,2,-0.33499038,-0.433938,0.098947614,0.1
13881,2,-0.40608144,-0.35726303,0.04881841,0.1
13882,2,-0.31600648,-0.3659748,0.049968332,0.1
13883,2,-0.3285951,-0.33632267,0.0077275634,0.1
13884,2,-0.2962541,-0.2673532,0.028900892,0.1
13885,2,-0.21866617,-0.17106287,0.047603294,0.1
13886,2,-0.11068636,-0.15122712,0.040540755,0.1
13887,2,-0.09510851,-0.0058561177,0.08925239,0.1
13888,2,0.06822699,-0.024372473,0.09259947,0.1
13889,2,0.035134852,0.10547235,0.0703375,0.1
13890,2,0.17824325,0.04737907,0.13086417,0.1
13891,2,0.09719302,0.10127833,0.00408531,0.1
13892,2,0.15091068,0.14419398,0.0067166984,0.1
13893,2,0.19126353,0.18933682,0.0019267052,0.1
13894,2,0.23422493,0.35920152,0.12497659,0.1
13895,2,0.42324275,0.481664,0.058421254,0.1
13896,2,0.55309147,0.5405148,0.01257664,0.1
13897,2,0.6068632,0.70870614,0.10184294,0.1
13898,2,0.7862936,0.7290554,0.05723822,0.1
13899,2,0.79266524,0.9407099,0.14804465,0.1
13900,2,1.017097,0.95713854,0.059958458,0.1
13901,2,1.0168991,1.0382557,0.021356583,0.1
13902,2,1.0911982,1.1426613,0.051463127,0.1
13903,2,1.1907349,1.149494,0.04124081,0.1
13904,2,1.1809769,1.1039513,0.07702553,0.1
13905,2,1.1146696,1.0888664,0.025803208,0.1
13906,2,1.0858536,1.1088312,0.02297759,0.1
13907,2,1.0989132,1.1724793,0.07356608,0.1
13908,2,1.1620197,1.1513251,0.010694623,0.1
13909,2,1.1300883,1.0833621,0.046726227,0.1
13910,2,1.0474098,0.9657565,0.0816533,0.1
13911,2,0.9106515,0.93881327,0.028161764,0.1
13912,2,0.8814872,1.0176302,0.13614303,0.1
13913,2,0.97463006,1.0940983,0.11946827,0.1
13914,2,1.0626917,1.042688,0.020003676,0.1
13915,2,1.0041771,0.9822961,0.021880984,0.1
13916,2,0.93705285,0.905639,0.031413853,0.1
13917,2,0.8528501,0.76899105,0.08385903,0.1
13918,2,0.7006461,0.7469465,0.04630041,0.1
13919,2,0.68478554,0.67983943,0.0049461126,0.1
13920,2,0.61635613,0.5905175,0.025838614,0.1
13921,2,0.5227306,0.5955618,0.07283121,0.1
13922,2,0.5413947,0.43137076,0.110023946,0.1
13923,2,0.35958633,0.50838286,0.14879653,0.1
13924,2,0.4651804,0.34044003,0.12474036,0.1
13925,2,0.27838475,0.31889793,0.040513188,0.1
13926,2,0.26752925,0.33278972,0.06526047,0.1
13927,2,0.29769832,0.20068388,0.09701444,0.1
13928,2,0.15301323,0.1486443,0.004368931,0.1
13929,2,0.105045766,0.016514774,0.08853099,0.1
13930,2,-0.03806165,-0.012489153,0.025572496,0.1
13931,2,-0.057185873,-0.05367481,0.0035110638,0.1
13932,2,-0.09178829,-0.028548466,0.06323983,0.1
13933,2,-0.048524708,-0.20881939,0.16029468,0.1
13934,2,-0.25027263,-0.30918133,0.0589087,0.1
13935,2,-0.35453796,-0.40373358,0.049195617,0.1
13936,2,-0.450765,-0.5313112,0.0805462,0.1
13937,2,-0.5841059,-0.49762857,0.08647734,0.1
13938,2,-0.5285031,-0.42922953,0.09927359,0.1
13939,2,-0.43521357,-0.47058046,0.035366893,0.1
13940,2,-0.473912,-0.45257226,0.021339744,0.1
13941,2,-0.44392675,-0.53149354,0.08756679,0.1
13942,2,-0.5291471,-0.4851084,0.044038683,0.1
13943,2,-0.46768075,-0.4911977,0.023516953,0.1
13944,2,-0.4701172,-0.47010353,1.3679266e-05,0.1
13945,2,-0.44187266,-0.45522523,0.013352573,0.1
13946,2,-0.42255902,-0.4688832,0.046324164,0.1
13947,2,-0.43789762,-0.52374387,0.085846245,0.1
13948,2,-0.50160664,-0.5625339,0.06092727,0.1
13949,2,-0.54565424,-0.48617783,0.059476405,0.1
13950,2,-0.45534188,-0.5254956,0.07015371,0.1
13951,2,-0.5023685,-0.462824,0.039544523,0.1
13952,2,-0.4299332,-0.26996648,0.1599667,0.1
13953,2,-0.20705003,-0.1205605,0.08648953,0.1
13954,2,-0.03926,-0.04074624,0.0014862418,0.1
13955,2,0.043393508,-0.0033456818,0.04673919,0.1
13956,2,0.07462702,0.0095531605,0.06507386,0.1
13957,2,0.0768448,0.15660836,0.07976356,0.1
13958,2,0.23762953,0.19183844,0.04579109,0.1
13959,2,0.2642991,0.33120385,0.06690475,0.1
13960,2,0.41345716,0.44887695,0.035419792,0.1
13961,2,0.534717,0.6060632,0.071346164,0.1
13962,2,0.699461,0.6483891,0.051071882,0.1
13963,2,0.7291103,0.7461323,0.017022014,0.1
13964,2,0.82324404,0.8008753,0.02236873,0.1
13965,2,0.8674343,1.004572,0.13713771,0.1
13966,2,1.0794616,1.0868058,0.007344246,0.1
13967,2,1.1511581,1.1687651,0.017606974,0.1
13968,2,1.2222703,1.2227502,0.0004799366,0.1
13969,2,1.2624617,1.2283686,0.034093022,0.1
13970,2,1.2503724,1.3174505,0.06707811,0.1
13971,2,1.332228,1.3250842,0.007143736,0.1
13972,2,1.3247302,1.2782267,0.046503425,0.1
13973,2,1.259454,1.337588,0.07813394,0.1
13974,2,1.3146877,1.1800288,0.13465893,0.1
13975,2,1.1297843,1.186696,0.056911707,0.1
13976,2,1.1340253,1.1544696,0.020444274,0.1
13977,2,1.0957243,1.1188663,0.02314198,0.1
13978,2,1.0555427,1.0488254,0.0067173243,0.1
13979,2,0.9779431,1.083365,0.10542184,0.1
13980,2,1.0217638,0.94048166,0.08128214,0.1
13981,2,0.8623109,0.91388977,0.05157888,0.1
13982,2,0.8400367,0.8467833,0.00674659,0.1
13983,2,0.7713769,0.84163845,0.07026154,0.1
13984,2,0.77587384,0.7536849,0.022188962,0.1
13985,2,0.6836785,0.6772657,0.006412804,0.1
13986,2,0.60620654,0.64978343,0.043576896,0.1
13987,2,0.58707285,0.5101792,0.07689363,0.1
13988,2,0.43564755,0.51379997,0.07815242,0.1
13989,2,0.4552272,0.49667543,0.041448236,0.1
13990,2,0.44884664,0.43168578,0.017160863,0.1
13991,2,0.38496828,0.23936825,0.14560004,0.1
13992,2,0.17072035,0.19357654,0.02285619,0.1
13993,2,0.1330037,0.11126364,0.021740057,0.1
13994,2,0.05141104,0.04288691,0.008524131,0.1
13995,2,-0.013352394,0.070441276,0.08379367,0.1
13996,2,0.035541058,-0.032239955,0.067781016,0.1
13997,2,-0.072642386,-0.1811075,0.10846512,0.1
13998,2,-0.23418283,-0.10095229,0.13323054,0.1
13999,2,-0.12325576,-0.17812742,0.054871663,0.1
14000,2,-0.2023795,-0.22925179,0.026872292,0.1
14001,2,-0.25045913,-0.3054382,0.054979056,0.1
14002,2,-0.3284483,-0.5410646,0.21261632,0.1
14003,2,-0.5904956,-0.49198598,0.09850961,0.1
14004,2,-0.5174516,-0.5160061,0.0014454722,0.1
14005,2,-0.5328048,-0.46312714,0.06967765,0.1
14006,2,-0.45973414,-0.46505815,0.005324006,0.1
14007,2,-0.45386213,-0.4985458,0.044683665,0.1
14008,2,-0.48638266,-0.51111823,0.02473557,0.1
14009,2,-0.49505502,-0.4898534,0.005201608,0.1
14010,2,-0.46529186,-0.5676258,0.10233396,0.1
14011,2,-0.55258375,-0.5339464,0.01863736,0.1
14012,2,-0.5092358,-0.5324093,0.023173511,0.1
14013,2,-0.50522345,-0.497342,0.007881463,0.1
14014,2,-0.46309048,-0.38083413,0.08225635,0.1
14015,2,-0.3273206,-0.26048082,0.066839784,0.1
14016,2,-0.19013926,-0.2539731,0.06383383,0.1
14017,2,-0.19003627,-0.13491341,0.055122852,0.1
14018,2,-0.057514697,-0.19459885,0.13708416,0.1
14019,2,-0.13835168,-0.17220491,0.033853233,0.1
14020,2,-0.120354325,-0.095100105,0.02525422,0.1
14021,2,-0.037840173,-0.016191602,0.02164857,0.1
14022,2,0.045491867,0.11054718,0.06505531,0.1
14023,2,0.18389603,0.21825713,0.034361094,0.1
14024,2,0.29751444,0.36262068,0.06510624,0.1
14025,2,0.4520551,0.36850157,0.08355352,0.1
14026,2,0.4421761,0.577783,0.13560688,0.1
14027,2,0.66975874,0.7092517,0.039492965,0.1
14028,2,0.80275047,0.7021767,0.10057378,0.1
14029,2,0.77487266,0.76594067,0.008931994,0.1
14030,2,0.8307381,0.8253068,0.005431354,0.1
14031,2,0.8818342,0.9264255,0.044591308,0.1
14032,2,0.9806231,0.95188636,0.02873677,0.1
14033,2,0.9928733,1.0251422,0.03226888,0.1
14034,2,1.0605574,1.1425443,0.081986904,0.1
14035,2,1.1769729,1.1393927,0.037580132,0.1
14036,2,1.1577799,1.1524163,0.0053635836,0.1
14037,2,1.1589737,1.0698781,0.08909559,0.1
14038,2,1.054426,1.2364522,0.18202627,0.1
14039,2,1.2324421,1.1786569,0.053785205,0.1
14040,2,1.1578641,1.1762869,0.018422842,0.1
14041,2,1.1484675,1.1145893,0.033878207,0.1
14042,2,1.0738608,1.0864869,0.012626171,0.1
14043,2,1.0400009,1.0665119,0.026510954,0.1
14044,2,1.0170933,0.9608067,0.056286573,0.1
14045,2,0.8974984,1.0227455,0.12524706,0.1
14046,2,0.9729509,0.9417522,0.03119868,0.1
14047,2,0.8834943,0.97248983,0.08899552,0.1
14048,2,0.9245331,0.87455165,0.049981475,0.1
14049,2,0.8167663,0.9100049,0.09323859,0.1
14050,2,0.865243,0.8537989,0.011444092,0.1
14051,2,0.8067222,0.7962071,0.010515153,0.1
14052,2,0.74759,0.67608464,0.07150537,0.1
14053,2,0.6162388,0.6729402,0.05670142,0.1
14054,2,0.6239396,0.62419915,0.00025957823,0.1
14055,2,0.577436,0.5964975,0.019061506,0.1
14056,2,0.5559432,0.4355613,0.12038189,0.1
14057,2,0.37714082,0.42004836,0.042907536,0.1
14058,2,0.37269604,0.3633546,0.009341449,0.1
14059,2,0.3185899,0.37231773,0.053727835,0.1
14060,2,0.3422306,0.24436803,0.09786256,0.1
14061,2,0.20209336,0.07213547,0.12995788,0.1
14062,2,0.011348799,-0.00834061,0.019689409,0.1
14063,2,-0.068006456,-0.08245824,0.014451787,0.1
14064,2,-0.13943416,-0.17842285,0.038988695,0.1
14065,2,-0.23648936,-0.25700203,0.02051267,0.1
14066,2,-0.31230813,-0.2411091,0.07119903,0.1
14067,2,-0.27678233,-0.25262308,0.024159253,0.1
14068,2,-0.276128,-0.28604135,0.009913355,0.1
14069,2,-0.30299965,-0.31308445,0.010084808,0.1
14070,2,-0.3234163,-0.3979035,0.07448721,0.1
14071,2,-0.4126715,-0.33866525,0.07400626,0.1
14072,2,-0.3324132,-0.4722789,0.1398657,0.1
14073,2,-0.481223,-0.5144251,0.03320211,0.1
14074,2,-0.5210017,-0.42222726,0.09877443,0.1
14075,2,-0.40441316,-0.46169028,0.057277113,0.1
14076,2,-0.44565946,-0.44516954,0.0004899204,0.1
14077,2,-0.42165262,-0.40960303,0.012049586,0.1
14078,2,-0.3769496,-0.47808746,0.10113785,0.1
14079,2,-0.45592642,-0.44228923,0.013637185,0.1
14080,2,-0.41204435,-0.3182214,0.093822956,0.1
14081,2,-0.26634133,-0.37748966,0.11114833,0.1
14082,2,-0.33953238,-0.37231845,0.03278607,0.1
14083,2,-0.33581942,-0.37656632,0.040746897,0.1
14084,2,-0.3435768,-0.28359705,0.059979737,0.1
14085,2,-0.23727429,-0.20190099,0.0353733,0.1
14086,2,-0.1465131,-0.12283188,0.023681223,0.1
14087,2,-0.060725063,-0.037629444,0.023095619,0.1
14088,2,0.030664451,-0.046095043,0.076759495,0.1
14089,2,0.009883143,0.07172241,0.061839268,0.1
14090,2,0.13905498,0.19737537,0.05832039,0.1
14091,2,0.27508074,0.2347229,0.040357843,0.1
14092,2,0.30507183,0.29198343,0.013088405,0.1
14093,2,0.35879079,0.4017248,0.042934,0.1
14094,2,0.47372928,0.569359,0.09562972,0.1
14095,2,0.65369815,0.73406863,0.080370486,0.1
14096,2,0.8259501,0.7514594,0.07449067,0.1
14097,2,0.82660383,0.8685547,0.04195088,0.1
14098,2,0.942527,0.97818196,0.035654962,0.1
14099,2,1.0480335,1.0623411,0.014307618,0.1
14100,2,1.1235639,1.1876965,0.06413257,0.1
14101,2,1.2439051,1.1354815,0.10842359,0.1
14102,2,1.1663544,1.1412463,0.025108099,0.1
14103,2,1.1571844,1.137608,0.019576311,0.1
14104,2,1.1396904,1.1343639,0.0053265095,0.1
14105,2,1.1249027,1.0487915,0.0761112,0.1
14106,2,1.0191803,1.183218,0.1640377,0.1
14107,2,1.1649759,1.2356888,0.070712924,0.1
14108,2,1.2163212,1.1142756,0.102045655,0.1
14109,2,1.0731156,1.1103933,0.0372777,0.1
14110,2,1.0666456,1.0542778,0.012367845,0.1
14111,2,1.0021052,1.0810422,0.078936934,0.1
14112,2,1.0339961,1.0547056,0.020709515,0.1
14113,2,1.0055076,0.9942862,0.011221409,0.1
14114,2,0.9392342,0.9884779,0.04924369,0.1
14115,2,0.9373172,0.88227725,0.055039942,0.1
14116,2,0.820164,0.7662076,0.05395645,0.1
14117,2,0.6935124,0.61925083,0.074261546,0.1
14118,2,0.5325463,0.51341987,0.019126415,0.1
14119,2,0.42227635,0.50843847,0.08616212,0.1
14120,2,0.43252966,0.4255519,0.0069777668,0.1
14121,2,0.34966326,0.4212124,0.07154915,0.1
14122,2,0.36036187,0.41619593,0.055834055,0.1
14123,2,0.36886775,0.26500106,0.1038667,0.1
14124,2,0.20297441,0.29721,0.0942356,0.1
14125,2,0.25659657,0.13906746,0.11752911,0.1
14126,2,0.082189806,0.12686962,0.044679813,0.1
14127,2,0.08312222,0.08183507,0.0012871549,0.1
14128,2,0.04363714,-0.024066234,0.067703374,0.1
14129,2,-0.068534985,-0.0011359013,0.067399085,0.1
14130,2,-0.027017877,-0.10912262,0.08210474,0.1
14131,2,-0.14297223,-0.084024936,0.058947295,0.1
14132,2,-0.10030782,-0.09905041,0.0012574121,0.1
14133,2,-0.107555866,-0.22042732,0.11287145,0.1
14134,2,-0.24161464,-0.26581916,0.024204522,0.1
14135,2,-0.28428984,-0.29198545,0.0076956153,0.1
14136,2,-0.30472082,-0.35541844,0.050697625,0.1
14137,2,-0.36975974,-0.32909405,0.040665686,0.1
14138,2,-0.32919857,-0.44160637,0.1124078,0.1
14139,2,-0.45357376,-0.52007645,0.06650269,0.1
14140,2,-0.536123,-0.49277902,0.04334396,0.1
14141,2,-0.49479836,-0.6014676,0.10666925,0.1
14142,2,-0.6136015,-0.5227549,0.0908466,0.1
14143,2,-0.5133737,-0.56903034,0.05565667,0.1
14144,2,-0.56190556,-0.5576636,0.0042419434,0.1
14145,2,-0.543457,-0.51074517,0.032711804,0.1
14146,2,-0.48505157,-0.396713,0.08833858,0.1
14147,2,-0.3503366,-0.2862826,0.06405401,0.1
14148,2,-0.22309035,-0.29534522,0.07225487,0.1
14149,2,-0.23951611,-0.2110337,0.028482407,0.1
14150,2,-0.14597455,-0.2300792,0.08410466,0.1
14151,2,-0.17630255,-0.23453163,0.058229074,0.1
14152,2,-0.18870488,-0.06814726,0.12055762,0.1
14153,2,0.00042396784,-0.029045029,0.029468996,0.1
14154,2,0.03608106,0.103544965,0.067463905,0.1
14155,2,0.1815304,0.18251725,0.0009868443,0.1
14156,2,0.26136813,0.27074772,0.0093795955,0.1
14157,2,0.3510725,0.3249048,0.02616769,0.1
14158,2,0.399724,0.48691517,0.087191164,0.1
14159,2,0.5738767,0.48230714,0.09156954,0.1
14160,2,0.5512744,0.6871016,0.13582718,0.1
14161,2,0.7724065,0.8078381,0.035431564,0.1
14162,2,0.8923872,0.964386,0.071998775,0.1
14163,2,1.0502002,0.9615465,0.08865374,0.1
14164,2,1.0262065,1.0322248,0.006018281,0.1
14165,2,1.087441,1.1255045,0.038063526,0.1
14166,2,1.173872,1.1951865,0.021314502,0.1
14167,2,1.2333982,1.1457098,0.087688446,0.1
14168,2,1.1610885,1.06072,0.1003685,0.1
14169,2,1.051974,1.1732374,0.121263385,0.1
14170,2,1.1690202,1.2250755,0.056055307,0.1
14171,2,1.216568,1.2956946,0.0791266,0.1
14172,2,1.284867,1.2853552,0.00048816204,0.1
14173,2,1.2636371,1.1817929,0.08184421,0.1
14174,2,1.1404111,1.1994855,0.0590744,0.1
14175,2,1.1570396,1.0353491,0.12169051,0.1
14176,2,0.9688969,1.1175785,0.14868158,0.1
14177,2,1.0652776,0.92956793,0.13570964,0.1
14178,2,0.85218805,0.8943106,0.042122543,0.1
14179,2,0.8190211,0.7982357,0.020785391,0.1
14180,2,0.7161613,0.798471,0.08230966,0.1
14181,2,0.7274068,0.79856837,0.07116157,0.1
14182,2,0.73796993,0.6449632,0.09300673,0.1
14183,2,0.5684932,0.6725602,0.10406703,0.1
14184,2,0.61408806,0.5281374,0.08595067,0.1
14185,2,0.45604694,0.48578522,0.029738277,0.1
14186,2,0.42050287,0.53692156,0.11641869,0.1
14187,2,0.4949038,0.4456611,0.049242705,0.1
14188,2,0.39882803,0.405072,0.006243974,0.1
14189,2,0.36350167,0.3592176,0.004284054,0.1
14190,2,0.32160878,0.37500653,0.053397745,0.1
14191,2,0.35239774,0.29068673,0.061711013,0.1
14192,2,0.26284707,0.2325425,0.030304566,0.1
14193,2,0.20505148,0.11772317,0.087328315,0.1
14194,2,0.0800893,-0.045528483,0.12561779,0.1
14195,2,-0.100489676,-0.12397375,0.023484074,0.1
14196,2,-0.17806673,-0.15121032,0.026856408,0.1
14197,2,-0.19477284,-0.096001744,0.098771095,0.1
14198,2,-0.11508104,-0.19687456,0.08179352,0.1
14199,2,-0.22318679,-0.34835455,0.12516776,0.1
14200,2,-0.38922817,-0.24711181,0.14211635,0.1
14201,2,-0.25607887,-0.27477732,0.018698454,0.1
14202,2,-0.27910024,-0.3300097,0.05090946,0.1
14203,2,-0.33539882,-0.45240432,0.1170055,0.1
14204,2,-0.47005218,-0.5363866,0.06633443,0.1
14205,2,-0.557624,-0.5520992,0.0055247545,0.1
14206,2,-0.56502604,-0.48856357,0.07646248,0.1
14207,2,-0.48142642,-0.47961682,0.001809597,0.1
14208,2,-0.46462482,-0.46637908,0.0017542541,0.1
14209,2,-0.44441473,-0.39994016,0.044474572,0.1
14210,2,-0.36348206,-0.3742434,0.01076135,0.1
14211,2,-0.33299756,-0.3102106,0.022786975,0.1
14212,2,-0.25891194,-0.28047326,0.021561325,0.1
14213,2,-0.22730726,-0.30102944,0.07372218,0.1
14214,2,-0.25601226,-0.25944752,0.003435254,0.1
14215,2,-0.21118566,-0.20759024,0.0035954267,0.1
14216,2,-0.1553435,-0.122403964,0.03293954,0.1
14217,2,-0.061433762,-0.12925418,0.067820415,0.1
14218,2,-0.077983394,-0.13486926,0.05688587,0.1
14219,2,-0.092463925,0.05369954,0.14616346,0.1
14220,2,0.122372374,0.14442506,0.02205269,0.1
14221,2,0.21811771,0.14032894,0.07778877,0.1
14222,2,0.20062976,0.14224194,0.058387816,0.1
14223,2,0.1913553,0.24789248,0.05653718,0.1
14224,2,0.30540633,0.4028279,0.09742156,0.1
14225,2,0.47503382,0.458237,0.016796827,0.1
14226,2,0.52546716,0.6335963,0.10812914,0.1
14227,2,0.714414,0.7449453,0.030531287,0.1
14228,2,0.82574075,0.79720116,0.028539598,0.1
14229,2,0.86792356,0.85139,0.016533554,0.1
14230,2,0.9127893,0.97994304,0.06715375,0.1
14231,2,1.0419536,0.99306154,0.04889202,0.1
14232,2,1.0392909,1.0301746,0.009116292,0.1
14233,2,1.0655633,1.1082152,0.04265189,0.1
14234,2,1.1386573,1.1284463,0.010210991,0.1
14235,2,1.1469226,1.0459077,0.10101485,0.1
14236,2,1.041065,1.1626399,0.12157488,0.1
14237,2,1.1633294,1.1765858,0.013256431,0.1
14238,2,1.1689978,1.2476807,0.0786829,0.1
14239,2,1.2393844,1.1731588,0.06622565,0.1
14240,2,1.1473765,1.1202691,0.027107477,0.1
14241,2,1.0827297,0.969563,0.11316669,0.1
14242,2,0.9088922,0.9166846,0.0077924132,0.1
14243,2,0.85116875,0.96151334,0.11034459,0.1
14244,2,0.90769106,0.8419932,0.06569785,0.1
14245,2,0.7739716,0.78951705,0.015545428,0.1
14246,2,0.72073555,0.84009874,0.11936319,0.1
14247,2,0.7882889,0.7969878,0.008698881,0.1
14248,2,0.74551183,0.79309434,0.047582507,0.1
14249,2,0.7490434,0.73208094,0.016962469,0.1
14250,2,0.68569976,0.6938619,0.008162141,0.1
14251,2,0.6498539,0.64993596,8.2075596e-05,0.1
14252,2,0.60761034,0.58775854,0.019851804,0.1
14253,2,0.5442279,0.517372,0.026855886,0.1
14254,2,0.4717759,0.40726736,0.06450853,0.1
14255,2,0.35305464,0.32609344,0.026961207,0.1
14256,2,0.27002555,0.32679066,0.05676511,0.1
14257,2,0.28473443,0.28571272,0.000978291,0.1
14258,2,0.24852385,0.20023894,0.048284903,0.1
14259,2,0.15929994,0.06483541,0.09446453,0.1
14260,2,0.011638649,0.016514271,0.0048756227,0.1
14261,2,-0.030899689,-0.04630253,0.015402842,0.1
14262,2,-0.091063485,-0.16223036,0.07116687,0.1
14263,2,-0.21395445,-0.17743759,0.03651686,0.1
14264,2,-0.21657866,-0.37372383,0.15714517,0.1
14265,2,-0.4329874,-0.35843116,0.07455623,0.1
14266,2,-0.3982492,-0.48380077,0.08555156,0.1
14267,2,-0.53023463,-0.4208814,0.109353244,0.1
14268,2,-0.4411617,-0.46215364,0.020991951,0.1
14269,2,-0.47754633,-0.5249878,0.047441483,0.1
14270,2,-0.5397374,-0.47046828,0.06926912,0.1
14271,2,-0.46534622,-0.42104107,0.044305146,0.1
14272,2,-0.39994872,-0.54075766,0.14080894,0.1
14273,2,-0.53474814,-0.5042225,0.030525625,0.1
14274,2,-0.4856944,-0.557968,0.07227361,0.1
14275,2,-0.54404414,-0.6077568,0.06371266,0.1
14276,2,-0.5973242,-0.5965925,0.0007317066,0.1
14277,2,-0.57971376,-0.5999814,0.020267665,0.1
14278,2,-0.58034295,-0.47476676,0.10557619,0.1
14279,2,-0.43232584,-0.41925934,0.0130665,0.1
14280,2,-0.3692562,-0.4822818,0.113025606,0.1
14281,2,-0.4466911,-0.40149227,0.045198828,0.1
14282,2,-0.3546999,-0.31878293,0.035916984,0.1
14283,2,-0.26256126,-0.3777835,0.115222245,0.1
14284,2,-0.33884695,-0.3344358,0.004411161,0.1
14285,2,-0.29335657,-0.124113634,0.16924293,0.1
14286,2,-0.052925736,-0.11723916,0.06431343,0.1
14287,2,-0.056049377,-0.08035927,0.024309896,0.1
14288,2,-0.023274973,0.00031489777,0.02358987,0.1
14289,2,0.061009817,0.15433136,0.09332154,0.1
14290,2,0.23029888,0.32181147,0.09151259,0.1
14291,2,0.4119709,0.36680505,0.045165867,0.1
14292,2,0.4474305,0.54716027,0.09972978,0.1
14293,2,0.6402571,0.5935037,0.046753407,0.1
14294,2,0.6748078,0.7294772,0.05466944,0.1
14295,2,0.81297344,0.87813854,0.0651651,0.1
14296,2,0.962727,0.8878028,0.07492423,0.1
14297,2,0.95290685,0.8530608,0.099846065,0.1
14298,2,0.89452815,0.8942774,0.00025075674,0.1
14299,2,0.926168,1.0246396,0.09847158,0.1
14300,2,1.059355,1.030446,0.028908968,0.1
14301,2,1.0505544,1.1837589,0.13320446,0.1
14302,2,1.2081523,1.2177551,0.009602785,0.1
14303,2,1.230751,1.289363,0.05861199,0.1
14304,2,1.2958803,1.2991936,0.003313303,0.1
14305,2,1.293139,1.1817967,0.11134231,0.1
14306,2,1.1509314,1.1750083,0.024076939,0.1
14307,2,1.1370034,1.0944101,0.04259336,0.1
14308,2,1.0415578,1.1225617,0.081003904,0.1
14309,2,1.0725067,1.0734345,0.0009278059,0.1
14310,2,1.0162592,0.9533477,0.06291151,0.1
14311,2,0.8806686,0.9112747,0.030606091,0.1
14312,2,0.8379814,0.9313871,0.09340572,0.1
14313,2,0.86823046,0.6696413,0.19858915,0.1
14314,2,0.571198,0.7447158,0.17351782,0.1
14315,2,0.67233604,0.7587932,0.08645713,0.1
14316,2,0.6995818,0.66532344,0.034258366,0.1
14317,2,0.6001932,0.71037996,0.110186756,0.1
14318,2,0.6643781,0.6060681,0.058310032,0.1
14319,2,0.55172276,0.48341516,0.06830761,0.1
14320,2,0.41878372,0.52428514,0.10550141,0.1
14321,2,0.48053372,0.50465405,0.02412033,0.1
14322,2,0.46870917,0.40977883,0.058930337,0.1
14323,2,0.36735052,0.33853364,0.028816879,0.1
14324,2,0.29499292,0.19688332,0.0981096,0.1
14325,2,0.1396495,0.09002953,0.049619965,0.1
14326,2,0.02761969,-0.020999607,0.048619296,0.1
14327,2,-0.08811112,0.040114142,0.12822527,0.1
14328,2,0.001236707,-0.072681844,0.07391855,0.1
14329,2,-0.11886117,-0.04323375,0.07562742,0.1
14330,2,-0.06939384,-0.11384863,0.044454783,0.1
14331,2,-0.14101747,-0.07300171,0.068015754,0.1
14332,2,-0.08062099,-0.08370578,0.0030847937,0.1
14333,2,-0.08403145,-0.21220896,0.12817751,0.1
14334,2,-0.22784135,-0.34039792,0.11255658,0.1
14335,2,-0.36880165,-0.37064442,0.001842767,0.1
14336,2,-0.39276773,-0.3895771,0.0031906366,0.1
14337,2,-0.40422654,-0.45358384,0.049357295,0.1
14338,2,-0.46948135,-0.39859918,0.07088217,0.1
14339,2,-0.39536113,-0.4297689,0.034407765,0.1
14340,2,-0.4250955,-0.5061668,0.08107132,0.1
14341,2,-0.5080229,-0.51010275,0.0020798445,0.1
14342,2,-0.5056599,-0.60144866,0.09578878,0.1
14343,2,-0.60589707,-0.51239467,0.0935024,0.1
14344,2,-0.4954744,-0.65689796,0.16142356,0.1
14345,2,-0.65918666,-0.5211897,0.13799697,0.1
14346,2,-0.49579334,-0.4551253,0.04066804,0.1
14347,2,-0.41738284,-0.41188878,0.005494058,0.1
14348,2,-0.36801785,-0.42182487,0.05380702,0.1
14349,2,-0.38258713,-0.41864663,0.0360595,0.1
14350,2,-0.38193393,-0.17040399,0.21152994,0.1
14351,2,-0.094884634,-0.20777343,0.1128888,0.1
14352,2,-0.14867243,-0.15201098,0.0033385456,0.1
14353,2,-0.09141445,-0.024788486,0.06662597,0.1
14354,2,0.049018748,0.12163272,0.07261397,0.1
14355,2,0.20932676,0.290073,0.08074625,0.1
14356,2,0.39213595,0.457718,0.06558207,0.1
14357,2,0.5699756,0.586673,0.016697407,0.1
14358,2,0.6994367,0.7346269,0.035190165,0.1
14359,2,0.8481034,0.77600044,0.072102964,0.1
14360,2,0.87290394,0.98133534,0.1084314,0.1
14361,2,1.0830245,1.0667083,0.016316175,0.1
14362,2,1.1548877,1.1294262,0.025461435,0.1
14363,2,1.2015975,1.1542325,0.04736495,0.1
14364,2,1.207243,1.157784,0.04945898,0.1
14365,2,1.1914184,1.1717883,0.019630075,0.1
14366,2,1.1898043,1.213322,0.023517728,0.1
14367,2,1.2209306,1.2493681,0.028437495,0.1
14368,2,1.2471356,1.359858,0.1127224,0.1
14369,2,1.3557708,1.2774006,0.07837021,0.1
14370,2,1.2518036,1.2661823,0.014378667,0.1
14371,2,1.230731,1.2148924,0.015838623,0.1
14372,2,1.1671154,1.2551483,0.08803284,0.1
14373,2,1.2085466,1.2257651,0.01721847,0.1
14374,2,1.1725621,1.107563,0.0649991,0.1
14375,2,1.038275,0.9859713,0.05230373,0.1
14376,2,0.90283865,0.9935991,0.09076047,0.1
14377,2,0.9188567,0.9567188,0.037862122,0.1
14378,2,0.88377964,0.9002769,0.016497254,0.1
14379,2,0.826955,0.78073585,0.04621917,0.1
14380,2,0.69786197,0.82211125,0.12424928,0.1
14381,2,0.758273,0.7790796,0.02080661,0.1
14382,2,0.718764,0.67586946,0.042894542,0.1
14383,2,0.6092168,0.5363238,0.07289302,0.1
14384,2,0.45821038,0.6451726,0.18696222,0.1
14385,2,0.60115707,0.59360796,0.007549107,0.1
14386,2,0.55194396,0.53203875,0.01990521,0.1
14387,2,0.49100682,0.4133734,0.07763341,0.1
14388,2,0.3628614,0.29593417,0.066927224,0.1
14389,2,0.2375476,0.20573883,0.03180878,0.1
14390,2,0.14586453,0.27285463,0.1269901,0.1
14391,2,0.2413415,0.09520264,0.14613886,0.1
14392,2,0.043368697,-0.013205407,0.056574106,0.1
14393,2,-0.0697881,-0.045124702,0.024663396,0.1
14394,2,-0.09135166,0.025426378,0.11677804,0.1
14395,2,0.0074215382,-0.17812902,0.18555056,0.1
14396,2,-0.22146893,-0.14365101,0.07781792,0.1
14397,2,-0.16595957,-0.2929759,0.12701634,0.1
14398,2,-0.3298472,-0.29034272,0.03950447,0.1
14399,2,-0.31276834,-0.296992,0.015776336,0.1
14400,0,-0.30859172,-0.18095982,0.1276319,0.1
14401,0,-0.16145843,-0.09100313,0.070455305,0.1
14402,0,-0.049417228,-0.025236057,0.02418117,0.1
14403,0,0.030402645,0.019562045,0.0108406,0.1
14404,0,0.08268952,0.17090765,0.08821812,0.1
14405,0,0.25869647,0.34489384,0.086197376,0.1
14406,0,0.45618248,0.40759695,0.048585534,0.1
14407,0,0.5186111,0.59575933,0.07714826,0.1
14408,0,0.72467935,0.7954368,0.07075745,0.1
14409,0,0.93709147,0.8798636,0.05722785,0.1
14410,0,1.0133663,1.0020776,0.011288762,0.1
14411,0,1.1306243,1.141811,0.011186719,0.1
14412,0,1.2642496,1.203624,0.060625553,0.1
14413,0,1.309598,1.383978,0.07438004,0.1
14414,0,1.482497,1.3665831,0.11591387,0.1
14415,0,1.4396093,1.3014498,0.13815951,0.1
14416,0,1.3476233,1.4581361,0.11051273,0.1
14417,0,1.4999416,1.4789497,0.020991921,0.1
14418,0,1.5038714,1.5706403,0.066768885,0.1
14419,0,1.5847988,1.5467945,0.03800428,0.1
14420,0,1.5427306,1.5595717,0.016841173,0.1
14421,0,1.5427358,1.5948837,0.052147865,0.1
14422,0,1.5684586,1.6222827,0.053824186,0.1
14423,0,1.5866506,1.7769643,0.1903137,0.1
14424,0,1.7376165,1.7184304,0.01918614,0.1
14425,0,1.6641555,1.6245099,0.039645553,0.1
14426,0,1.5562327,1.6329236,0.07669091,0.1
14427,0,1.5611379,1.6339747,0.07283676,0.1
14428,0,1.5592077,1.6006501,0.041442394,0.1
14429,0,1.5216942,1.5694568,0.047762632,0.1
14430,0,1.4882808,1.6288432,0.14056242,0.1
14431,0,1.5532749,1.7203484,0.16707349,0.1
14432,0,1.6497982,1.6622537,0.012455583,0.1
14433,0,1.5864086,1.5827804,0.003628254,0.1
14434,0,1.5020995,1.5748241,0.07272458,0.1
14435,0,1.4970729,1.5471123,0.05003941,0.1
14436,0,1.4711666,1.43794,0.03322661,0.1
14437,0,1.3572719,1.4188358,0.06156385,0.1
14438,0,1.344574,1.3891143,0.044540286,0.1
14439,0,1.3203197,1.4362992,0.11597955,0.1
14440,0,1.3806188,1.325665,0.054953814,0.1
14441,0,1.265418,1.1687169,0.096701145,0.1
14442,0,1.0993807,1.0057844,0.09359634,0.1
14443,0,0.9276864,0.8855858,0.04210061,0.1
14444,0,0.80659753,0.8694822,0.06288469,0.1
14445,0,0.80707735,0.774597,0.03248036,0.1
14446,0,0.71467793,0.79866695,0.083989024,0.1
14447,0,0.7610693,0.82070583,0.059636533,0.1
14448,0,0.8023616,0.77303344,0.029328167,0.1
14449,0,0.7602764,0.65930325,0.10097313,0.1
14450,0,0.64044696,0.64417136,0.0037243962,0.1
14451,0,0.636915,0.6305825,0.0063325167,0.1
14452,0,0.63377494,0.44218114,0.1915938,0.1
14453,0,0.42378885,0.483402,0.05961317,0.1
14454,0,0.4870413,0.35891864,0.12812266,0.1
14455,0,0.35178667,0.3526627,0.00087603927,0.1
14456,0,0.3576769,0.25858054,0.09909636,0.1
14457,0,0.25789848,0.18185566,0.076042816,0.1
14458,0,0.17922676,0.093742706,0.08548405,0.1
14459,0,0.08715925,0.0023067584,0.084852494,0.1
14460,0,-0.008329421,-0.06465557,0.05632615,0.1
14461,0,-0.07431066,-0.08029571,0.0059850514,0.1
14462,0,-0.07961261,-0.04127448,0.038338132,0.1
14463,0,-0.021676883,-0.053931262,0.03225438,0.1
14464,0,-0.027843907,-0.06325007,0.035406165,0.1
14465,0,-0.031439006,-0.18870103,0.15726203,0.1
14466,0,-0.17367256,-0.29300913,0.119336575,0.1
14467,0,-0.28875732,-0.35965252,0.070895195,0.1
14468,0,-0.358007,-0.31720588,0.040801138,0.1
14469,0,-0.29880714,-0.33152434,0.032717198,0.1
14470,0,-0.3090494,-0.38274375,0.07369435,0.1
14471,0,-0.36362344,-0.4773698,0.113746345,0.1
14472,0,-0.46868843,-0.46720022,0.0014882088,0.1
14473,0,-0.45001036,-0.6522936,0.20228326,0.1
14474,0,-0.65888125,-0.7262951,0.06741387,0.1
14475,0,-0.7351149,-0.7331421,0.0019727945,0.1
14476,0,-0.73356813,-0.6859927,0.047575414,0.1
14477,0,-0.6712366,-0.71682507,0.045588493,0.1
14478,0,-0.70134753,-0.79291207,0.091564536,0.1
14479,0,-0.78342026,-0.9397038,0.15628356,0.1
14480,0,-0.9433139,-0.9618187,0.018504798,0.1
14481,0,-0.95950407,-0.9836452,0.024141133,0.1
14482,0,-0.9760886,-0.8973474,0.07874119,0.1
14483,0,-0.8717212,-0.93582714,0.06410593,0.1
14484,0,-0.9118536,-0.9657665,0.053912878,0.1
14485,0,-0.9421955,-0.95432246,0.012126982,0.1
14486,0,-0.9261523,-0.9851527,0.059000432,0.1
14487,0,-0.95886856,-0.9150966,0.043771982,0.1
14488,0,-0.87806827,-0.92234,0.044271708,0.1
14489,0,-0.88713247,-0.9466066,0.05947411,0.1
14490,0,-0.9156522,-1.0749996,0.15934736,0.1
14491,0,-1.0595088,-1.1790377,0.11952889,0.1
14492,0,-1.1714535,-1.1460485,0.02540493,0.1
14493,0,-1.1303544,-1.120482,0.0098724365,0.1
14494,0,-1.0991077,-1.159817,0.060709238,0.1
14495,0,-1.1407807,-1.2064322,0.065651536,0.1
14496,0,-1.1895807,-1.2014711,0.011890411,0.1
14497,0,-1.1811631,-1.1024292,0.07873392,0.1
14498,0,-1.0699956,-1.1315017,0.061506033,0.1
14499,0,-1.1035194,-1.1267,0.023180604,0.1
14500,0,-1.0991006,-1.2036259,0.10452533,0.1
14501,0,-1.184587,-1.1163845,0.068202496,0.1
14502,0,-1.0879302,-1.1550573,0.06712711,0.1
14503,0,-1.132668,-1.0941371,0.038530946,0.1
14504,0,-1.0666561,-1.0520382,0.01461792,0.1
14505,0,-1.0231295,-0.8707506,0.15237886,0.1
14506,0,-0.8242845,-0.86626714,0.04198265,0.1
14507,0,-0.82874084,-0.84222984,0.013489008,0.1
14508,0,-0.81055087,-0.7341212,0.076429665,0.1
14509,0,-0.69654626,-0.5882619,0.108284354,0.1
14510,0,-0.5404487,-0.5100306,0.030418098,0.1
14511,0,-0.46433938,-0.37003803,0.09430134,0.1
14512,0,-0.31691077,-0.24801329,0.068897486,0.1
14513,0,-0.1918008,-0.1423643,0.04943651,0.1
14514,0,-0.0867566,-0.08412587,0.002630733,0.1
14515,0,-0.037744373,0.097094655,0.13483903,0.1
14516,0,0.15574959,0.1684293,0.012679711,0.1
14517,0,0.21873766,0.2959112,0.07717353,0.1
14518,0,0.34783286,0.34453392,0.0032989383,0.1
14519,0,0.38417146,0.55918074,0.17500928,0.1
14520,0,0.61360615,0.7653294,0.15172327,0.1
14521,0,0.8280807,0.8924047,0.06432396,0.1
14522,0,0.9489754,0.942691,0.006284356,0.1
14523,0,0.98252445,1.1234969,0.14097244,0.1
14524,0,1.1623895,1.1488814,0.013508081,0.1
14525,0,1.1678061,1.2642071,0.096400976,0.1
14526,0,1.2743909,1.3674827,0.09309173,0.1
14527,0,1.3665705,1.4464453,0.07987487,0.1
14528,0,1.4319143,1.5240039,0.092089534,0.1
14529,0,1.4959748,1.6457182,0.14974344,0.1
14530,0,1.6062887,1.5393462,0.06694245,0.1
14531,0,1.4748724,1.4543377,0.020534635,0.1
14532,0,1.3707185,1.4700282,0.09930968,0.1
14533,0,1.3805394,1.4491518,0.06861234,0.1
14534,0,1.352222,1.4878047,0.13558269,0.1
14535,0,1.3910906,1.4768306,0.08573997,0.1
14536,0,1.3764691,1.4583219,0.08185279,0.1
14537,0,1.3553379,1.5628818,0.20754397,0.1
14538,0,1.4688382,1.5506754,0.08183718,0.1
14539,0,1.4542828,1.5109633,0.05668056,0.1
14540,0,1.4113259,1.5817709,0.17044497,0.1
14541,0,1.4894328,1.5239763,0.034543514,0.1
14542,0,1.4275885,1.4909356,0.0633471,0.1
14543,0,1.394721,1.5321414,0.13742042,0.1
14544,0,1.4436867,1.6058102,0.16212344,0.1
14545,0,1.5258389,1.5857116,0.059872746,0.1
14546,0,1.5055826,1.5049735,0.00060904026,0.1
14547,0,1.420686,1.4875586,0.0668726,0.1
14548,0,1.4068558,1.4047366,0.0021191835,0.1
14549,0,1.3218737,1.4177843,0.09591067,0.1
14550,0,1.3442249,1.4577745,0.11354959,0.1
14551,0,1.3950415,1.414467,0.019425511,0.1
14552,0,1.3532877,1.3862933,0.033005595,0.1
14553,0,1.3289778,1.3259902,0.0029876232,0.1
14554,0,1.2694702,1.2009655,0.06850469,0.1
14555,0,1.1383176,1.0986885,0.0396291,0.1
14556,0,1.0343711,1.0117468,0.022624373,0.1
14557,0,0.9489572,0.9654139,0.016456723,0.1
14558,0,0.9108719,0.85115373,0.05971819,0.1
14559,0,0.79402316,0.7181856,0.07583755,0.1
14560,0,0.6560535,0.80678034,0.15072685,0.1
14561,0,0.7774132,0.76221067,0.015202522,0.1
14562,0,0.7398782,0.8174741,0.07759595,0.1
14563,0,0.8175428,0.837949,0.020406187,0.1
14564,0,0.85161746,0.71088,0.14073747,0.1
14565,0,0.71250594,0.7419551,0.029449165,0.1
14566,0,0.7591279,0.5776399,0.18148804,0.1
14567,0,0.57539845,0.48620778,0.08919066,0.1
14568,0,0.47919354,0.45408365,0.025109887,0.1
14569,0,0.45360768,0.3484783,0.10512939,0.1
14570,0,0.34033588,0.20958152,0.13075435,0.1
14571,0,0.18854354,0.15609305,0.032450497,0.1
14572,0,0.13966706,0.10478207,0.034884997,0.1
14573,0,0.09287056,0.1429002,0.050029635,0.1
14574,0,0.15159604,0.055451084,0.09614496,0.1
14575,0,0.058492094,0.14296304,0.08447094,0.1
14576,0,0.17333251,-0.0013190131,0.17465152,0.1
14577,0,0.009459436,-0.01884467,0.028304106,0.1
14578,0,-0.0020301938,-0.02252744,0.020497246,0.1
14579,0,0.0017892122,-0.026433567,0.028222779,0.1
14580,0,0.0039177537,-0.12220605,0.1261238,0.1
14581,0,-0.104028344,-0.2116632,0.10763486,0.1
14582,0,-0.20311502,-0.27270326,0.069588244,0.1
14583,0,-0.2674536,-0.24946009,0.017993525,0.1
14584,0,-0.23216626,-0.37830213,0.14613587,0.1
14585,0,-0.37765193,-0.43771473,0.060062796,0.1
14586,0,-0.4392805,-0.3837333,0.055547208,0.1
14587,0,-0.36784226,-0.43804234,0.070200086,0.1
14588,0,-0.4261108,-0.4564425,0.030331701,0.1
14589,0,-0.44205087,-0.5379121,0.0958612,0.1
14590,0,-0.5321167,-0.5843066,0.052189887,0.1
14591,0,-0.58010745,-0.533616,0.046491444,0.1
14592,0,-0.51524824,-0.59338236,0.07813412,0.1
14593,0,-0.58121437,-0.6590334,0.07781905,0.1
14594,0,-0.65306467,-0.6148349,0.038229764,0.1
14595,0,-0.5971553,-0.71641994,0.11926466,0.1
14596,0,-0.71146935,-0.74176055,0.0302912,0.1
14597,0,-0.7360522,-0.79894245,0.06289023,0.1
14598,0,-0.797126,-0.9542735,0.15714753,0.1
14599,0,-0.96729606,-1.0104189,0.043122828,0.1
14600,0,-1.0218849,-1.0614746,0.039589643,0.1
14601,0,-1.0700672,-1.1011232,0.031056046,0.1
14602,0,-1.1052029,-1.2121294,0.10692644,0.1
14603,0,-1.218121,-1.229959,0.011837959,0.1
14604,0,-1.2271047,-1.1976475,0.029457211,0.1
14605,0,-1.1824236,-1.137157,0.04526663,0.1
14606,0,-1.1090047,-1.1132517,0.00424695,0.1
14607,0,-1.0788321,-1.1746193,0.09578717,0.1
14608,0,-1.1443615,-1.1706514,0.02628994,0.1
14609,0,-1.1370807,-1.1829593,0.04587865,0.1
14610,0,-1.1486568,-1.1856356,0.03697872,0.1
14611,0,-1.1500487,-1.1209426,0.02910614,0.1
14612,0,-1.0778983,-1.0586562,0.019242048,0.1
14613,0,-1.0104902,-1.0523162,0.04182601,0.1
14614,0,-1.0073738,-1.0728824,0.065508604,0.1
14615,0,-1.034457,-1.147335,0.112878084,0.1
14616,0,-1.1201501,-1.0866884,0.03346169,0.1
14617,0,-1.0545619,-1.0350827,0.019479156,0.1
14618,0,-1.0005791,-1.0017791,0.0011999607,0.1
14619,0,-0.96826464,-0.8925568,0.07570785,0.1
14620,0,-0.85117227,-0.7736133,0.077558994,0.1
14621,0,-0.7247388,-0.6530918,0.07164699,0.1
14622,0,-0.59812874,-0.5538764,0.044252336,0.1
14623,0,-0.49756712,-0.5697503,0.07218319,0.1
14624,0,-0.5312261,-0.49541083,0.03581527,0.1
14625,0,-0.45871717,-0.28977835,0.16893882,0.1
14626,0,-0.23392916,-0.1636153,0.070313856,0.1
14627,0,-0.104264766,-0.05956609,0.044698674,0.1
14628,0,-0.0015036315,-0.03380608,0.03230245,0.1
14629,0,0.00905142,0.15420862,0.14515719,0.1
14630,0,0.21095845,0.26627693,0.055318475,0.1
14631,0,0.32182062,0.38015378,0.05833316,0.1
14632,0,0.43420514,0.4342142,9.059906e-06,0.1
14633,0,0.47652656,0.53195393,0.055427372,0.1
14634,0,0.57074934,0.6081381,0.037388742,0.1
14635,0,0.63994867,0.67183036,0.03188169,0.1
14636,0,0.69526094,0.73530334,0.0400424,0.1
14637,0,0.75117725,0.81135005,0.060172796,0.1
14638,0,0.8222278,0.9847727,0.1625449,0.1
14639,0,1.0030956,1.0536985,0.050602913,0.1
14640,0,1.0633762,1.2517817,0.18840551,0.1
14641,0,1.2656395,1.3277603,0.062120795,0.1
14642,0,1.329983,1.4199907,0.09000766,0.1
14643,0,1.4118385,1.5502536,0.1384151,0.1
14644,0,1.5329759,1.6165084,0.08353245,0.1
14645,0,1.5844607,1.708293,0.123832226,0.1
14646,0,1.6628165,1.679421,0.016604424,0.1
14647,0,1.615305,1.7285109,0.11320591,0.1
14648,0,1.6529267,1.7600397,0.107113004,0.1
14649,0,1.6731746,1.7190243,0.04584968,0.1
14650,0,1.6191893,1.8798798,0.26069057,0.1
14651,0,1.7769988,1.8325555,0.055556774,0.1
14652,0,1.7178388,1.8585752,0.14073646,0.1
14653,0,1.7377739,1.8628794,0.1251055,0.1
14654,0,1.7362983,1.8334869,0.09718859,0.1
14655,0,1.70153,1.7288964,0.0273664,0.1
14656,0,1.590004,1.639622,0.049618006,0.1
14657,0,1.4977696,1.5914669,0.09369731,0.1
14658,0,1.4524577,1.4808137,0.028356075,0.1
14659,0,1.34045,1.4071995,0.06674945,0.1
14660,0,1.271415,1.3370826,0.06566763,0.1
14661,0,1.207494,1.2545832,0.04708922,0.1
14662,0,1.1305633,1.2570701,0.1265068,0.1
14663,0,1.1501398,1.1961192,0.04597938,0.1
14664,0,1.0971124,1.2297605,0.13264811,0.1
14665,0,1.1508095,1.2652273,0.11441779,0.1
14666,0,1.2038805,1.1134568,0.0904237,0.1
14667,0,1.0442137,1.2151897,0.17097604,0.1
14668,0,1.1728473,1.2069067,0.034059405,0.1
14669,0,1.1736734,1.2340828,0.060409427,0.1
14670,0,1.2131305,1.2074146,0.005715847,0.1
14671,0,1.1905789,1.1107439,0.07983506,0.1
14672,0,1.0889037,0.99132234,0.09758133,0.1
14673,0,0.96211827,0.8698376,0.092280686,0.1
14674,0,0.8339725,0.77378803,0.06018448,0.1
14675,0,0.7363989,0.8207048,0.08430594,0.1
14676,0,0.805674,0.7518511,0.053822935,0.1
14677,0,0.7377638,0.7289113,0.008852541,0.1
14678,0,0.72349215,0.6043143,0.11917782,0.1
14679,0,0.58933985,0.5217634,0.06757647,0.1
14680,0,0.50570315,0.53400016,0.028297007,0.1
14681,0,0.5339745,0.589153,0.055178463,0.1
14682,0,0.610432,0.61728656,0.006854534,0.1
14683,0,0.65204424,0.5124267,0.13961756,0.1
14684,0,0.5354855,0.46370286,0.07178265,0.1
14685,0,0.4861138,0.29239282,0.19372097,0.1
14686,0,0.2917652,0.28294614,0.008819073,0.1
14687,0,0.29166234,0.2095818,0.08208053,0.1
14688,0,0.21455845,0.16517356,0.049384892,0.1
14689,0,0.1721635,-0.021488722,0.19365223,0.1
14690,0,-0.038967952,-0.068281345,0.029313393,0.1
14691,0,-0.08137573,-0.1173939,0.03601817,0.1
14692,0,-0.12700766,-0.17330353,0.046295866,0.1
14693,0,-0.18109387,-0.14641118,0.03468269,0.1
14694,0,-0.13760644,-0.09280094,0.044805504,0.1
14695,0,-0.0649223,-0.1892234,0.12430109,0.1
14696,0,-0.17277709,-0.2560203,0.08324322,0.1
14697,0,-0.24439889,-0.3017145,0.057315618,0.1
14698,0,-0.29073477,-0.3452187,0.05448392,0.1
14699,0,-0.3346351,-0.3804026,0.045767486,0.1
14700,0,-0.36893612,-0.5072529,0.13831675,0.1
14701,0,-0.5104431,-0.55910695,0.048663855,0.1
14702,0,-0.5621962,-0.5339913,0.028204918,0.1
14703,0,-0.52451056,-0.6379594,0.11344886,0.1
14704,0,-0.63851875,-0.6017129,0.03680587,0.1
14705,0,-0.5887846,-0.64304686,0.05426228,0.1
14706,0,-0.6311815,-0.7054274,0.07424593,0.1
14707,0,-0.69773656,-0.76840806,0.0706715,0.1
14708,0,-0.76412505,-0.77737975,0.013254702,0.1
14709,0,-0.76809263,-0.8112404,0.043147743,0.1
14710,0,-0.8014217,-0.89369,0.09226829,0.1
14711,0,-0.88976413,-0.9367804,0.047016263,0.1
14712,0,-0.93207604,-0.9030299,0.029046118,0.1
14713,0,-0.88769203,-0.86894816,0.018743873,0.1
14714,0,-0.84496194,-0.9752019,0.13023996,0.1
14715,0,-0.9624204,-1.011311,0.04889065,0.1
14716,0,-0.9985637,-0.9867389,0.011824787,0.1
14717,0,-0.9667366,-1.013191,0.04645437,0.1
14718,0,-0.99368054,-1.0736219,0.07994133,0.1
14719,0,-1.0582836,-0.9350784,0.123205185,0.1
14720,0,-0.89968055,-1.030434,0.13075346,0.1
14721,0,-1.0076528,-1.1048523,0.09719956,0.1
14722,0,-1.0891497,-0.96282345,0.12632626,0.1
14723,0,-0.92815584,-0.9753877,0.047231853,0.1
14724,0,-0.9445241,-0.9926863,0.048162162,0.1
14725,0,-0.96606034,-0.95290756,0.013152778,0.1
14726,0,-0.923312,-0.9661206,0.042808592,0.1
14727,0,-0.9413727,-0.95305663,0.011683941,0.1
14728,0,-0.9295915,-0.96315014,0.033558667,0.1
14729,0,-0.9442058,-0.89806426,0.046141565,0.1
14730,0,-0.8739136,-0.86338514,0.010528445,0.1
14731,0,-0.83948797,-0.78613204,0.053355932,0.1
14732,0,-0.75732607,-0.6874786,0.069847465,0.1
14733,0,-0.65197074,-0.5886898,0.06328094,0.1
14734,0,-0.54796284,-0.5866666,0.03870374,0.1
14735,0,-0.5572937,-0.57220674,0.0149130225,0.1
14736,0,-0.5513056,-0.50994784,0.041357756,0.1
14737,0,-0.48928738,-0.45921445,0.030072927,0.1
14738,0,-0.44105393,-0.31338957,0.12766436,0.1
14739,0,-0.28203678,-0.23216592,0.049870864,0.1
14740,0,-0.20043266,-0.09986128,0.10057138,0.1
14741,0,-0.059423983,-0.025328662,0.03409532,0.1
14742,0,0.01232034,0.07006548,0.057745144,0.1
14743,0,0.10852278,0.17802483,0.06950205,0.1
14744,0,0.21892744,0.18445446,0.034472987,0.1
14745,0,0.20943518,0.35424086,0.14480568,0.1
14746,0,0.3929494,0.43030092,0.03735152,0.1
14747,0,0.46474808,0.49247,0.027721912,0.1
14748,0,0.52055514,0.53556013,0.0150049925,0.1
14749,0,0.55475354,0.61381894,0.0590654,0.1
14750,0,0.63087994,0.67348605,0.042606115,0.1
14751,0,0.6854811,0.7345279,0.049046814,0.1
14752,0,0.7421932,0.90045184,0.15825862,0.1
14753,0,0.91846806,0.98361707,0.06514901,0.1
14754,0,0.9977385,1.0822052,0.084466696,0.1
14755,0,1.0936823,1.1663815,0.07269919,0.1
14756,0,1.1724243,1.3393376,0.16691327,0.1
14757,0,1.3467882,1.4224417,0.07565355,0.1
14758,0,1.4196684,1.5371379,0.11746943,0.1
14759,0,1.525326,1.4924191,0.03290689,0.1
14760,0,1.4600387,1.4956117,0.035573006,0.1
14761,0,1.449969,1.5308462,0.080877185,0.1
14762,0,1.4765711,1.5732472,0.09667611,0.1
14763,0,1.5118263,1.5571035,0.045277238,0.1
14764,0,1.4853122,1.4915316,0.006219387,0.1
14765,0,1.407783,1.5471134,0.13933039,0.1
14766,0,1.4646292,1.5555718,0.09094262,0.1
14767,0,1.4703562,1.6610267,0.19067049,0.1
14768,0,1.5799868,1.7611129,0.18112612,0.1
14769,0,1.6801593,1.7600546,0.07989526,0.1
14770,0,1.6728046,1.7253577,0.052553058,0.1
14771,0,1.6316488,1.721411,0.08976221,0.1
14772,0,1.6250353,1.6320423,0.007007003,0.1
14773,0,1.528938,1.5430613,0.014123201,0.1
14774,0,1.435746,1.4690458,0.033299804,0.1
14775,0,1.361139,1.437863,0.07672393,0.1
14776,0,1.335391,1.4120554,0.07666433,0.1
14777,0,1.3162,1.405784,0.08958399,0.1
14778,0,1.3188448,1.3957895,0.07694471,0.1
14779,0,1.317091,1.2328244,0.08426654,0.1
14780,0,1.1448503,1.1798708,0.03502059,0.1
14781,0,1.0987478,1.2094162,0.1106683,0.1
14782,0,1.14586,1.0890304,0.05682957,0.1
14783,0,1.021704,0.98211426,0.039589703,0.1
14784,0,0.913952,0.9426564,0.028704405,0.1
14785,0,0.88479257,0.8441526,0.040639937,0.1
14786,0,0.786766,0.7516444,0.03512162,0.1
14787,0,0.69608766,0.67875475,0.017332911,0.1
14788,0,0.62859386,0.67830503,0.049711168,0.1
14789,0,0.64572436,0.65828687,0.012562513,0.1
14790,0,0.63796395,0.6778337,0.039869726,0.1
14791,0,0.67502373,0.5615596,0.11346412,0.1
14792,0,0.5506282,0.520729,0.02989918,0.1
14793,0,0.5158802,0.3887872,0.12709302,0.1
14794,0,0.37279186,0.37611726,0.0033254027,0.1
14795,0,0.3720585,0.31735462,0.05470389,0.1
14796,0,0.31521118,0.30548927,0.009721905,0.1
14797,0,0.3135627,0.35963383,0.046071142,0.1
14798,0,0.3884634,0.41287398,0.024410576,0.1
14799,0,0.4590916,0.24922311,0.20986849,0.1
14800,0,0.27064833,0.14863773,0.1220106,0.1
14801,0,0.15929751,0.13194776,0.027349755,0.1
14802,0,0.14864193,0.04487859,0.10376334,0.1
14803,0,0.05347135,0.05222782,0.001243528,0.1
14804,0,0.07118392,0.02046416,0.05071976,0.1
14805,0,0.040864944,-0.0032452762,0.04411022,0.1
14806,0,0.019594215,-0.055586092,0.07518031,0.1
14807,0,-0.03629826,-0.0065493835,0.029748876,0.1
14808,0,0.028105393,0.0048917746,0.023213618,0.1
14809,0,0.045514256,-0.07448259,0.119996846,0.1
14810,0,-0.04608023,-0.1379829,0.09190267,0.1
14811,0,-0.117654085,-0.2654043,0.14775023,0.1
14812,0,-0.26364824,-0.3602666,0.096618354,0.1
14813,0,-0.36850786,-0.40144765,0.03293979,0.1
14814,0,-0.40878087,-0.4408403,0.03205943,0.1
14815,0,-0.44697994,-0.55480486,0.10782492,0.1
14816,0,-0.5718731,-0.61402017,0.04214704,0.1
14817,0,-0.63106203,-0.68354857,0.05248654,0.1
14818,0,-0.7016179,-0.71980155,0.018183649,0.1
14819,0,-0.73328,-0.8080929,0.07481289,0.1
14820,0,-0.8246161,-0.72643894,0.098177135,0.1
14821,0,-0.7209206,-0.8711274,0.1502068,0.1
14822,0,-0.878913,-0.8527366,0.026176393,0.1
14823,0,-0.8490631,-0.7884911,0.06057203,0.1
14824,0,-0.76887375,-0.6732332,0.09564054,0.1
14825,0,-0.63276047,-0.7109043,0.078143835,0.1
14826,0,-0.67666847,-0.79987514,0.123206675,0.1
14827,0,-0.77866423,-0.8199536,0.04128939,0.1
14828,0,-0.80001193,-0.7834361,0.016575813,0.1
14829,0,-0.75695795,-0.8311318,0.07417387,0.1
14830,0,-0.8116005,-0.85244936,0.04084885,0.1
14831,0,-0.835299,-0.8715364,0.03623736,0.1
14832,0,-0.85635436,-0.9328522,0.07649785,0.1
14833,0,-0.9248825,-0.85055447,0.074328005,0.1
14834,0,-0.8299149,-0.8702564,0.040341496,0.1
14835,0,-0.8532666,-0.80039245,0.052874148,0.1
14836,0,-0.77466434,-0.7802688,0.005604446,0.1
14837,0,-0.7548072,-0.78878963,0.033982456,0.1
14838,0,-0.7682773,-0.89514923,0.12687194,0.1
14839,0,-0.89211315,-0.9040457,0.011932552,0.1
14840,0,-0.9025901,-0.98368645,0.08109635,0.1
14841,0,-0.9921537,-0.9565567,0.035597026,0.1
14842,0,-0.95994073,-0.8538852,0.10605556,0.1
14843,0,-0.8434387,-0.76872253,0.07471615,0.1
14844,0,-0.74907845,-0.8048746,0.055796146,0.1
14845,0,-0.7951878,-0.6694101,0.12577766,0.1
14846,0,-0.64404243,-0.7607376,0.116695166,0.1
14847,0,-0.7557686,-0.7544418,0.0013267994,0.1
14848,0,-0.7529073,-0.72637445,0.026532829,0.1
14849,0,-0.72498494,-0.5984362,0.12654877,0.1
14850,0,-0.5825422,-0.63887334,0.056331158,0.1
14851,0,-0.6368001,-0.525103,0.11169714,0.1
14852,0,-0.51131076,-0.4451361,0.066174656,0.1
14853,0,-0.42685097,-0.29565346,0.13119751,0.1
14854,0,-0.26229125,-0.165638,0.09665325,0.1
14855,0,-0.12267557,-0.076054595,0.046620972,0.1
14856,0,-0.032158434,-0.04221601,0.010057576,0.1
14857,0,-0.0078205615,0.05181122,0.05963178,0.1
14858,0,0.08809987,0.21849933,0.13039947,0.1
14859,0,0.26827836,0.25622687,0.012051493,0.1
14860,0,0.29517907,0.32330692,0.02812785,0.1
14861,0,0.3575356,0.43751568,0.079980075,0.1
14862,0,0.4750995,0.6905163,0.21541679,0.1
14863,0,0.7497455,0.68485624,0.06488925,0.1
14864,0,0.7232339,0.81975317,0.09651929,0.1
14865,0,0.8602417,0.93585414,0.075612426,0.1
14866,0,0.9737114,1.1409551,0.16724372,0.1
14867,0,1.1834569,1.2818623,0.09840536,0.1
14868,0,1.3170171,1.3705225,0.05350542,0.1
14869,0,1.3915803,1.4426419,0.05106151,0.1
14870,0,1.4481966,1.5180931,0.06989646,0.1
14871,0,1.5087869,1.5273334,0.018546462,0.1
14872,0,1.4995191,1.6100029,0.110483766,0.1
14873,0,1.570638,1.6607404,0.090102434,0.1
14874,0,1.6080091,1.598227,0.009782076,0.1
14875,0,1.52702,1.5997835,0.07276356,0.1
14876,0,1.5184326,1.7197831,0.20135045,0.1
14877,0,1.6365306,1.7521355,0.11560488,0.1
14878,0,1.6606765,1.793588,0.13291156,0.1
14879,0,1.6951542,1.831592,0.13643777,0.1
14880,0,1.7264931,1.814883,0.08838987,0.1
14881,0,1.7019377,1.752861,0.050923347,0.1
14882,0,1.6322374,1.698548,0.066310525,0.1
14883,0,1.573545,1.6841425,0.11059749,0.1
14884,0,1.5597677,1.6637077,0.10394001,0.1
14885,0,1.5407765,1.665841,0.12506449,0.1
14886,0,1.5470331,1.6935194,0.14648628,0.1
14887,0,1.5806012,1.6654919,0.08489072,0.1
14888,0,1.5545013,1.6797744,0.12527311,0.1
14889,0,1.5743785,1.5445867,0.029791832,0.1
14890,0,1.4337656,1.5884005,0.15463483,0.1
14891,0,1.4897542,1.5218335,0.03207934,0.1
14892,0,1.4250066,1.466492,0.04148543,0.1
14893,0,1.3737285,1.4428456,0.06911707,0.1
14894,0,1.3580549,1.4413233,0.083268404,0.1
14895,0,1.366544,1.382262,0.015717983,0.1
14896,0,1.3111336,1.3103389,0.00079476833,0.1
14897,0,1.242063,1.2228005,0.019262552,0.1
14898,0,1.1561229,1.2479434,0.09182048,0.1
14899,0,1.1975567,1.1562368,0.041319966,0.1
14900,0,1.1058886,1.0791116,0.026777029,0.1
14901,0,1.0314674,0.9292279,0.10223955,0.1
14902,0,0.8738218,0.861582,0.012239814,0.1
14903,0,0.81252337,0.88974416,0.0772208,0.1
14904,0,0.86184806,0.8182734,0.04357463,0.1
14905,0,0.793459,0.7723934,0.021065593,0.1
14906,0,0.75470483,0.70261586,0.052088976,0.1
14907,0,0.6873792,0.6368317,0.05054748,0.1
14908,0,0.6245293,0.59427476,0.030254543,0.1
14909,0,0.5886834,0.46964908,0.11903435,0.1
14910,0,0.455377,0.43736455,0.018012464,0.1
14911,0,0.43209904,0.51901853,0.08691949,0.1
14912,0,0.5418057,0.43372256,0.10808313,0.1
14913,0,0.45099995,0.33558673,0.11541322,0.1
14914,0,0.34527573,0.15809,0.18718573,0.1
14915,0,0.1463424,-0.0127393985,0.1590818,0.1
14916,0,-0.04200758,-0.064833485,0.022825904,0.1
14917,0,-0.0873733,-0.032675084,0.054698218,0.1
14918,0,-0.033659846,-0.10906086,0.075401016,0.1
14919,0,-0.11147502,-0.19009744,0.078622416,0.1
14920,0,-0.19468144,-0.2018251,0.0071436614,0.1
14921,0,-0.19583091,-0.122353494,0.07347742,0.1
14922,0,-0.090848595,-0.1931622,0.10231361,0.1
14923,0,-0.16754675,-0.31183055,0.1442838,0.1
14924,0,-0.30012786,-0.31895077,0.018822908,0.1
14925,0,-0.29978076,-0.37993386,0.08015311,0.1
14926,0,-0.36414266,-0.34869146,0.015451193,0.1
14927,0,-0.32009026,-0.33536392,0.01527366,0.1
14928,0,-0.299326,-0.40461633,0.10529032,0.1
14929,0,-0.377217,-0.36672232,0.010494679,0.1
14930,0,-0.32866815,-0.30486295,0.023805201,0.1
14931,0,-0.253999,-0.345862,0.09186301,0.1
14932,0,-0.30287585,-0.52725637,0.22438052,0.1
14933,0,-0.51462716,-0.66608435,0.15145719,0.1
14934,0,-0.6712509,-0.6724185,0.0011675954,0.1
14935,0,-0.6719173,-0.59661347,0.07530385,0.1
14936,0,-0.578494,-0.6528431,0.074349105,0.1
14937,0,-0.6408133,-0.714388,0.07357472,0.1
14938,0,-0.7082604,-0.6913005,0.016959906,0.1
14939,0,-0.67751557,-0.65939116,0.018124402,0.1
14940,0,-0.6380974,-0.664383,0.026285589,0.1
14941,0,-0.6429209,-0.6798225,0.036901593,0.1
14942,0,-0.6602942,-0.72738993,0.06709576,0.1
14943,0,-0.71466464,-0.8687822,0.15411758,0.1
14944,0,-0.87420756,-0.91845316,0.0442456,0.1
14945,0,-0.9258416,-0.8783247,0.047516942,0.1
14946,0,-0.8754261,-0.78344995,0.091976166,0.1
14947,0,-0.7644402,-0.88678193,0.12234175,0.1
14948,0,-0.88189524,-0.9851831,0.103287876,0.1
14949,0,-0.9902064,-0.9447206,0.045485795,0.1
14950,0,-0.9404945,-0.94020104,0.00029343367,0.1
14951,0,-0.93303496,-0.99878484,0.06574988,0.1
14952,0,-0.996988,-0.8807289,0.1162591,0.1
14953,0,-0.8614095,-0.93367416,0.07226467,0.1
14954,0,-0.9223557,-0.9047338,0.017621934,0.1
14955,0,-0.8898451,-0.85486925,0.034975827,0.1
14956,0,-0.8347199,-0.75930876,0.07541114,0.1
14957,0,-0.7288886,-0.7807178,0.05182922,0.1
14958,0,-0.75906354,-0.7688756,0.009812057,0.1
14959,0,-0.75050837,-0.73272544,0.017782927,0.1
14960,0,-0.71424896,-0.7850222,0.070773244,0.1
14961,0,-0.779659,-0.75453067,0.025128305,0.1
14962,0,-0.7487883,-0.7132868,0.03550148,0.1
14963,0,-0.7060959,-0.5836004,0.12249547,0.1
14964,0,-0.5621738,-0.47466782,0.08750597,0.1
14965,0,-0.44432783,-0.42562744,0.018700391,0.1
14966,0,-0.39784318,-0.37993386,0.017909318,0.1
14967,0,-0.35551625,-0.31629944,0.039216816,0.1
14968,0,-0.29227987,-0.31183344,0.019553572,0.1
14969,0,-0.2986906,-0.25576377,0.042926818,0.1
14970,0,-0.24350715,-0.08945393,0.15405321,0.1
14971,0,-0.059214205,0.046371467,0.10558567,0.1
14972,0,0.08682957,0.18903232,0.10220274,0.1
14973,0,0.23893076,0.24073626,0.0018054992,0.1
14974,0,0.2826535,0.37900224,0.09634873,0.1
14975,0,0.42801034,0.49088356,0.062873214,0.1
14976,0,0.5407261,0.5851998,0.044473648,0.1
14977,0,0.6320579,0.709635,0.077577114,0.1
14978,0,0.75738704,0.8110018,0.053614736,0.1
14979,0,0.85480255,0.8753961,0.020593524,0.1
14980,0,0.9095845,1.098072,0.18848753,0.1
14981,0,1.1409044,1.1720582,0.031153798,0.1
14982,0,1.2025597,1.2781074,0.075547695,0.1
14983,0,1.2994797,1.2206489,0.07883084,0.1
14984,0,1.2165344,1.3978701,0.18133569,0.1
14985,0,1.3941717,1.4466498,0.052478075,0.1
14986,0,1.4295626,1.4062047,0.023357868,0.1
14987,0,1.369767,1.3993658,0.029598832,0.1
14988,0,1.3501444,1.4377143,0.08756995,0.1
14989,0,1.3821983,1.498854,0.11665571,0.1
14990,0,1.4396129,1.5314356,0.09182274,0.1
14991,0,1.466193,1.5403914,0.074198484,0.1
14992,0,1.4682858,1.561303,0.09301722,0.1
14993,0,1.4847083,1.6911051,0.20639682,0.1
14994,0,1.616715,1.7102232,0.09350824,0.1
14995,0,1.6292925,1.6376295,0.008337021,0.1
14996,0,1.5460467,1.5471916,0.001144886,0.1
14997,0,1.4464571,1.5900753,0.1436181,0.1
14998,0,1.4939215,1.5598574,0.06593585,0.1
14999,0,1.4623017,1.549916,0.0876143,0.1
15000,0,1.4540796,1.5301763,0.076096654,0.1
15001,0,1.4360757,1.5173473,0.08127165,0.1
15002,0,1.4264774,1.5236506,0.097173214,0.1
15003,0,1.4381378,1.5675235,0.12938571,0.1
15004,0,1.4899931,1.5914074,0.10141432,0.1
15005,0,1.5188534,1.5637649,0.044911504,0.1
15006,0,1.4918325,1.491556,0.00027644634,0.1
15007,0,1.4173937,1.4852406,0.067846894,0.1
15008,0,1.4164703,1.4243987,0.007928371,0.1
15009,0,1.3559766,1.3725305,0.016553879,0.1
15010,0,1.3064933,1.2548707,0.05162263,0.1
15011,0,1.1844258,1.1925551,0.008129239,0.1
15012,0,1.1262388,1.1247306,0.0015082359,0.1
15013,0,1.0623341,1.2500666,0.18773258,0.1
15014,0,1.2158139,1.1295928,0.0862211,0.1
15015,0,1.08905,1.0033073,0.08574271,0.1
15016,0,0.9566731,0.7974264,0.15924668,0.1
15017,0,0.73308694,0.77384603,0.040759087,0.1
15018,0,0.7238974,0.7184694,0.005428016,0.1
15019,0,0.676408,0.7181102,0.04170221,0.1
15020,0,0.6926474,0.675123,0.017524421,0.1
15021,0,0.65719855,0.67569965,0.018501103,0.1
15022,0,0.6719277,0.50264806,0.16927963,0.1
15023,0,0.48117444,0.47357726,0.007597178,0.1
15024,0,0.462021,0.49507514,0.033054143,0.1
15025,0,0.5013083,0.4187811,0.08252722,0.1
15026,0,0.42284876,0.39235288,0.030495882,0.1
15027,0,0.40342003,0.35283557,0.050584465,0.1
15028,0,0.36741114,0.33181152,0.03559962,0.1
15029,0,0.35260147,0.23910344,0.11349803,0.1
15030,0,0.25178826,0.18036918,0.071419075,0.1
15031,0,0.19198829,-0.0014825341,0.19347082,0.1
15032,0,-0.013584182,-0.09387133,0.08028715,0.1
15033,0,-0.11021452,-0.057977952,0.052236564,0.1
15034,0,-0.05426988,-0.14309137,0.088821486,0.1
15035,0,-0.14438802,-0.04506773,0.09932029,0.1
15036,0,-0.017291248,-0.076025754,0.058734506,0.1
15037,0,-0.04714802,-0.15919095,0.11204293,0.1
15038,0,-0.13944215,-0.14950243,0.010060281,0.1
15039,0,-0.12110928,-0.24515913,0.12404986,0.1
15040,0,-0.22884583,-0.32579985,0.09695402,0.1
15041,0,-0.3173753,-0.3471849,0.029809594,0.1
15042,0,-0.33529553,-0.4401644,0.10486886,0.1
15043,0,-0.43776077,-0.54401803,0.10625726,0.1
15044,0,-0.55109924,-0.56641364,0.0153144,0.1
15045,0,-0.5681561,-0.51896816,0.04918796,0.1
15046,0,-0.50482196,-0.58036035,0.0755384,0.1
15047,0,-0.5707154,-0.6493816,0.07866615,0.1
15048,0,-0.64467543,-0.7072431,0.06256765,0.1
15049,0,-0.7048451,-0.6676023,0.03724277,0.1
15050,0,-0.65243065,-0.66784936,0.015418708,0.1
15051,0,-0.648313,-0.71634805,0.068035066,0.1
15052,0,-0.7008113,-0.6916855,0.009125829,0.1
15053,0,-0.6688277,-0.6835327,0.014705002,0.1
15054,0,-0.65750164,-0.8029685,0.14546686,0.1
15055,0,-0.7931563,-0.82369447,0.030538142,0.1
15056,0,-0.8133086,-0.85159385,0.038285255,0.1
15057,0,-0.8418062,-0.97744507,0.1356389,0.1
15058,0,-0.98013777,-1.0795457,0.09940797,0.1
15059,0,-1.087687,-0.93924224,0.14844477,0.1
15060,0,-0.9230314,-0.91830033,0.004731059,0.1
15061,0,-0.89684075,-0.8949732,0.0018675327,0.1
15062,0,-0.8693431,-0.8892624,0.019919276,0.1
15063,0,-0.8630799,-0.8680271,0.0049471855,0.1
15064,0,-0.83992386,-0.89045256,0.050528705,0.1
15065,0,-0.8672095,-0.8684654,0.0012559295,0.1
15066,0,-0.8438848,-0.8920179,0.048133075,0.1
15067,0,-0.8729649,-0.89997405,0.02700913,0.1
15068,0,-0.88387316,-0.88638365,0.002510488,0.1
15069,0,-0.8703597,-0.83473057,0.035629153,0.1
15070,0,-0.81417173,-0.8699825,0.05581075,0.1
15071,0,-0.8579498,-0.99111193,0.13316214,0.1
15072,0,-0.99643165,-0.9479989,0.048432767,0.1
15073,0,-0.94735366,-0.858145,0.08920866,0.1
15074,0,-0.84667295,-0.8433319,0.0033410788,0.1
15075,0,-0.8332428,-0.85392785,0.020685077,0.1
15076,0,-0.848898,-0.78340715,0.06549084,0.1
15077,0,-0.7719613,-0.81089634,0.038935065,0.1
15078,0,-0.8082568,-0.7121225,0.096134305,0.1
15079,0,-0.69946045,-0.5271518,0.17230862,0.1
15080,0,-0.49295288,-0.50127995,0.008327067,0.1
15081,0,-0.47381002,-0.45709,0.016720027,0.1
15082,0,-0.43316573,-0.3637953,0.06937042,0.1
15083,0,-0.3353524,-0.29131883,0.044033557,0.1
15084,0,-0.26288313,-0.26663578,0.0037526488,0.1
15085,0,-0.246849,-0.275547,0.028697997,0.1
15086,0,-0.26944482,-0.17124459,0.09820023,0.1
15087,0,-0.15759814,0.042775895,0.20037404,0.1
15088,0,0.08138092,0.25873703,0.17735611,0.1
15089,0,0.31840524,0.41516787,0.09676263,0.1
15090,0,0.4820516,0.40643278,0.07561883,0.1
15091,0,0.45154816,0.38967398,0.06187418,0.1
15092,0,0.41400197,0.53641856,0.122416586,0.1
15093,0,0.5695816,0.61569715,0.046115518,0.1
15094,0,0.6450289,0.7162578,0.07122892,0.1
15095,0,0.74490064,0.8579342,0.11303353,0.1
15096,0,0.89054555,1.0351359,0.14459032,0.1
15097,0,1.07267,1.1027938,0.03012383,0.1
15098,0,1.1291511,1.2366748,0.10752368,0.1
15099,0,1.2587357,1.2195698,0.039165854,0.1
15100,0,1.2207716,1.3071374,0.08636582,0.1
15101,0,1.301086,1.4033796,0.10229361,0.1
15102,0,1.3900669,1.4591566,0.06908977,0.1
15103,0,1.4345746,1.5362443,0.10166967,0.1
15104,0,1.502419,1.5240934,0.021674395,0.1
15105,0,1.4750621,1.570772,0.09570992,0.1
15106,0,1.5133896,1.5530831,0.039693475,0.1
15107,0,1.4838333,1.5123092,0.02847588,0.1
15108,0,1.4319875,1.4442493,0.012261748,0.1
15109,0,1.3531921,1.499287,0.14609492,0.1
15110,0,1.4117432,1.5093905,0.09764731,0.1
15111,0,1.4210677,1.5082422,0.087174535,0.1
15112,0,1.4190464,1.4306986,0.011652231,0.1
15113,0,1.3347588,1.4530637,0.11830497,0.1
15114,0,1.3626437,1.4989101,0.13626635,0.1
15115,0,1.415647,1.5079548,0.092307806,0.1
15116,0,1.427665,1.5438555,0.11619055,0.1
15117,0,1.4686785,1.5004437,0.031765223,0.1
15118,0,1.4233043,1.4211369,0.0021674633,0.1
15119,0,1.3400929,1.3771342,0.037041306,0.1
15120,0,1.2977083,1.403092,0.105383754,0.1
15121,0,1.3334296,1.3478389,0.014409304,0.1
15122,0,1.2787359,1.139053,0.13968289,0.1
15123,0,1.0525875,1.1337726,0.0811851,0.1
15124,0,1.0601695,1.1040791,0.04390967,0.1
15125,0,1.0392594,1.0807276,0.041468143,0.1
15126,0,1.0253017,1.116164,0.090862274,0.1
15127,0,1.0774622,1.0557036,0.021758556,0.1
15128,0,1.0187566,0.9651715,0.053585112,0.1
15129,0,0.92593604,0.85220075,0.0737353,0.1
15130,0,0.8078671,0.8635725,0.05570537,0.1
15131,0,0.8350453,0.9373487,0.102303445,0.1
15132,0,0.9319503,0.8809817,0.050968587,0.1
15133,0,0.87591463,0.69729835,0.17861629,0.1
15134,0,0.67198914,0.68681175,0.014822602,0.1
15135,0,0.67280126,0.6030119,0.06978935,0.1
15136,0,0.5865777,0.5646543,0.021923423,0.1
15137,0,0.5542047,0.40989515,0.14430955,0.1
15138,0,0.38398832,0.37869924,0.0052890778,0.1
15139,0,0.36172673,0.27127975,0.09044698,0.1
15140,0,0.24822904,0.36662722,0.118398175,0.1
15141,0,0.37556607,0.24257015,0.13299592,0.1
15142,0,0.23909408,0.22321565,0.015878424,0.1
15143,0,0.22807288,0.2092692,0.018803686,0.1
15144,0,0.22220838,0.15626256,0.06594582,0.1
15145,0,0.16872202,0.102187894,0.066534124,0.1
15146,0,0.11374216,0.07229305,0.041449107,0.1
15147,0,0.08729696,0.06220914,0.025087822,0.1
15148,0,0.08362611,0.097659945,0.014033839,0.1
15149,0,0.13279572,0.08707646,0.04571926,0.1
15150,0,0.12511678,-0.029676124,0.1547929,0.1
15151,0,-0.009338632,-0.10167242,0.092333786,0.1
15152,0,-0.08882932,-0.112718895,0.023889571,0.1
15153,0,-0.09540033,-0.23565412,0.14025378,0.1
15154,0,-0.23494536,-0.32301083,0.088065475,0.1
15155,0,-0.33011556,-0.34086418,0.010748625,0.1
15156,0,-0.34238988,-0.2861319,0.056257993,0.1
15157,0,-0.2701428,-0.30997708,0.03983429,0.1
15158,0,-0.2931146,-0.47926295,0.18614835,0.1
15159,0,-0.4863875,-0.6049855,0.118597984,0.1
15160,0,-0.6243781,-0.59459424,0.029783845,0.1
15161,0,-0.60250634,-0.7057909,0.10328454,0.1
15162,0,-0.72238743,-0.7385375,0.016150057,0.1
15163,0,-0.75020784,-0.8693773,0.11916947,0.1
15164,0,-0.8896397,-0.88458186,0.0050578117,0.1
15165,0,-0.89563614,-0.97939754,0.083761394,0.1
15166,0,-0.99216276,-0.9411394,0.051023364,0.1
15167,0,-0.9381762,-0.9850481,0.0468719,0.1
15168,0,-0.97924906,-0.9858572,0.0066081285,0.1
15169,0,-0.9722273,-0.8607551,0.11147219,0.1
15170,0,-0.8245545,-0.7841003,0.04045421,0.1
15171,0,-0.73572636,-0.85353154,0.11780518,0.1
15172,0,-0.81645805,-0.8503175,0.03385943,0.1
15173,0,-0.81320053,-0.81276745,0.00043308735,0.1
15174,0,-0.7715943,-0.8380453,0.06645101,0.1
15175,0,-0.8030664,-0.9202445,0.11717814,0.1
15176,0,-0.89827126,-0.9544018,0.05613053,0.1
15177,0,-0.9369008,-0.9113228,0.025578022,0.1
15178,0,-0.8879735,-0.87535554,0.012617946,0.1
15179,0,-0.848575,-0.88746816,0.038893163,0.1
15180,0,-0.86484325,-0.87184215,0.0069988966,0.1
15181,0,-0.8495246,-0.79736006,0.052164555,0.1
15182,0,-0.76780975,-0.977744,0.20993423,0.1
15183,0,-0.97547,-0.93701077,0.03845924,0.1
15184,0,-0.9295905,-0.9094059,0.020184636,0.1
15185,0,-0.8996946,-1.0099958,0.1103012,0.1
15186,0,-1.0141902,-0.8598146,0.15437561,0.1
15187,0,-0.84446245,-0.7760022,0.068460226,0.1
15188,0,-0.7529096,-0.7172155,0.035694122,0.1
15189,0,-0.69169706,-0.67611486,0.015582204,0.1
15190,0,-0.651854,-0.65906143,0.0072074533,0.1
15191,0,-0.64021415,-0.5647882,0.07542592,0.1
15192,0,-0.53928345,-0.5163339,0.022949576,0.1
15193,0,-0.492837,-0.5435678,0.050730765,0.1
15194,0,-0.5344727,-0.42068607,0.11378664,0.1
15195,0,-0.40019482,-0.30961072,0.0905841,0.1
15196,0,-0.2813164,-0.32541808,0.044101685,0.1
15197,0,-0.31231433,-0.19959036,0.11272398,0.1
15198,0,-0.17574334,-0.1129895,0.06275384,0.1
15199,0,-0.08674821,-0.12317275,0.03642454,0.1
15200,0,-0.11216876,-0.04358629,0.06858247,0.1
15201,0,-0.030178025,0.09499101,0.12516904,0.1
15202,0,0.120655924,0.24402481,0.12336889,0.1
15203,0,0.2816494,0.491193,0.20954359,0.1
15204,0,0.55297273,0.60610116,0.05312842,0.1
15205,0,0.66660327,0.63734007,0.029263198,0.1
15206,0,0.682864,0.65808225,0.024781764,0.1
15207,0,0.68852454,0.7336708,0.045146227,0.1
15208,0,0.75921255,0.8544952,0.095282674,0.1
15209,0,0.8814773,0.85802084,0.023456454,0.1
15210,0,0.86893576,0.9948444,0.12590861,0.1
15211,0,1.0097234,1.0542632,0.04453981,0.1
15212,0,1.0613122,1.1376708,0.07635856,0.1
15213,0,1.1400895,1.1985649,0.058475375,0.1
15214,0,1.1934361,1.2217294,0.028293252,0.1
15215,0,1.2054913,1.2388391,0.033347845,0.1
15216,0,1.212466,1.320824,0.108358026,0.1
15217,0,1.2924585,1.352276,0.059817433,0.1
15218,0,1.3164413,1.4409444,0.124503136,0.1
15219,0,1.4034283,1.498823,0.09539473,0.1
15220,0,1.4558442,1.5669926,0.11114848,0.1
15221,0,1.518966,1.4987663,0.020199656,0.1
15222,0,1.4357464,1.4406661,0.004919648,0.1
15223,0,1.366744,1.5028294,0.13608539,0.1
15224,0,1.4314971,1.4873284,0.055831313,0.1
15225,0,1.4114957,1.5891156,0.17761993,0.1
15226,0,1.519028,1.556058,0.0370301,0.1
15227,0,1.4799893,1.5035324,0.02354312,0.1
15228,0,1.4218338,1.4385325,0.016698718,0.1
15229,0,1.3521161,1.4632457,0.11112964,0.1
15230,0,1.3828006,1.3887154,0.0059148073,0.1
15231,0,1.3044319,1.274051,0.030380964,0.1
15232,0,1.1831341,1.1869544,0.0038203,0.1
15233,0,1.0948827,1.2711525,0.17626977,0.1
15234,0,1.2005847,1.3770866,0.17650199,0.1
15235,0,1.3257577,1.3452632,0.0195055,0.1
15236,0,1.2955093,1.2221079,0.07340145,0.1
15237,0,1.1638913,1.1366873,0.027204037,0.1
15238,0,1.0765879,1.120669,0.044081092,0.1
15239,0,1.0692456,1.1291305,0.059884906,0.1
15240,0,1.089148,1.1237912,0.034643173,0.1
15241,0,1.0922885,1.0751888,0.017099738,0.1
15242,0,1.0456805,1.0295616,0.016118884,0.1
15243,0,1.0027719,1.0072175,0.004445672,0.1
15244,0,0.9866665,0.9718849,0.014781594,0.1
15245,0,0.9552966,0.81993955,0.13535702,0.1
15246,0,0.7892054,0.7794443,0.009761095,0.1
15247,0,0.7545525,0.79143196,0.03687948,0.1
15248,0,0.78056765,0.80059254,0.020024896,0.1
15249,0,0.8015967,0.80186135,0.00026464462,0.1
15250,0,0.8119661,0.73419255,0.07777357,0.1
15251,0,0.74102914,0.73960185,0.0014272928,0.1
15252,0,0.75568026,0.5961,0.15958029,0.1
15253,0,0.5951417,0.4563953,0.13874641,0.1
15254,0,0.4406753,0.44878402,0.008108735,0.1
15255,0,0.4440233,0.42068303,0.023340285,0.1
15256,0,0.42191032,0.36951178,0.052398533,0.1
15257,0,0.37178665,0.32903793,0.04274872,0.1
15258,0,0.33417043,0.2691376,0.06503284,0.1
15259,0,0.27306437,0.25453648,0.018527895,0.1
15260,0,0.2657067,0.13181871,0.13388798,0.1
15261,0,0.12909615,0.050284687,0.07881147,0.1
15262,0,0.042938575,-0.06523126,0.10816984,0.1
15263,0,-0.08280471,-0.03321047,0.04959424,0.1
15264,0,-0.032330826,-0.08008828,0.047757454,0.1
15265,0,-0.07789077,-0.1027606,0.02486983,0.1
15266,0,-0.0951612,-0.14193738,0.046776175,0.1
15267,0,-0.13295832,-0.17961365,0.046655327,0.1
15268,0,-0.1694785,-0.23580942,0.06633091,0.1
15269,0,-0.22828948,-0.29916832,0.07087883,0.1
15270,0,-0.29534906,-0.36415207,0.06880301,0.1
15271,0,-0.36386913,-0.39099738,0.02712825,0.1
15272,0,-0.38722664,-0.32123387,0.06599277,0.1
15273,0,-0.29784453,-0.3245363,0.026691765,0.1
15274,0,-0.29747957,-0.4255435,0.12806392,0.1
15275,0,-0.41274685,-0.5344222,0.12167537,0.1
15276,0,-0.5348688,-0.61625624,0.08138746,0.1
15277,0,-0.6231542,-0.6058061,0.01734811,0.1
15278,0,-0.603496,-0.6420901,0.038594067,0.1
15279,0,-0.6394084,-0.78132236,0.14191395,0.1
15280,0,-0.79297733,-0.7668161,0.026161253,0.1
15281,0,-0.76798266,-0.8891328,0.121150136,0.1
15282,0,-0.8999868,-0.7982621,0.101724684,0.1
15283,0,-0.78792876,-0.84427214,0.056343377,0.1
15284,0,-0.83543736,-0.91985565,0.0844183,0.1
15285,0,-0.9158829,-1.0345942,0.11871129,0.1
15286,0,-1.0380962,-0.9688272,0.069269,0.1
15287,0,-0.9564019,-0.8454068,0.110995114,0.1
15288,0,-0.8120656,-0.872613,0.06054741,0.1
15289,0,-0.8427518,-0.896772,0.054020226,0.1
15290,0,-0.86988527,-0.8951301,0.025244832,0.1
15291,0,-0.86776763,-0.9775474,0.109779775,0.1
15292,0,-0.96074706,-0.9698264,0.009079337,0.1
15293,0,-0.9505605,-0.854937,0.09562349,0.1
15294,0,-0.8201518,-0.84914196,0.02899015,0.1
15295,0,-0.8167133,-0.8244912,0.0077779293,0.1
15296,0,-0.79218113,-0.8800022,0.08782107,0.1
15297,0,-0.85932034,-0.9898596,0.13053924,0.1
15298,0,-0.9851765,-1.0582868,0.07311028,0.1
15299,0,-1.0608089,-0.9929786,0.067830324,0.1
15300,0,-0.98578364,-0.8318202,0.15396345,0.1
15301,0,-0.8042219,-0.7728312,0.031390727,0.1
15302,0,-0.74204516,-0.8029963,0.060951114,0.1
15303,0,-0.7829147,-0.8019979,0.019083202,0.1
15304,0,-0.7871203,-0.7364354,0.05068487,0.1
15305,0,-0.71736425,-0.6677846,0.04957968,0.1
15306,0,-0.64519167,-0.6276277,0.017563999,0.1
15307,0,-0.6069369,-0.5416539,0.065283,0.1
15308,0,-0.5160305,-0.44793883,0.06809166,0.1
15309,0,-0.4172454,-0.44026917,0.023023784,0.1
15310,0,-0.4198625,-0.3268142,0.093048304,0.1
15311,0,-0.29819065,-0.26378965,0.034401,0.1
15312,0,-0.23690149,-0.16997495,0.06692654,0.1
15313,0,-0.13968551,-0.09012054,0.049564973,0.1
15314,0,-0.05963178,0.050970446,0.11060223,0.1
15315,0,0.09187311,0.08368616,0.008186951,0.1
15316,0,0.114374824,0.15044078,0.03606596,0.1
15317,0,0.17795935,0.21754977,0.03959042,0.1
15318,0,0.24216452,0.32698858,0.084824055,0.1
15319,0,0.35608813,0.3775605,0.021472365,0.1
15320,0,0.40021434,0.5771371,0.17692277,0.1
15321,0,0.6175578,0.751174,0.13361615,0.1
15322,0,0.8006174,0.9052998,0.104682386,0.1
15323,0,0.95693606,1.0187218,0.061785758,0.1
15324,0,1.0645206,1.2571065,0.19258595,0.1
15325,0,1.3060694,1.3738194,0.06774998,0.1
15326,0,1.4093163,1.3875368,0.021779537,0.1
15327,0,1.4010141,1.4125211,0.011507034,0.1
15328,0,1.4075031,1.3589896,0.04851353,0.1
15329,0,1.3309913,1.3946592,0.06366789,0.1
15330,0,1.3559604,1.5018681,0.14590776,0.1
15331,0,1.4591954,1.6301386,0.17094326,0.1
15332,0,1.5822186,1.5723131,0.009905577,0.1
15333,0,1.5066102,1.6775107,0.17090058,0.1
15334,0,1.6076944,1.642613,0.034918666,0.1
15335,0,1.559933,1.6306305,0.070697546,0.1
15336,0,1.5395486,1.6098459,0.07029724,0.1
15337,0,1.5119517,1.6414503,0.1294986,0.1
15338,0,1.5423989,1.7723863,0.22998738,0.1
15339,0,1.6765544,1.8322117,0.15565729,0.1
15340,0,1.7328248,1.8929278,0.16010296,0.1
15341,0,1.788929,1.8264527,0.037523746,0.1
15342,0,1.7139027,1.8161693,0.10226655,0.1
15343,0,1.7003365,1.7250713,0.024734855,0.1
15344,0,1.6035008,1.5547729,0.04872799,0.1
15345,0,1.4237988,1.5156267,0.09182787,0.1
15346,0,1.3901193,1.485797,0.09567773,0.1
15347,0,1.3675387,1.2561734,0.11136532,0.1
15348,0,1.1237276,1.2411836,0.11745608,0.1
15349,0,1.1242805,1.2513751,0.12709463,0.1
15350,0,1.152309,1.0944957,0.057813287,0.1
15351,0,0.9900481,1.0684935,0.078445375,0.1
15352,0,0.97892004,1.0321827,0.05326265,0.1
15353,0,0.95508796,1.0791438,0.1240558,0.1
15354,0,1.0253737,0.91886103,0.106512666,0.1
15355,0,0.8556883,0.94135636,0.08566809,0.1
15356,0,0.8984663,0.91996926,0.021502972,0.1
15357,0,0.88834125,0.9472257,0.05888444,0.1
15358,0,0.93290025,0.9435819,0.010681629,0.1
15359,0,0.9396171,0.8102048,0.1294123,0.1
15360,0,0.79531866,0.63567793,0.15964073,0.1
15361,0,0.6039001,0.4617129,0.14218718,0.1
15362,0,0.4146464,0.4863338,0.0716874,0.1
15363,0,0.46174857,0.3538136,0.10793498,0.1
15364,0,0.32064375,0.39790875,0.077264994,0.1
15365,0,0.38961858,0.46766442,0.078045845,0.1
15366,0,0.48546535,0.44055146,0.044913888,0.1
15367,0,0.46343988,0.5139248,0.050484896,0.1
15368,0,0.55861986,0.45150036,0.1071195,0.1
15369,0,0.49061054,0.5599307,0.06932014,0.1
15370,0,0.6234648,0.4847599,0.13870493,0.1
15371,0,0.53699064,0.28848827,0.24850237,0.1
15372,0,0.30839682,0.177208,0.13118881,0.1
15373,0,0.18353492,0.00029643,0.18323849,0.1
15374,0,-0.017190486,-0.07636982,0.059179336,0.1
15375,0,-0.09602448,0.045909803,0.14193429,0.1
15376,0,0.061242536,-0.09067564,0.15191817,0.1
15377,0,-0.09269966,-0.12142597,0.02872631,0.1
15378,0,-0.1192112,-0.17846777,0.05925657,0.1
15379,0,-0.17751235,-0.16302669,0.014485657,0.1
15380,0,-0.15007621,-0.24693204,0.096855834,0.1
15381,0,-0.24186817,-0.27911344,0.037245274,0.1
15382,0,-0.2717646,-0.28959036,0.017825752,0.1
15383,0,-0.27664715,-0.38822845,0.111581296,0.1
15384,0,-0.38611847,-0.39960662,0.013488144,0.1
15385,0,-0.3918677,-0.49659696,0.104729265,0.1
15386,0,-0.49861258,-0.5284376,0.029825032,0.1
15387,0,-0.52792615,-0.5735906,0.04566443,0.1
15388,0,-0.57311666,-0.52815205,0.04496461,0.1
15389,0,-0.51317316,-0.5189443,0.00577116,0.1
15390,0,-0.4978773,-0.56551987,0.06764257,0.1
15391,0,-0.5488402,-0.65284336,0.10400313,0.1
15392,0,-0.6463835,-0.6919981,0.0456146,0.1
15393,0,-0.6866631,-0.69438905,0.007725954,0.1
15394,0,-0.68456167,-0.8172769,0.13271523,0.1
15395,0,-0.82095766,-0.89625776,0.0753001,0.1
15396,0,-0.9041181,-0.9137327,0.009614587,0.1
15397,0,-0.9164472,-0.9153955,0.001051724,0.1
15398,0,-0.91165835,-0.8972999,0.014358461,0.1
15399,0,-0.8856742,-0.9073238,0.0216496,0.1
15400,0,-0.89308316,-0.9367193,0.043636143,0.1
15401,0,-0.9229916,-0.9835356,0.060544014,0.1
15402,0,-0.9723696,-0.9630803,0.009289324,0.1
15403,0,-0.94580656,-1.0368898,0.09108323,0.1
15404,0,-1.0260718,-1.0372658,0.011193991,0.1
15405,0,-1.022964,-1.002185,0.020779014,0.1
15406,0,-0.98106617,-1.0611125,0.080046356,0.1
15407,0,-1.0457089,-1.0940058,0.04829693,0.1
15408,0,-1.0800512,-0.92990565,0.15014553,0.1
15409,0,-0.8942751,-0.8311798,0.06309533,0.1
15410,0,-0.7856001,-0.783102,0.0024981499,0.1
15411,0,-0.7370169,-0.6943569,0.042659998,0.1
15412,0,-0.6428291,-0.70842147,0.06559235,0.1
15413,0,-0.6685937,-0.6177879,0.050805807,0.1
15414,0,-0.57301205,-0.6278599,0.054847836,0.1
15415,0,-0.5951792,-0.5841922,0.010986984,0.1
15416,0,-0.55423886,-0.59131974,0.037080884,0.1
15417,0,-0.5722943,-0.64676017,0.07446587,0.1
15418,0,-0.6448614,-0.6230372,0.021824181,0.1
15419,0,-0.6238099,-0.53523856,0.08857131,0.1
15420,0,-0.52852947,-0.51239514,0.016134322,0.1
15421,0,-0.5098652,-0.42818528,0.08167994,0.1
15422,0,-0.41955423,-0.5344941,0.11493987,0.1
15423,0,-0.5517783,-0.5041973,0.047581017,0.1
15424,0,-0.52178204,-0.43337488,0.08840716,0.1
15425,0,-0.44458634,-0.42643324,0.018153101,0.1
15426,0,-0.44276464,-0.2572971,0.18546754,0.1
15427,0,-0.25097328,-0.10761053,0.14336276,0.1
15428,0,-0.08460033,0.032196727,0.11679706,0.1
15429,0,0.06771849,0.087057434,0.019338943,0.1
15430,0,0.11817667,0.36514288,0.24696621,0.1
15431,0,0.42803007,0.45531228,0.027282208,0.1
15432,0,0.5145557,0.55303806,0.038482368,0.1
15433,0,0.60927993,0.6991103,0.0898304,0.1
15434,0,0.7585524,0.7894602,0.03090781,0.1
15435,0,0.84197646,0.9319749,0.089998424,0.1
15436,0,0.9837904,1.0930529,0.10926247,0.1
15437,0,1.143194,1.1614118,0.018217802,0.1
15438,0,1.1973405,1.1402291,0.057111382,0.1
15439,0,1.1531515,1.1892278,0.036076307,0.1
15440,0,1.1903074,1.2825108,0.09220338,0.1
15441,0,1.2772775,1.4141444,0.13686693,0.1
15442,0,1.4045463,1.4631469,0.058600664,0.1
15443,0,1.440799,1.5317982,0.090999246,0.1
15444,0,1.4989834,1.6392479,0.14026451,0.1
15445,0,1.5978644,1.7920653,0.19420087,0.1
15446,0,1.74072,1.8792905,0.13857043,0.1
15447,0,1.8125894,1.870079,0.057489634,0.1
15448,0,1.7863412,1.9666989,0.1803577,0.1
15449,0,1.869916,1.9331816,0.06326568,0.1
15450,0,1.8216994,1.819231,0.0024683475,0.1
15451,0,1.6938004,1.7442857,0.050485253,0.1
15452,0,1.6106532,1.7936337,0.18298054,0.1
15453,0,1.6614757,1.7569934,0.095517755,0.1
15454,0,1.6220214,1.6942071,0.072185636,0.1
15455,0,1.556968,1.6539879,0.09701991,0.1
15456,0,1.5183585,1.6243334,0.10597491,0.1
15457,0,1.4926422,1.5050833,0.012441158,0.1
15458,0,1.3708017,1.5329211,0.16211939,0.1
15459,0,1.4120896,1.4975653,0.08547568,0.1
15460,0,1.3834517,1.414676,0.03122425,0.1
15461,0,1.3031282,1.3186079,0.015479684,0.1
15462,0,1.209285,1.3102528,0.100967765,0.1
15463,0,1.2146676,1.2773194,0.06265187,0.1
15464,0,1.1917653,1.2422185,0.050453186,0.1
15465,0,1.1661646,1.328473,0.16230834,0.1
15466,0,1.2751515,1.3266419,0.051490426,0.1
15467,0,1.2826269,1.1082562,0.17437065,0.1
15468,0,1.0463896,1.0597337,0.013344169,0.1
15469,0,1.0055387,0.97542363,0.030115068,0.1
15470,0,0.92345303,0.88711196,0.03634107,0.1
15471,0,0.83707106,0.83743733,0.00036627054,0.1
15472,0,0.7957848,0.82975245,0.033967674,0.1
15473,0,0.80260783,0.769867,0.03274083,0.1
15474,0,0.7472461,0.8124283,0.06518221,0.1
15475,0,0.81054366,0.7775945,0.03294915,0.1
15476,0,0.7812423,0.83263654,0.051394224,0.1
15477,0,0.85527235,0.8086199,0.046652436,0.1
15478,0,0.83494,0.62894905,0.20599097,0.1
15479,0,0.63265294,0.5754983,0.057154655,0.1
15480,0,0.5805031,0.50602734,0.074475765,0.1
15481,0,0.50936663,0.41724825,0.09211838,0.1
15482,0,0.4156258,0.34485942,0.07076639,0.1
15483,0,0.34183064,0.3261163,0.015714347,0.1
15484,0,0.33173716,0.24805935,0.08367781,0.1
15485,0,0.25020856,0.086198255,0.1640103,0.1
15486,0,0.069754645,-0.010349195,0.080103844,0.1
15487,0,-0.030899182,-0.030663367,0.0002358146,0.1
15488,0,-0.04053028,-0.02484776,0.015682518,0.1
15489,0,-0.02057685,0.0119836675,0.032560516,0.1
15490,0,0.034137666,0.021959519,0.012178147,0.1
15491,0,0.054243684,-0.047203287,0.10144697,0.1
15492,0,-0.021388963,-0.07765089,0.056261927,0.1
15493,0,-0.050783664,-0.17941904,0.12863538,0.1
15494,0,-0.1650911,-0.25116202,0.086070925,0.1
15495,0,-0.2424879,-0.21853344,0.023954466,0.1
15496,0,-0.19615051,-0.32263947,0.12648895,0.1
15497,0,-0.3131771,-0.25729296,0.055884153,0.1
15498,0,-0.22918609,-0.30110162,0.07191554,0.1
15499,0,-0.27679983,-0.37199494,0.095195115,0.1
15500,0,-0.35609168,-0.50467074,0.14857906,0.1
15501,0,-0.5061924,-0.5288625,0.02267009,0.1
15502,0,-0.52718204,-0.57721704,0.050035,0.1
15503,0,-0.5767098,-0.60556746,0.028857648,0.1
15504,0,-0.6028449,-0.6170381,0.014193177,0.1
15505,0,-0.60987157,-0.63248706,0.022615492,0.1
15506,0,-0.6223933,-0.60302985,0.019363463,0.1
15507,0,-0.5836646,-0.70187604,0.11821145,0.1
15508,0,-0.6948193,-0.7167926,0.021973312,0.1
15509,0,-0.7074785,-0.8149247,0.10744619,0.1
15510,0,-0.815608,-0.9099441,0.09433609,0.1
15511,0,-0.917455,-0.91780484,0.00034981966,0.1
15512,0,-0.91907865,-0.9028986,0.016180038,0.1
15513,0,-0.89598066,-0.83078265,0.065198004,0.1
15514,0,-0.8094678,-1.0228422,0.21337438,0.1
15515,0,-1.0229237,-1.1302584,0.10733473,0.1
15516,0,-1.1354406,-1.0492405,0.08620012,0.1
15517,0,-1.0374551,-1.0418901,0.0044350624,0.1
15518,0,-1.0246928,-0.9847457,0.039947093,0.1
15519,0,-0.9574401,-1.0214136,0.06397349,0.1
15520,0,-0.99763554,-0.9766246,0.021010935,0.1
15521,0,-0.946307,-0.8974585,0.04884851,0.1
15522,0,-0.8578837,-1.0385288,0.18064511,0.1
15523,0,-1.0190687,-1.1213665,0.10229778,0.1
15524,0,-1.1103296,-1.1390011,0.028671503,0.1
15525,0,-1.1273363,-1.0644174,0.0629189,0.1
15526,0,-1.0424192,-1.0065727,0.03584647,0.1
15527,0,-0.97836727,-0.91448385,0.063883424,0.1
15528,0,-0.87742597,-0.89624286,0.018816888,0.1
15529,0,-0.86218053,-0.88141036,0.01922983,0.1
15530,0,-0.8511825,-0.84104747,0.010135055,0.1
15531,0,-0.81141704,-0.8048876,0.0065294504,0.1
15532,0,-0.77708,-0.7970229,0.01994288,0.1
15533,0,-0.77546525,-0.776887,0.0014217496,0.1
15534,0,-0.7595259,-0.70277643,0.056749463,0.1
15535,0,-0.6817871,-0.680795,0.0009920597,0.1
15536,0,-0.6650002,-0.532349,0.13265121,0.1
15537,0,-0.5022032,-0.4073233,0.094879925,0.1
15538,0,-0.3685106,-0.3908075,0.022296906,0.1
15539,0,-0.36296472,-0.3642666,0.0013018847,0.1
15540,0,-0.3448089,-0.14215237,0.20265654,0.1
15541,0,-0.09773454,-0.12759379,0.029859245,0.1
15542,0,-0.096872866,-0.008886222,0.08798665,0.1
15543,0,0.02765017,0.13105322,0.103403054,0.1
15544,0,0.17583972,0.25700837,0.08116865,0.1
15545,0,0.30596292,0.4466525,0.14068958,0.1
15546,0,0.5082964,0.4224086,0.08588776,0.1
15547,0,0.4594584,0.46070534,0.0012469292,0.1
15548,0,0.4865601,0.51552653,0.028966427,0.1
15549,0,0.53430355,0.6934185,0.15911496,0.1
15550,0,0.7245986,0.8128605,0.0882619,0.1
15551,0,0.844467,0.85959905,0.01513207,0.1
15552,0,0.88033086,0.902745,0.022414148,0.1
15553,0,0.9132586,1.0298722,0.11661357,0.1
15554,0,1.0419147,1.1293399,0.08742523,0.1
15555,0,1.13748,1.2535937,0.11611366,0.1
15556,0,1.2589538,1.4238911,0.16493726,0.1
15557,0,1.4268713,1.4379094,0.011038065,0.1
15558,0,1.4236057,1.4672635,0.04365778,0.1
15559,0,1.4391336,1.537777,0.0986433,0.1
15560,0,1.5002482,1.5601656,0.05991745,0.1
15561,0,1.5102715,1.5526135,0.042341948,0.1
15562,0,1.4900789,1.5179877,0.027908802,0.1
15563,0,1.4432592,1.4914063,0.048147082,0.1
15564,0,1.4080489,1.5214723,0.11342347,0.1
15565,0,1.4366472,1.4797249,0.043077707,0.1
15566,0,1.3881025,1.3619698,0.026132703,0.1
15567,0,1.2582004,1.564356,0.30615556,0.1
15568,0,1.4805729,1.5557951,0.075222135,0.1
15569,0,1.4700637,1.5458778,0.07581413,0.1
15570,0,1.4592111,1.6033309,0.14411974,0.1
15571,0,1.5215106,1.5434238,0.02191317,0.1
15572,0,1.4568491,1.469966,0.013116956,0.1
15573,0,1.3793874,1.4916639,0.112276554,0.1
15574,0,1.4079242,1.4260647,0.018140554,0.1
15575,0,1.3407393,1.4609575,0.12021828,0.1
15576,0,1.3853254,1.4828943,0.09756887,0.1
15577,0,1.4144218,1.3956814,0.018740416,0.1
15578,0,1.3235023,1.3084481,0.015054226,0.1
15579,0,1.2341921,1.160217,0.073975086,0.1
15580,0,1.0774856,1.0532707,0.024214864,0.1
15581,0,0.969418,1.0950735,0.12565547,0.1
15582,0,1.0324178,1.0195873,0.012830496,0.1
15583,0,0.9594268,1.0320848,0.072658,0.1
15584,0,0.98765624,1.0430717,0.05541551,0.1
15585,0,1.0123737,0.9633384,0.04903531,0.1
15586,0,0.9318357,0.97573256,0.043896854,0.1
15587,0,0.9576984,0.91686255,0.040835857,0.1
15588,0,0.9001848,0.9378807,0.037695885,0.1
15589,0,0.93473774,0.8316463,0.10309142,0.1
15590,0,0.8208824,0.74844015,0.07244223,0.1
15591,0,0.73474324,0.6731395,0.061603725,0.1
15592,0,0.6583504,0.6160833,0.042267084,0.1
15593,0,0.6036814,0.5250884,0.078592956,0.1
15594,0,0.5089716,0.50891244,5.9127808e-05,0.1
15595,0,0.5030252,0.50641096,0.0033857822,0.1
15596,0,0.5119779,0.50568444,0.0062934756,0.1
15597,0,0.52150285,0.47652882,0.04497403,0.1
15598,0,0.49606746,0.39165914,0.104408324,0.1
15599,0,0.4041564,0.26447266,0.13968372,0.1
15600,1,0.26278108,0.77014124,0.50736016,0.1
15601,1,0.84975,1.0246644,0.17491442,0.1
15602,1,1.1357055,1.1627247,0.027019262,0.1
15603,1,1.2807605,1.2403367,0.04042387,0.1
15604,1,1.3539889,1.2766685,0.07732034,0.1
15605,1,1.3798633,1.2820933,0.097769976,0.1
15606,1,1.3716996,1.1877007,0.18399882,0.1
15607,1,1.2540786,1.0599906,0.19408798,0.1
15608,1,1.1012669,0.8649994,0.23626745,0.1
15609,1,0.8736996,0.77599174,0.09770787,0.1
15610,1,0.7719497,0.57050425,0.20144546,0.1
15611,1,0.535989,0.48005563,0.055933356,0.1
15612,1,0.43886045,0.30437657,0.13448387,0.1
15613,1,0.24252656,0.12619896,0.1163276,0.1
15614,1,0.04640299,-0.0315042,0.07790719,0.1
15615,1,-0.12215626,-0.3028412,0.18068492,0.1
15616,1,-0.4196332,-0.25953415,0.16009906,0.1
15617,1,-0.34398472,-0.44837254,0.10438782,0.1
15618,1,-0.5429296,-0.570509,0.027579427,0.1
15619,1,-0.6608649,-0.818718,0.15785313,0.1
15620,1,-0.91876036,-0.90754503,0.011215329,0.1
15621,1,-0.9917254,-1.0578662,0.06614083,0.1
15622,1,-1.1323009,-1.1904281,0.058127284,0.1
15623,1,-1.2503209,-1.1924069,0.05791402,0.1
15624,1,-1.2256231,-1.2274723,0.0018491745,0.1
15625,1,-1.2403352,-1.3678516,0.12751639,0.1
15626,1,-1.3699062,-1.5108541,0.14094794,0.1
15627,1,-1.4985821,-1.6796417,0.1810596,0.1
15628,1,-1.6492422,-1.6876633,0.038421154,0.1
15629,1,-1.6332448,-1.7713931,0.13814831,0.1
15630,1,-1.6970501,-1.8630275,0.16597736,0.1
15631,1,-1.7682629,-1.8200148,0.05175197,0.1
15632,1,-1.7053151,-1.878308,0.17299294,0.1
15633,1,-1.7482541,-1.8024002,0.05414617,0.1
15634,1,-1.6575527,-1.6918465,0.03429377,0.1
15635,1,-1.5353389,-1.4967773,0.038561583,0.1
15636,1,-1.3276279,-1.1593214,0.16830647,0.1
15637,1,-0.9671841,-0.82938623,0.13779789,0.1
15638,1,-0.61455643,-0.34981927,0.26473716,0.1
15639,1,-0.09636736,0.044562187,0.14092955,0.1
15640,1,0.3199451,0.44530484,0.12535974,0.1
15641,1,0.73202556,0.6574385,0.07458705,0.1
15642,1,0.92524487,0.98161054,0.05636567,0.1
15643,1,1.2340822,1.0451349,0.18894732,0.1
15644,1,1.2559144,1.1625736,0.09334087,0.1
15645,1,1.3385794,1.129787,0.20879245,0.1
15646,1,1.2600229,1.1569847,0.10303819,0.1
15647,1,1.2522802,0.9591255,0.29315472,0.1
15648,1,0.99764115,0.8635452,0.13409597,0.1
15649,1,0.8641017,0.7043016,0.15980011,0.1
15650,1,0.66197896,0.5131721,0.14880687,0.1
15651,1,0.4277941,0.42808786,0.0002937615,0.1
15652,1,0.32440782,0.22965059,0.09475723,0.1
15653,1,0.0912333,0.015677636,0.07555566,0.1
15654,1,-0.1537962,-0.13058499,0.023211211,0.1
15655,1,-0.3124852,-0.40327093,0.09078574,0.1
15656,1,-0.6120612,-0.4748515,0.13720971,0.1
15657,1,-0.67156476,-0.512105,0.15945977,0.1
15658,1,-0.6905682,-0.72432244,0.03375423,0.1
15659,1,-0.9090305,-0.8525562,0.05647427,0.1
15660,1,-1.0267341,-0.9204741,0.10626,0.1
15661,1,-1.0750592,-1.1180811,0.043021917,0.1
15662,1,-1.2649379,-1.250856,0.014081836,0.1
15663,1,-1.3789611,-1.3497097,0.029251337,0.1
15664,1,-1.4545853,-1.5101455,0.05556023,0.1
15665,1,-1.5929701,-1.7315118,0.1385417,0.1
15666,1,-1.7863691,-1.7722197,0.014149427,0.1
15667,1,-1.794616,-1.9167614,0.122145414,0.1
15668,1,-1.9064586,-1.8781376,0.028321028,0.1
15669,1,-1.8383937,-2.031873,0.1934793,0.1
15670,1,-1.9617672,-2.135773,0.17400575,0.1
15671,1,-2.0338066,-2.1451018,0.11129522,0.1
15672,1,-2.016578,-2.1665058,0.14992785,0.1
15673,1,-2.0140817,-2.1336536,0.119571924,0.1
15674,1,-1.9629185,-2.0557876,0.09286904,0.1
15675,1,-1.8722727,-1.9925377,0.12026501,0.1
15676,1,-1.8003571,-1.8200848,0.019727707,0.1
15677,1,-1.622268,-1.407072,0.21519601,0.1
15678,1,-1.1942856,-0.94646037,0.24782526,0.1
15679,1,-0.70820373,-0.42497686,0.28322688,0.1
15680,1,-0.15305465,0.014375939,0.1674306,0.1
15681,1,0.30601472,0.3952778,0.08926308,0.1
15682,1,0.69007355,0.7859036,0.09583002,0.1
15683,1,1.0714608,0.9034048,0.16805607,0.1
15684,1,1.149565,1.0144355,0.13512945,0.1
15685,1,1.2218184,0.88190216,0.3399163,0.1
15686,1,1.0281112,0.89931333,0.12879789,0.1
15687,1,1.0079733,0.71171117,0.29626215,0.1
15688,1,0.7591676,0.6568876,0.10228002,0.1
15689,1,0.66921705,0.5128064,0.15641063,0.1
15690,1,0.48029616,0.24220464,0.23809153,0.1
15691,1,0.14916526,0.25785902,0.10869376,0.1
15692,1,0.1635629,-0.009137532,0.17270042,0.1
15693,1,-0.15286598,-0.13463749,0.018228486,0.1
15694,1,-0.2946229,-0.31450036,0.019877464,0.1
15695,1,-0.49469554,-0.45244804,0.042247504,0.1
15696,1,-0.6396478,-0.613083,0.026564777,0.1
15697,1,-0.805641,-0.77867436,0.026966631,0.1
15698,1,-0.971453,-0.8184326,0.15302038,0.1
15699,1,-0.9916087,-0.9590071,0.032601595,0.1
15700,1,-1.1243861,-1.041776,0.08261013,0.1
15701,1,-1.1903181,-1.2475504,0.05723226,0.1
15702,1,-1.3871205,-1.3931234,0.006002903,0.1
15703,1,-1.5130079,-1.4804016,0.032606244,0.1
15704,1,-1.5750628,-1.5337697,0.041293025,0.1
15705,1,-1.602076,-1.6885271,0.08645105,0.1
15706,1,-1.7327406,-1.8946644,0.16192377,0.1
15707,1,-1.9076986,-2.0422075,0.13450885,0.1
15708,1,-2.0185418,-2.1506896,0.13214779,0.1
15709,1,-2.0892575,-2.1487465,0.05948901,0.1
15710,1,-2.0568721,-2.278655,0.22178292,0.1
15711,1,-2.1501682,-2.2618341,0.111665964,0.1
15712,1,-2.107486,-2.1324046,0.024918556,0.1
15713,1,-1.9627907,-2.01285,0.05005932,0.1
15714,1,-1.8322186,-1.7468423,0.08537638,0.1
15715,1,-1.5574827,-1.5060978,0.051384926,0.1
15716,1,-1.3095918,-1.1726131,0.13697863,0.1
15717,1,-0.9618638,-0.7218912,0.23997259,0.1
15718,1,-0.4835075,-0.22963935,0.25386816,0.1
15719,1,0.03943058,0.25114092,0.21171033,0.1
15720,1,0.53995186,0.6976302,0.15767837,0.1
15721,1,0.986373,0.91374296,0.07263005,0.1
15722,1,1.1729696,1.0262475,0.14672208,0.1
15723,1,1.2455404,1.1544836,0.091056824,0.1
15724,1,1.3362675,1.0772555,0.25901198,0.1
15725,1,1.2063038,1.0566224,0.14968145,0.1
15726,1,1.1440222,0.91090596,0.23311627,0.1
15727,1,0.94606143,0.8092162,0.13684523,0.1
15728,1,0.8035659,0.6248345,0.17873144,0.1
15729,1,0.57050014,0.3680925,0.20240763,0.1
15730,1,0.25855944,0.2878807,0.029321253,0.1
15731,1,0.1617826,0.1593382,0.0024444014,0.1
15732,1,0.012014836,-0.12560223,0.13761707,0.1
15733,1,-0.3155672,-0.27493683,0.04063037,0.1
15734,1,-0.47568303,-0.3392808,0.13640222,0.1
15735,1,-0.5320664,-0.43312484,0.098941565,0.1
15736,1,-0.62132114,-0.60134965,0.01997149,0.1
15737,1,-0.7935594,-0.79943967,0.005880296,0.1
15738,1,-0.99354106,-0.98273534,0.010805726,0.1
15739,1,-1.1698472,-1.1718699,0.002022624,0.1
15740,1,-1.3457022,-1.3395774,0.006124735,0.1
15741,1,-1.4921999,-1.4499484,0.042251468,0.1
15742,1,-1.5746987,-1.5509927,0.02370596,0.1
15743,1,-1.6464584,-1.6876055,0.041147113,0.1
15744,1,-1.7531011,-1.7734942,0.020393133,0.1
15745,1,-1.8070462,-1.9013159,0.09426975,0.1
15746,1,-1.9018843,-2.0193605,0.117476225,0.1
15747,1,-1.9849741,-2.0648232,0.079849005,0.1
15748,1,-1.9981802,-2.1044652,0.106285095,0.1
15749,1,-2.0081873,-2.1881077,0.17992043,0.1
15750,1,-2.06159,-2.1952055,0.1336155,0.1
15751,1,-2.043985,-2.1672153,0.12323046,0.1
15752,1,-1.9966283,-2.033507,0.036878824,0.1
15753,1,-1.8512597,-1.9552666,0.10400689,0.1
15754,1,-1.7653155,-1.6869587,0.07835686,0.1
15755,1,-1.4892304,-1.4010872,0.08814323,0.1
15756,1,-1.1944296,-0.93598706,0.25844258,0.1
15757,1,-0.703344,-0.41721535,0.28612864,0.1
15758,1,-0.15099704,0.08026862,0.23126566,0.1
15759,1,0.37144625,0.5093249,0.13787866,0.1
15760,1,0.80529565,0.74763125,0.057664394,0.1
15761,1,1.0202594,1.069363,0.049103618,0.1
15762,1,1.3176188,1.1326617,0.18495715,0.1
15763,1,1.3351579,0.9983084,0.33684945,0.1
15764,1,1.1406147,0.99607,0.14454472,0.1
15765,1,1.0977991,0.82959586,0.2682032,0.1
15766,1,0.87441605,0.822356,0.052060068,0.1
15767,1,0.83894664,0.53309375,0.3058529,0.1
15768,1,0.48213983,0.42283893,0.0593009,0.1
15769,1,0.34066647,0.22626184,0.11440463,0.1
15770,1,0.10290213,0.12537374,0.022471607,0.1
15771,1,-0.015095323,-0.10072046,0.085625134,0.1
15772,1,-0.27566367,-0.13528773,0.14037594,0.1
15773,1,-0.30401963,-0.35034263,0.046323,0.1
15774,1,-0.5415855,-0.46253332,0.07905218,0.1
15775,1,-0.65309197,-0.5248788,0.12821317,0.1
15776,1,-0.7043248,-0.65716004,0.04716474,0.1
15777,1,-0.8347208,-0.7783544,0.056366384,0.1
15778,1,-0.94917375,-0.96105564,0.011881888,0.1
15779,1,-1.1286228,-1.1357262,0.007103443,0.1
15780,1,-1.2928019,-1.2253419,0.06745994,0.1
15781,1,-1.3609188,-1.2688091,0.09210968,0.1
15782,1,-1.3794835,-1.3698881,0.009595394,0.1
15783,1,-1.4606419,-1.5329971,0.07235527,0.1
15784,1,-1.604342,-1.6697544,0.0654124,0.1
15785,1,-1.716233,-1.6391068,0.077126265,0.1
15786,1,-1.6570718,-1.8493564,0.19228458,0.1
15787,1,-1.8426499,-1.9646496,0.12199962,0.1
15788,1,-1.9281933,-1.9040802,0.024113178,0.1
15789,1,-1.84231,-1.9180804,0.0757705,0.1
15790,1,-1.8348289,-1.8818898,0.047060966,0.1
15791,1,-1.780467,-1.7499176,0.030549407,0.1
15792,1,-1.6331193,-1.6853309,0.052211523,0.1
15793,1,-1.559531,-1.3613819,0.19814909,0.1
15794,1,-1.2148073,-1.1023395,0.112467766,0.1
15795,1,-0.94007045,-0.7241037,0.21596676,0.1
15796,1,-0.5332477,-0.2997358,0.2335119,0.1
15797,1,-0.076501966,0.11747389,0.19397587,0.1
15798,1,0.36510295,0.6529957,0.28789276,0.1
15799,1,0.9181189,0.99156004,0.07344115,0.1
15800,1,1.2413707,1.0367328,0.20463789,0.1
15801,1,1.2433834,1.1240079,0.11937547,0.1
15802,1,1.2937026,1.1780496,0.11565304,0.1
15803,1,1.3102038,1.023196,0.2870078,0.1
15804,1,1.100364,0.81832755,0.28203642,0.1
15805,1,0.837451,0.7350274,0.10242361,0.1
15806,1,0.7194055,0.54292816,0.17647731,0.1
15807,1,0.47956908,0.36159897,0.11797011,0.1
15808,1,0.258164,0.28340787,0.025243878,0.1
15809,1,0.16469501,0.13632317,0.02837184,0.1
15810,1,-0.006409794,-0.098233335,0.09182354,0.1
15811,1,-0.27472502,-0.2265646,0.04816042,0.1
15812,1,-0.41115683,-0.41824737,0.0070905387,0.1
15813,1,-0.61664563,-0.5306486,0.085997045,0.1
15814,1,-0.7247972,-0.70885336,0.015943825,0.1
15815,1,-0.904584,-0.75211394,0.15247005,0.1
15816,1,-0.92744786,-0.87261915,0.054828703,0.1
15817,1,-1.0376625,-0.97550374,0.062158763,0.1
15818,1,-1.1260493,-1.1626838,0.036634564,0.1
15819,1,-1.303983,-1.2321317,0.07185125,0.1
15820,1,-1.350625,-1.2789356,0.07168949,0.1
15821,1,-1.3737521,-1.3601681,0.013584018,0.1
15822,1,-1.4349742,-1.4316639,0.0033103228,0.1
15823,1,-1.4859846,-1.5927578,0.10677326,0.1
15824,1,-1.6292076,-1.6840247,0.05481708,0.1
15825,1,-1.6971834,-1.6842991,0.012884259,0.1
15826,1,-1.6730852,-1.7906408,0.11755562,0.1
15827,1,-1.7588012,-1.8542795,0.0954783,0.1
15828,1,-1.8005877,-1.9169071,0.11631942,0.1
15829,1,-1.8418529,-1.8034185,0.038434386,0.1
15830,1,-1.7093627,-1.579613,0.12974977,0.1
15831,1,-1.4667547,-1.475634,0.008879304,0.1
15832,1,-1.3542464,-1.2140049,0.1402415,0.1
15833,1,-1.0738189,-0.8307859,0.24303305,0.1
15834,1,-0.6592154,-0.400273,0.2589424,0.1
15835,1,-0.19233882,0.053035263,0.24537408,0.1
15836,1,0.2935969,0.5408425,0.24724558,0.1
15837,1,0.8018124,0.87341136,0.07159895,0.1
15838,1,1.1250062,1.0620403,0.06296587,0.1
15839,1,1.2844114,1.0992372,0.18517423,0.1
15840,1,1.2793441,1.1480914,0.13125265,0.1
15841,1,1.2901268,1.0568417,0.23328507,0.1
15842,1,1.1503823,1.0357789,0.1146034,0.1
15843,1,1.0940132,0.9471692,0.14684403,0.1
15844,1,0.9659797,0.8930859,0.0728938,0.1
15845,1,0.88242406,0.613104,0.26932007,0.1
15846,1,0.54238045,0.53580886,0.006571591,0.1
15847,1,0.44509187,0.47264314,0.027551264,0.1
15848,1,0.36862215,0.35429737,0.014324784,0.1
15849,1,0.23035195,0.111436084,0.11891587,0.1
15850,1,-0.050414413,-0.075088836,0.024674423,0.1
15851,1,-0.25775012,-0.24423374,0.013516381,0.1
15852,1,-0.43878514,-0.37796953,0.060815603,0.1
15853,1,-0.5736127,-0.55059516,0.023017526,0.1
15854,1,-0.7493841,-0.65891093,0.090473175,0.1
15855,1,-0.84719807,-0.83573014,0.011467934,0.1
15856,1,-1.0197277,-1.0500978,0.030370116,0.1
15857,1,-1.2271447,-1.1100205,0.1171242,0.1
15858,1,-1.2611568,-1.3326057,0.07144892,0.1
15859,1,-1.468512,-1.4553074,0.013204694,0.1
15860,1,-1.5644984,-1.578714,0.014215589,0.1
15861,1,-1.6592987,-1.5671717,0.092126966,0.1
15862,1,-1.6155901,-1.7077962,0.09220612,0.1
15863,1,-1.7305458,-1.8244594,0.093913674,0.1
15864,1,-1.8185363,-1.8443677,0.025831461,0.1
15865,1,-1.8103051,-1.9269105,0.1166054,0.1
15866,1,-1.8665082,-2.0113301,0.14482188,0.1
15867,1,-1.9244263,-2.0280483,0.10362196,0.1
15868,1,-1.9174066,-1.9329067,0.015500188,0.1
15869,1,-1.8040769,-1.9597838,0.15570688,0.1
15870,1,-1.8166404,-1.8514676,0.034827232,0.1
15871,1,-1.6966479,-1.7063783,0.009730458,0.1
15872,1,-1.5428619,-1.5056988,0.03716314,0.1
15873,1,-1.3337142,-1.1578486,0.17586565,0.1
15874,1,-0.9665628,-0.6769492,0.2896136,0.1
15875,1,-0.4510768,-0.16086157,0.29021525,0.1
15876,1,0.10128492,0.28689504,0.18561012,0.1
15877,1,0.56777614,0.62036914,0.052592993,0.1
15878,1,0.8959392,0.95888525,0.06294608,0.1
15879,1,1.217727,1.0944046,0.12332237,0.1
15880,1,1.3152208,1.167099,0.14812183,0.1
15881,1,1.3461142,1.0732485,0.27286565,0.1
15882,1,1.1990056,1.0142499,0.18475568,0.1
15883,1,1.095374,0.8480717,0.2473023,0.1
15884,1,0.8753254,0.88486487,0.009539485,0.1
15885,1,0.8933069,0.6046848,0.28862208,0.1
15886,1,0.54963684,0.47808155,0.07155529,0.1
15887,1,0.39084816,0.21494786,0.1759003,0.1
15888,1,0.07705876,0.14084749,0.06378873,0.1
15889,1,-0.006113082,-0.004456792,0.0016562901,0.1
15890,1,-0.1700235,-0.24092549,0.07090199,0.1
15891,1,-0.43497235,-0.35096392,0.084008425,0.1
15892,1,-0.5452295,-0.54410535,0.0011241436,0.1
15893,1,-0.7476361,-0.7162425,0.031393588,0.1
15894,1,-0.91942817,-0.7833826,0.13604558,0.1
15895,1,-0.96848017,-0.96357495,0.004905224,0.1
15896,1,-1.1425066,-1.0192393,0.12326729,0.1
15897,1,-1.1752818,-1.1677613,0.0075204372,0.1
15898,1,-1.3095596,-1.2687812,0.0407784,0.1
15899,1,-1.3896687,-1.4582087,0.06853998,0.1
15900,1,-1.5604231,-1.543266,0.017157078,0.1
15901,1,-1.6184902,-1.5728984,0.04559183,0.1
15902,1,-1.6201353,-1.6834736,0.06333828,0.1
15903,1,-1.7063966,-1.8475604,0.14116383,0.1
15904,1,-1.8432193,-1.8792768,0.036057472,0.1
15905,1,-1.8468657,-1.9616269,0.11476123,0.1
15906,1,-1.9021564,-1.983468,0.0813117,0.1
15907,1,-1.8992169,-1.9887162,0.089499354,0.1
15908,1,-1.8828673,-1.9660894,0.08322203,0.1
15909,1,-1.8423676,-1.8655748,0.023207188,0.1
15910,1,-1.728013,-1.7302659,0.0022528172,0.1
15911,1,-1.5822523,-1.4583644,0.1238879,0.1
15912,1,-1.2959361,-1.1900287,0.10590744,0.1
15913,1,-1.0138025,-0.763331,0.25047153,0.1
15914,1,-0.55654305,-0.31997213,0.23657092,0.1
15915,1,-0.08144179,0.18758175,0.26902354,0.1
15916,1,0.4558355,0.61923325,0.16339776,0.1
15917,1,0.8941068,0.9445802,0.050473392,0.1
15918,1,1.2026784,1.1583381,0.044340372,0.1
15919,1,1.383616,1.1113561,0.27225983,0.1
15920,1,1.2847595,0.98353875,0.30122077,0.1
15921,1,1.1006925,1.0505346,0.050157905,0.1
15922,1,1.1389594,0.93298584,0.20597357,0.1
15923,1,0.973892,0.70432985,0.26956213,0.1
15924,1,0.6861702,0.58682233,0.09934789,0.1
15925,1,0.53285533,0.3944258,0.13842952,0.1
15926,1,0.29691964,0.3470006,0.050080955,0.1
15927,1,0.23841806,0.14993124,0.08848682,0.1
15928,1,0.0064801574,0.060516633,0.054036476,0.1
15929,1,-0.09206292,-0.09862328,0.006560363,0.1
15930,1,-0.2693957,-0.3197978,0.050402105,0.1
15931,1,-0.51329154,-0.45997652,0.053315014,0.1
15932,1,-0.6561824,-0.5253602,0.13082218,0.1
15933,1,-0.70926505,-0.6756555,0.03360957,0.1
15934,1,-0.85844684,-0.91141343,0.052966595,0.1
15935,1,-1.0975113,-0.9219062,0.17560512,0.1
15936,1,-1.080715,-1.0908811,0.010166168,0.1
15937,1,-1.2402203,-1.3285133,0.08829296,0.1
15938,1,-1.4658926,-1.366175,0.0997175,0.1
15939,1,-1.4746969,-1.5564028,0.08170593,0.1
15940,1,-1.6427867,-1.7489847,0.10619795,0.1
15941,1,-1.8055446,-1.8400496,0.03450501,0.1
15942,1,-1.8630221,-1.9656452,0.102623105,0.1
15943,1,-1.953507,-1.9004873,0.053019643,0.1
15944,1,-1.8589423,-1.9484969,0.08955467,0.1
15945,1,-1.880692,-1.9774092,0.09671724,0.1
15946,1,-1.8856807,-2.0077312,0.122050524,0.1
15947,1,-1.8944106,-1.9949772,0.100566626,0.1
15948,1,-1.8634806,-1.7933357,0.07014489,0.1
15949,1,-1.6475296,-1.6653696,0.017840028,0.1
15950,1,-1.5108492,-1.3745785,0.13627076,0.1
15951,1,-1.2042453,-1.1579126,0.046332717,0.1
15952,1,-0.9791874,-0.78162307,0.19756436,0.1
15953,1,-0.57754916,-0.4067077,0.17084146,0.1
15954,1,-0.1785289,0.011746364,0.19027527,0.1
15955,1,0.2641677,0.45474058,0.19057289,0.1
15956,1,0.7221076,0.94338644,0.22127885,0.1
15957,1,1.2073672,1.1200488,0.08731842,0.1
15958,1,1.3491037,1.1360533,0.21305037,0.1
15959,1,1.3185685,1.2087028,0.109865665,0.1
15960,1,1.3528638,1.1174085,0.23545527,0.1
15961,1,1.2119055,1.0202821,0.19162333,0.1
15962,1,1.0691264,0.86972785,0.19939852,0.1
15963,1,0.8705513,0.82673234,0.04381895,0.1
15964,1,0.8010754,0.48360524,0.31747016,0.1
15965,1,0.38832366,0.32692865,0.06139502,0.1
15966,1,0.19976468,0.1697749,0.029989779,0.1
15967,1,0.016466089,0.029160859,0.0126947705,0.1
15968,1,-0.1416732,-0.1974731,0.055799887,0.1
15969,1,-0.39527053,-0.44066253,0.045392007,0.1
15970,1,-0.65909714,-0.46854922,0.19054791,0.1
15971,1,-0.6675915,-0.5648573,0.10273421,0.1
15972,1,-0.7552561,-0.7819807,0.026724577,0.1
15973,1,-0.97698945,-0.92303514,0.053954303,0.1
15974,1,-1.1068671,-1.1702176,0.06335056,0.1
15975,1,-1.3465319,-1.3046638,0.04186809,0.1
15976,1,-1.4576039,-1.4249591,0.032644868,0.1
15977,1,-1.551173,-1.5167989,0.034374118,0.1
15978,1,-1.6138728,-1.6494584,0.03558564,0.1
15979,1,-1.7175725,-1.7100072,0.00756526,0.1
15980,1,-1.7471924,-1.7565715,0.0093791485,0.1
15981,1,-1.7645054,-1.8644964,0.099990964,0.1
15982,1,-1.8442776,-1.9222274,0.07794976,0.1
15983,1,-1.874167,-2.075679,0.2015121,0.1
15984,1,-1.9964106,-2.1363711,0.13996053,0.1
15985,1,-2.0276282,-2.0769773,0.04934907,0.1
15986,1,-1.9465783,-2.1137786,0.16720033,0.1
15987,1,-1.9627645,-2.0652575,0.10249305,0.1
15988,1,-1.8989637,-1.9761779,0.07721424,0.1
15989,1,-1.7994137,-1.8134912,0.014077544,0.1
15990,1,-1.6296506,-1.5682379,0.061412692,0.1
15991,1,-1.3767374,-1.3089302,0.0678072,0.1
15992,1,-1.1095479,-0.83387285,0.275675,0.1
15993,1,-0.605575,-0.2935176,0.31205744,0.1
15994,1,-0.029131219,0.16043314,0.18956436,0.1
15995,1,0.44447976,0.57587963,0.13139987,0.1
15996,1,0.86225027,0.8396353,0.022614956,0.1
15997,1,1.1038152,1.0105293,0.09328592,0.1
15998,1,1.2403367,1.0152737,0.22506297,0.1
15999,1,1.1969838,1.1108563,0.08612752,0.1
16000,1,1.2570448,1.0230029,0.23404193,0.1
16001,1,1.1184894,0.82768244,0.29080695,0.1
16002,1,0.8632595,0.616136,0.24712348,0.1
16003,1,0.5935525,0.5838222,0.009730279,0.1
16004,1,0.53917086,0.37044224,0.16872862,0.1
16005,1,0.2767139,0.13698095,0.13973296,0.1
16006,1,-0.002447933,0.09566699,0.09811492,0.1
16007,1,-0.047243804,-0.1650507,0.1178069,0.1
16008,1,-0.34686255,-0.3047538,0.042108744,0.1
16009,1,-0.49658966,-0.50341845,0.006828785,0.1
16010,1,-0.70899135,-0.61301714,0.09597421,0.1
16011,1,-0.81288725,-0.72322184,0.08966541,0.1
16012,1,-0.91470844,-0.8769941,0.037714362,0.1
16013,1,-1.0625243,-1.0559521,0.0065722466,0.1
16014,1,-1.2328761,-1.1551234,0.07775271,0.1
16015,1,-1.3117771,-1.2377244,0.07405269,0.1
16016,1,-1.3718865,-1.3028277,0.069058776,0.1
16017,1,-1.4133642,-1.4377016,0.02433741,0.1
16018,1,-1.5285196,-1.6710616,0.142542,0.1
16019,1,-1.7387769,-1.7064004,0.032376528,0.1
16020,1,-1.743875,-1.7789855,0.035110474,0.1
16021,1,-1.7885056,-1.8591359,0.07063031,0.1
16022,1,-1.8411224,-1.9680214,0.126899,0.1
16023,1,-1.9214528,-2.0247147,0.10326195,0.1
16024,1,-1.9504788,-1.9710573,0.020578504,0.1
16025,1,-1.8745494,-1.9343073,0.059757948,0.1
16026,1,-1.8197732,-1.898883,0.07910979,0.1
16027,1,-1.7701893,-1.8562256,0.086036325,0.1
16028,1,-1.7168965,-1.6191908,0.09770572,0.1
16029,1,-1.467206,-1.4363087,0.03089726,0.1
16030,1,-1.2768099,-1.0341768,0.2426331,0.1
16031,1,-0.84897745,-0.6493562,0.19962126,0.1
16032,1,-0.43822485,-0.20315602,0.23506883,0.1
16033,1,0.03850878,0.31052727,0.2720185,0.1
16034,1,0.5785949,0.6684887,0.08989376,0.1
16035,1,0.93363744,0.89537793,0.038259506,0.1
16036,1,1.1365762,1.0839862,0.052590013,0.1
16037,1,1.2941027,1.0673783,0.22672439,0.1
16038,1,1.2295423,0.91003686,0.3195054,0.1
16039,1,1.0128121,0.9395442,0.07326794,0.1
16040,1,1.0118141,0.830677,0.18113714,0.1
16041,1,0.8578009,0.6445542,0.2132467,0.1
16042,1,0.61961293,0.47017935,0.14943358,0.1
16043,1,0.40058523,0.2854562,0.115129024,0.1
16044,1,0.17539889,0.18393686,0.008537978,0.1
16045,1,0.054888085,0.074166246,0.019278161,0.1
16046,1,-0.07095623,0.01520102,0.08615725,0.1
16047,1,-0.1326201,-0.11469693,0.017923169,0.1
16048,1,-0.2756133,-0.15760797,0.118005335,0.1
16049,1,-0.31240398,-0.43825963,0.12585565,0.1
16050,1,-0.6238142,-0.55978113,0.06403309,0.1
16051,1,-0.74339646,-0.6756356,0.067760885,0.1
16052,1,-0.85342157,-0.90477425,0.05135268,0.1
16053,1,-1.0863385,-1.0410786,0.045259953,0.1
16054,1,-1.2092223,-1.1588082,0.050414085,0.1
16055,1,-1.3087797,-1.2926443,0.016135454,0.1
16056,1,-1.4232092,-1.5704063,0.14719713,0.1
16057,1,-1.680253,-1.6306126,0.049640417,0.1
16058,1,-1.7081447,-1.8358548,0.1277101,0.1
16059,1,-1.879853,-1.9203751,0.0405221,0.1
16060,1,-1.928607,-1.9574035,0.028796554,0.1
16061,1,-1.9324043,-2.048852,0.11644769,0.1
16062,1,-1.9907506,-2.0095572,0.018806696,0.1
16063,1,-1.9247606,-2.0547218,0.12996125,0.1
16064,1,-1.9450531,-1.977444,0.032390952,0.1
16065,1,-1.8488533,-1.9403414,0.091488004,0.1
16066,1,-1.7970772,-1.834663,0.037585855,0.1
16067,1,-1.680268,-1.7098271,0.029559016,0.1
16068,1,-1.5477757,-1.3861661,0.16160965,0.1
16069,1,-1.207917,-1.0561249,0.15179205,0.1
16070,1,-0.85945344,-0.5343674,0.32508606,0.1
16071,1,-0.29889366,-0.002662699,0.29623097,0.1
16072,1,0.2680391,0.46649173,0.19845262,0.1
16073,1,0.75204027,0.8958845,0.14384425,0.1
16074,1,1.1737659,1.0034543,0.17031157,0.1
16075,1,1.2415354,1.1088849,0.1326505,0.1
16076,1,1.3080013,1.0723414,0.23565984,0.1
16077,1,1.2225266,1.0773687,0.14515781,0.1
16078,1,1.1874723,0.98970884,0.1977635,0.1
16079,1,1.05358,0.8091395,0.24444056,0.1
16080,1,0.81884533,0.75022554,0.06861979,0.1
16081,1,0.72977406,0.62485987,0.10491419,0.1
16082,1,0.5681691,0.51839113,0.049777985,0.1
16083,1,0.4339909,0.2771822,0.1568087,0.1
16084,1,0.14616391,0.10283196,0.04333195,0.1
16085,1,-0.055878416,-0.026346399,0.029532017,0.1
16086,1,-0.19873494,-0.1056882,0.09304674,0.1
16087,1,-0.27862355,-0.19737688,0.081246674,0.1
16088,1,-0.37074548,-0.31891105,0.051834434,0.1
16089,1,-0.49543375,-0.5074036,0.011969864,0.1
16090,1,-0.6939522,-0.64536536,0.048586845,0.1
16091,1,-0.82896644,-0.69932044,0.129646,0.1
16092,1,-0.86558,-0.86779255,0.0022125244,0.1
16093,1,-1.0310345,-1.0995942,0.068559766,0.1
16094,1,-1.2593501,-1.2105789,0.048771143,0.1
16095,1,-1.3500144,-1.3019371,0.048077345,0.1
16096,1,-1.4183884,-1.5063554,0.08796704,0.1
16097,1,-1.6028755,-1.5322014,0.07067406,0.1
16098,1,-1.5988367,-1.6296661,0.03082943,0.1
16099,1,-1.670671,-1.79408,0.12340903,0.1
16100,1,-1.8078527,-1.8742436,0.06639087,0.1
16101,1,-1.8582315,-1.9656293,0.107397795,0.1
16102,1,-1.9196839,-1.9504119,0.030727983,0.1
16103,1,-1.8782427,-1.7896471,0.08859563,0.1
16104,1,-1.6958997,-1.7760274,0.080127716,0.1
16105,1,-1.668324,-1.6141114,0.05421257,0.1
16106,1,-1.49101,-1.5747225,0.08371258,0.1
16107,1,-1.446837,-1.3840612,0.06277573,0.1
16108,1,-1.2439384,-1.0545403,0.18939817,0.1
16109,1,-0.89074284,-0.6306312,0.26011163,0.1
16110,1,-0.43212372,-0.17033397,0.26178974,0.1
16111,1,0.064211756,0.28508145,0.22086969,0.1
16112,1,0.5446612,0.66442186,0.11976063,0.1
16113,1,0.92672294,0.97432816,0.047605217,0.1
16114,1,1.2203062,1.2557945,0.035488367,0.1
16115,1,1.4727001,1.2643447,0.20835543,0.1
16116,1,1.434309,1.2263597,0.20794928,0.1
16117,1,1.3498225,1.1327538,0.21706867,0.1
16118,1,1.2088838,0.891617,0.31726676,0.1
16119,1,0.9064639,0.77049166,0.13597226,0.1
16120,1,0.74555373,0.7739201,0.028366387,0.1
16121,1,0.7345026,0.45733434,0.27716827,0.1
16122,1,0.35448852,0.42930034,0.074811816,0.1
16123,1,0.3202948,0.23451646,0.08577834,0.1
16124,1,0.091888025,0.06283823,0.029049799,0.1
16125,1,-0.10318568,0.021231918,0.1244176,0.1
16126,1,-0.13932955,-0.21986136,0.080531806,0.1
16127,1,-0.40809423,-0.4130772,0.004982978,0.1
16128,1,-0.61321956,-0.5250037,0.08821589,0.1
16129,1,-0.71901435,-0.6315708,0.08744353,0.1
16130,1,-0.8163565,-0.7481073,0.068249166,0.1
16131,1,-0.9231178,-0.8760698,0.047048032,0.1
16132,1,-1.0404704,-1.069708,0.029237628,0.1
16133,1,-1.226599,-1.2089175,0.01768148,0.1
16134,1,-1.347969,-1.3551288,0.00715971,0.1
16135,1,-1.4734762,-1.4695195,0.0039566755,0.1
16136,1,-1.5626373,-1.6144426,0.051805258,0.1
16137,1,-1.6811023,-1.7935538,0.11245155,0.1
16138,1,-1.8292673,-1.860341,0.03107369,0.1
16139,1,-1.8630481,-1.9007485,0.037700415,0.1
16140,1,-1.872575,-1.9122474,0.039672375,0.1
16141,1,-1.8563881,-1.9179564,0.06156826,0.1
16142,1,-1.8379159,-1.8373297,0.0005861521,0.1
16143,1,-1.7370718,-1.7971867,0.06011498,0.1
16144,1,-1.6818478,-1.6985505,0.016702652,0.1
16145,1,-1.5704675,-1.5823143,0.011846781,0.1
16146,1,-1.4446034,-1.3660147,0.078588724,0.1
16147,1,-1.2149742,-1.0934265,0.1215477,0.1
16148,1,-0.92529863,-0.8992737,0.026024938,0.1
16149,1,-0.7252212,-0.45101726,0.27420396,0.1
16150,1,-0.24044222,0.066156164,0.30659837,0.1
16151,1,0.31426188,0.4355021,0.12124023,0.1
16152,1,0.69325644,0.7564441,0.06318766,0.1
16153,1,1.0073249,0.95558095,0.051743984,0.1
16154,1,1.1807613,1.1671209,0.013640404,0.1
16155,1,1.3636551,1.1098493,0.25380576,0.1
16156,1,1.2562973,1.0489596,0.20733774,0.1
16157,1,1.1493735,0.92271733,0.2266562,0.1
16158,1,0.9737005,0.7934846,0.1802159,0.1
16159,1,0.7994145,0.67095685,0.12845767,0.1
16160,1,0.6380753,0.6273273,0.010747969,0.1
16161,1,0.5742638,0.45419842,0.12006539,0.1
16162,1,0.3624633,0.1963458,0.16611749,0.1
16163,1,0.056878984,0.10502838,0.0481494,0.1
16164,1,-0.044898838,-0.044247083,0.00065175444,0.1
16165,1,-0.21151388,-0.19624458,0.015269294,0.1
16166,1,-0.3763556,-0.23429039,0.1420652,0.1
16167,1,-0.40333182,-0.5145116,0.11117977,0.1
16168,1,-0.7092794,-0.6634711,0.045808315,0.1
16169,1,-0.85611004,-0.81367934,0.0424307,0.1
16170,1,-1.0000217,-1.0199636,0.019941926,0.1
16171,1,-1.20066,-1.17761,0.02304995,0.1
16172,1,-1.3414934,-1.3326803,0.008813024,0.1
16173,1,-1.4750473,-1.3941506,0.080896735,0.1
16174,1,-1.5075455,-1.5733204,0.06577492,0.1
16175,1,-1.6617906,-1.6165079,0.04528272,0.1
16176,1,-1.6740618,-1.7558734,0.08181167,0.1
16177,1,-1.7847002,-1.853493,0.06879282,0.1
16178,1,-1.8514638,-2.0507405,0.19927669,0.1
16179,1,-2.0118384,-2.0635874,0.05174899,0.1
16180,1,-1.9930997,-2.1257942,0.13269448,0.1
16181,1,-2.0245821,-2.1962054,0.17162323,0.1
16182,1,-2.0649204,-2.0879314,0.02301097,0.1
16183,1,-1.9378273,-2.1016798,0.16385245,0.1
16184,1,-1.9339707,-2.0298913,0.09592056,0.1
16185,1,-1.8499503,-1.9632392,0.11328888,0.1
16186,1,-1.7751327,-1.8037694,0.028636694,0.1
16187,1,-1.6102943,-1.5181357,0.092158675,0.1
16188,1,-1.3161461,-1.3046373,0.011508822,0.1
16189,1,-1.1000116,-0.95577353,0.14423805,0.1
16190,1,-0.7354962,-0.4337509,0.30174533,0.1
16191,1,-0.1793187,0.03724035,0.21655905,0.1
16192,1,0.31543237,0.5163485,0.20091611,0.1
16193,1,0.8047646,0.7039836,0.10078102,0.1
16194,1,0.96487814,0.91213906,0.052739084,0.1
16195,1,1.14515,1.0198315,0.12531841,0.1
16196,1,1.2147064,0.95586735,0.25883907,0.1
16197,1,1.0982049,0.92854834,0.16965652,0.1
16198,1,1.0276161,0.7688478,0.25876832,0.1
16199,1,0.81161314,0.57127815,0.24033499,0.1
16200,1,0.5567594,0.39433712,0.1624223,0.1
16201,1,0.33185694,0.35208973,0.020232797,0.1
16202,1,0.27224755,0.23889725,0.033350304,0.1
16203,1,0.13272998,0.087318495,0.045411482,0.1
16204,1,-0.04706815,-0.05751141,0.010443263,0.1
16205,1,-0.21316984,-0.19590874,0.017261103,0.1
16206,1,-0.3663696,-0.36521572,0.0011538863,0.1
16207,1,-0.55049783,-0.5393121,0.011185706,0.1
16208,1,-0.73394066,-0.61834055,0.11560011,0.1
16209,1,-0.8033374,-0.7581924,0.045144975,0.1
16210,1,-0.9400739,-0.89992297,0.04015094,0.1
16211,1,-1.0748584,-1.076624,0.0017656088,0.1
16212,1,-1.243496,-1.2221271,0.021368861,0.1
16213,1,-1.3727264,-1.3889608,0.016234398,0.1
16214,1,-1.5200434,-1.5131879,0.006855488,0.1
16215,1,-1.6185148,-1.6696767,0.051161885,0.1
16216,1,-1.7467203,-1.5755588,0.17116153,0.1
16217,1,-1.6191475,-1.6770682,0.057920694,0.1
16218,1,-1.6974761,-1.8532315,0.1557554,0.1
16219,1,-1.8475695,-1.8295212,0.018048286,0.1
16220,1,-1.7973168,-1.915919,0.11860216,0.1
16221,1,-1.8597331,-1.9844036,0.124670506,0.1
16222,1,-1.904216,-2.0158296,0.11161351,0.1
16223,1,-1.9134321,-1.8576548,0.05577731,0.1
16224,1,-1.7384763,-1.8733165,0.13484025,0.1
16225,1,-1.7433627,-1.6601369,0.08322573,0.1
16226,1,-1.5172796,-1.5190408,0.001761198,0.1
16227,1,-1.3697715,-1.1384999,0.23127162,0.1
16228,1,-0.9655703,-0.54227334,0.42329693,0.1
16229,1,-0.32347608,-0.02952265,0.29395342,0.1
16230,1,0.22546086,0.43252096,0.2070601,0.1
16231,1,0.7050393,0.76745856,0.062419236,0.1
16232,1,1.0314441,0.96300364,0.06844044,0.1
16233,1,1.1984982,1.0038823,0.19461596,0.1
16234,1,1.196394,0.93548125,0.26091272,0.1
16235,1,1.0768583,1.0020766,0.074781656,0.1
16236,1,1.112675,0.8321346,0.28054035,0.1
16237,1,0.88588613,0.762406,0.12348014,0.1
16238,1,0.7788908,0.5666726,0.21221817,0.1
16239,1,0.53067374,0.49442387,0.036249876,0.1
16240,1,0.43303356,0.37186706,0.061166495,0.1
16241,1,0.28067648,0.16425766,0.11641882,0.1
16242,1,0.03323418,-0.09451933,0.12775351,0.1
16243,1,-0.26662734,-0.19539507,0.071232274,0.1
16244,1,-0.37321246,-0.3325852,0.04062727,0.1
16245,1,-0.5186288,-0.514854,0.0037747622,0.1
16246,1,-0.7112059,-0.6734665,0.037739396,0.1
16247,1,-0.8704801,-0.7589301,0.11155003,0.1
16248,1,-0.9426754,-0.9947429,0.05206746,0.1
16249,1,-1.1791103,-1.122723,0.056387305,0.1
16250,1,-1.2899718,-1.1411779,0.14879394,0.1
16251,1,-1.2804284,-1.2447172,0.03571117,0.1
16252,1,-1.36485,-1.3749888,0.01013875,0.1
16253,1,-1.4760098,-1.621659,0.1456492,0.1
16254,1,-1.7014847,-1.6170934,0.08439124,0.1
16255,1,-1.6659057,-1.7162824,0.050376654,0.1
16256,1,-1.7389657,-1.8660133,0.12704754,0.1
16257,1,-1.860378,-1.9493663,0.088988304,0.1
16258,1,-1.9138238,-1.9941059,0.08028209,0.1
16259,1,-1.9303811,-2.0365605,0.106179476,0.1
16260,1,-1.9466751,-2.0513878,0.104712725,0.1
16261,1,-1.9384134,-1.973125,0.0347116,0.1
16262,1,-1.8426778,-1.9574388,0.114760995,0.1
16263,1,-1.813324,-1.891718,0.078394055,0.1
16264,1,-1.7372997,-1.6890088,0.04829085,0.1
16265,1,-1.5249343,-1.4131182,0.11181605,0.1
16266,1,-1.2369008,-1.0637554,0.17314541,0.1
16267,1,-0.8683973,-0.5064905,0.36190677,0.1
16268,1,-0.27043533,-0.12584648,0.14458886,0.1
16269,1,0.12958321,0.43853754,0.30895433,0.1
16270,1,0.7181586,0.7736759,0.055517316,0.1
16271,1,1.0426474,1.0155503,0.027097106,0.1
16272,1,1.2573187,1.1069212,0.15039754,0.1
16273,1,1.3076036,1.1859086,0.12169504,0.1
16274,1,1.3466372,1.0500916,0.29654562,0.1
16275,1,1.1545677,0.8953149,0.25925285,0.1
16276,1,0.94506496,0.8624837,0.08258128,0.1
16277,1,0.8798479,0.69557196,0.18427593,0.1
16278,1,0.66492313,0.654929,0.009994149,0.1
16279,1,0.60278404,0.45485193,0.14793211,0.1
16280,1,0.35808176,0.259152,0.09892976,0.1
16281,1,0.12454585,0.04885342,0.07569243,0.1
16282,1,-0.11951429,-0.09311776,0.026396528,0.1
16283,1,-0.27619478,-0.15409409,0.122100696,0.1
16284,1,-0.33304363,-0.3842998,0.05125618,0.1
16285,1,-0.5848315,-0.56654805,0.018283427,0.1
16286,1,-0.77329755,-0.7503536,0.022943974,0.1
16287,1,-0.9570361,-0.8423663,0.1146698,0.1
16288,1,-1.0327795,-1.0569266,0.024147153,0.1
16289,1,-1.2410622,-1.2485152,0.007453084,0.1
16290,1,-1.4162261,-1.3029095,0.113316655,0.1
16291,1,-1.4413841,-1.367659,0.073725104,0.1
16292,1,-1.4789548,-1.5228975,0.04394269,0.1
16293,1,-1.6109803,-1.6242405,0.013260245,0.1
16294,1,-1.6845021,-1.6705612,0.01394093,0.1
16295,1,-1.7021251,-1.7765772,0.07445216,0.1
16296,1,-1.7812855,-1.8571005,0.07581496,0.1
16297,1,-1.834238,-1.9485842,0.11434615,0.1
16298,1,-1.8979113,-1.9724134,0.07450211,0.1
16299,1,-1.8960304,-1.9816843,0.0856539,0.1
16300,1,-1.8827591,-1.9998124,0.11705327,0.1
16301,1,-1.8810492,-1.8687074,0.012341738,0.1
16302,1,-1.7347043,-1.6453944,0.08930981,0.1
16303,1,-1.4973657,-1.5501548,0.052789092,0.1
16304,1,-1.3980503,-1.2942562,0.1037941,0.1
16305,1,-1.1287084,-0.8992892,0.22941917,0.1
16306,1,-0.7065006,-0.48184437,0.22465622,0.1
16307,1,-0.25874814,-0.0109620895,0.24778606,0.1
16308,1,0.24330181,0.4813827,0.23808089,0.1
16309,1,0.75442654,0.70094186,0.05348468,0.1
16310,1,0.95454675,0.9466076,0.00793916,0.1
16311,1,1.1783106,1.0790374,0.099273205,0.1
16312,1,1.275881,1.1035714,0.17230964,0.1
16313,1,1.2577145,0.9309301,0.32678443,0.1
16314,1,1.025028,0.88883907,0.13618892,0.1
16315,1,0.94452065,0.801061,0.14345968,0.1
16316,1,0.81668943,0.7283101,0.08837932,0.1
16317,1,0.71140593,0.46263638,0.24876955,0.1
16318,1,0.38626844,0.31637937,0.06988907,0.1
16319,1,0.20768008,0.35108376,0.14340368,0.1
16320,1,0.24875823,0.25170985,0.002951622,0.1
16321,1,0.13220921,-0.0044536893,0.1366629,0.1
16322,1,-0.16482058,-0.0899765,0.074844085,0.1
16323,1,-0.253752,-0.31554502,0.06179303,0.1
16324,1,-0.5032143,-0.4002172,0.102997094,0.1
16325,1,-0.58229184,-0.64707845,0.06478661,0.1
16326,1,-0.84429824,-0.80632305,0.037975192,0.1
16327,1,-0.9987884,-0.89926404,0.09952438,0.1
16328,1,-1.0752456,-1.1007484,0.025502801,0.1
16329,1,-1.2685468,-1.2941599,0.02561307,0.1
16330,1,-1.445363,-1.4419255,0.003437519,0.1
16331,1,-1.5680716,-1.568329,0.00025737286,0.1
16332,1,-1.6654489,-1.6936862,0.028237343,0.1
16333,1,-1.7595172,-1.7545719,0.004945278,0.1
16334,1,-1.7881002,-1.8189064,0.030806184,0.1
16335,1,-1.8216989,-1.9220631,0.10036421,0.1
16336,1,-1.8943269,-1.9315588,0.037231922,0.1
16337,1,-1.8758194,-2.0557256,0.17990613,0.1
16338,1,-1.9709475,-1.9855993,0.014651775,0.1
16339,1,-1.8783877,-1.9021671,0.023779392,0.1
16340,1,-1.7773819,-1.8416106,0.064228654,0.1
16341,1,-1.703933,-1.7187433,0.014810324,0.1
16342,1,-1.5706353,-1.6486431,0.07800782,0.1
16343,1,-1.4961941,-1.3970023,0.099191785,0.1
16344,1,-1.2318523,-1.06549,0.16636229,0.1
16345,1,-0.8806568,-0.6157825,0.26487428,0.1
16346,1,-0.39769316,-0.027014578,0.37067857,0.1
16347,1,0.23317763,0.32594407,0.092766434,0.1
16348,1,0.5938737,0.66355455,0.06968087,0.1
16349,1,0.9270806,0.91169494,0.015385628,0.1
16350,1,1.1535108,0.99607736,0.15743345,0.1
16351,1,1.1988537,1.0970347,0.10181904,0.1
16352,1,1.2642353,1.0169768,0.24725842,0.1
16353,1,1.1335769,0.9993561,0.13422078,0.1
16354,1,1.0776495,0.801785,0.27586448,0.1
16355,1,0.822325,0.6667427,0.15558231,0.1
16356,1,0.64389884,0.64315325,0.0007455945,0.1
16357,1,0.6011219,0.54338527,0.057736635,0.1
16358,1,0.4730291,0.37040627,0.10262284,0.1
16359,1,0.26348573,0.19566089,0.06782484,0.1
16360,1,0.05760888,0.009452163,0.048156716,0.1
16361,1,-0.15577787,-0.12636577,0.029412106,0.1
16362,1,-0.3037569,-0.30699795,0.0032410622,0.1
16363,1,-0.4993981,-0.47267312,0.026724994,0.1
16364,1,-0.671646,-0.5988396,0.07280642,0.1
16365,1,-0.79359245,-0.7599807,0.033611774,0.1
16366,1,-0.95167154,-0.83013815,0.121533394,0.1
16367,1,-1.0037689,-1.0334386,0.029669642,0.1
16368,1,-1.2020264,-1.218481,0.016454577,0.1
16369,1,-1.3729532,-1.3106817,0.062271476,0.1
16370,1,-1.4403651,-1.4763398,0.03597474,0.1
16371,1,-1.5832953,-1.5354005,0.047894835,0.1
16372,1,-1.6130941,-1.6722403,0.059146166,0.1
16373,1,-1.7229011,-1.7359151,0.013013959,0.1
16374,1,-1.7572274,-1.8250717,0.06784427,0.1
16375,1,-1.8179638,-1.9225662,0.10460234,0.1
16376,1,-1.8865354,-1.91763,0.031094551,0.1
16377,1,-1.8553464,-2.0564234,0.20107698,0.1
16378,1,-1.966428,-2.0342894,0.06786132,0.1
16379,1,-1.921437,-2.0089288,0.08749175,0.1
16380,1,-1.8773084,-1.8642179,0.013090491,0.1
16381,1,-1.7186434,-1.7373754,0.018731952,0.1
16382,1,-1.582176,-1.4409839,0.14119208,0.1
16383,1,-1.270426,-1.1252778,0.14514828,0.1
16384,1,-0.9369692,-0.81000304,0.12696618,0.1
16385,1,-0.6040379,-0.33883056,0.26520732,0.1
16386,1,-0.09834963,0.08546622,0.18381585,0.1
16387,1,0.34847525,0.5783246,0.22984937,0.1
16388,1,0.85530573,0.84608656,0.00921917,0.1
16389,1,1.104063,0.94842035,0.15564269,0.1
16390,1,1.1687021,1.1092569,0.059445262,0.1
16391,1,1.2976413,1.0781237,0.21951759,0.1
16392,1,1.218993,1.0341059,0.18488705,0.1
16393,1,1.1307126,0.8355631,0.2951495,0.1
16394,1,0.8727893,0.8620774,0.010711908,0.1
16395,1,0.8779225,0.6770543,0.20086819,0.1
16396,1,0.6430769,0.6067416,0.03633529,0.1
16397,1,0.5476982,0.3475291,0.20016909,0.1
16398,1,0.23531596,0.15597802,0.07933794,0.1
16399,1,0.009519264,-0.07195821,0.08147747,0.1
16400,1,-0.25202954,-0.08948537,0.16254416,0.1
16401,1,-0.25896543,-0.23196475,0.02700068,0.1
16402,1,-0.4119858,-0.3738951,0.038090706,0.1
16403,1,-0.5599298,-0.6282551,0.06832534,0.1
16404,1,-0.8310883,-0.6209042,0.2101841,0.1
16405,1,-0.79719496,-0.8024683,0.005273342,0.1
16406,1,-0.9792431,-1.051218,0.07197493,0.1
16407,1,-1.2275095,-1.1732831,0.0542264,0.1
16408,1,-1.3301961,-1.3509784,0.020782232,0.1
16409,1,-1.4887655,-1.410503,0.07826245,0.1
16410,1,-1.5196443,-1.5315746,0.0119303465,0.1
16411,1,-1.6152592,-1.5057017,0.10955751,0.1
16412,1,-1.5585799,-1.7104942,0.15191424,0.1
16413,1,-1.7409842,-1.7592238,0.018239617,0.1
16414,1,-1.761843,-1.8168964,0.055053473,0.1
16415,1,-1.7933543,-1.8381205,0.044766188,0.1
16416,1,-1.7901936,-1.8425653,0.05237174,0.1
16417,1,-1.7730548,-1.8521732,0.07911837,0.1
16418,1,-1.7641127,-1.766013,0.0019003153,0.1
16419,1,-1.6614861,-1.6210155,0.0404706,0.1
16420,1,-1.5020711,-1.5230411,0.020969987,0.1
16421,1,-1.3961515,-1.2189628,0.17718875,0.1
16422,1,-1.0706596,-0.9318756,0.13878405,0.1
16423,1,-0.7639956,-0.6361188,0.12787676,0.1
16424,1,-0.4490202,-0.20663606,0.24238415,0.1
16425,1,0.01399523,0.1403011,0.12630586,0.1
16426,1,0.3769467,0.5782069,0.20126021,0.1
16427,1,0.82900393,0.8082013,0.020802617,0.1
16428,1,1.0413306,1.0513746,0.010043979,0.1
16429,1,1.2622323,1.10749,0.15474236,0.1
16430,1,1.2783995,1.0789669,0.19943261,0.1
16431,1,1.2051494,1.045445,0.15970445,0.1
16432,1,1.1309278,1.0706898,0.060238004,0.1
16433,1,1.127068,0.8683887,0.25867933,0.1
16434,1,0.87022287,0.7575508,0.11267209,0.1
16435,1,0.7233694,0.5993904,0.12397903,0.1
16436,1,0.5263574,0.36220655,0.16415086,0.1
16437,1,0.24200422,0.19194174,0.050062478,0.1
16438,1,0.04313837,-0.08906306,0.13220143,0.1
16439,1,-0.27904165,-0.0668447,0.21219695,0.1
16440,1,-0.23679003,-0.3207535,0.08396348,0.1
16441,1,-0.51807207,-0.36703384,0.15103823,0.1
16442,1,-0.5508713,-0.4595441,0.09132722,0.1
16443,1,-0.63700396,-0.65116715,0.014163196,0.1
16444,1,-0.8344217,-0.7450046,0.0894171,0.1
16445,1,-0.9158228,-0.87557125,0.040251553,0.1
16446,1,-1.0370617,-0.97309023,0.06397146,0.1
16447,1,-1.1191225,-1.2386669,0.11954439,0.1
16448,1,-1.3797469,-1.3898013,0.01005435,0.1
16449,1,-1.5093293,-1.5643198,0.05499053,0.1
16450,1,-1.6583886,-1.6607845,0.0023958683,0.1
16451,1,-1.7240655,-1.7395658,0.015500307,0.1
16452,1,-1.7718923,-1.857653,0.08576071,0.1
16453,1,-1.8587425,-1.8832424,0.024499893,0.1
16454,1,-1.8543029,-1.9669997,0.11269677,0.1
16455,1,-1.9093049,-2.047819,0.13851404,0.1
16456,1,-1.961479,-1.9836028,0.022123814,0.1
16457,1,-1.874835,-2.0253856,0.1505506,0.1
16458,1,-1.8964894,-1.8869838,0.00950563,0.1
16459,1,-1.743041,-1.7834303,0.0403893,0.1
16460,1,-1.6292124,-1.6741089,0.044896483,0.1
16461,1,-1.513324,-1.4045647,0.108759284,0.1
16462,1,-1.2305567,-1.1594373,0.07111943,0.1
16463,1,-0.9751039,-0.69571745,0.27938646,0.1
16464,1,-0.4778902,-0.106284134,0.37160605,0.1
16465,1,0.15418807,0.32732746,0.1731394,0.1
16466,1,0.60453844,0.71256185,0.108023405,0.1
16467,1,0.9873334,0.8966871,0.09064633,0.1
16468,1,1.1423097,1.1671056,0.02479589,0.1
16469,1,1.3853312,1.1382527,0.24707842,0.1
16470,1,1.3064489,1.1136135,0.19283545,0.1
16471,1,1.2365315,0.9576768,0.27885467,0.1
16472,1,1.0250075,0.8864413,0.1385662,0.1
16473,1,0.91431946,0.69058496,0.2237345,0.1
16474,1,0.6652226,0.5161954,0.14902717,0.1
16475,1,0.44642633,0.34047273,0.105953604,0.1
16476,1,0.23193604,0.27575153,0.043815494,0.1
16477,1,0.15480116,0.15471973,8.1434846e-05,0.1
16478,1,0.014524892,-0.08555838,0.10008327,0.1
16479,1,-0.26111442,-0.25000992,0.011104494,0.1
16480,1,-0.44014555,-0.33527806,0.10486749,0.1
16481,1,-0.52173036,-0.45678386,0.0649465,0.1
16482,1,-0.6432103,-0.70979893,0.06658864,0.1
16483,1,-0.9098614,-0.7927789,0.11708248,0.1
16484,1,-0.9773602,-1.0287284,0.051368177,0.1
16485,1,-1.211654,-0.97468936,0.23696458,0.1
16486,1,-1.122025,-1.1802573,0.058232307,0.1
16487,1,-1.3200691,-1.2965733,0.023495793,0.1
16488,1,-1.4163446,-1.3395505,0.07679415,0.1
16489,1,-1.4337087,-1.562755,0.12904632,0.1
16490,1,-1.6386061,-1.6853626,0.046756506,0.1
16491,1,-1.7337396,-1.8055042,0.07176459,0.1
16492,1,-1.8240893,-1.856013,0.03192365,0.1
16493,1,-1.844703,-2.0106285,0.1659255,0.1
16494,1,-1.9670179,-2.028878,0.061860085,0.1
16495,1,-1.9562838,-2.0096366,0.053352833,0.1
16496,1,-1.9126303,-2.0563316,0.14370131,0.1
16497,1,-1.9366558,-1.940899,0.0042432547,0.1
16498,1,-1.8047421,-1.872087,0.067344904,0.1
16499,1,-1.7241068,-1.7477106,0.023603797,0.1
16500,1,-1.5907314,-1.5054336,0.08529782,0.1
16501,1,-1.3369815,-1.2371587,0.09982288,0.1
16502,1,-1.0561249,-0.9781812,0.07794374,0.1
16503,1,-0.7864098,-0.44072688,0.34568292,0.1
16504,1,-0.20835975,0.0227898,0.23114955,0.1
16505,1,0.28337818,0.44857544,0.16519725,0.1
16506,1,0.7210364,0.7499491,0.028912723,0.1
16507,1,1.0101017,0.9077537,0.10234797,0.1
16508,1,1.1365263,1.0494891,0.087037206,0.1
16509,1,1.2447739,1.0770468,0.16772711,0.1
16510,1,1.2299173,0.9274509,0.3024664,0.1
16511,1,1.0224942,0.87761533,0.14487886,0.1
16512,1,0.93278134,0.7804994,0.15228194,0.1
16513,1,0.7939567,0.57080996,0.22314674,0.1
16514,1,0.52974904,0.5022513,0.027497709,0.1
16515,1,0.43689466,0.27796027,0.15893438,0.1
16516,1,0.16538292,0.22248112,0.057098195,0.1
16517,1,0.10013853,0.017619826,0.082518704,0.1
16518,1,-0.13815376,-0.16018708,0.022033319,0.1
16519,1,-0.33761424,-0.33471102,0.002903223,0.1
16520,1,-0.5268343,-0.4857434,0.041090906,0.1
16521,1,-0.68290275,-0.64897877,0.033923984,0.1
16522,1,-0.8478551,-0.8633201,0.015465021,0.1
16523,1,-1.0638661,-0.8438935,0.21997261,0.1
16524,1,-1.0137894,-1.0174457,0.0036562681,0.1
16525,1,-1.180522,-1.1689876,0.011534333,0.1
16526,1,-1.3178651,-1.3871609,0.069295764,0.1
16527,1,-1.5199523,-1.564732,0.04477966,0.1
16528,1,-1.671493,-1.6836376,0.012144566,0.1
16529,1,-1.7588861,-1.6968669,0.06201923,0.1
16530,1,-1.7397466,-1.8389571,0.0992105,0.1
16531,1,-1.8515167,-1.8587136,0.007196903,0.1
16532,1,-1.8413591,-1.9352003,0.093841195,0.1
16533,1,-1.8896925,-1.865137,0.024555564,0.1
16534,1,-1.7954302,-1.8678523,0.07242215,0.1
16535,1,-1.7786591,-1.902592,0.12393284,0.1
16536,1,-1.7965345,-1.8565505,0.060015917,0.1
16537,1,-1.7358541,-1.8785752,0.14272106,0.1
16538,1,-1.7470756,-1.6706148,0.07646072,0.1
16539,1,-1.5263228,-1.4764566,0.0498662,0.1
16540,1,-1.3224037,-1.2704339,0.051969767,0.1
16541,1,-1.1079352,-0.8972838,0.2106514,0.1
16542,1,-0.70994383,-0.54856265,0.16138119,0.1
16543,1,-0.33927596,-0.080324285,0.25895166,0.1
16544,1,0.16131388,0.3827245,0.22141062,0.1
16545,1,0.6443271,0.7426489,0.098321795,0.1
16546,1,0.9998444,0.9033746,0.09646976,0.1
16547,1,1.1303093,1.0408853,0.089424014,0.1
16548,1,1.2346163,1.0718949,0.1627214,0.1
16549,1,1.2240741,0.9941636,0.22991055,0.1
16550,1,1.0971649,0.987891,0.10927385,0.1
16551,1,1.0554554,0.85351944,0.201936,0.1
16552,1,0.8731201,0.7076347,0.16548544,0.1
16553,1,0.682506,0.5886319,0.0938741,0.1
16554,1,0.52865905,0.56538576,0.036726713,0.1
16555,1,0.4924689,0.39038837,0.102080524,0.1
16556,1,0.28106084,0.15043099,0.13062985,0.1
16557,1,-0.0009727627,-0.13306905,0.13209629,0.1
16558,1,-0.32549757,-0.19383827,0.1316593,0.1
16559,1,-0.38084978,-0.40009305,0.01924327,0.1
16560,1,-0.60342634,-0.4886359,0.11479044,0.1
16561,1,-0.6838544,-0.79837596,0.11452156,0.1
16562,1,-1.0103321,-0.9019922,0.108339906,0.1
16563,1,-1.0972362,-1.0824398,0.014796376,0.1
16564,1,-1.2658522,-1.2531042,0.012748003,0.1
16565,1,-1.4178431,-1.2409339,0.17690921,0.1
16566,1,-1.3721066,-1.4261994,0.054092884,0.1
16567,1,-1.5381408,-1.4879894,0.050151348,0.1
16568,1,-1.5717633,-1.5966283,0.024865031,0.1
16569,1,-1.6545241,-1.7058882,0.051364064,0.1
16570,1,-1.7366087,-1.8103334,0.07372463,0.1
16571,1,-1.8125567,-1.9185876,0.10603082,0.1
16572,1,-1.8910096,-2.0398412,0.1488316,0.1
16573,1,-1.980273,-2.117182,0.13690901,0.1
16574,1,-2.0261695,-2.0607388,0.034569263,0.1
16575,1,-1.9461484,-1.96148,0.015331626,0.1
16576,1,-1.8289859,-1.9161615,0.08717561,0.1
16577,1,-1.7702293,-1.8166391,0.046409726,0.1
16578,1,-1.6606238,-1.643365,0.017258763,0.1
16579,1,-1.4785755,-1.3864015,0.092173934,0.1
16580,1,-1.2098885,-1.0412676,0.16862082,0.1
16581,1,-0.84507364,-0.5943674,0.25070626,0.1
16582,1,-0.36660564,-0.06345966,0.30314597,0.1
16583,1,0.20050618,0.49763742,0.29713124,0.1
16584,1,0.7832194,0.7414762,0.04174322,0.1
16585,1,1.0077775,1.0045961,0.0031813383,0.1
16586,1,1.2467928,1.1815716,0.06522119,0.1
16587,1,1.3885641,1.1163176,0.27224648,0.1
16588,1,1.2707844,0.944003,0.3267814,0.1
16589,1,1.0383122,0.8682391,0.17007309,0.1
16590,1,0.9192548,0.70963585,0.20961893,0.1
16591,1,0.71012104,0.61833006,0.091790974,0.1
16592,1,0.58470285,0.43439755,0.1503053,0.1
16593,1,0.3558636,0.2803413,0.0755223,0.1
16594,1,0.1682964,0.15313938,0.015157014,0.1
16595,1,0.018258527,-0.017850157,0.036108684,0.1
16596,1,-0.17836064,-0.17254761,0.0058130324,0.1
16597,1,-0.34977973,-0.21633682,0.13344291,0.1
16598,1,-0.38625616,-0.43179038,0.045534223,0.1
16599,1,-0.62095034,-0.5920459,0.028904438,0.1
16600,1,-0.7848299,-0.812216,0.02738607,0.1
16601,1,-1.0100911,-0.9971376,0.01295346,0.1
16602,1,-1.1877646,-1.120204,0.06756067,0.1
16603,1,-1.2924628,-1.2401744,0.052288413,0.1
16604,1,-1.391351,-1.355889,0.03546202,0.1
16605,1,-1.483613,-1.4704385,0.013174534,0.1
16606,1,-1.5729005,-1.5789149,0.006014347,0.1
16607,1,-1.65436,-1.6741921,0.019832015,0.1
16608,1,-1.7213738,-1.7750764,0.053702593,0.1
16609,1,-1.7934723,-1.7957932,0.0023208857,0.1
16610,1,-1.7858975,-1.8995482,0.11365068,0.1
16611,1,-1.8628647,-1.9867004,0.12383568,0.1
16612,1,-1.922518,-1.9324715,0.009953499,0.1
16613,1,-1.8453681,-1.9871514,0.14178324,0.1
16614,1,-1.8796375,-2.0032923,0.12365484,0.1
16615,1,-1.877486,-1.9703498,0.0928638,0.1
16616,1,-1.8297784,-1.7851716,0.044606805,0.1
16617,1,-1.6328712,-1.7000403,0.06716919,0.1
16618,1,-1.5428133,-1.3545988,0.18821454,0.1
16619,1,-1.1801491,-0.9809928,0.19915628,0.1
16620,1,-0.783972,-0.70579994,0.07817209,0.1
16621,1,-0.49775857,-0.14806342,0.34969515,0.1
16622,1,0.100390576,0.31947047,0.21907988,0.1
16623,1,0.58860993,0.62933785,0.040727913,0.1
16624,1,0.8910335,0.8804042,0.010629296,0.1
16625,1,1.1211078,0.9974743,0.123633504,0.1
16626,1,1.2020657,1.0505143,0.15155137,0.1
16627,1,1.2146959,1.0409187,0.17377722,0.1
16628,1,1.1619518,1.0085322,0.15341961,0.1
16629,1,1.0884569,0.87409073,0.21436614,0.1
16630,1,0.90443856,0.64688164,0.25755692,0.1
16631,1,0.6184578,0.5462271,0.0722307,0.1
16632,1,0.48568997,0.36862424,0.11706573,0.1
16633,1,0.26763952,0.23685768,0.030781835,0.1
16634,1,0.10982415,0.08065792,0.02916623,0.1
16635,1,-0.07159674,-0.021798922,0.049797818,0.1
16636,1,-0.18411571,-0.20717125,0.023055539,0.1
16637,1,-0.3900866,-0.39353743,0.0034508407,0.1
16638,1,-0.5906063,-0.48917332,0.10143295,0.1
16639,1,-0.68061024,-0.6862645,0.0056542754,0.1
16640,1,-0.88357884,-0.94905055,0.06547171,0.1
16641,1,-1.1505754,-1.0554705,0.09510493,0.1
16642,1,-1.2375739,-1.1412257,0.09634817,0.1
16643,1,-1.3007255,-1.2487711,0.05195439,0.1
16644,1,-1.3867946,-1.2890884,0.0977062,0.1
16645,1,-1.4004643,-1.3381457,0.062318563,0.1
16646,1,-1.4253855,-1.443254,0.017868519,0.1
16647,1,-1.5106423,-1.6123788,0.101736546,0.1
16648,1,-1.6595626,-1.779345,0.11978245,0.1
16649,1,-1.8001454,-1.8808774,0.08073199,0.1
16650,1,-1.8718116,-2.010645,0.13883328,0.1
16651,1,-1.9692409,-2.1313558,0.16211486,0.1
16652,1,-2.055126,-2.1244698,0.069343805,0.1
16653,1,-2.020326,-2.1143932,0.094067335,0.1
16654,1,-1.9864521,-2.1295192,0.14306712,0.1
16655,1,-1.9803107,-2.1146376,0.13432693,0.1
16656,1,-1.9482687,-2.020752,0.0724833,0.1
16657,1,-1.8430164,-1.750154,0.09286237,0.1
16658,1,-1.563544,-1.5395029,0.024041176,0.1
16659,1,-1.3472941,-1.2084559,0.13883817,0.1
16660,1,-1.0022798,-0.74817836,0.2541014,0.1
16661,1,-0.51351196,-0.3281778,0.18533415,0.1
16662,1,-0.06971559,0.14680685,0.21652244,0.1
16663,1,0.42768022,0.51253814,0.08485791,0.1
16664,1,0.792787,0.71597135,0.076815665,0.1
16665,1,0.9712524,0.88395506,0.08729732,0.1
16666,1,1.1085861,0.9339295,0.17465657,0.1
16667,1,1.116598,0.9082712,0.20832682,0.1
16668,1,1.0442181,0.7723281,0.27188998,0.1
16669,1,0.85180646,0.6404715,0.21133494,0.1
16670,1,0.6690945,0.5650915,0.10400301,0.1
16671,1,0.55778927,0.44265664,0.11513263,0.1
16672,1,0.39658058,0.30790126,0.08867931,0.1
16673,1,0.22649764,0.17148057,0.05501707,0.1
16674,1,0.060159475,-0.024355188,0.08451466,0.1
16675,1,-0.17036563,-0.20799287,0.037627235,0.1
16676,1,-0.3791802,-0.3280494,0.0511308,0.1
16677,1,-0.50718194,-0.46974564,0.037436306,0.1
16678,1,-0.6559473,-0.59906477,0.05688256,0.1
16679,1,-0.7858027,-0.61187756,0.17392516,0.1
16680,1,-0.77918977,-0.8606552,0.08146542,0.1
16681,1,-1.0390005,-1.0130323,0.025968194,0.1
16682,1,-1.1829076,-1.1939435,0.011035919,0.1
16683,1,-1.3524075,-1.2482264,0.10418105,0.1
16684,1,-1.3818727,-1.4035275,0.021654844,0.1
16685,1,-1.5183489,-1.4826138,0.03573513,0.1
16686,1,-1.5720937,-1.5998108,0.027717113,0.1
16687,1,-1.6647418,-1.7179593,0.05321753,0.1
16688,1,-1.7561677,-1.7247391,0.031428576,0.1
16689,1,-1.7350571,-1.7688062,0.033749104,0.1
16690,1,-1.7545867,-1.8774471,0.12286043,0.1
16691,1,-1.8393466,-1.8767838,0.0374372,0.1
16692,1,-1.8157129,-1.7989442,0.016768694,0.1
16693,1,-1.7182794,-1.8563734,0.13809407,0.1
16694,1,-1.761404,-1.6989837,0.06242037,0.1
16695,1,-1.5883279,-1.5358368,0.05249107,0.1
16696,1,-1.4126472,-1.3681613,0.044485927,0.1
16697,1,-1.2351582,-1.1288285,0.10632968,0.1
16698,1,-0.9815269,-0.7715607,0.20996618,0.1
16699,1,-0.59740955,-0.31740025,0.2800093,0.1
16700,1,-0.10635701,0.10233031,0.20868732,0.1
16701,1,0.33942538,0.56846505,0.22903967,0.1
16702,1,0.82191443,0.8874203,0.06550586,0.1
16703,1,1.1291997,1.0284797,0.10072005,0.1
16704,1,1.2373374,1.1142637,0.1230737,0.1
16705,1,1.2858248,1.0522957,0.23352909,0.1
16706,1,1.1753986,0.98677915,0.18861943,0.1
16707,1,1.065546,0.97542447,0.09012157,0.1
16708,1,1.0216746,0.9247157,0.096958935,0.1
16709,1,0.93762785,0.7004572,0.23717064,0.1
16710,1,0.65868175,0.60072726,0.05795449,0.1
16711,1,0.53016794,0.43008748,0.10008046,0.1
16712,1,0.32313645,0.2976656,0.025470853,0.1
16713,1,0.16682139,0.19617243,0.02935104,0.1
16714,1,0.051881358,-0.014527463,0.06640882,0.1
16715,1,-0.18793875,-0.14634335,0.0415954,0.1
16716,1,-0.32862228,-0.33536723,0.006744951,0.1
16717,1,-0.5317556,-0.5324018,0.00064617395,0.1
16718,1,-0.7375491,-0.7230607,0.014488399,0.1
16719,1,-0.92909974,-0.85821074,0.070888996,0.1
16720,1,-1.0526209,-1.0320811,0.02053976,0.1
16721,1,-1.2150621,-1.1003791,0.11468303,0.1
16722,1,-1.2585943,-1.2861544,0.027560115,0.1
16723,1,-1.4277718,-1.3657304,0.062041402,0.1
16724,1,-1.4804091,-1.551066,0.070656896,0.1
16725,1,-1.6418817,-1.6424651,0.00058341026,0.1
16726,1,-1.7031765,-1.6809427,0.022233844,0.1
16727,1,-1.7115037,-1.7659771,0.0544734,0.1
16728,1,-1.7688417,-1.85523,0.08638823,0.1
16729,1,-1.8303864,-1.9183327,0.087946296,0.1
16730,1,-1.8663099,-1.9461534,0.07984352,0.1
16731,1,-1.8691127,-1.9573975,0.08828473,0.1
16732,1,-1.8583026,-1.8989869,0.040684342,0.1
16733,1,-1.7818398,-1.7666113,0.01522851,0.1
16734,1,-1.6348245,-1.6350428,0.00021827221,0.1
16735,1,-1.4926448,-1.4152232,0.077421546,0.1
16736,1,-1.2599447,-1.0652741,0.19467056,0.1
16737,1,-0.8863639,-0.7544113,0.13195264,0.1
16738,1,-0.5560364,-0.31007364,0.24596277,0.1
16739,1,-0.07788931,0.13165298,0.20954229,0.1
16740,1,0.38981998,0.39892808,0.009108096,0.1
16741,1,0.6528969,0.75232613,0.09942925,0.1
16742,1,1.0028883,1.0211449,0.018256545,0.1
16743,1,1.250339,1.0350791,0.21525991,0.1
16744,1,1.2189083,0.9752851,0.2436232,0.1
16745,1,1.1098766,0.92305297,0.18682367,0.1
16746,1,1.0139802,0.95031625,0.0636639,0.1
16747,1,1.0128171,0.8173537,0.19546342,0.1
16748,1,0.8333182,0.75871754,0.07460064,0.1
16749,1,0.74487096,0.6351042,0.10976678,0.1
16750,1,0.5854833,0.49735442,0.088128895,0.1
16751,1,0.41459256,0.31670758,0.09788498,0.1
16752,1,0.19832057,0.06774064,0.13057992,0.1
16753,1,-0.092145175,-0.038348887,0.053796288,0.1
16754,1,-0.20689934,-0.24103548,0.03413613,0.1
16755,1,-0.43090206,-0.35287213,0.07802993,0.1
16756,1,-0.54274243,-0.5301279,0.012614548,0.1
16757,1,-0.72670335,-0.6932844,0.033418953,0.1
16758,1,-0.8887978,-0.7856303,0.103167534,0.1
16759,1,-0.9668096,-0.8923244,0.07448518,0.1
16760,1,-1.0597029,-1.0612392,0.0015363693,0.1
16761,1,-1.2188482,-1.2740539,0.055205703,0.1
16762,1,-1.4187467,-1.347145,0.07160175,0.1
16763,1,-1.4651415,-1.5031425,0.03800094,0.1
16764,1,-1.5978012,-1.5528601,0.044941068,0.1
16765,1,-1.6184294,-1.7185446,0.10011518,0.1
16766,1,-1.7574809,-1.8490369,0.09155607,0.1
16767,1,-1.8569229,-1.957366,0.100443125,0.1
16768,1,-1.9323871,-2.0218384,0.08945131,0.1
16769,1,-1.9650595,-2.1289017,0.1638422,0.1
16770,1,-2.03893,-2.2618523,0.22292233,0.1
16771,1,-2.1349134,-2.3379817,0.20306826,0.1
16772,1,-2.1766887,-2.292178,0.115489244,0.1
16773,1,-2.108327,-2.2144976,0.106170654,0.1
16774,1,-2.0147815,-2.0594425,0.044661045,0.1
16775,1,-1.8511565,-1.7370636,0.11409283,0.1
16776,1,-1.5217781,-1.4435511,0.07822704,0.1
16777,1,-1.2203665,-1.0474999,0.17286658,0.1
16778,1,-0.8063778,-0.6837262,0.12265164,0.1
16779,1,-0.42659754,-0.16226801,0.26432952,0.1
16780,1,0.12518716,0.20709558,0.08190842,0.1
16781,1,0.5003895,0.63985735,0.13946784,0.1
16782,1,0.93292755,0.86912787,0.06379968,0.1
16783,1,1.1341889,0.9820178,0.15217108,0.1
16784,1,1.2069316,0.96948236,0.23744923,0.1
16785,1,1.1447012,0.8827747,0.26192653,0.1
16786,1,1.0042465,0.8009962,0.20325029,0.1
16787,1,0.87444615,0.7637028,0.110743344,0.1
16788,1,0.8010803,0.5877566,0.21332371,0.1
16789,1,0.5722871,0.5457274,0.02655971,0.1
16790,1,0.5060999,0.32790276,0.17819712,0.1
16791,1,0.23796433,0.14713287,0.09083146,0.1
16792,1,0.02036348,0.0129258195,0.0074376604,0.1
16793,1,-0.13568026,-0.08446568,0.051214576,0.1
16794,1,-0.24315116,-0.340291,0.097139835,0.1
16795,1,-0.530922,-0.4269424,0.10397959,0.1
16796,1,-0.61439025,-0.5546519,0.059738338,0.1
16797,1,-0.7426938,-0.778344,0.035650194,0.1
16798,1,-0.9747835,-0.9477222,0.027061284,0.1
16799,1,-1.1379423,-1.0379885,0.09995377,0.1
16800,2,-1.2095525,-0.6757589,0.5337936,0.1
16801,2,-0.77698004,-0.3945334,0.38244665,0.1
16802,2,-0.4367646,-0.19476964,0.24199496,0.1
16803,2,-0.1963706,0.044656508,0.24102712,0.1
16804,2,0.08455925,0.19470222,0.110142976,0.1
16805,2,0.25438684,0.39243948,0.13805264,0.1
16806,2,0.47491068,0.5073684,0.03245771,0.1
16807,2,0.59395266,0.6270974,0.033144772,0.1
16808,2,0.7158948,0.73707145,0.021176636,0.1
16809,2,0.82417154,0.8698053,0.045633733,0.1
16810,2,0.95616144,0.92743987,0.028721571,0.1
16811,2,1.0011115,1.002085,0.00097346306,0.1
16812,2,1.0656674,1.0174091,0.048258305,0.1
16813,2,1.0637474,1.0425737,0.021173716,0.1
16814,2,1.0748938,1.1162353,0.041341424,0.1
16815,2,1.1419365,1.1025951,0.03934145,0.1
16816,2,1.111556,1.0823985,0.02915752,0.1
16817,2,1.0764041,1.0692588,0.0071452856,0.1
16818,2,1.0517881,1.1348233,0.08303523,0.1
16819,2,1.1180086,1.092306,0.025702596,0.1
16820,2,1.0625083,0.9897341,0.07277423,0.1
16821,2,0.9411009,0.9937446,0.052643716,0.1
16822,2,0.9451755,1.0510746,0.105899096,0.1
16823,2,1.0107031,1.1013618,0.090658665,0.1
16824,2,1.0671408,0.98112327,0.08601755,0.1
16825,2,0.9292256,0.92584246,0.0033831596,0.1
16826,2,0.8689093,0.864362,0.004547298,0.1
16827,2,0.80303603,0.8875909,0.08455485,0.1
16828,2,0.8367284,0.73431134,0.10241705,0.1
16829,2,0.6650068,0.6872743,0.02226746,0.1
16830,2,0.62031066,0.5668402,0.053470492,0.1
16831,2,0.48999894,0.46801555,0.021983385,0.1
16832,2,0.38701797,0.3403897,0.046628267,0.1
16833,2,0.25122195,0.24108471,0.010137245,0.1
16834,2,0.15073498,0.23117605,0.08044107,0.1
16835,2,0.15726306,0.20204392,0.044780865,0.1
16836,2,0.13952044,0.07370133,0.06581911,0.1
16837,2,0.003121227,0.1252392,0.12211797,0.1
16838,2,0.08149075,0.10022413,0.018733382,0.1
16839,2,0.06579965,0.115536906,0.049737252,0.1
16840,2,0.09674861,0.022529863,0.07421875,0.1
16841,2,-0.002957657,-0.094404414,0.09144676,0.1
16842,2,-0.1301269,-0.11425902,0.015867874,0.1
16843,2,-0.141016,-0.18260224,0.041586235,0.1
16844,2,-0.21047407,-0.2440483,0.033574224,0.1
16845,2,-0.27157032,-0.24694705,0.024623275,0.1
16846,2,-0.26370788,-0.2253927,0.038315177,0.1
16847,2,-0.22857308,-0.3002495,0.0716764,0.1
16848,2,-0.30917665,-0.41588348,0.10670683,0.1
16849,2,-0.4366048,-0.40385044,0.03275436,0.1
16850,2,-0.4127888,-0.38417056,0.028618246,0.1
16851,2,-0.3817743,-0.33732748,0.044446826,0.1
16852,2,-0.320723,-0.44314015,0.12241715,0.1
16853,2,-0.44101232,-0.4387172,0.0022951365,0.1
16854,2,-0.43052465,-0.5441646,0.11363995,0.1
16855,2,-0.54912966,-0.41390175,0.13522792,0.1
16856,2,-0.3912372,-0.5276819,0.13644469,0.1
16857,2,-0.52237624,-0.5497681,0.027391851,0.1
16858,2,-0.5443594,-0.5140935,0.030265868,0.1
16859,2,-0.49936402,-0.39339972,0.1059643,0.1
16860,2,-0.3567267,-0.44025588,0.083529174,0.1
16861,2,-0.41371024,-0.4189027,0.0051924586,0.1
16862,2,-0.3900016,-0.32262477,0.06737682,0.1
16863,2,-0.27932325,-0.2661417,0.013181537,0.1
16864,2,-0.21784037,-0.30080938,0.08296901,0.1
16865,2,-0.26506308,-0.11366247,0.15140061,0.1
16866,2,-0.050592244,0.08303728,0.13362953,0.1
16867,2,0.17078623,0.26107347,0.09028724,0.1
16868,2,0.36555386,0.36395985,0.001594007,0.1
16869,2,0.46872154,0.547629,0.07890746,0.1
16870,2,0.66339576,0.5871356,0.07626015,0.1
16871,2,0.6881474,0.6432625,0.04488492,0.1
16872,2,0.73299176,0.8562302,0.123238444,0.1
16873,2,0.95621777,0.9563241,0.000106334686,0.1
16874,2,1.0472424,1.0602415,0.012999058,0.1
16875,2,1.1415665,1.1897026,0.048136115,0.1
16876,2,1.2627242,1.1945044,0.06821978,0.1
16877,2,1.2454786,1.2096933,0.035785317,0.1
16878,2,1.2423706,1.2949749,0.052604318,0.1
16879,2,1.3184764,1.3204799,0.0020034313,0.1
16880,2,1.329171,1.3187823,0.010388613,0.1
16881,2,1.3119531,1.3095499,0.00240314,0.1
16882,2,1.2889459,1.2045109,0.084434986,0.1
16883,2,1.1618545,1.2271374,0.06528294,0.1
16884,2,1.1818185,1.182756,0.00093746185,0.1
16885,2,1.1278331,1.2001556,0.07232249,0.1
16886,2,1.1457124,1.1590708,0.013358474,0.1
16887,2,1.098547,1.0754147,0.023132324,0.1
16888,2,1.0049813,1.0479286,0.042947292,0.1
16889,2,0.9780143,1.0439829,0.06596857,0.1
16890,2,0.97897404,0.96868193,0.010292113,0.1
16891,2,0.89855117,0.9603346,0.061783433,0.1
16892,2,0.89686024,0.7558959,0.14096433,0.1
16893,2,0.66823,0.8006095,0.13237953,0.1
16894,2,0.73345345,0.7820828,0.048629344,0.1
16895,2,0.7231626,0.6965506,0.026611984,0.1
16896,2,0.634337,0.54651123,0.087825775,0.1
16897,2,0.47067976,0.5791778,0.10849804,0.1
16898,2,0.52441674,0.45774096,0.06667578,0.1
16899,2,0.39443615,0.51361823,0.11918208,0.1
16900,2,0.47523856,0.57430553,0.09906697,0.1
16901,2,0.5585273,0.43696415,0.12156314,0.1
16902,2,0.4058119,0.3634933,0.042318612,0.1
16903,2,0.33036724,0.2722866,0.058080643,0.1
16904,2,0.23429978,0.1292915,0.105008274,0.1
16905,2,0.077713154,0.09137062,0.013657466,0.1
16906,2,0.04776126,-0.051387552,0.09914881,0.1
16907,2,-0.10703176,-0.17295805,0.06592628,0.1
16908,2,-0.23454073,-0.100358814,0.13418192,0.1
16909,2,-0.13141233,-0.10171766,0.029694669,0.1
16910,2,-0.119591296,-0.24408671,0.12449542,0.1
16911,2,-0.27602464,-0.29415157,0.018126935,0.1
16912,2,-0.3216278,-0.34314218,0.021514386,0.1
16913,2,-0.36643144,-0.4504109,0.08397946,0.1
16914,2,-0.47977006,-0.40323392,0.07653615,0.1
16915,2,-0.41148162,-0.5778023,0.16632068,0.1
16916,2,-0.60433584,-0.59691525,0.0074205995,0.1
16917,2,-0.6137708,-0.5176351,0.096135676,0.1
16918,2,-0.5103157,-0.55437154,0.04405582,0.1
16919,2,-0.54560196,-0.47150436,0.0740976,0.1
16920,2,-0.44219214,-0.5361774,0.09398526,0.1
16921,2,-0.51435924,-0.5454241,0.031064868,0.1
16922,2,-0.5213712,-0.42869866,0.09267253,0.1
16923,2,-0.38232762,-0.46332613,0.08099851,0.1
16924,2,-0.42407322,-0.43755206,0.013478845,0.1
16925,2,-0.39490014,-0.5583285,0.16342837,0.1
16926,2,-0.5376232,-0.4068029,0.13082033,0.1
16927,2,-0.36044884,-0.3073172,0.05313164,0.1
16928,2,-0.24772811,-0.21108884,0.036639273,0.1
16929,2,-0.14125901,-0.15428531,0.013026297,0.1
16930,2,-0.08344975,0.07017035,0.1536201,0.1
16931,2,0.16990697,0.13734503,0.032561943,0.1
16932,2,0.23398863,0.15820415,0.075784475,0.1
16933,2,0.24285349,0.2589055,0.016052008,0.1
16934,2,0.3462584,0.37945202,0.033193618,0.1
16935,2,0.4714066,0.34955537,0.121851236,0.1
16936,2,0.41885918,0.4648035,0.045944303,0.1
16937,2,0.53860563,0.3810158,0.15758982,0.1
16938,2,0.42419374,0.564224,0.14003026,0.1
16939,2,0.62535477,0.6220465,0.0033082962,0.1
16940,2,0.6775943,0.83286357,0.15526927,0.1
16941,2,0.90437466,0.91019213,0.005817473,0.1
16942,2,0.97471464,1.115159,0.1404444,0.1
16943,2,1.1860645,1.2001278,0.014063358,0.1
16944,2,1.2597868,1.1783757,0.08141112,0.1
16945,2,1.2156816,1.2774707,0.061789155,0.1
16946,2,1.3078213,1.1756061,0.13221514,0.1
16947,2,1.1777215,1.1371013,0.040620208,0.1
16948,2,1.1226641,1.1500301,0.027366042,0.1
16949,2,1.1283929,1.2002531,0.071860194,0.1
16950,2,1.1771996,1.0879107,0.08928895,0.1
16951,2,1.0437124,1.1390083,0.095295906,0.1
16952,2,1.0990312,1.10174,0.0027087927,0.1
16953,2,1.0544264,1.1324267,0.07800031,0.1
16954,2,1.08862,1.157023,0.068403006,0.1
16955,2,1.1158414,1.0931994,0.022642016,0.1
16956,2,1.0433602,1.0192356,0.024124622,0.1
16957,2,0.96135837,0.93206745,0.029290915,0.1
16958,2,0.86607236,0.8018732,0.06419915,0.1
16959,2,0.722736,0.75849986,0.03576386,0.1
16960,2,0.683086,0.759674,0.076588035,0.1
16961,2,0.69597214,0.6642255,0.031746626,0.1
16962,2,0.5952147,0.6659736,0.07075888,0.1
16963,2,0.6098546,0.5479528,0.061901808,0.1
16964,2,0.48279738,0.43941078,0.04338661,0.1
16965,2,0.3683907,0.39302942,0.024638712,0.1
16966,2,0.32882753,0.34690753,0.018079996,0.1
16967,2,0.28927594,0.31885165,0.029575706,0.1
16968,2,0.27076027,0.2738114,0.003051132,0.1
16969,2,0.23124398,0.26129118,0.030047193,0.1
16970,2,0.22981288,0.25758597,0.027773097,0.1
16971,2,0.23756173,0.26606408,0.028502345,0.1
16972,2,0.25828648,0.05383065,0.20445582,0.1
16973,2,0.016089715,0.06934134,0.053251624,0.1
16974,2,0.047395363,0.0777729,0.030377537,0.1
16975,2,0.06836747,-0.007487251,0.07585472,0.1
16976,2,-0.02351299,-0.07648509,0.0529721,0.1
16977,2,-0.0952813,-0.26593235,0.17065105,0.1
16978,2,-0.30813962,-0.31518227,0.0070426464,0.1
16979,2,-0.35252836,-0.48235148,0.12982312,0.1
16980,2,-0.53444797,-0.36763862,0.16680935,0.1
16981,2,-0.38470793,-0.38950306,0.004795134,0.1
16982,2,-0.3996243,-0.3711913,0.028432995,0.1
16983,2,-0.36853647,-0.37039265,0.001856178,0.1
16984,2,-0.360134,-0.36193684,0.0018028319,0.1
16985,2,-0.34421152,-0.3500537,0.005842179,0.1
16986,2,-0.32581395,-0.45653784,0.1307239,0.1
16987,2,-0.4475127,-0.5414541,0.09394139,0.1
16988,2,-0.54167706,-0.42385775,0.11781931,0.1
16989,2,-0.39858776,-0.43033138,0.031743616,0.1
16990,2,-0.4044441,-0.42068458,0.016240478,0.1
16991,2,-0.39212537,-0.3813035,0.010821879,0.1
16992,2,-0.34592307,-0.3067216,0.03920147,0.1
16993,2,-0.25993162,-0.2884406,0.028508961,0.1
16994,2,-0.2423777,-0.2657033,0.023325592,0.1
16995,2,-0.22026747,-0.2501458,0.029878318,0.1
16996,2,-0.2072106,-0.10986351,0.09734709,0.1
16997,2,-0.04758233,-0.04678946,0.00079286844,0.1
16998,2,0.01794482,0.009714229,0.008230591,0.1
16999,2,0.07461747,0.20342596,0.1288085,0.1
17000,2,0.2915306,0.3323032,0.040772587,0.1
17001,2,0.4281466,0.4175045,0.010642111,0.1
17002,2,0.5113967,0.41935638,0.09204033,0.1
17003,2,0.4964199,0.46107513,0.03534478,0.1
17004,2,0.5296736,0.62723917,0.09756559,0.1
17005,2,0.70745474,0.7721251,0.064670384,0.1
17006,2,0.8567739,0.79353803,0.06323588,0.1
17007,2,0.86261386,0.83247936,0.0301345,0.1
17008,2,0.89005077,0.96279263,0.072741866,0.1
17009,2,1.0218956,0.9264211,0.09547454,0.1
17010,2,0.9634055,1.0096124,0.04620695,0.1
17011,2,1.0436311,1.1075175,0.063886404,0.1
17012,2,1.1394603,1.216713,0.07725263,0.1
17013,2,1.246129,1.2275462,0.01858282,0.1
17014,2,1.2428699,1.2149078,0.027962089,0.1
17015,2,1.2154987,1.2250646,0.009565949,0.1
17016,2,1.215842,1.2776883,0.061846256,0.1
17017,2,1.2647693,1.2956393,0.03086996,0.1
17018,2,1.2755759,1.1720351,0.10354078,0.1
17019,2,1.1299285,1.0890568,0.04087162,0.1
17020,2,1.0336018,1.1406786,0.10707688,0.1
17021,2,1.0927334,1.0977113,0.0049779415,0.1
17022,2,1.0444146,1.1053199,0.060905218,0.1
17023,2,1.0552316,0.91846836,0.13676322,0.1
17024,2,0.844155,0.91186273,0.06770772,0.1
17025,2,0.8447246,0.8365451,0.008179486,0.1
17026,2,0.76587886,0.7132227,0.052656174,0.1
17027,2,0.6323432,0.71725625,0.084913075,0.1
17028,2,0.6499937,0.5505829,0.09941083,0.1
17029,2,0.46653807,0.5533263,0.08678824,0.1
17030,2,0.48529598,0.42348677,0.061809212,0.1
17031,2,0.3463082,0.3882461,0.041937888,0.1
17032,2,0.32090768,0.364295,0.043387324,0.1
17033,2,0.3082202,0.22565866,0.08256155,0.1
17034,2,0.158651,0.20708992,0.04843892,0.1
17035,2,0.15319788,0.16508995,0.011892065,0.1
17036,2,0.118599,0.08119839,0.03740061,0.1
17037,2,0.033620052,0.06237582,0.02875577,0.1
17038,2,0.026149035,0.02357898,0.0025700554,0.1
17039,2,-0.006396964,-0.111345544,0.10494858,0.1
17040,2,-0.15342352,-0.19414617,0.040722653,0.1
17041,2,-0.23695141,-0.06227196,0.17467946,0.1
17042,2,-0.066584826,-0.061559193,0.0050256327,0.1
17043,2,-0.05640231,-0.102982596,0.046580285,0.1
17044,2,-0.097757176,-0.16564037,0.06788319,0.1
17045,2,-0.16463858,-0.29661733,0.13197875,0.1
17046,2,-0.31147343,-0.32776797,0.016294539,0.1
17047,2,-0.33865792,-0.43329602,0.09463811,0.1
17048,2,-0.45343167,-0.4142962,0.039135456,0.1
17049,2,-0.42105734,-0.45674935,0.035692006,0.1
17050,2,-0.46257424,-0.52554166,0.06296742,0.1
17051,2,-0.5348646,-0.44073203,0.09413257,0.1
17052,2,-0.4275828,-0.42460364,0.0029791594,0.1
17053,2,-0.40406847,-0.38074756,0.023320913,0.1
17054,2,-0.34959745,-0.35602456,0.0064271092,0.1
17055,2,-0.31966853,-0.38556153,0.065892994,0.1
17056,2,-0.35486218,-0.36893687,0.014074683,0.1
17057,2,-0.33573544,-0.43071067,0.09497523,0.1
17058,2,-0.40940374,-0.36434558,0.04505816,0.1
17059,2,-0.3317523,-0.33264145,0.0008891523,0.1
17060,2,-0.29679883,-0.19253767,0.10426116,0.1
17061,2,-0.13546774,-0.15099527,0.0155275315,0.1
17062,2,-0.09353638,-0.08284462,0.0106917545,0.1
17063,2,-0.021040529,-0.055488877,0.034448348,0.1
17064,2,0.0019533038,0.14629138,0.14433807,0.1
17065,2,0.22979866,0.23075381,0.00095514953,0.1
17066,2,0.31563836,0.31486833,0.0007700324,0.1
17067,2,0.39986533,0.46009415,0.060228825,0.1
17068,2,0.55409884,0.5192406,0.034858227,0.1
17069,2,0.6056173,0.65121096,0.04559368,0.1
17070,2,0.7411742,0.73796946,0.003204763,0.1
17071,2,0.82255894,0.7558536,0.066705346,0.1
17072,2,0.8245166,0.85957104,0.035054445,0.1
17073,2,0.9261275,0.90025914,0.025868356,0.1
17074,2,0.95511895,0.983418,0.028299034,0.1
17075,2,1.0331104,1.2049501,0.17183971,0.1
17076,2,1.2624762,1.1825408,0.07993543,0.1
17077,2,1.2183132,1.1713808,0.04693246,0.1
17078,2,1.1895692,1.2366937,0.047124505,0.1
17079,2,1.2482448,1.2625861,0.014341354,0.1
17080,2,1.2635515,1.268662,0.0051105022,0.1
17081,2,1.2583637,1.2502676,0.008096099,0.1
17082,2,1.2279248,1.2214769,0.0064479113,0.1
17083,2,1.1882412,1.1081473,0.08009398,0.1
17084,2,1.055639,1.084653,0.029013991,0.1
17085,2,1.0285285,1.0783896,0.049861193,0.1
17086,2,1.0225785,1.1438046,0.12122607,0.1
17087,2,1.0984066,0.96156645,0.1368401,0.1
17088,2,0.89174134,0.9588456,0.06710428,0.1
17089,2,0.89517695,0.8898687,0.0053082705,0.1
17090,2,0.822431,0.88581187,0.06338084,0.1
17091,2,0.82629746,0.7783877,0.047909737,0.1
17092,2,0.7100434,0.83965075,0.12960738,0.1
17093,2,0.7918704,0.8338185,0.04194808,0.1
17094,2,0.7935963,0.7800008,0.013595521,0.1
17095,2,0.7391817,0.6120258,0.1271559,0.1
17096,2,0.5518066,0.546778,0.0050286055,0.1
17097,2,0.48771095,0.4726532,0.015057743,0.1
17098,2,0.41362554,0.5393735,0.12574798,0.1
17099,2,0.5061314,0.375544,0.1305874,0.1
17100,2,0.3237841,0.3322782,0.008494079,0.1
17101,2,0.28650376,0.2000173,0.08648646,0.1
17102,2,0.14335047,0.10551699,0.037833475,0.1
17103,2,0.04667481,0.11282642,0.06615161,0.1
17104,2,0.07151576,0.10555012,0.034034356,0.1
17105,2,0.077042356,0.08682917,0.009786814,0.1
17106,2,0.06734297,-0.038919825,0.10626279,0.1
17107,2,-0.0704069,-0.15087064,0.08046374,0.1
17108,2,-0.19001666,-0.15415365,0.035863012,0.1
17109,2,-0.17995918,-0.18952502,0.009565845,0.1
17110,2,-0.209537,-0.28118992,0.07165292,0.1
17111,2,-0.30622536,-0.1935084,0.11271696,0.1
17112,2,-0.19081536,-0.26846135,0.07764599,0.1
17113,2,-0.27123666,-0.34975755,0.078520894,0.1
17114,2,-0.35842144,-0.45880747,0.10038602,0.1
17115,2,-0.47695786,-0.43361303,0.043344826,0.1
17116,2,-0.4371704,-0.45433637,0.017165989,0.1
17117,2,-0.45330924,-0.39888516,0.054424077,0.1
17118,2,-0.3812039,-0.44581836,0.064614475,0.1
17119,2,-0.43180108,-0.52782226,0.096021175,0.1
17120,2,-0.52295345,-0.54545593,0.022502482,0.1
17121,2,-0.5379707,-0.51668125,0.021289468,0.1
17122,2,-0.49961656,-0.43418238,0.06543419,0.1
17123,2,-0.40029943,-0.44598094,0.045681506,0.1
17124,2,-0.41422004,-0.30161887,0.11260116,0.1
17125,2,-0.24559245,-0.15252027,0.093072176,0.1
17126,2,-0.07503152,-0.17630707,0.10127555,0.1
17127,2,-0.111920685,-0.1253649,0.013444215,0.1
17128,2,-0.059836835,-0.07326655,0.013429716,0.1
17129,2,-0.0073863715,0.057766266,0.06515264,0.1
17130,2,0.13724321,0.08433555,0.05290766,0.1
17131,2,0.1561536,0.11745306,0.038700543,0.1
17132,2,0.18302979,0.24238157,0.059351787,0.1
17133,2,0.3181044,0.26871756,0.04938683,0.1
17134,2,0.33518443,0.47038296,0.13519853,0.1
17135,2,0.55730855,0.68358624,0.12627769,0.1
17136,2,0.78656775,0.80889493,0.022327185,0.1
17137,2,0.91005796,0.7393779,0.17068005,0.1
17138,2,0.80939317,0.773408,0.03598517,0.1
17139,2,0.8315413,0.96125466,0.12971336,0.1
17140,2,1.028766,1.0222808,0.006485224,0.1
17141,2,1.0793622,1.1837131,0.104350924,0.1
17142,2,1.2411389,1.1933067,0.04783225,0.1
17143,2,1.2325473,1.1941744,0.038372874,0.1
17144,2,1.216471,1.2516923,0.03522134,0.1
17145,2,1.2653873,1.2911396,0.025752306,0.1
17146,2,1.2948613,1.1654679,0.12939346,0.1
17147,2,1.1421728,1.162216,0.020043135,0.1
17148,2,1.1313591,1.2040321,0.07267296,0.1
17149,2,1.1727078,1.1212101,0.051497698,0.1
17150,2,1.0745063,1.0518286,0.02267766,0.1
17151,2,0.99445605,1.0790312,0.084575176,0.1
17152,2,1.0269816,0.96309865,0.06388295,0.1
17153,2,0.89615935,1.0433786,0.14721924,0.1
17154,2,0.99308914,0.94376814,0.049320996,0.1
17155,2,0.88247836,0.8366717,0.045806646,0.1
17156,2,0.7652728,0.80583906,0.040566266,0.1
17157,2,0.7388574,0.80819225,0.069334865,0.1
17158,2,0.751378,0.8177759,0.066397905,0.1
17159,2,0.7716474,0.74216425,0.02948314,0.1
17160,2,0.692053,0.61588603,0.07616699,0.1
17161,2,0.5540868,0.4233097,0.13077709,0.1
17162,2,0.3397589,0.4684608,0.1287019,0.1
17163,2,0.40941674,0.39706835,0.012348384,0.1
17164,2,0.33887392,0.345917,0.0070430636,0.1
17165,2,0.29263192,0.36871472,0.076082796,0.1
17166,2,0.33376226,0.29151982,0.042242438,0.1
17167,2,0.25436175,0.19234706,0.062014684,0.1
17168,2,0.14929399,0.16191748,0.012623489,0.1
17169,2,0.12672427,0.14304787,0.016323596,0.1
17170,2,0.11703074,0.101715796,0.015314944,0.1
17171,2,0.07957474,0.011845971,0.06772877,0.1
17172,2,-0.015931085,0.03591076,0.051841844,0.1
17173,2,0.024434723,-0.06182702,0.08626174,0.1
17174,2,-0.08178444,-0.1312396,0.04945515,0.1
17175,2,-0.15331787,-0.17835435,0.025036484,0.1
17176,2,-0.19817689,-0.2203021,0.022125214,0.1
17177,2,-0.23718497,-0.41903377,0.1818488,0.1
17178,2,-0.4598105,-0.29901218,0.16079831,0.1
17179,2,-0.30550393,-0.40622723,0.1007233,0.1
17180,2,-0.4225703,-0.4240264,0.0014561117,0.1
17181,2,-0.4334582,-0.4481792,0.014720976,0.1
17182,2,-0.45286542,-0.38384694,0.06901848,0.1
17183,2,-0.36951452,-0.3996995,0.030184984,0.1
17184,2,-0.3832134,-0.41603372,0.032820314,0.1
17185,2,-0.39825672,-0.3920772,0.0061795115,0.1
17186,2,-0.36675188,-0.40501216,0.03826028,0.1
17187,2,-0.3801303,-0.41419762,0.034067333,0.1
17188,2,-0.3895805,-0.4306111,0.041030616,0.1
17189,2,-0.40800267,-0.4643486,0.05634594,0.1
17190,2,-0.4468605,-0.43902004,0.007840455,0.1
17191,2,-0.41633308,-0.40835348,0.007979602,0.1
17192,2,-0.38075227,-0.35108092,0.029671341,0.1
17193,2,-0.31516826,-0.2740659,0.04110235,0.1
17194,2,-0.22807863,-0.21754937,0.010529265,0.1
17195,2,-0.16706276,-0.105430506,0.061632253,0.1
17196,2,-0.041847527,-0.078292504,0.036444977,0.1
17197,2,-0.019299537,0.06506378,0.08436332,0.1
17198,2,0.14001772,0.23592232,0.0959046,0.1
17199,2,0.32825243,0.27151775,0.05673468,0.1
17200,2,0.35444248,0.44418544,0.08974296,0.1
17201,2,0.54082036,0.5830486,0.042228222,0.1
17202,2,0.6840996,0.64219207,0.04190755,0.1
17203,2,0.7330949,0.6301005,0.10299438,0.1
17204,2,0.7000908,0.88046163,0.18037081,0.1
17205,2,0.9684147,0.9569909,0.011423826,0.1
17206,2,1.0346626,1.0539205,0.019257903,0.1
17207,2,1.1235425,1.06639,0.05715251,0.1
17208,2,1.1175778,1.2014278,0.083850026,0.1
17209,2,1.2495201,1.2981095,0.048589468,0.1
17210,2,1.3367708,1.2751135,0.06165731,0.1
17211,2,1.2927763,1.2318016,0.060974717,0.1
17212,2,1.2293062,1.2288141,0.00049209595,0.1
17213,2,1.2139997,1.1745816,0.0394181,0.1
17214,2,1.1436882,1.0764749,0.0672133,0.1
17215,2,1.0267215,1.1179874,0.09126592,0.1
17216,2,1.0717325,1.0607452,0.010987282,0.1
17217,2,1.005055,0.9504947,0.054560244,0.1
17218,2,0.87984675,0.98734605,0.1074993,0.1
17219,2,0.92682296,0.93593633,0.009113371,0.1
17220,2,0.87197316,0.870438,0.0015351772,0.1
17221,2,0.8022911,0.96311134,0.16082025,0.1
17222,2,0.91632,0.7804858,0.13583422,0.1
17223,2,0.7103108,0.728645,0.01833421,0.1
17224,2,0.6598558,0.6901969,0.030341089,0.1
17225,2,0.6257994,0.6441563,0.01835686,0.1
17226,2,0.5831139,0.49313992,0.089973986,0.1
17227,2,0.41711265,0.48890314,0.07179049,0.1
17228,2,0.42675608,0.4955268,0.06877071,0.1
17229,2,0.44805416,0.5092174,0.061163217,0.1
17230,2,0.47617397,0.40925574,0.066918224,0.1
17231,2,0.36857578,0.35042724,0.018148541,0.1
17232,2,0.3107748,0.40351704,0.092742234,0.1
17233,2,0.38549444,0.3195122,0.06598225,0.1
17234,2,0.2953586,0.29855993,0.0032013357,0.1
17235,2,0.2807411,0.23112947,0.049611628,0.1
17236,2,0.21027659,0.11701657,0.09326002,0.1
17237,2,0.08486536,0.049801275,0.035064086,0.1
17238,2,0.016674027,-0.0922131,0.10888713,0.1
17239,2,-0.13958755,-0.16317928,0.023591727,0.1
17240,2,-0.2095488,-0.32142392,0.11187512,0.1
17241,2,-0.38149774,-0.22726117,0.15423657,0.1
17242,2,-0.25431544,-0.2676289,0.013313472,0.1
17243,2,-0.28991753,-0.2600194,0.029898137,0.1
17244,2,-0.26964355,-0.27313632,0.0034927726,0.1
17245,2,-0.2757257,-0.3879173,0.11219162,0.1
17246,2,-0.40235144,-0.33416945,0.06818199,0.1
17247,2,-0.3296731,-0.38669413,0.05702102,0.1
17248,2,-0.384692,-0.36821672,0.01647529,0.1
17249,2,-0.35634142,-0.42697594,0.070634514,0.1
17250,2,-0.42031842,-0.42693532,0.0066168904,0.1
17251,2,-0.4150045,-0.45725965,0.042255163,0.1
17252,2,-0.44632447,-0.41806865,0.02825582,0.1
17253,2,-0.39654362,-0.39477113,0.0017724931,0.1
17254,2,-0.3673166,-0.31461507,0.052701533,0.1
17255,2,-0.27271658,-0.33737925,0.064662665,0.1
17256,2,-0.30172354,-0.27521664,0.0265069,0.1
17257,2,-0.23068696,-0.17190701,0.058779955,0.1
17258,2,-0.11301166,-0.16505343,0.05204177,0.1
17259,2,-0.11170074,-0.2450146,0.13331385,0.1
17260,2,-0.21273929,-0.16891646,0.043822825,0.1
17261,2,-0.12751758,-0.07706415,0.050453432,0.1
17262,2,-0.025373459,0.015499283,0.04087274,0.1
17263,2,0.07568452,0.15550749,0.07982297,0.1
17264,2,0.23070005,0.2415083,0.010808259,0.1
17265,2,0.31931388,0.35443053,0.035116643,0.1
17266,2,0.43809295,0.41919443,0.018898517,0.1
17267,2,0.49871004,0.4688505,0.029859543,0.1
17268,2,0.5414022,0.54765266,0.006250441,0.1
17269,2,0.6181828,0.6067345,0.011448264,0.1
17270,2,0.67152375,0.8340292,0.16250545,0.1
17271,2,0.91640705,0.8952357,0.021171331,0.1
17272,2,0.9675797,0.89098847,0.07659125,0.1
17273,2,0.94474024,1.1660459,0.22130567,0.1
17274,2,1.2345896,1.2451613,0.010571718,0.1
17275,2,1.3016019,1.1611967,0.14040518,0.1
17276,2,1.1888204,1.1353787,0.053441644,0.1
17277,2,1.1449368,1.2075095,0.06257272,0.1
17278,2,1.2131393,1.2254586,0.012319326,0.1
17279,2,1.221108,1.2476916,0.026583672,0.1
17280,2,1.2352979,1.2223306,0.012967348,0.1
17281,2,1.1979134,1.2681093,0.07019591,0.1
17282,2,1.242008,1.322804,0.080796,0.1
17283,2,1.2958577,1.199542,0.09631562,0.1
17284,2,1.1521835,1.2853202,0.13313663,0.1
17285,2,1.2459171,1.1082764,0.13764071,0.1
17286,2,1.0442648,0.97405666,0.07020813,0.1
17287,2,0.89437217,0.9346607,0.040288508,0.1
17288,2,0.85669553,0.929212,0.07251644,0.1
17289,2,0.85916626,0.9353628,0.07619655,0.1
17290,2,0.8749102,0.8342104,0.04069978,0.1
17291,2,0.76623684,0.79924315,0.03300631,0.1
17292,2,0.73625076,0.87451255,0.1382618,0.1
17293,2,0.8340287,0.7301816,0.103847146,0.1
17294,2,0.67446315,0.6462583,0.028204858,0.1
17295,2,0.5876351,0.52523386,0.062401235,0.1
17296,2,0.45802993,0.4442061,0.013823837,0.1
17297,2,0.37712288,0.48878336,0.11166048,0.1
17298,2,0.44518486,0.40164298,0.04354188,0.1
17299,2,0.3550801,0.29009417,0.06498593,0.1
17300,2,0.23668498,0.119692035,0.11699294,0.1
17301,2,0.04983774,-0.0047779838,0.05461572,0.1
17302,2,-0.08001903,-0.019050296,0.06096873,0.1
17303,2,-0.078035265,-0.1696053,0.091570035,0.1
17304,2,-0.23871976,-0.041607194,0.19711256,0.1
17305,2,-0.06862475,-0.05001754,0.01860721,0.1
17306,2,-0.0652013,-0.02813139,0.03706991,0.1
17307,2,-0.027630642,-0.059404075,0.031773433,0.1
17308,2,-0.055505708,-0.087161735,0.031656027,0.1
17309,2,-0.08006704,-0.21252324,0.1324562,0.1
17310,2,-0.2206623,-0.36759248,0.14693019,0.1
17311,2,-0.3935699,-0.35906845,0.034501433,0.1
17312,2,-0.37187058,-0.49265125,0.12078068,0.1
17313,2,-0.5180104,-0.4158471,0.102163285,0.1
17314,2,-0.41654527,-0.42208534,0.005540073,0.1
17315,2,-0.41583353,-0.44991,0.034076482,0.1
17316,2,-0.44168264,-0.40786764,0.033814996,0.1
17317,2,-0.3863994,-0.48262143,0.09622204,0.1
17318,2,-0.47010547,-0.5004736,0.03036815,0.1
17319,2,-0.486409,-0.50036925,0.013960242,0.1
17320,2,-0.48235387,-0.58204883,0.09969497,0.1
17321,2,-0.5743238,-0.4074977,0.16682607,0.1
17322,2,-0.36691177,-0.33986712,0.027044654,0.1
17323,2,-0.28896976,-0.4342514,0.14528164,0.1
17324,2,-0.40318233,-0.42842162,0.025239289,0.1
17325,2,-0.39791292,-0.3104479,0.08746502,0.1
17326,2,-0.26169342,-0.22424221,0.037451208,0.1
17327,2,-0.16567683,-0.12825237,0.03742446,0.1
17328,2,-0.060177296,0.042175855,0.102353156,0.1
17329,2,0.13066559,0.10799682,0.022668764,0.1
17330,2,0.19485296,0.19547535,0.0006223917,0.1
17331,2,0.28370982,0.2788623,0.0048475266,0.1
17332,2,0.36655712,0.37620524,0.009648114,0.1
17333,2,0.46476346,0.47333938,0.008575916,0.1
17334,2,0.56146,0.6752425,0.113782465,0.1
17335,2,0.77695954,0.7053547,0.07160485,0.1
17336,2,0.7913946,0.79848504,0.0070904493,0.1
17337,2,0.87926465,0.9680581,0.08879346,0.1
17338,2,1.0519733,1.0778434,0.025870085,0.1
17339,2,1.1540289,1.2459133,0.091884375,0.1
17340,2,1.3178844,1.2278558,0.09002864,0.1
17341,2,1.2754552,1.1803036,0.09515166,0.1
17342,2,1.2033465,1.1940295,0.00931704,0.1
17343,2,1.2031076,1.2506073,0.047499657,0.1
17344,2,1.2523091,1.2561756,0.0038665533,0.1
17345,2,1.2457538,1.1988568,0.046896935,0.1
17346,2,1.1712391,1.1136254,0.05761373,0.1
17347,2,1.0683155,1.2228763,0.1545608,0.1
17348,2,1.1874676,1.3013742,0.11390662,0.1
17349,2,1.2696316,1.1173859,0.15224576,0.1
17350,2,1.0580776,1.1319528,0.07387519,0.1
17351,2,1.0756185,1.0647688,0.010849714,0.1
17352,2,1.0008943,1.0064095,0.005515218,0.1
17353,2,0.9383128,0.93650293,0.001809895,0.1
17354,2,0.86407876,0.82839763,0.03568113,0.1
17355,2,0.7471652,0.82302004,0.07585484,0.1
17356,2,0.75182253,0.80502385,0.053201318,0.1
17357,2,0.7414203,0.739668,0.001752317,0.1
17358,2,0.6757242,0.73393047,0.05820626,0.1
17359,2,0.68046576,0.7331472,0.052681446,0.1
17360,2,0.69024736,0.64448315,0.045764208,0.1
17361,2,0.5963962,0.5984988,0.0021026134,0.1
17362,2,0.55370045,0.56223476,0.008534312,0.1
17363,2,0.5225071,0.41119334,0.11131373,0.1
17364,2,0.3556937,0.31616524,0.03952846,0.1
17365,2,0.25725743,0.26261118,0.005353749,0.1
17366,2,0.20887394,0.1978727,0.011001244,0.1
17367,2,0.14697099,0.11650878,0.030462205,0.1
17368,2,0.065357804,0.02656624,0.038791567,0.1
17369,2,-0.02610451,-0.060829226,0.034724716,0.1
17370,2,-0.11395988,-0.17534886,0.061388984,0.1
17371,2,-0.23329887,-0.15134832,0.081950545,0.1
17372,2,-0.18801486,-0.15878183,0.029233038,0.1
17373,2,-0.1825678,-0.11446125,0.068106554,0.1
17374,2,-0.11766273,-0.11880869,0.0011459589,0.1
17375,2,-0.11333229,-0.20978066,0.09644838,0.1
17376,2,-0.21296144,-0.20969911,0.0032623261,0.1
17377,2,-0.20415398,-0.22319087,0.01903689,0.1
17378,2,-0.2129254,-0.2724765,0.05955109,0.1
17379,2,-0.264924,-0.3183765,0.05345252,0.1
17380,2,-0.31283218,-0.31969392,0.0068617463,0.1
17381,2,-0.30830184,-0.3650389,0.056737065,0.1
17382,2,-0.3566366,-0.5233704,0.16673377,0.1
17383,2,-0.536171,-0.4360932,0.10007781,0.1
17384,2,-0.4262653,-0.5661718,0.13990653,0.1
17385,2,-0.5729982,-0.51108944,0.06190878,0.1
17386,2,-0.502067,-0.54008317,0.03801614,0.1
17387,2,-0.53157914,-0.53751546,0.0059363246,0.1
17388,2,-0.52455074,-0.4652363,0.05931443,0.1
17389,2,-0.4372837,-0.4810314,0.043747693,0.1
17390,2,-0.45553786,-0.3502185,0.10531935,0.1
17391,2,-0.30257136,-0.3336533,0.031081945,0.1
17392,2,-0.28717023,-0.27483022,0.012340009,0.1
17393,2,-0.22276333,-0.24945737,0.026694044,0.1
17394,2,-0.19922689,-0.07999482,0.119232066,0.1
17395,2,-0.006726414,0.09928535,0.10601176,0.1
17396,2,0.19334942,0.22833875,0.034989327,0.1
17397,2,0.330502,0.37490958,0.044407576,0.1
17398,2,0.48535204,0.4412173,0.044134736,0.1
17399,2,0.54397935,0.53236747,0.011611879,0.1
17400,2,0.63127124,0.4901748,0.14109644,0.1
17401,2,0.5628563,0.6383719,0.07551557,0.1
17402,2,0.7184065,0.7554622,0.03705573,0.1
17403,2,0.83529276,0.814562,0.020730734,0.1
17404,2,0.8844116,1.0334061,0.14899457,0.1
17405,2,1.1126995,1.056182,0.05651748,0.1
17406,2,1.1175032,1.0628757,0.05462742,0.1
17407,2,1.1061265,1.1462674,0.040140867,0.1
17408,2,1.1825764,1.1871339,0.0045574903,0.1
17409,2,1.2115734,1.1998348,0.011738539,0.1
17410,2,1.210542,1.1931627,0.017379284,0.1
17411,2,1.1899369,1.1054637,0.08447313,0.1
17412,2,1.0806301,1.2587035,0.1780734,0.1
17413,2,1.2444685,1.0514013,0.1930672,0.1
17414,2,1.0026226,1.086169,0.0835464,0.1
17415,2,1.0406507,0.9798784,0.0607723,0.1
17416,2,0.918279,1.0368237,0.11854476,0.1
17417,2,0.9859324,1.0781585,0.09222609,0.1
17418,2,1.0345747,0.98067605,0.053898692,0.1
17419,2,0.924553,0.93523496,0.010681987,0.1
17420,2,0.87679094,0.9060434,0.02925247,0.1
17421,2,0.8490284,0.84102416,0.008004248,0.1
17422,2,0.7805268,0.83967763,0.059150815,0.1
17423,2,0.787213,0.78176904,0.00544399,0.1
17424,2,0.72790533,0.699318,0.028587341,0.1
17425,2,0.64082056,0.5790178,0.061802745,0.1
17426,2,0.5104517,0.6182531,0.10780144,0.1
17427,2,0.5695695,0.5518358,0.017733753,0.1
17428,2,0.50254214,0.5116698,0.0091276765,0.1
17429,2,0.46699607,0.42457974,0.042416334,0.1
17430,2,0.3758675,0.3369659,0.038901597,0.1
17431,2,0.28494602,0.26302353,0.021922499,0.1
17432,2,0.2110078,0.299187,0.0881792,0.1
17433,2,0.2679996,0.18046875,0.08753084,0.1
17434,2,0.13893841,0.11577598,0.023162432,0.1
17435,2,0.07542685,0.06463205,0.010794796,0.1
17436,2,0.028037071,-0.042817794,0.070854865,0.1
17437,2,-0.08635107,0.023589972,0.109941036,0.1
17438,2,0.0063616484,-0.20316294,0.20952459,0.1
17439,2,-0.25043553,-0.18123184,0.06920369,0.1
17440,2,-0.20992506,-0.22233787,0.012412816,0.1
17441,2,-0.2462298,-0.29585323,0.04962343,0.1
17442,2,-0.32128134,-0.38961232,0.06833097,0.1
17443,2,-0.4195615,-0.33502737,0.08453414,0.1
17444,2,-0.34305996,-0.36340025,0.020340294,0.1
17445,2,-0.3671602,-0.41218704,0.04502684,0.1
17446,2,-0.4159814,-0.4280785,0.0120970905,0.1
17447,2,-0.4264245,-0.36406067,0.062363833,0.1
17448,2,-0.34429127,-0.4362158,0.09192452,0.1
17449,2,-0.4247628,-0.47230187,0.047539085,0.1
17450,2,-0.4621604,-0.4266959,0.035464495,0.1
17451,2,-0.40420383,-0.47096574,0.06676191,0.1
17452,2,-0.45360333,-0.5092777,0.055674374,0.1
17453,2,-0.49565834,-0.44408685,0.05157149,0.1
17454,2,-0.4167394,-0.46865436,0.05191496,0.1
17455,2,-0.44520992,-0.42061344,0.024596483,0.1
17456,2,-0.38875055,-0.34374452,0.045006037,0.1
17457,2,-0.30019444,-0.29437214,0.005822301,0.1
17458,2,-0.24612585,-0.22390169,0.022224158,0.1
17459,2,-0.16861323,-0.16802026,0.0005929619,0.1
17460,2,-0.10997316,-0.09822559,0.011747569,0.1
17461,2,-0.036049753,0.08786384,0.12391359,0.1
17462,2,0.17315593,0.34395912,0.17080319,0.1
17463,2,0.45859307,0.3152251,0.14336798,0.1
17464,2,0.40637463,0.46396396,0.057589322,0.1
17465,2,0.5635836,0.5467403,0.016843319,0.1
17466,2,0.64146346,0.6629331,0.021469653,0.1
17467,2,0.7571378,0.6743262,0.082811594,0.1
17468,2,0.75082356,0.8248971,0.07407355,0.1
17469,2,0.90550184,0.8877981,0.017703772,0.1
17470,2,0.9580018,1.0237496,0.0657478,0.1
17471,2,1.092756,1.1154777,0.022721648,0.1
17472,2,1.1757345,1.2365347,0.060800195,0.1
17473,2,1.2899826,1.280515,0.009467602,0.1
17474,2,1.3183703,1.3264241,0.00805378,0.1
17475,2,1.3501339,1.2413015,0.10883236,0.1
17476,2,1.2392275,1.2443113,0.0050837994,0.1
17477,2,1.230309,1.1620711,0.0682379,0.1
17478,2,1.1283362,1.2426703,0.11433411,0.1
17479,2,1.2123015,1.2136256,0.0013240576,0.1
17480,2,1.1735017,1.1677241,0.0057775974,0.1
17481,2,1.1179879,1.0589352,0.059052706,0.1
17482,2,0.9934096,0.9944886,0.0010790229,0.1
17483,2,0.9225752,0.91800094,0.0045742393,0.1
17484,2,0.83987254,0.94939137,0.109518826,0.1
17485,2,0.88358504,0.9144299,0.030844867,0.1
17486,2,0.8501161,0.8707394,0.020623326,0.1
17487,2,0.80731446,0.7506411,0.056673348,0.1
17488,2,0.6764201,0.76160496,0.08518487,0.1
17489,2,0.70065856,0.74831945,0.047660887,0.1
17490,2,0.6956419,0.7874126,0.09177071,0.1
17491,2,0.7510267,0.6181165,0.13291019,0.1
17492,2,0.5615128,0.5877751,0.026262283,0.1
17493,2,0.5378396,0.5704022,0.032562613,0.1
17494,2,0.5291382,0.435102,0.09403622,0.1
17495,2,0.3807472,0.4197938,0.039046615,0.1
17496,2,0.37614012,0.28686804,0.08927208,0.1
17497,2,0.2313397,0.36753467,0.13619497,0.1
17498,2,0.3413139,0.27950233,0.061811566,0.1
17499,2,0.24803495,0.19756465,0.050470307,0.1
17500,2,0.16271195,0.16773346,0.0050215125,0.1
17501,2,0.13981259,0.055279084,0.084533505,0.1
17502,2,0.018119,-0.14244302,0.16056201,0.1
17503,2,-0.20239156,-0.14281632,0.059575245,0.1
17504,2,-0.18651557,-0.1694436,0.017071962,0.1
17505,2,-0.20351967,-0.15087295,0.052646726,0.1
17506,2,-0.16824505,-0.20209222,0.033847168,0.1
17507,2,-0.2177512,-0.3082967,0.090545505,0.1
17508,2,-0.332231,-0.41083306,0.078602076,0.1
17509,2,-0.44079274,-0.42717478,0.013617963,0.1
17510,2,-0.44736058,-0.47948363,0.03212306,0.1
17511,2,-0.49726015,-0.5239545,0.026694357,0.1
17512,2,-0.5382568,-0.5196959,0.018560946,0.1
17513,2,-0.52301365,-0.44311953,0.079894125,0.1
17514,2,-0.42513305,-0.3887346,0.03639844,0.1
17515,2,-0.3565319,-0.41136536,0.05483347,0.1
17516,2,-0.38089764,-0.41071802,0.029820383,0.1
17517,2,-0.3784082,-0.3063489,0.0720593,0.1
17518,2,-0.25512952,-0.37404507,0.11891556,0.1
17519,2,-0.3373155,-0.3078366,0.029478908,0.1
17520,2,-0.26092893,-0.31923756,0.05830863,0.1
17521,2,-0.277888,-0.27715668,0.0007313192,0.1
17522,2,-0.23185036,-0.28968534,0.057834983,0.1
17523,2,-0.25128365,-0.29435158,0.043067932,0.1
17524,2,-0.26110926,-0.22606842,0.03504084,0.1
17525,2,-0.18487608,-0.24469689,0.0598208,0.1
17526,2,-0.21264213,-0.10403724,0.10860489,0.1
17527,2,-0.05210197,0.0017307707,0.05383274,0.1
17528,2,0.06435248,0.11163154,0.04727906,0.1
17529,2,0.1834889,0.11770381,0.065785095,0.1
17530,2,0.17823906,0.33635098,0.15811191,0.1
17531,2,0.42278153,0.46165216,0.038870633,0.1
17532,2,0.55352896,0.5461126,0.0074163675,0.1
17533,2,0.63460594,0.6550211,0.020415127,0.1
17534,2,0.7430113,0.82455814,0.08154684,0.1
17535,2,0.9184079,0.8956913,0.022716641,0.1
17536,2,0.9788727,1.1235704,0.14469773,0.1
17537,2,1.2125883,1.1267455,0.08584285,0.1
17538,2,1.1932144,1.0885752,0.10463917,0.1
17539,2,1.1301206,1.1320468,0.0019261837,0.1
17540,2,1.1618397,1.1624386,0.00059890747,0.1
17541,2,1.1801393,1.1341816,0.045957685,0.1
17542,2,1.1344852,1.032857,0.1016283,0.1
17543,2,1.0089571,1.0979279,0.08897078,0.1
17544,2,1.076203,1.1121761,0.035973072,0.1
17545,2,1.0858777,1.2088035,0.12292588,0.1
17546,2,1.1886177,1.1637882,0.024829507,0.1
17547,2,1.1317286,1.1797944,0.04806578,0.1
17548,2,1.1458435,1.1121914,0.033652067,0.1
17549,2,1.0665812,1.1657174,0.099136114,0.1
17550,2,1.1266224,1.0311853,0.09543717,0.1
17551,2,0.9733097,1.013172,0.039862335,0.1
17552,2,0.95651466,0.9592464,0.0027317405,0.1
17553,2,0.89933586,0.8902786,0.009057283,0.1
17554,2,0.82618815,0.84550893,0.019320786,0.1
17555,2,0.78254586,0.81958544,0.037039578,0.1
17556,2,0.7616055,0.6835366,0.07806891,0.1
17557,2,0.6123759,0.6293529,0.016977012,0.1
17558,2,0.5613319,0.6412296,0.0798977,0.1
17559,2,0.58825886,0.63532066,0.0470618,0.1
17560,2,0.59293836,0.44591552,0.14702284,0.1
17561,2,0.38090774,0.46043047,0.07952273,0.1
17562,2,0.41261792,0.34682786,0.06579006,0.1
17563,2,0.2911361,0.29718396,0.0060478747,0.1
17564,2,0.24674815,0.17712702,0.06962113,0.1
17565,2,0.11858214,0.26130784,0.1427257,0.1
17566,2,0.23396392,0.07784609,0.15611783,0.1
17567,2,0.028498054,0.035313465,0.006815411,0.1
17568,2,-0.007116154,-0.05787311,0.050756957,0.1
17569,2,-0.10338625,-0.058269385,0.045116868,0.1
17570,2,-0.08912477,-0.1020741,0.012949333,0.1
17571,2,-0.12811443,-0.15367348,0.025559053,0.1
17572,2,-0.17693055,-0.18108824,0.004157692,0.1
17573,2,-0.19753844,-0.30905062,0.111512184,0.1
17574,2,-0.33745673,-0.2369007,0.10055603,0.1
17575,2,-0.24012715,-0.22770777,0.012419373,0.1
17576,2,-0.22054362,-0.28665343,0.06610981,0.1
17577,2,-0.28310055,-0.33382517,0.050724626,0.1
17578,2,-0.33157146,-0.3884314,0.05685994,0.1
17579,2,-0.38877523,-0.4797754,0.09100017,0.1
17580,2,-0.48850232,-0.44081286,0.047689468,0.1
17581,2,-0.43485767,-0.43904498,0.0041873157,0.1
17582,2,-0.42707556,-0.4272087,0.00013312697,0.1
17583,2,-0.40872276,-0.46864566,0.059922904,0.1
17584,2,-0.45407885,-0.45533952,0.001260668,0.1
17585,2,-0.43528914,-0.49253452,0.057245374,0.1
17586,2,-0.47672707,-0.47602618,0.000700891,0.1
17587,2,-0.4552701,-0.4345945,0.0206756,0.1
17588,2,-0.40584326,-0.32407624,0.08176702,0.1
17589,2,-0.2770736,-0.34359056,0.066516966,0.1
17590,2,-0.30409703,-0.29032558,0.013771445,0.1
17591,2,-0.24531221,-0.14531045,0.10000177,0.1
17592,2,-0.08002238,-0.20131893,0.121296555,0.1
17593,2,-0.15498221,-0.03597594,0.11900627,0.1
17594,2,0.03261421,0.102321155,0.06970695,0.1
17595,2,0.18472907,0.17869641,0.0060326606,0.1
17596,2,0.26123726,0.3469669,0.08572963,0.1
17597,2,0.4440673,0.48415688,0.040089577,0.1
17598,2,0.5869178,0.5222941,0.06462371,0.1
17599,2,0.6124872,0.7038544,0.091367185,0.1
17600,2,0.80368596,0.72523415,0.07845181,0.1
17601,2,0.80793816,0.85731304,0.04937488,0.1
17602,2,0.9399818,0.84598404,0.09399778,0.1
17603,2,0.9073269,0.94922006,0.041893184,0.1
17604,2,1.0074222,1.0381705,0.030748248,0.1
17605,2,1.0902097,1.1543357,0.064126015,0.1
17606,2,1.2023227,1.2104796,0.008156896,0.1
17607,2,1.246582,1.2252107,0.021371365,0.1
17608,2,1.245884,1.2144501,0.03143382,0.1
17609,2,1.2189615,1.2081932,0.010768294,0.1
17610,2,1.199585,1.2413046,0.041719675,0.1
17611,2,1.2262449,1.2889403,0.062695384,0.1
17612,2,1.2697976,1.1733227,0.096474886,0.1
17613,2,1.132257,1.1170406,0.015216351,0.1
17614,2,1.0652514,1.1115843,0.046332955,0.1
17615,2,1.0584257,1.0235654,0.034860253,0.1
17616,2,0.9588205,0.9111239,0.04769665,0.1
17617,2,0.8335157,0.8955953,0.06207961,0.1
17618,2,0.823013,0.87613004,0.053117037,0.1
17619,2,0.80840605,0.9381331,0.12972707,0.1
17620,2,0.8879201,0.859014,0.028906107,0.1
17621,2,0.80292827,0.8476464,0.044718146,0.1
17622,2,0.79797035,0.77187586,0.026094496,0.1
17623,2,0.7180552,0.6451577,0.072897494,0.1
17624,2,0.57961375,0.65193146,0.07231772,0.1
17625,2,0.5998964,0.5162136,0.083682775,0.1
17626,2,0.45157993,0.5444269,0.09284699,0.1
17627,2,0.49857244,0.44778553,0.050786912,0.1
17628,2,0.39641404,0.3649867,0.031427354,0.1
17629,2,0.31164545,0.36792937,0.05628392,0.1
17630,2,0.32902688,0.23909502,0.08993186,0.1
17631,2,0.1888248,0.20519891,0.016374111,0.1
17632,2,0.16285877,0.1392032,0.023655564,0.1
17633,2,0.09807162,0.013898436,0.08417319,0.1
17634,2,-0.036921427,-0.09662513,0.0597037,0.1
17635,2,-0.15271324,-0.1287402,0.023973033,0.1
17636,2,-0.1746555,-0.150567,0.024088502,0.1
17637,2,-0.18552011,-0.22004946,0.034529343,0.1
17638,2,-0.25397032,-0.25978658,0.005816251,0.1
17639,2,-0.28738075,-0.3449053,0.057524532,0.1
17640,2,-0.3748855,-0.3664136,0.008471906,0.1
17641,2,-0.38722903,-0.3799676,0.0072614253,0.1
17642,2,-0.39154184,-0.40243888,0.01089704,0.1
17643,2,-0.40774745,-0.563551,0.15580356,0.1
17644,2,-0.586068,-0.5297765,0.05629146,0.1
17645,2,-0.5352681,-0.542632,0.007363856,0.1
17646,2,-0.5413143,-0.50597745,0.035336852,0.1
17647,2,-0.49096698,-0.5685987,0.07763171,0.1
17648,2,-0.55857307,-0.57006115,0.01148808,0.1
17649,2,-0.5546939,-0.501081,0.053612888,0.1
17650,2,-0.4700337,-0.45546776,0.014565945,0.1
17651,2,-0.41538858,-0.53546464,0.12007606,0.1
17652,2,-0.50930977,-0.5211506,0.01184082,0.1
17653,2,-0.4919123,-0.4155405,0.07637182,0.1
17654,2,-0.36891913,-0.30614862,0.062770516,0.1
17655,2,-0.24430504,-0.1288171,0.11548795,0.1
17656,2,-0.042740166,-0.1541907,0.11145054,0.1
17657,2,-0.08383815,-0.04040611,0.04343204,0.1
17658,2,0.04018396,-0.027055265,0.067239225,0.1
17659,2,0.043563716,0.11397081,0.07040709,0.1
17660,2,0.19781867,0.19910647,0.001287803,0.1
17661,2,0.2837033,0.32813108,0.044427782,0.1
17662,2,0.41984388,0.3887248,0.031119078,0.1
17663,2,0.47391656,0.396616,0.07730055,0.1
17664,2,0.4663242,0.5807418,0.11441761,0.1
17665,2,0.66495496,0.61332685,0.051628113,0.1
17666,2,0.684905,0.71298975,0.028084755,0.1
17667,2,0.7832834,0.69980955,0.08347386,0.1
17668,2,0.75089234,0.7990076,0.048115253,0.1
17669,2,0.85020965,0.97804266,0.12783301,0.1
17670,2,1.0378429,0.9942279,0.043614984,0.1
17671,2,1.0386331,1.0514635,0.012830377,0.1
17672,2,1.0874016,1.0471908,0.040210843,0.1
17673,2,1.0675632,1.100785,0.03322184,0.1
17674,2,1.11505,1.1504784,0.035428405,0.1
17675,2,1.1585064,1.1368334,0.021672964,0.1
17676,2,1.1317043,1.1296178,0.0020865202,0.1
17677,2,1.1144028,1.0606731,0.053729653,0.1
17678,2,1.0292516,1.1312277,0.101976156,0.1
17679,2,1.1049714,1.1149869,0.010015488,0.1
17680,2,1.0822225,1.0634952,0.018727303,0.1
17681,2,1.0211635,1.0537477,0.03258419,0.1
17682,2,1.009809,1.0610064,0.05119741,0.1
17683,2,1.0188072,0.9368113,0.081995845,0.1
17684,2,0.87793726,0.9882335,0.11029625,0.1
17685,2,0.9419667,0.8292944,0.11267233,0.1
17686,2,0.76271015,0.7436743,0.019035876,0.1
17687,2,0.67159253,0.7446492,0.07305664,0.1
17688,2,0.6832751,0.72460943,0.04133433,0.1
17689,2,0.6698405,0.51294035,0.15690017,0.1
17690,2,0.43159512,0.45772555,0.026130438,0.1
17691,2,0.38113645,0.54651546,0.16537902,0.1
17692,2,0.50060534,0.45771912,0.042886227,0.1
17693,2,0.4073331,0.436795,0.02946189,0.1
17694,2,0.3951608,0.42109677,0.025935978,0.1
17695,2,0.3884115,0.26519755,0.12321395,0.1
17696,2,0.21485332,0.24465932,0.029806003,0.1
17697,2,0.20410238,0.14685456,0.057247818,0.1
17698,2,0.100747675,0.11711396,0.016366288,0.1
17699,2,0.07912584,-0.027250137,0.10637598,0.1
17700,2,-0.079102814,0.059856433,0.13895924,0.1
17701,2,0.038955964,0.040128738,0.0011727735,0.1
17702,2,0.026456073,-0.08996526,0.116421334,0.1
17703,2,-0.1177887,-0.19814432,0.080355614,0.1
17704,2,-0.23399848,-0.21478936,0.019209117,0.1
17705,2,-0.2408908,-0.29780808,0.05691728,0.1
17706,2,-0.32718313,-0.3196527,0.007530421,0.1
17707,2,-0.340909,-0.36066905,0.019760042,0.1
17708,2,-0.3782156,-0.36191124,0.016304374,0.1
17709,2,-0.36940992,-0.39823025,0.028820336,0.1
17710,2,-0.4033246,-0.47565007,0.07232547,0.1
17711,2,-0.48570108,-0.41474316,0.07095793,0.1
17712,2,-0.4057786,-0.45753717,0.051758587,0.1
17713,2,-0.4502172,-0.53279454,0.08257735,0.1
17714,2,-0.532426,-0.46736982,0.065056175,0.1
17715,2,-0.44988173,-0.39573678,0.05414495,0.1
17716,2,-0.36272338,-0.3674039,0.0046805143,0.1
17717,2,-0.32906485,-0.34787646,0.018811613,0.1
17718,2,-0.30723253,-0.49419662,0.1869641,0.1
17719,2,-0.4802093,-0.40558368,0.07462561,0.1
17720,2,-0.37544173,-0.27208132,0.103360415,0.1
17721,2,-0.22045907,-0.30858275,0.08812368,0.1
17722,2,-0.2688336,-0.19207972,0.076753885,0.1
17723,2,-0.13627118,-0.11004101,0.026230171,0.1
17724,2,-0.047004074,-0.035750635,0.011253439,0.1
17725,2,0.03141904,0.111238286,0.07981925,0.1
17726,2,0.1939658,0.24938704,0.055421248,0.1
17727,2,0.34290665,0.3255049,0.017401755,0.1
17728,2,0.4165384,0.39722955,0.019308835,0.1
17729,2,0.48426387,0.6055618,0.121297926,0.1
17730,2,0.709029,0.6555487,0.053480327,0.1
17731,2,0.7471485,0.6850717,0.062076807,0.1
17732,2,0.76231337,0.781992,0.019678652,0.1
17733,2,0.85604155,0.9398429,0.08380133,0.1
17734,2,1.0172362,1.0018678,0.015368462,0.1
17735,2,1.0677066,1.0551426,0.012563944,0.1
17736,2,1.1088436,1.117889,0.009045482,0.1
17737,2,1.1613119,1.1944157,0.033103824,0.1
17738,2,1.2293594,1.1607066,0.06865275,0.1
17739,2,1.1752629,1.2665235,0.09126055,0.1
17740,2,1.2789695,1.177537,0.10143256,0.1
17741,2,1.166105,1.1723824,0.006277323,0.1
17742,2,1.1510994,1.2144728,0.06337333,0.1
17743,2,1.1907837,1.2625048,0.07172108,0.1
17744,2,1.2373118,1.2161351,0.021176696,0.1
17745,2,1.1790924,1.3335878,0.15449536,0.1
17746,2,1.3048971,1.1664724,0.13842463,0.1
17747,2,1.1127708,1.2327933,0.120022535,0.1
17748,2,1.1872041,1.1521461,0.03505802,0.1
17749,2,1.0958757,1.0192828,0.07659292,0.1
17750,2,0.9473101,0.856374,0.090936065,0.1
17751,2,0.7664332,0.86562574,0.09919256,0.1
17752,2,0.7884755,0.74169815,0.046777368,0.1
17753,2,0.6550448,0.6582425,0.0031977296,0.1
17754,2,0.57098794,0.6775375,0.10654956,0.1
17755,2,0.6085036,0.6315036,0.023000002,0.1
17756,2,0.567815,0.63921267,0.07139766,0.1
17757,2,0.5901956,0.4677724,0.1224232,0.1
17758,2,0.40047437,0.4728304,0.072356045,0.1
17759,2,0.42164147,0.5455322,0.12389076,0.1
17760,2,0.52072865,0.41552034,0.10520831,0.1
17761,2,0.37766415,0.23508702,0.14257713,0.1
17762,2,0.17657268,0.21574846,0.03917578,0.1
17763,2,0.16915743,0.19822398,0.029066548,0.1
17764,2,0.16274433,0.20756581,0.044821486,0.1
17765,2,0.18692261,0.07113478,0.11578783,0.1
17766,2,0.036363475,0.062139522,0.025776047,0.1
17767,2,0.03881854,-0.018248588,0.057067126,0.1
17768,2,-0.04482922,-0.017307203,0.027522016,0.1
17769,2,-0.03161414,-0.13039988,0.09878574,0.1
17770,2,-0.15505311,-0.29170242,0.13664931,0.1
17771,2,-0.33329034,-0.31419364,0.019096702,0.1
17772,2,-0.3456285,-0.2964179,0.049210608,0.1
17773,2,-0.3118239,-0.385246,0.073422104,0.1
17774,2,-0.40546566,-0.46065027,0.055184603,0.1
17775,2,-0.48239523,-0.49382898,0.01143375,0.1
17776,2,-0.50964504,-0.49051222,0.019132823,0.1
17777,2,-0.49517286,-0.524021,0.028848171,0.1
17778,2,-0.52538264,-0.5409255,0.015542865,0.1
17779,2,-0.5369448,-0.5727673,0.03582251,0.1
17780,2,-0.5669021,-0.5203737,0.0465284,0.1
17781,2,-0.49949437,-0.48860842,0.010885954,0.1
17782,2,-0.4587369,-0.44267148,0.016065419,0.1
17783,2,-0.4032792,-0.2996064,0.10367277,0.1
17784,2,-0.23602092,-0.42627,0.19024909,0.1
17785,2,-0.38925284,-0.38492087,0.004331976,0.1
17786,2,-0.34266117,-0.4059037,0.063242525,0.1
17787,2,-0.37056488,-0.3072198,0.063345075,0.1
17788,2,-0.25777102,-0.24647067,0.01130034,0.1
17789,2,-0.19199389,-0.10823531,0.083758585,0.1
17790,2,-0.03644216,0.010946783,0.047388945,0.1
17791,2,0.09365142,0.10740733,0.01375591,0.1
17792,2,0.19459647,0.23543797,0.040841505,0.1
17793,2,0.33087933,0.28122643,0.049652904,0.1
17794,2,0.3684437,0.2904885,0.07795519,0.1
17795,2,0.36333168,0.4925666,0.12923491,0.1
17796,2,0.5841601,0.5203786,0.0637815,0.1
17797,2,0.5987185,0.7340784,0.13535988,0.1
17798,2,0.827761,0.8158905,0.011870503,0.1
17799,2,0.90158355,0.8568086,0.04477495,0.1
17800,2,0.92863065,0.93531364,0.006682992,0.1
17801,2,0.999353,0.9962939,0.0030590892,0.1
17802,2,1.0501678,1.0298603,0.02030754,0.1
17803,2,1.0707071,1.1104616,0.03975451,0.1
17804,2,1.1451776,1.1523064,0.0071288347,0.1
17805,2,1.1762447,1.2589768,0.08273208,0.1
17806,2,1.2796726,1.2534446,0.02622807,0.1
17807,2,1.2584889,1.1824406,0.076048255,0.1
17808,2,1.1667845,1.1652344,0.0015500784,0.1
17809,2,1.1389375,1.1159554,0.02298212,0.1
17810,2,1.0771339,1.1954327,0.11829877,0.1
17811,2,1.1628101,1.1912026,0.028392553,0.1
17812,2,1.1537428,1.0846783,0.0690645,0.1
17813,2,1.0306149,1.0384278,0.007812977,0.1
17814,2,0.97923166,0.983295,0.004063368,0.1
17815,2,0.9194601,0.9249609,0.0055007935,0.1
17816,2,0.85766274,1.0284197,0.170757,0.1
17817,2,0.98274875,0.8991377,0.08361107,0.1
17818,2,0.83851945,0.8144015,0.024117947,0.1
17819,2,0.7482123,0.7096925,0.0385198,0.1
17820,2,0.63605034,0.6035739,0.032476425,0.1
17821,2,0.5238109,0.6222808,0.09846985,0.1
17822,2,0.5599582,0.43199667,0.12796155,0.1
17823,2,0.34856445,0.486248,0.13768354,0.1
17824,2,0.42898905,0.37500528,0.053983778,0.1
17825,2,0.3111344,0.5133574,0.202223,0.1
17826,2,0.4890012,0.4039408,0.08506042,0.1
17827,2,0.3699081,0.31305417,0.05685392,0.1
17828,2,0.27390635,0.243799,0.03010735,0.1
17829,2,0.20432162,0.102897115,0.10142451,0.1
17830,2,0.050118253,0.11356588,0.063447624,0.1
17831,2,0.07764659,0.017173527,0.060473062,0.1
17832,2,-0.023776054,-0.016691385,0.0070846695,0.1
17833,2,-0.050247267,-0.017075721,0.033171546,0.1
17834,2,-0.037852094,-0.037905306,5.3212047e-05,0.1
17835,2,-0.051377505,-0.095191024,0.04381352,0.1
17836,2,-0.1091934,-0.108534776,0.0006586239,0.1
17837,2,-0.11504784,-0.20894669,0.09389885,0.1
17838,2,-0.22492301,-0.22027917,0.0046438426,0.1
17839,2,-0.22841269,-0.3352646,0.106851906,0.1
17840,2,-0.3550058,-0.4678009,0.112795085,0.1
17841,2,-0.499736,-0.50515085,0.0054148436,0.1
17842,2,-0.5311863,-0.47913727,0.05204901,0.1
17843,2,-0.48943883,-0.38663515,0.10280368,0.1
17844,2,-0.37214208,-0.3918006,0.019658536,0.1
17845,2,-0.37311417,-0.42881083,0.055696666,0.1
17846,2,-0.412517,-0.5169704,0.104453385,0.1
17847,2,-0.5115428,-0.49521935,0.016323447,0.1
17848,2,-0.4811368,-0.39090908,0.09022772,0.1
17849,2,-0.35573792,-0.47184086,0.116102934,0.1
17850,2,-0.45062655,-0.5223473,0.07172072,0.1
17851,2,-0.50826305,-0.38040686,0.1278562,0.1
17852,2,-0.34066352,-0.38450328,0.043839753,0.1
17853,2,-0.3480118,-0.37091276,0.022900969,0.1
17854,2,-0.3348782,-0.3033795,0.0314987,0.1
17855,2,-0.25899452,-0.26243576,0.0034412444,0.1
17856,2,-0.21613163,-0.23827688,0.022145256,0.1
17857,2,-0.1939879,-0.13746504,0.05652286,0.1
17858,2,-0.08191629,-0.015341848,0.06657444,0.1
17859,2,0.053151727,0.052804075,0.00034765154,0.1
17860,2,0.122147836,0.175804,0.05365617,0.1
17861,2,0.25473708,0.43589437,0.18115729,0.1
17862,2,0.54332685,0.44027102,0.103055835,0.1
17863,2,0.5295018,0.6016421,0.07214028,0.1
17864,2,0.6991395,0.6528816,0.046257854,0.1
17865,2,0.7389279,0.78293484,0.044006944,0.1
17866,2,0.86940473,0.845495,0.023909748,0.1
17867,2,0.92112154,0.94783664,0.0267151,0.1
17868,2,1.0181212,1.0012065,0.016914725,0.1
17869,2,1.0591323,1.0111018,0.048030496,0.1
17870,2,1.0520993,1.1600356,0.10793626,0.1
17871,2,1.2021334,1.283845,0.08171153,0.1
17872,2,1.3208337,1.1901752,0.1306585,0.1
17873,2,1.1989608,1.1882024,0.0107584,0.1
17874,2,1.1835926,1.2106487,0.027056098,0.1
17875,2,1.1976404,1.1245781,0.0730623,0.1
17876,2,1.0915818,1.119431,0.027849197,0.1
17877,2,1.0805486,1.1741753,0.09362662,0.1
17878,2,1.1383984,1.1592226,0.020824194,0.1
17879,2,1.1177847,1.0716532,0.04613149,0.1
17880,2,1.0165873,1.058274,0.041686773,0.1
17881,2,1.0026975,1.00274,4.2557716e-05,0.1
17882,2,0.94175833,0.93610704,0.005651295,0.1
17883,2,0.86979455,0.90252185,0.0327273,0.1
17884,2,0.83772606,0.95932573,0.121599674,0.1
17885,2,0.9104192,0.80511266,0.105306566,0.1
17886,2,0.73804754,0.77561307,0.03756553,0.1
17887,2,0.71364784,0.74084157,0.027193725,0.1
17888,2,0.68326,0.68959475,0.006334722,0.1
17889,2,0.6338275,0.6364067,0.0025792122,0.1
17890,2,0.5825013,0.5126116,0.069889665,0.1
17891,2,0.44845322,0.45409214,0.005638927,0.1
17892,2,0.39317003,0.3931326,3.7431717e-05,0.1
17893,2,0.33516273,0.35490987,0.019747138,0.1
17894,2,0.30422062,0.327687,0.023466378,0.1
17895,2,0.2857697,0.29442698,0.008657277,0.1
17896,2,0.25935125,0.24328025,0.016071007,0.1
17897,2,0.2110269,0.105014935,0.10601197,0.1
17898,2,0.05919887,-0.040142566,0.09934144,0.1
17899,2,-0.09867436,-0.08446674,0.014207616,0.1
17900,2,-0.13511682,-0.17655356,0.041436747,0.1
17901,2,-0.22864422,-0.20440084,0.024243385,0.1
17902,2,-0.24575213,-0.17822777,0.06752436,0.1
17903,2,-0.20033175,-0.14574286,0.054588884,0.1
17904,2,-0.15001214,-0.24000572,0.08999358,0.1
17905,2,-0.2520348,-0.27354893,0.021514118,0.1
17906,2,-0.28155428,-0.2381483,0.04340598,0.1
17907,2,-0.23056287,-0.26787242,0.037309557,0.1
17908,2,-0.25888002,-0.2811007,0.022220671,0.1
17909,2,-0.26833826,-0.4175853,0.14924705,0.1
17910,2,-0.42316127,-0.48986867,0.0667074,0.1
17911,2,-0.50002,-0.6252202,0.12520015,0.1
17912,2,-0.64860815,-0.58084726,0.067760885,0.1
17913,2,-0.5868769,-0.5403691,0.046507835,0.1
17914,2,-0.5321409,-0.48463255,0.04750836,0.1
17915,2,-0.4619105,-0.36088112,0.101029366,0.1
17916,2,-0.31456798,-0.41164756,0.097079575,0.1
17917,2,-0.3757345,-0.3225081,0.05322641,0.1
17918,2,-0.27210084,-0.30948284,0.037382007,0.1
17919,2,-0.26061505,-0.25372735,0.006887704,0.1
17920,2,-0.19943956,-0.24041028,0.040970728,0.1
17921,2,-0.18973938,-0.26950663,0.07976726,0.1
17922,2,-0.23025292,-0.21130879,0.01894413,0.1
17923,2,-0.1670211,0.055487283,0.22250837,0.1
17924,2,0.13929984,0.075180225,0.064119615,0.1
17925,2,0.14990851,0.2678339,0.117925376,0.1
17926,2,0.36363,0.37072372,0.0070937276,0.1
17927,2,0.46825433,0.3478051,0.120449215,0.1
17928,2,0.4241863,0.50203043,0.07784414,0.1
17929,2,0.5890098,0.54664826,0.042361557,0.1
17930,2,0.6237972,0.61427873,0.009518445,0.1
17931,2,0.68584925,0.7955457,0.10969645,0.1
17932,2,0.8775026,0.88405216,0.006549537,0.1
17933,2,0.9597197,0.9236013,0.03611839,0.1
17934,2,0.9859813,0.955041,0.030940294,0.1
17935,2,1.004176,1.1064949,0.10231888,0.1
17936,2,1.1578248,1.0987346,0.059090137,0.1
17937,2,1.131567,1.1278942,0.0036728382,0.1
17938,2,1.149147,1.27324,0.12409294,0.1
17939,2,1.2960038,1.2508513,0.045152545,0.1
17940,2,1.2560437,1.2080936,0.04795003,0.1
17941,2,1.1961334,1.1884881,0.0076452494,0.1
17942,2,1.1650705,1.0941293,0.07094121,0.1
17943,2,1.0520132,1.1202979,0.06828475,0.1
17944,2,1.0790013,1.0776544,0.0013469458,0.1
17945,2,1.0286608,1.0758494,0.04718864,0.1
17946,2,1.0267991,0.9625075,0.0642916,0.1
17947,2,0.89841455,0.98494256,0.086528,0.1
17948,2,0.9289811,0.8058387,0.12314242,0.1
17949,2,0.7268243,0.7780108,0.051186502,0.1
17950,2,0.70417106,0.84925574,0.14508468,0.1
17951,2,0.7967501,0.74671805,0.05003208,0.1
17952,2,0.68531275,0.7727629,0.08745015,0.1
17953,2,0.725641,0.6312466,0.094394386,0.1
17954,2,0.56899,0.50179493,0.06719506,0.1
17955,2,0.42855793,0.4466387,0.018080771,0.1
17956,2,0.37776008,0.4111504,0.033390313,0.1
17957,2,0.35035938,0.38322657,0.032867193,0.1
17958,2,0.33144224,0.31608212,0.015360117,0.1
17959,2,0.2653397,0.30106497,0.035725266,0.1
17960,2,0.26123035,0.24647826,0.01475209,0.1
17961,2,0.20905863,0.105305105,0.10375352,0.1
17962,2,0.05415213,0.16691223,0.1127601,0.1
17963,2,0.14173488,0.1739915,0.03225662,0.1
17964,2,0.16140728,0.0980665,0.063340776,0.1
17965,2,0.08088268,-0.04038126,0.12126394,0.1
17966,2,-0.073108435,-0.09477147,0.021663032,0.1
17967,2,-0.12544489,-0.18749689,0.062051997,0.1
17968,2,-0.22314811,-0.25986764,0.03671953,0.1
17969,2,-0.2958129,-0.22413589,0.071677014,0.1
17970,2,-0.24081555,-0.29666528,0.05584973,0.1
17971,2,-0.3160666,-0.3219765,0.0059099197,0.1
17972,2,-0.3353764,-0.31183532,0.023541093,0.1
17973,2,-0.31392765,-0.38162622,0.06769857,0.1
17974,2,-0.38814074,-0.38702005,0.0011206865,0.1
17975,2,-0.38633937,-0.35198113,0.034358233,0.1
17976,2,-0.33832344,-0.40512058,0.06679714,0.1
17977,2,-0.3960297,-0.37514353,0.020886183,0.1
17978,2,-0.3560052,-0.36969253,0.013687342,0.1
17979,2,-0.3466391,-0.28165442,0.06498468,0.1
17980,2,-0.24129745,-0.37616968,0.13487223,0.1
17981,2,-0.3534961,-0.3854606,0.03196448,0.1
17982,2,-0.36370948,-0.49437255,0.13066307,0.1
17983,2,-0.49047202,-0.44765913,0.042812884,0.1
17984,2,-0.4332077,-0.34452927,0.08867842,0.1
17985,2,-0.31155673,-0.29123023,0.020326495,0.1
17986,2,-0.25125426,-0.22407863,0.027175635,0.1
17987,2,-0.17620978,-0.14305343,0.03315635,0.1
17988,2,-0.08657272,-0.060809135,0.025763586,0.1
17989,2,0.0026863813,0.08052764,0.07784126,0.1
17990,2,0.15971568,0.07383028,0.085885406,0.1
17991,2,0.13934992,0.19258058,0.05323066,0.1
17992,2,0.26787916,0.3060752,0.038196027,0.1
17993,2,0.38791156,0.3515814,0.036330163,0.1
17994,2,0.42644256,0.5005132,0.07407063,0.1
17995,2,0.5855786,0.5310683,0.054510295,0.1
17996,2,0.6044858,0.5727545,0.031731308,0.1
17997,2,0.63726395,0.54880047,0.088463485,0.1
17998,2,0.594291,0.6769247,0.082633734,0.1
17999,2,0.7302281,0.8238363,0.0936082,0.1
