t,regime,prediction,target,abs_error,alpha_final
12064,1,-0.8686668,-0.7641853,0.10448152,0.6730985
12065,1,-0.49871725,-0.27512532,0.22359192,0.6673994
12066,1,0.13775648,0.15765664,0.019900158,0.6515452
12067,1,0.56371844,0.57823366,0.014515221,0.614784
12068,1,0.9315289,0.8908993,0.040629625,0.58201236
12069,1,1.1457592,1.1608394,0.015080214,0.5547658
12070,1,1.3233354,1.1450845,0.17825091,0.53926295
12071,1,1.2160355,1.0815812,0.13445425,0.51295865
12072,1,1.0962318,1.0205343,0.07569754,0.511064
12073,1,1.0056945,0.8436431,0.16205138,0.5142166
12074,1,0.7930387,0.67315394,0.11988479,0.5130876
12075,1,0.59757864,0.56261444,0.034964204,0.5251255
12076,1,0.48783046,0.53914213,0.05131167,0.53878623
12077,1,0.4959879,0.46205774,0.033930153,0.54841006
12078,1,0.41649693,0.2813277,0.13516924,0.5496662
12079,1,0.18853112,0.10978427,0.07874685,0.55550873
12080,1,-0.014697537,-0.10355705,0.08885951,0.57099676
12081,1,-0.27439547,-0.25089154,0.02350393,0.58508176
12082,1,-0.4174217,-0.37952125,0.037900448,0.6020104
12083,1,-0.53688973,-0.4764596,0.06043014,0.61246073
12084,1,-0.61388874,-0.5700668,0.04382193,0.62115127
12085,1,-0.6983775,-0.764591,0.06621349,0.62658316
12086,1,-0.9448452,-0.9630713,0.018226087,0.62633693
12087,1,-1.1616331,-1.1464927,0.015140414,0.63182706
12088,1,-1.3335688,-1.33557,0.0020011663,0.6362518
12089,1,-1.5027653,-1.4156485,0.08711684,0.6368143
12090,1,-1.5174595,-1.5339428,0.016483307,0.6470865
12091,1,-1.6132045,-1.6500479,0.03684342,0.64296156
12092,1,-1.7045298,-1.714383,0.009853244,0.6421634
12093,1,-1.7294883,-1.9424682,0.21297991,0.6464956
12094,1,-1.9550484,-1.9995669,0.04451847,0.62648594
12095,1,-1.9504713,-2.0297008,0.079229474,0.64288574
12096,1,-1.9402628,-2.1108766,0.17061377,0.64505935
12097,1,-2.0053546,-2.2026665,0.19731188,0.6383258
12098,1,-2.0741117,-2.1641645,0.09005284,0.6353549
12099,1,-1.9965101,-2.1058407,0.109330535,0.64944243
12100,1,-1.9252673,-2.0360804,0.11081302,0.6524923
12101,1,-1.8577664,-1.743909,0.11385739,0.6548355
12102,1,-1.4893001,-1.6210678,0.13176763,0.6786331
12103,1,-1.4397804,-1.3828927,0.056887627,0.6649342
12104,1,-1.1751665,-1.0375737,0.13759279,0.6751394
12105,1,-0.7462084,-0.4774919,0.26871654,0.67871034
12106,1,0.0045495927,-0.08659683,0.091146424,0.6686406
12107,1,0.33697796,0.33131176,0.0056661963,0.6315197
12108,1,0.7162833,0.6277416,0.088541746,0.60000443
12109,1,0.91833556,0.9163197,0.002015829,0.5692626
12110,1,1.1312455,0.93699765,0.19424784,0.5514502
12111,1,1.0498853,0.96684897,0.0830363,0.526316
12112,1,1.0245333,0.99844974,0.026083529,0.5256084
12113,1,1.0263361,0.83749384,0.18884224,0.5241742
12114,1,0.81493556,0.59484565,0.22008991,0.5149663
12115,1,0.5136657,0.5177038,0.0040380955,0.5243748
12116,1,0.4491076,0.47745293,0.028345346,0.54526204
12117,1,0.43117923,0.28150147,0.14967775,0.5517168
12118,1,0.18289085,0.16605225,0.016838595,0.55415744
12119,1,0.06585054,0.029246284,0.036604255,0.5710689
12120,1,-0.086550206,-0.13989025,0.053340048,0.5808162
12121,1,-0.2867906,-0.22212914,0.06466147,0.591763
12122,1,-0.34138602,-0.4785722,0.13718617,0.6054798
12123,1,-0.6837099,-0.6334598,0.050250113,0.6074305
12124,1,-0.82691216,-0.8226777,0.004234493,0.62437314
12125,1,-1.026122,-0.975074,0.05104798,0.6288142
12126,1,-1.1583618,-0.97987777,0.17848402,0.63626367
12127,1,-1.0723096,-1.1419518,0.069642186,0.6494835
12128,1,-1.2755208,-1.1899462,0.08557463,0.63817096
12129,1,-1.2798505,-1.3627882,0.08293772,0.649121
12130,1,-1.4817107,-1.4414628,0.040247917,0.63836193
12131,1,-1.5218031,-1.6191396,0.09733641,0.6471672
12132,1,-1.7024695,-1.7845166,0.082047105,0.63645333
12133,1,-1.8375252,-1.9185438,0.08101857,0.6355554
12134,1,-1.9243314,-1.8790488,0.045282602,0.6365327
12135,1,-1.8100396,-2.0071678,0.19712818,0.6543887
12136,1,-1.9446898,-2.1384096,0.19371986,0.6355182
12137,1,-2.0518966,-2.1747358,0.12283921,0.63258505
12138,1,-2.0450935,-1.9661158,0.078977704,0.6416588
12139,1,-1.7582002,-1.8373867,0.07918656,0.6689333
12140,1,-1.6487268,-1.7637461,0.11501932,0.6633725
12141,1,-1.6185858,-1.4478066,0.17077923,0.65913177
12142,1,-1.2014433,-1.1839865,0.01745677,0.68149024
12143,1,-0.9358884,-0.8363062,0.099582195,0.67540425
12144,1,-0.5262197,-0.49820736,0.028012365,0.67296207
12145,1,-0.16959554,0.03145562,0.20105116,0.6564516
12146,1,0.4699353,0.3960462,0.07388911,0.6307626
12147,1,0.75882494,0.9038118,0.14498687,0.5912557
12148,1,1.2195605,1.0226142,0.19694626,0.5691987
12149,1,1.2027348,1.0328255,0.16990936,0.5311941
12150,1,1.1202518,1.0715547,0.048697114,0.52046406
12151,1,1.1113397,0.9604858,0.15085387,0.5213978
12152,1,0.95356,0.86534953,0.08821046,0.51252645
12153,1,0.83472025,0.7300811,0.10463917,0.5194597
12154,1,0.6766732,0.64144427,0.035228908,0.52438116
12155,1,0.5870718,0.5028007,0.08427107,0.5349049
12156,1,0.43009204,0.3411287,0.08896333,0.5409114
12157,1,0.24357487,0.06445012,0.17912474,0.5521158
12158,1,-0.10862599,0.0058238213,0.114449814,0.5657503
12159,1,-0.10855894,-0.13097301,0.022414073,0.5894853
12160,1,-0.2597674,-0.44787535,0.18810794,0.5938508
12161,1,-0.6849399,-0.57367074,0.111269176,0.6003846
12162,1,-0.76509917,-0.7308093,0.034289896,0.6239839
12163,1,-0.9175781,-0.85156196,0.06601614,0.6283626
12164,1,-1.0147504,-0.9320804,0.08266997,0.63582224
12165,1,-1.0611941,-1.0376313,0.023562789,0.64166546
12166,1,-1.1631114,-1.2281827,0.065071225,0.64175993
12167,1,-1.3824444,-1.3561608,0.026283622,0.6362957
12168,1,-1.4816765,-1.4662879,0.015388608,0.64260346
12169,1,-1.5600992,-1.5444959,0.015603304,0.64410514
12170,1,-1.6025873,-1.5681688,0.034418583,0.6467386
12171,1,-1.5847762,-1.5518789,0.032897234,0.6517667
12172,1,-1.5346543,-1.6393559,0.10470164,0.655614
12173,1,-1.646428,-1.722461,0.076032996,0.64506155
12174,1,-1.7262237,-1.8506247,0.12440097,0.64456326
12175,1,-1.8482628,-1.7932246,0.055038214,0.6382648
12176,1,-1.7248931,-1.8218849,0.09699178,0.65725344
12177,1,-1.7586843,-1.7104033,0.048280954,0.64858216
12178,1,-1.6007421,-1.5508047,0.049937367,0.6631877
12179,1,-1.408923,-1.4976175,0.08869445,0.6685453
12180,1,-1.4062529,-1.2824782,0.12377465,0.6592455
12181,1,-1.1256009,-0.967574,0.15802693,0.67266
12182,1,-0.7157941,-0.5602735,0.15552056,0.6747852
12183,1,-0.20236154,-0.11466437,0.08769717,0.664459
12184,1,0.29590303,0.35958752,0.06368449,0.63715416
12185,1,0.76491344,0.62129164,0.1436218,0.6015737
12186,1,0.91036546,0.9502425,0.039877057,0.56692004
12187,1,1.1714195,1.1056582,0.06576133,0.55314565
12188,1,1.2360142,1.1238023,0.11221194,0.5309526
12189,1,1.1818942,1.0972213,0.08467293,0.5171448
12190,1,1.1099414,0.946125,0.16381639,0.51395035
12191,1,0.917578,0.9616856,0.044107616,0.5094882
12192,1,0.94125664,0.84008604,0.1011706,0.52452767
12193,1,0.7985032,0.6829333,0.11556995,0.51850265
12194,1,0.61759084,0.51947814,0.0981127,0.52565044
12195,1,0.43290842,0.48698196,0.054073542,0.53736275
12196,1,0.43404162,0.31680804,0.117233574,0.5516535
12197,1,0.2264414,0.13646995,0.08997145,0.5534204
12198,1,0.011311963,-0.064268105,0.07558007,0.5679531
12199,1,-0.22735617,-0.2365593,0.009203136,0.58301085
12200,1,-0.4117706,-0.39171457,0.02005604,0.5988147
12201,1,-0.5678572,-0.6139731,0.046115875,0.6109566
12202,1,-0.8291429,-0.7529458,0.07619715,0.6175417
12203,1,-0.94033766,-0.8564805,0.08385718,0.63081986
12204,1,-1.010138,-1.0114317,0.0012936592,0.6374976
12205,1,-1.1736585,-1.1444345,0.029224038,0.6367927
12206,1,-1.2921027,-1.2548246,0.037278056,0.64087343
12207,1,-1.3774545,-1.4516288,0.074174285,0.64392227
12208,1,-1.5826731,-1.4839914,0.09868169,0.6358604
12209,1,-1.5428932,-1.6558868,0.1129936,0.65138817
12210,1,-1.7224473,-1.6759918,0.046455503,0.63661927
12211,1,-1.6829566,-1.7842588,0.101302266,0.65119284
12212,1,-1.7866443,-1.840738,0.05409372,0.6412591
12213,1,-1.8137174,-1.9521888,0.13847148,0.6455704
12214,1,-1.912729,-2.025422,0.11269307,0.6382301
12215,1,-1.9551827,-1.9442257,0.010957003,0.64077944
12216,1,-1.8188707,-1.931979,0.11310828,0.6574217
12217,1,-1.8135103,-1.9091315,0.09562123,0.65093356
12218,1,-1.7935191,-1.7953136,0.0017944574,0.6523264
12219,1,-1.655614,-1.627207,0.028406978,0.6625044
12220,1,-1.4644386,-1.3635325,0.100906014,0.6689084
12221,1,-1.1450088,-0.98447466,0.16053414,0.67709154
12222,1,-0.6626729,-0.5775738,0.0850991,0.6797261
12223,1,-0.19425099,-0.004483681,0.1897673,0.66536146
12224,1,0.48509192,0.47650248,0.008589447,0.63599527
12225,1,0.90313256,0.71478933,0.18834323,0.5933285
12226,1,0.9988307,0.9058652,0.09296548,0.5588007
12227,1,1.091802,0.9549859,0.13681608,0.54356825
12228,1,1.0561136,0.9839367,0.07217687,0.5280345
12229,1,1.0345951,0.9261106,0.10848451,0.52465034
12230,1,0.9349278,0.95882016,0.023892343,0.519488
12231,1,0.9633174,0.8428161,0.12050128,0.52629393
12232,1,0.8164154,0.8041795,0.0122359395,0.5188606
12233,1,0.7781233,0.56995344,0.20816988,0.5284981
12234,1,0.48941118,0.32676297,0.1626482,0.52704835
12235,1,0.19412597,0.21948817,0.025362208,0.54615265
12236,1,0.10667004,0.16091092,0.054240882,0.5672186
12237,1,0.08070688,-0.09324848,0.17395535,0.57643086
12238,1,-0.25891662,-0.2946883,0.035771698,0.580737
12239,1,-0.48869795,-0.3753916,0.11330634,0.6004601
12240,1,-0.5186145,-0.5510971,0.032482624,0.61630034
12241,1,-0.7267072,-0.66466016,0.062047064,0.6184676
12242,1,-0.8216623,-0.90053356,0.07887125,0.62940496
12243,1,-1.1096741,-1.028301,0.081373096,0.6269172
12244,1,-1.1993922,-1.1166811,0.0827111,0.6395798
12245,1,-1.2460693,-1.2170181,0.029051185,0.64458895
12246,1,-1.3296868,-1.3232553,0.0064314604,0.6445887
12247,1,-1.4243225,-1.4046596,0.019662857,0.64459205
12248,1,-1.4820998,-1.5643892,0.08228946,0.6469753
12249,1,-1.6478721,-1.7245193,0.07664716,0.6387216
12250,1,-1.786225,-1.9529762,0.16675127,0.63692963
12251,1,-1.9818242,-2.0316508,0.049826622,0.626246
12252,1,-1.9895097,-2.0688872,0.07937753,0.6401098
12253,1,-1.9771296,-2.092387,0.11525738,0.64362055
12254,1,-1.9719139,-2.1041627,0.13224876,0.64456826
12255,1,-1.9665807,-2.097743,0.13116229,0.6455302
12256,1,-1.9488412,-2.1277008,0.17885959,0.64748114
12257,1,-1.9805117,-1.919564,0.060947657,0.6432366
12258,1,-1.70973,-1.7220218,0.012291789,0.6695262
12259,1,-1.5086178,-1.475452,0.033165812,0.6707769
12260,1,-1.2461165,-1.169247,0.07686949,0.67601395
12261,1,-0.8987136,-0.76860553,0.13010806,0.67839867
12262,1,-0.4099561,-0.22836138,0.18159471,0.67391217
12263,1,0.25074452,0.1809517,0.06979282,0.6511038
12264,1,0.5985491,0.60317653,0.0046274066,0.61136687
12265,1,0.9579334,0.85931915,0.098614275,0.5804419
12266,1,1.102111,0.9327728,0.16933817,0.55171806
12267,1,1.0699632,0.9719241,0.09803909,0.5314709
12268,1,1.0440836,0.91782784,0.12625575,0.5262238
12269,1,0.9388701,0.9086001,0.03026998,0.5203033
12270,1,0.9116317,0.82088286,0.09074885,0.5250578
12271,1,0.7989148,0.59667057,0.20224422,0.5228728
12272,1,0.52167344,0.5233091,0.0016356707,0.525898
12273,1,0.4601767,0.3544262,0.1057505,0.5451648
12274,1,0.2601874,0.24119042,0.018996969,0.5503602
12275,1,0.1472043,0.08665658,0.060547717,0.56484807
12276,1,-0.03133124,0.027672976,0.059004217,0.5744405
12277,1,-0.05874364,-0.11291108,0.054167442,0.58763885
12278,1,-0.22988614,-0.27803,0.048143864,0.5921013
12279,1,-0.42968738,-0.48820633,0.058518946,0.6024247
12280,1,-0.6856242,-0.4927121,0.19291207,0.6120151
12281,1,-0.59384996,-0.64825034,0.054400384,0.629936
12282,1,-0.7960258,-0.82347983,0.027454019,0.6249977
12283,1,-1.0014033,-0.97532517,0.026078165,0.6300881
12284,1,-1.1485727,-1.1153693,0.033203363,0.6363189
12285,1,-1.2728946,-1.1949188,0.07797587,0.6398639
12286,1,-1.3100086,-1.2934928,0.016515851,0.6463014
12287,1,-1.3940061,-1.4011782,0.0071721077,0.64520925
12288,1,-1.4909397,-1.431283,0.05965674,0.6445046
12289,1,-1.4770483,-1.5681345,0.09108627,0.6517353
12290,1,-1.6294302,-1.7307415,0.101311326,0.64091384
12291,1,-1.7837046,-1.8029616,0.01925695,0.6365996
12292,1,-1.808103,-1.8641163,0.056013346,0.6445646
12293,1,-1.8356466,-1.9237905,0.088143826,0.6447517
12294,1,-1.8714917,-2.0167694,0.14527774,0.6439398
12295,1,-1.9489458,-1.8979216,0.0510242,0.6389303
12296,1,-1.7635235,-1.7455258,0.017997622,0.6616567
12297,1,-1.5830244,-1.6554565,0.07243216,0.6665566
12298,1,-1.5229324,-1.387599,0.13533342,0.66171193
12299,1,-1.1781718,-1.0992508,0.07892096,0.67753524
12300,1,-0.8477863,-0.7196046,0.1281817,0.6758692
12301,1,-0.3829888,-0.12828659,0.2547022,0.6704757
12302,1,0.36826873,0.4368835,0.06861478,0.6464506
12303,1,0.9094769,0.7780905,0.1313864,0.6015198
12304,1,1.1093738,0.99677825,0.11259556,0.56331056
12305,1,1.2044756,1.1326336,0.071842074,0.5414784
12306,1,1.24845,1.2120198,0.03643024,0.5280374
12307,1,1.263862,1.066397,0.19746506,0.51965564
12308,1,1.0622379,1.024533,0.037704825,0.50378245
12309,1,1.0020772,0.96415913,0.03791809,0.515867
12310,1,0.93147707,0.8126703,0.11880678,0.51717836
12311,1,0.757079,0.6777302,0.0793488,0.51741886
12312,1,0.6097611,0.41071942,0.1990417,0.5280607
12313,1,0.28530955,0.35956252,0.07425296,0.53698117
12314,1,0.27747524,0.13315317,0.14432207,0.5603172
12315,1,-0.0058045536,-0.10880893,0.10300437,0.5642324
12316,1,-0.30020785,-0.33253378,0.032325923,0.58302957
12317,1,-0.5505932,-0.4258645,0.12472871,0.6011321
12318,1,-0.58760613,-0.5193282,0.068277955,0.6184236
12319,1,-0.6566835,-0.6676269,0.010943413,0.62388366
12320,1,-0.82703424,-0.6897373,0.13729692,0.62650084
12321,1,-0.7863064,-0.90003204,0.11372566,0.638391
12322,1,-1.0718967,-1.1298364,0.057939768,0.62921
12323,1,-1.3297335,-1.3030282,0.026705265,0.6317732
12324,1,-1.4726032,-1.2968166,0.17578661,0.6382579
12325,1,-1.3650924,-1.4376389,0.07254648,0.65482426
12326,1,-1.5248137,-1.5507307,0.025917053,0.6412802
12327,1,-1.6211094,-1.620669,0.00044035912,0.64334595
12328,1,-1.6571102,-1.7622124,0.10510218,0.6469353
12329,1,-1.7920288,-1.8211651,0.0291363,0.6382611
12330,1,-1.809108,-1.964968,0.15585995,0.64561373
12331,1,-1.9385854,-2.1352322,0.19664681,0.6347023
12332,1,-2.073114,-2.1583962,0.085282326,0.6285789
12333,1,-2.0380957,-2.0333962,0.0046994686,0.64332825
12334,1,-1.8573866,-2.0254855,0.16809893,0.66018516
12335,1,-1.8733048,-1.8843066,0.011001706,0.6489379
12336,1,-1.7076895,-1.9331396,0.22545004,0.6639148
12337,1,-1.8187265,-1.7370983,0.0816282,0.64486766
12338,1,-1.5629,-1.3858958,0.1770041,0.6705117
12339,1,-1.1036695,-0.99624264,0.10742688,0.6839317
12340,1,-0.64267915,-0.6649418,0.022262633,0.6807548
12341,1,-0.32573748,-0.2492945,0.07644297,0.6647488
12342,1,0.13884391,0.18773153,0.048887625,0.64528024
12343,1,0.5819986,0.50646156,0.075537026,0.6126478
12344,1,0.82050943,0.83404386,0.013534427,0.579558
12345,1,1.0815564,0.9534076,0.12814885,0.5590354
12346,1,1.10247,1.0585598,0.043910265,0.53463125
12347,1,1.1454276,1.0035293,0.14189827,0.5282769
12348,1,1.0316923,0.8565424,0.17514986,0.51564777
12349,1,0.8357763,0.7531188,0.082657516,0.515104
12350,1,0.71220267,0.5735044,0.13869828,0.5257783
12351,1,0.49759847,0.51686496,0.019266486,0.5317013
12352,1,0.45982277,0.3426896,0.11713317,0.54716384
12353,1,0.2495492,0.11913153,0.13041767,0.5508802
12354,1,-0.026566252,-0.058120463,0.03155421,0.5656808
12355,1,-0.2202747,-0.1988472,0.021427497,0.5845402
12356,1,-0.3556419,-0.36631343,0.010671526,0.5987322
12357,1,-0.53972787,-0.3948108,0.14491707,0.60824937
12358,1,-0.49817967,-0.60832524,0.11014557,0.62197673
12359,1,-0.78722775,-0.7624721,0.024755657,0.6180395
12360,1,-0.9434671,-0.78791344,0.15555364,0.6298377
12361,1,-0.8952322,-0.91346204,0.018229842,0.64201045
12362,1,-1.0451086,-1.0303303,0.014778256,0.6371745
12363,1,-1.1640201,-1.1386129,0.025407195,0.64060277
12364,1,-1.2629907,-1.3532313,0.0902406,0.6430659
12365,1,-1.5048167,-1.4868511,0.017965555,0.6343946
12366,1,-1.5996581,-1.7240378,0.124379635,0.6417661
12367,1,-1.8222975,-1.7589848,0.06331265,0.62925345
12368,1,-1.7743242,-1.8196524,0.04532826,0.64881146
12369,1,-1.8015124,-1.9342917,0.13277936,0.6454662
12370,1,-1.9023886,-1.9701651,0.06777656,0.63822323
12371,1,-1.9006022,-1.9601357,0.059533477,0.64553505
12372,1,-1.8603301,-1.9921335,0.1318034,0.6502599
12373,1,-1.8901705,-1.9370797,0.046909213,0.6455415
12374,1,-1.8108579,-1.942466,0.13160813,0.65501946
12375,1,-1.8293167,-1.8874302,0.058113456,0.6490294
12376,1,-1.7640628,-1.6613348,0.10272801,0.65576196
12377,1,-1.4705423,-1.5001253,0.029582977,0.6737001
12378,1,-1.329424,-1.1093178,0.22010624,0.66882527
12379,1,-0.79904413,-0.6668272,0.13221693,0.6834086
12380,1,-0.26077127,-0.13661599,0.12415528,0.6720727
12381,1,0.34713066,0.30272204,0.04440862,0.6437892
12382,1,0.7267697,0.73649335,0.009723663,0.60367835
12383,1,1.0806805,1.043159,0.03752148,0.5728358
12384,1,1.272353,1.1880617,0.08429134,0.54706985
12385,1,1.3118337,1.2091612,0.10267258,0.52679116
12386,1,1.2580161,1.0579381,0.20007801,0.5140716
12387,1,1.0506997,0.9182863,0.13241339,0.5036473
12388,1,0.87809145,0.86548805,0.012603402,0.51214814
12389,1,0.8256134,0.63139963,0.19421375,0.5234387
12390,1,0.5463809,0.4927745,0.05360639,0.52238584
12391,1,0.40148085,0.3095545,0.091926366,0.54170936
12392,1,0.19237576,0.13101122,0.061364546,0.5528869
12393,1,-0.007400632,0.07970341,0.087104045,0.56857604
12394,1,-0.011529967,-0.0064127217,0.0051172455,0.5839331
12395,1,-0.09367664,-0.2248541,0.13117746,0.5881469
12396,1,-0.38616115,-0.3498972,0.036263943,0.59396833
12397,1,-0.50338316,-0.47325262,0.030130535,0.61082304
12398,1,-0.62420624,-0.6778781,0.053671837,0.6186898
12399,1,-0.87347114,-0.82602656,0.047444582,0.62199134
12400,1,-1.0092455,-1.062093,0.052847505,0.63258094
12401,1,-1.2732282,-1.2457485,0.027479649,0.6302797
12402,1,-1.4296095,-1.3717796,0.057829976,0.6370442
12403,1,-1.5056998,-1.5045717,0.0011280775,0.64279133
12404,1,-1.6063937,-1.5887196,0.017674088,0.6417495
12405,1,-1.6470501,-1.6458119,0.0012382269,0.6458421
12406,1,-1.6681789,-1.6092387,0.058940172,0.64793754
12407,1,-1.5789398,-1.8574393,0.27849948,0.6571297
12408,1,-1.8769708,-2.0306988,0.15372801,0.62599844
12409,1,-2.0127482,-2.0068326,0.005915642,0.63041425
12410,1,-1.916433,-2.1387916,0.22235858,0.65084004
12411,1,-2.0404153,-2.0695107,0.029095411,0.6325025
12412,1,-1.9196438,-2.0754383,0.1557945,0.6542131
12413,1,-1.929562,-1.9765084,0.046946406,0.6466556
12414,1,-1.8093041,-1.8290489,0.019744754,0.6586151
12415,1,-1.6489182,-1.6697373,0.020819187,0.6651923
12416,1,-1.4932045,-1.5130048,0.019800305,0.66783917
12417,1,-1.3505406,-1.1930248,0.15751588,0.6684111
12418,1,-0.93808484,-0.8993761,0.038708746,0.6797705
12419,1,-0.6259808,-0.43450594,0.19147485,0.67126405
12420,1,-0.030162558,0.17473088,0.20489344,0.6606786
12421,1,0.6716001,0.5061171,0.165483,0.62389773
12422,1,0.871565,0.76784074,0.10372424,0.5805447
12423,1,1.0250224,0.8237231,0.20129931,0.55745864
12424,1,0.96856785,0.9837911,0.015223265,0.53602743
12425,1,1.0860792,0.9688516,0.117227614,0.5368336
12426,1,1.0135748,0.97484976,0.038725078,0.52126265
12427,1,0.99182355,0.80636907,0.18545449,0.52294016
12428,1,0.775342,0.6281827,0.14715928,0.5162341
12429,1,0.55988824,0.570697,0.010808766,0.5277045
12430,1,0.5171792,0.39799437,0.11918482,0.5429625
12431,1,0.30998695,0.25482273,0.055164218,0.54638314
12432,1,0.15205233,0.20402046,0.051968127,0.56106573
12433,1,0.13284828,0.056839626,0.07600865,0.5734377
12434,1,-0.04748045,-0.07669015,0.029209703,0.57760024
12435,1,-0.19782212,-0.34617653,0.14835441,0.58981425
12436,1,-0.554129,-0.38675895,0.16737005,0.5980841
12437,1,-0.51383,-0.6724004,0.15857041,0.62044144
12438,1,-0.8972671,-0.68716705,0.21010005,0.61460125
12439,1,-0.807852,-0.94211686,0.13426483,0.6389037
12440,1,-1.1431496,-1.0805534,0.0625962,0.62622744
12441,1,-1.2515345,-1.3381392,0.086604714,0.6395088
12442,1,-1.5269607,-1.4192543,0.10770643,0.63031167
12443,1,-1.5306653,-1.6272845,0.09661925,0.64698344
12444,1,-1.731703,-1.6941826,0.03752041,0.63337934
12445,1,-1.7332906,-1.775673,0.04238248,0.6464796
12446,1,-1.7818137,-1.7573556,0.02445817,0.64403015
12447,1,-1.7127861,-1.7546487,0.041862607,0.65397024
12448,1,-1.6969923,-1.8368163,0.13982403,0.65250635
12449,1,-1.7964026,-1.8769748,0.08057225,0.64308095
12450,1,-1.8217334,-1.9101882,0.08845484,0.64663434
12451,1,-1.8407416,-1.8366681,0.0040735006,0.6467983
12452,1,-1.7287893,-1.7767174,0.047928095,0.65822476
12453,1,-1.6666309,-1.7233931,0.05676222,0.65769434
12454,1,-1.6222526,-1.5073776,0.11487496,0.65766954
12455,1,-1.3388872,-1.2616687,0.07721853,0.6734718
12456,1,-1.0540837,-0.9783311,0.075752616,0.674914
12457,1,-0.73077583,-0.61963457,0.111141264,0.6727749
12458,1,-0.29956585,-0.16056082,0.13900504,0.664398
12459,1,0.24628945,0.26593098,0.019641533,0.6414509
12460,1,0.6561753,0.6247412,0.03143412,0.6057215
12461,1,0.9417263,0.9371351,0.0045912266,0.57430786
12462,1,1.1690797,1.1105549,0.058524728,0.5524068
12463,1,1.2491009,1.1409619,0.10813904,0.53242075
12464,1,1.2041548,1.2516202,0.047465324,0.51762336
12465,1,1.2767367,1.1521257,0.12461102,0.5213237
12466,1,1.1367084,1.0058905,0.13081789,0.5044372
12467,1,0.9620936,0.7894259,0.17266768,0.50674415
12468,1,0.7127289,0.6099799,0.10274899,0.5128718
12469,1,0.5148486,0.5652882,0.050439596,0.528948
12470,1,0.5026085,0.3720461,0.13056237,0.5445223
12471,1,0.27138466,0.24073708,0.030647576,0.5467274
12472,1,0.13592757,0.14648515,0.010557577,0.5633064
12473,1,0.053006098,-0.11360071,0.16660681,0.5745762
12474,1,-0.29012102,-0.28166392,0.008457094,0.5818478
12475,1,-0.46314466,-0.46498775,0.0018430948,0.602428
12476,1,-0.6606572,-0.63732016,0.023337066,0.6130092
12477,1,-0.83496875,-0.84827274,0.013303995,0.6230236
12478,1,-1.0636936,-0.9783909,0.08530277,0.62767375
12479,1,-1.1548138,-1.1231847,0.031629086,0.6383447
12480,1,-1.2831382,-1.2618693,0.021268845,0.639531
12481,1,-1.4022326,-1.408373,0.0061403513,0.64133126
12482,1,-1.530356,-1.4053746,0.1249814,0.64081395
12483,1,-1.4490755,-1.5170484,0.0679729,0.65480787
12484,1,-1.5729609,-1.6923162,0.11935532,0.64370483
12485,1,-1.7539365,-1.7406449,0.013291597,0.6358458
12486,1,-1.749346,-1.8358538,0.0865078,0.647738
12487,1,-1.8257233,-1.9866025,0.16087925,0.6417966
12488,1,-1.958759,-1.9563466,0.0024123192,0.6335871
12489,1,-1.8669584,-1.9648793,0.097920895,0.6523059
12490,1,-1.8629694,-1.9731687,0.11019933,0.6483472
12491,1,-1.8654116,-1.9044454,0.03903377,0.64823174
12492,1,-1.7747685,-1.7436589,0.031109571,0.6568248
12493,1,-1.5795925,-1.4614172,0.11817527,0.6673276
12494,1,-1.2279568,-1.2848892,0.05693245,0.67887455
12495,1,-1.0981176,-0.8738603,0.22425729,0.6695185
12496,1,-0.53999543,-0.4694855,0.07050994,0.67850417
12497,1,-0.084153764,-0.010244889,0.07390887,0.65909684
12498,1,0.411721,0.4178237,0.006102711,0.6298689
12499,1,0.79931533,0.87554467,0.076229334,0.59407455
12500,1,1.1885781,1.0383658,0.15021229,0.566944
12501,1,1.2233025,1.223756,0.00045347214,0.53453046
12502,1,1.3268236,1.2844342,0.042389393,0.52936083
12503,1,1.3211771,1.2231874,0.09798968,0.5153845
12504,1,1.2145644,1.0847096,0.1298548,0.5054084
12505,1,1.0453781,1.0888422,0.043464065,0.5036098
12506,1,1.0532944,0.8618564,0.19143802,0.5172987
12507,1,0.793342,0.76810557,0.025236428,0.5072635
12508,1,0.70394254,0.5856495,0.11829305,0.5256864
12509,1,0.49765915,0.37505662,0.12260252,0.53051525
12510,1,0.2536444,0.310722,0.057077587,0.54494095
12511,1,0.2253557,0.093782246,0.13157345,0.5632377
12512,1,-0.045613885,-0.14142926,0.095815375,0.5684197
12513,1,-0.33168676,-0.23935145,0.09233531,0.58618027
12514,1,-0.38789684,-0.4766478,0.08875096,0.6054094
12515,1,-0.68495905,-0.62170494,0.06325412,0.6089884
12516,1,-0.8104784,-0.7152773,0.095201075,0.62467897
12517,1,-0.8657587,-0.850534,0.015224695,0.63331145
12518,1,-1.0064948,-1.0439515,0.03745675,0.63450325
12519,1,-1.2251676,-1.0908799,0.13428771,0.6338905
12520,1,-1.2039449,-1.2075003,0.003555417,0.64793617
12521,1,-1.3225167,-1.4405421,0.11802542,0.6430111
12522,1,-1.5847515,-1.5983166,0.0135650635,0.6324212
12523,1,-1.7032728,-1.5564333,0.1468395,0.6386102
12524,1,-1.5618117,-1.7352144,0.17340267,0.65795857
12525,1,-1.7699572,-1.7611158,0.008841395,0.63492733
12526,1,-1.7472874,-1.8414654,0.09417796,0.6496635
12527,1,-1.816326,-1.8351002,0.018774152,0.6431912
12528,1,-1.7734393,-1.9469354,0.17349613,0.65181065
12529,1,-1.8950549,-1.9309613,0.035906315,0.6382845
12530,1,-1.8413917,-1.9350471,0.09365547,0.65131485
12531,1,-1.836775,-1.8650054,0.028230429,0.64927834
12532,1,-1.7436211,-1.7199423,0.02367878,0.6575126
12533,1,-1.5692383,-1.5102154,0.059022903,0.66614234
12534,1,-1.3255988,-1.2902861,0.03531277,0.6729405
12535,1,-1.0936891,-0.9610042,0.13268489,0.6731111
12536,1,-0.68452054,-0.6175159,0.06700462,0.6756307
12537,1,-0.2974094,-0.11938919,0.1780202,0.66327137
12538,1,0.30976504,0.3636908,0.053925753,0.640658
12539,1,0.78072023,0.69622177,0.084498465,0.60183257
12540,1,1.0084292,0.95926815,0.049161017,0.5676183
12541,1,1.1728499,1.1829334,0.010083556,0.54714406
12542,1,1.3129259,1.0586432,0.2542827,0.5343028
12543,1,1.1025807,1.1257563,0.023175597,0.5062291
12544,1,1.1432538,0.9245125,0.2187413,0.52178544
12545,1,0.89215255,0.9425626,0.050410032,0.5059429
12546,1,0.9211515,0.7349781,0.18617344,0.5257711
12547,1,0.672361,0.6189227,0.053438306,0.5173651
12548,1,0.5504817,0.56582546,0.015343785,0.53405243
12549,1,0.5150732,0.3005427,0.21453047,0.5437257
12550,1,0.17706366,0.21849178,0.04142812,0.5464586
12551,1,0.12172277,0.00842376,0.11329901,0.5694994
12552,1,-0.1397806,-0.09086927,0.048911326,0.57621896
12553,1,-0.2162444,-0.2542945,0.038050115,0.59389263
12554,1,-0.4072952,-0.44797766,0.040682465,0.60087043
12555,1,-0.6361613,-0.7261241,0.08996278,0.61109966
12556,1,-0.97401154,-0.8031316,0.17087996,0.6174576
12557,1,-0.9692056,-0.93334687,0.03585875,0.63808185
12558,1,-1.0903214,-1.0404721,0.04984927,0.6372714
12559,1,-1.1779077,-1.1812572,0.0033495426,0.64167035
12560,1,-1.3201352,-1.3469784,0.02684319,0.6405477
12561,1,-1.4838554,-1.501877,0.018021584,0.63903385
12562,1,-1.615327,-1.678427,0.06309998,0.63963646
12563,1,-1.7648553,-1.8282632,0.0634079,0.6358917
12564,1,-1.8690354,-1.8527952,0.01624012,0.63644165
12565,1,-1.8267337,-1.9310348,0.104301095,0.6485404
12566,1,-1.8842391,-2.0901067,0.20586765,0.6419554
12567,1,-2.027357,-2.0735695,0.046212435,0.63068575
12568,1,-1.9562025,-2.1400974,0.18389487,0.64893687
12569,1,-2.0131695,-2.0874639,0.07429433,0.6392507
12570,1,-1.9288684,-2.021272,0.09240353,0.65226275
12571,1,-1.8551663,-1.8624781,0.007311821,0.6547387
12572,1,-1.6739136,-1.6621137,0.0117999315,0.66581297
12573,1,-1.4601105,-1.4576402,0.002470374,0.671488
12574,1,-1.2595478,-1.1736531,0.085894704,0.6725312
12575,1,-0.9305943,-0.80660415,0.12399018,0.67679626
12576,1,-0.48333406,-0.24794792,0.23538615,0.6731844
12577,1,0.23197211,0.13175459,0.10021752,0.65349936
12578,1,0.5376876,0.5338275,0.003860116,0.61334616
12579,1,0.88357675,0.86917627,0.014400482,0.58377224
12580,1,1.1311537,0.94588524,0.18526846,0.55776256
12581,1,1.0937798,0.98124605,0.11253375,0.5310824
12582,1,1.0579381,0.9096693,0.14826882,0.525392
12583,1,0.92984116,0.92570394,0.004137218,0.51910573
12584,1,0.93317306,0.74576056,0.1874125,0.5264898
12585,1,0.70515466,0.5941775,0.11097717,0.51917905
12586,1,0.52650344,0.57843834,0.051934898,0.5326687
12587,1,0.5403743,0.3067323,0.23364198,0.54613394
12588,1,0.18860872,0.1934787,0.0048699826,0.54536873
12589,1,0.08446558,0.07982371,0.004641868,0.5689177
12590,1,-0.027295321,-0.08943658,0.062141262,0.5785591
12591,1,-0.22948065,-0.23720564,0.0077249855,0.5877591
12592,1,-0.38887835,-0.3317349,0.05714345,0.6009755
12593,1,-0.46260577,-0.54662,0.08401424,0.6122176
12594,1,-0.7376754,-0.6273669,0.11030853,0.61480784
12595,1,-0.7725661,-0.75620455,0.016361535,0.6305323
12596,1,-0.9080843,-0.9490365,0.040952206,0.63183564
12597,1,-1.1331934,-1.0244733,0.108720064,0.63201594
12598,1,-1.1572778,-1.217386,0.060108185,0.6442111
12599,1,-1.3760875,-1.3435158,0.032571793,0.63600373
12600,1,-1.4709613,-1.4888225,0.017861128,0.64276546
12601,1,-1.5958344,-1.635233,0.03939867,0.6406334
12602,1,-1.7147406,-1.7128351,0.0019055605,0.63935304
12603,1,-1.7434031,-1.9268343,0.18343127,0.64521873
12604,1,-1.944892,-2.0125215,0.06762946,0.628225
12605,1,-1.9718376,-2.0815976,0.10975993,0.63975203
12606,1,-1.9979236,-2.076592,0.078668356,0.6401392
12607,1,-1.9531854,-2.0792441,0.1260587,0.64773023
12608,1,-1.9419733,-2.1000123,0.15803897,0.6469141
12609,1,-1.9597598,-1.9672867,0.0075268745,0.64470017
12610,1,-1.7892632,-1.9782399,0.18897665,0.6619492
12611,1,-1.8410437,-1.8410325,1.1205673e-05,0.6478812
12612,1,-1.6774508,-1.6367851,0.040665627,0.6641073
12613,1,-1.4440392,-1.4307133,0.01332593,0.67198604
12614,1,-1.2359812,-1.1407529,0.095228314,0.6726382
12615,1,-0.89460367,-0.68256557,0.2120381,0.6767293
12616,1,-0.2891343,-0.22899891,0.06013538,0.6737711
12617,1,0.20603304,0.30394807,0.09791504,0.6461582
12618,1,0.75434244,0.6263383,0.12800413,0.60951966
12619,1,0.9567337,0.8517812,0.104952514,0.57139856
12620,1,1.0745406,1.055847,0.018693566,0.5495099
12621,1,1.2008194,0.96885955,0.23195982,0.5375084
12622,1,1.0252932,0.95870084,0.066592395,0.5143826
12623,1,0.9776919,0.9296181,0.04807377,0.52224916
12624,1,0.9267045,0.7877464,0.1389581,0.52202004
12625,1,0.7501527,0.619196,0.13095671,0.5199225
12626,1,0.5500217,0.54405814,0.005963564,0.5292499
12627,1,0.48430836,0.26419175,0.22011662,0.54340184
12628,1,0.12737812,0.14795214,0.020574018,0.54831076
12629,1,0.02662681,-0.046347506,0.07297432,0.57254493
12630,1,-0.20297445,-0.15670942,0.046265036,0.5821075
12631,1,-0.29363734,-0.32501122,0.03137389,0.59812427
12632,1,-0.48841828,-0.49542502,0.0070067346,0.60541743
12633,1,-0.67688894,-0.5743315,0.10255742,0.6158877
12634,1,-0.71343875,-0.7268243,0.013385534,0.62806803
12635,1,-0.8892162,-0.84780353,0.04141265,0.6286145
12636,1,-1.0017765,-0.95322716,0.048549294,0.6356854
12637,1,-1.0922565,-1.2100729,0.11781633,0.63997704
12638,1,-1.4004484,-1.3300272,0.07042122,0.62997895
12639,1,-1.4690878,-1.4591019,0.009985924,0.64332354
12640,1,-1.5671006,-1.5192481,0.047852516,0.64232594
12641,1,-1.5775675,-1.7472484,0.16968095,0.6486095
12642,1,-1.8167895,-1.7831879,0.03360164,0.62983406
12643,1,-1.7842958,-1.7998652,0.0155694485,0.64840084
12644,1,-1.7621578,-1.9126447,0.15048695,0.6500552
12645,1,-1.8766495,-1.9217544,0.04510486,0.6387867
12646,1,-1.8491974,-1.9741439,0.124946475,0.6489967
12647,1,-1.8932005,-1.9439013,0.050700784,0.6438104
12648,1,-1.8348252,-1.8610302,0.026205063,0.65250397
12649,1,-1.7299975,-1.7681968,0.038199306,0.65878314
12650,1,-1.6349016,-1.5337989,0.10110271,0.66087145
12651,1,-1.3403491,-1.3799825,0.039633393,0.6749568
12652,1,-1.2189182,-1.0304538,0.1884644,0.66812336
12653,1,-0.75359756,-0.52146447,0.23213309,0.6788404
12654,1,-0.08031192,-0.10961959,0.02930767,0.6684021
12655,1,0.3118335,0.32641488,0.014581382,0.63465065
12656,1,0.720304,0.69282037,0.027483642,0.6016093
12657,1,1.0061752,0.9124082,0.09376699,0.57045996
12658,1,1.120632,1.012507,0.10812509,0.5457303
12659,1,1.1324731,1.230274,0.09780085,0.5299312
12660,1,1.3061773,1.1270847,0.17909253,0.5321582
12661,1,1.1416664,1.1330938,0.008572578,0.50514704
12662,1,1.1246989,1.0496083,0.07509053,0.51557803
12663,1,1.0191531,0.9430394,0.0761137,0.51062584
12664,1,0.8977854,0.65755045,0.24023497,0.51390994
12665,1,0.5603454,0.50320387,0.057141542,0.5158028
12666,1,0.39972812,0.3934654,0.0062627196,0.53946906
12667,1,0.30070055,0.23881772,0.061882824,0.5523457
12668,1,0.12916537,0.094980344,0.034185022,0.5614276
12669,1,-0.025619105,-0.083958596,0.05833949,0.5746613
12670,1,-0.23496996,-0.30382964,0.06885968,0.5864839
12671,1,-0.49974406,-0.4052184,0.094525665,0.59950197
12672,1,-0.56166285,-0.5787969,0.01713407,0.61644393
12673,1,-0.7594248,-0.81946677,0.060041964,0.62008196
12674,1,-1.0436987,-0.9228658,0.12083286,0.62411046
12675,1,-1.0909736,-1.1016476,0.010674,0.63939595
12676,1,-1.2763371,-1.1150402,0.16129696,0.63612413
12677,1,-1.205157,-1.3567637,0.15160668,0.65129024
12678,1,-1.5047692,-1.4893907,0.015378475,0.6318124
12679,1,-1.6003778,-1.5557774,0.044600368,0.64184827
12680,1,-1.6143678,-1.710852,0.096484184,0.6477926
12681,1,-1.7623569,-1.6824489,0.07990801,0.63761085
12682,1,-1.6608332,-1.7934016,0.13256836,0.6557397
12683,1,-1.7840064,-1.867373,0.08336663,0.6408606
12684,1,-1.8380047,-1.9008514,0.06284666,0.64342564
12685,1,-1.8430879,-1.7964,0.04668796,0.6469212
12686,1,-1.6834084,-1.8052084,0.121800065,0.6616248
12687,1,-1.7192425,-1.7544053,0.035162807,0.65074813
12688,1,-1.6605834,-1.6806414,0.020058036,0.6570912
12689,1,-1.5806767,-1.5722578,0.008418918,0.6599949
12690,1,-1.4616977,-1.2763165,0.18538117,0.6639239
12691,1,-1.0571676,-0.962996,0.09417164,0.67895615
12692,1,-0.68851084,-0.61029875,0.07821208,0.6745467
12693,1,-0.2842206,-0.23818399,0.046036616,0.66352636
12694,1,0.116854325,0.2386036,0.12174928,0.64168525
12695,1,0.63609445,0.64696807,0.010873616,0.61114866
12696,1,0.98382103,0.8532763,0.13054472,0.5765435
12697,1,1.0752558,0.99905443,0.07620132,0.54776996
12698,1,1.1364719,1.0166986,0.11977327,0.5347951
12699,1,1.0837427,1.117204,0.033461213,0.5219515
12700,1,1.1555113,1.040287,0.11522424,0.5253222
12701,1,1.0379546,0.8817887,0.1561659,0.5117132
12702,1,0.84278786,0.76066935,0.08211851,0.5124941
12703,1,0.7059603,0.68737924,0.018581033,0.5236336
12704,1,0.6371593,0.48597312,0.15118617,0.5330418
12705,1,0.39551133,0.32462943,0.0708819,0.5366284
12706,1,0.21637459,0.20455784,0.011816755,0.5535369
12707,1,0.09929161,0.08931629,0.009975314,0.5673774
12708,1,-0.016033277,-0.115937226,0.09990395,0.5776184
12709,1,-0.27360025,-0.34524357,0.07164332,0.58676296
12710,1,-0.5508565,-0.3737035,0.17715296,0.60150146
12711,1,-0.49163938,-0.53507763,0.043438256,0.62061566
12712,1,-0.69157207,-0.6415965,0.049975574,0.6188644
12713,1,-0.7866122,-0.8037542,0.017141998,0.6289694
12714,1,-0.9734309,-0.957565,0.015865862,0.63059545
12715,1,-1.1289891,-1.068075,0.06091416,0.6357386
12716,1,-1.2123368,-1.1926636,0.019673228,0.641846
12717,1,-1.3254231,-1.301982,0.023441076,0.6421476
12718,1,-1.4143902,-1.3828328,0.03155744,0.6442415
12719,1,-1.4663548,-1.5624001,0.096045256,0.6470381
12720,1,-1.6561626,-1.6781698,0.022007227,0.6368061
12721,1,-1.734952,-1.8106816,0.07572961,0.641886
12722,1,-1.8369998,-1.9121944,0.0751946,0.6384525
12723,1,-1.8979949,-2.1263642,0.22836936,0.6399316
12724,1,-2.0807047,-2.2453542,0.16464949,0.6241707
12725,1,-2.1377535,-2.1957595,0.05800605,0.63159984
12726,1,-2.0271394,-2.2591681,0.23202872,0.64994633
12727,1,-2.0846424,-2.2557797,0.17113733,0.63712347
12728,1,-2.0623913,-2.147285,0.0848937,0.6440888
12729,1,-1.9317383,-2.105973,0.17423475,0.656647
12730,1,-1.9127716,-1.7909437,0.12182784,0.65080863
12731,1,-1.5154684,-1.4350787,0.08038962,0.6801081
12732,1,-1.1105715,-1.2025669,0.09199536,0.68448865
12733,1,-0.9478487,-0.6757718,0.2720769,0.67320967
12734,1,-0.22918998,-0.14025778,0.0889322,0.67745215
12735,1,0.3625841,0.36883622,0.00625211,0.6443582
12736,1,0.8262824,0.61169845,0.21458393,0.6030996
12737,1,0.9181198,0.8465886,0.07153118,0.56605
12738,1,1.0599735,0.9805139,0.07945961,0.55061156
12739,1,1.1121982,0.978261,0.13393724,0.53460795
12740,1,1.0401255,0.95812166,0.08200383,0.5219814
12741,1,0.9791118,0.86085695,0.11825484,0.52133226
12742,1,0.84601915,0.8142825,0.031736672,0.5195284
12743,1,0.7916359,0.5404262,0.25120968,0.52712846
12744,1,0.44960558,0.49060136,0.040995777,0.52581567
12745,1,0.42701685,0.3695211,0.057495743,0.5498275
12746,1,0.2935043,0.28107107,0.012433231,0.5533264
12747,1,0.20868571,-0.050452344,0.25913805,0.563628
12748,1,-0.24123684,-0.27895132,0.03771448,0.5706417
12749,1,-0.49855274,-0.4212359,0.07731685,0.59701294
12750,1,-0.611509,-0.4908021,0.120706916,0.6139256
12751,1,-0.6266232,-0.6806666,0.054043412,0.6243244
12752,1,-0.8613231,-0.6957113,0.1656118,0.62341326
12753,1,-0.7970263,-0.94073683,0.14371055,0.6392496
12754,1,-1.1295637,-1.024245,0.105318666,0.62709445
12755,1,-1.1642205,-1.1560168,0.008203626,0.6434848
12756,1,-1.2931811,-1.2289051,0.06427598,0.6411183
12757,1,-1.3304529,-1.3590072,0.02855432,0.64720124
12758,1,-1.4635509,-1.5309907,0.067439795,0.6424048
12759,1,-1.6348301,-1.7784111,0.14358103,0.6377914
12760,1,-1.8662225,-1.8417243,0.024498224,0.62740576
12761,1,-1.8517491,-1.8004735,0.05127561,0.64487904
12762,1,-1.7418982,-1.9231359,0.1812377,0.6556285
12763,1,-1.8798732,-1.9723347,0.092461586,0.63760513
12764,1,-1.9028378,-1.9470588,0.044221044,0.6441624
12765,1,-1.8438637,-2.0169456,0.17308187,0.6519684
12766,1,-1.9218282,-1.9637913,0.0419631,0.6412758
12767,1,-1.8374704,-1.8384176,0.000947237,0.6544155
12768,1,-1.6838528,-1.7433095,0.059456706,0.66305
12769,1,-1.6024998,-1.4983575,0.10414231,0.6613536
12770,1,-1.2971504,-1.2064943,0.09065604,0.67587686
12771,1,-0.9557109,-0.8365822,0.119128704,0.6778515
12772,1,-0.50830257,-0.3333821,0.17492047,0.6744831
12773,1,0.11523555,-0.020382281,0.13561784,0.6563628
12774,1,0.3413849,0.43330118,0.09191629,0.62101406
12775,1,0.79847944,0.8386353,0.040155888,0.5946623
12776,1,1.1339415,1.0706644,0.063277125,0.56491625
12777,1,1.2571421,1.1262387,0.13090336,0.53938746
12778,1,1.2197963,1.1639007,0.055895567,0.5206575
12779,1,1.2013754,1.1438967,0.057478666,0.5174098
12780,1,1.1441458,0.93541074,0.20873511,0.512592
12781,1,0.8920932,0.8908982,0.0011949539,0.5046313
12782,1,0.850433,0.69653946,0.15389353,0.5227368
12783,1,0.62358403,0.5844247,0.039159358,0.5212679
12784,1,0.5111683,0.3588994,0.15226889,0.5369869
12785,1,0.23992847,0.24466132,0.004732847,0.54498243
12786,1,0.1372792,-0.038778964,0.17605816,0.5644648
12787,1,-0.22694206,-0.20747128,0.019470781,0.5737993
12788,1,-0.3921647,-0.3070401,0.08512461,0.5969708
12789,1,-0.45475584,-0.30918396,0.14557189,0.6100932
12790,1,-0.38342953,-0.5002793,0.11684978,0.6184752
12791,1,-0.6528913,-0.5881762,0.06471509,0.61436135
12792,1,-0.7212672,-0.75116426,0.029897034,0.62799853
12793,1,-0.9171839,-0.9148524,0.0023314953,0.6286322
12794,1,-1.0916946,-1.0470632,0.044631362,0.6337953
12795,1,-1.2060719,-1.2560669,0.049995065,0.63952005
12796,1,-1.4290289,-1.5116751,0.08264625,0.6347198
12797,1,-1.676663,-1.478784,0.19787908,0.6298079
12798,1,-1.5199177,-1.6820955,0.1621778,0.65744776
12799,1,-1.748068,-1.6765879,0.071480036,0.6331938
12800,1,-1.6722454,-1.808029,0.13578367,0.65363014
12801,1,-1.8101984,-1.9039549,0.09375644,0.63859975
12802,1,-1.8803495,-2.0243502,0.14400065,0.6406332
12803,1,-1.9746785,-2.1027331,0.12805462,0.63598305
12804,1,-2.0144384,-2.1726944,0.15825605,0.6387737
12805,1,-2.0516214,-2.0967133,0.045091867,0.63823855
12806,1,-1.9303485,-2.0049808,0.07463229,0.6543881
12807,1,-1.8277639,-1.9657248,0.13796091,0.6574735
12808,1,-1.8117615,-1.7074213,0.104340196,0.6530329
12809,1,-1.4841516,-1.470362,0.013789654,0.6760991
12810,1,-1.242875,-1.1396462,0.10322881,0.67523456
12811,1,-0.85219336,-0.7950609,0.057132483,0.6797205
12812,1,-0.47191185,-0.27717105,0.1947408,0.671219
12813,1,0.17616735,0.24209827,0.06593092,0.6533314
12814,1,0.7010313,0.6720869,0.028944433,0.6134991
12815,1,1.0396202,0.8075687,0.23205143,0.5765122
12816,1,1.0289634,1.0335466,0.0045831203,0.54418606
12817,1,1.1844238,1.1489301,0.03549373,0.54045004
12818,1,1.2312567,1.054869,0.17638767,0.52546346
12819,1,1.0742354,1.0283794,0.045856,0.5093469
12820,1,1.0220243,0.78077996,0.24124432,0.51715815
12821,1,0.7210424,0.6613635,0.059678912,0.51056814
12822,1,0.59295577,0.5423655,0.050590277,0.530654
12823,1,0.46865034,0.48589674,0.017246395,0.53958017
12824,1,0.43099326,0.28114417,0.14984909,0.5496067
12825,1,0.17475714,0.05839151,0.11636563,0.5534156
12826,1,-0.09800222,-0.16386652,0.0658643,0.57092166
12827,1,-0.35776937,-0.30743125,0.05033812,0.58903706
12828,1,-0.48407567,-0.39953884,0.08453682,0.6063436
12829,1,-0.5411216,-0.4895112,0.05161041,0.6168792
12830,1,-0.6159633,-0.6871444,0.07118112,0.62250394
12831,1,-0.8685272,-0.8935002,0.024973035,0.6230039
12832,1,-1.0993026,-0.8725241,0.22677857,0.6293887
12833,1,-0.9612833,-1.0080779,0.046794534,0.6488094
12834,1,-1.1340227,-1.1756843,0.04166162,0.63848156
12835,1,-1.324212,-1.3184034,0.005808592,0.63801473
12836,1,-1.4520798,-1.3984809,0.05359888,0.64116234
12837,1,-1.4888595,-1.5923867,0.10352719,0.647105
12838,1,-1.6895549,-1.7049173,0.015362382,0.63513076
12839,1,-1.7577553,-1.8202827,0.06252742,0.64188796
12840,1,-1.837335,-1.9768909,0.13955593,0.6400215
12841,1,-1.9631644,-2.0879366,0.12477219,0.63316935
12842,1,-2.026159,-2.1258304,0.099671364,0.63570404
12843,1,-2.015809,-2.106651,0.09084201,0.6424647
12844,1,-1.9624418,-2.134106,0.17166412,0.6485929
12845,1,-1.98619,-2.0729752,0.0867852,0.6433667
12846,1,-1.9052472,-1.9471942,0.041947007,0.653355
12847,1,-1.7633735,-1.7387897,0.024583817,0.66159844
12848,1,-1.528779,-1.4833262,0.045452833,0.67157614
12849,1,-1.2491452,-1.1224557,0.12668943,0.67673886
12850,1,-0.8103092,-0.6951284,0.11518079,0.68157417
12851,1,-0.300555,-0.22830057,0.07225442,0.6724478
12852,1,0.21502955,0.22216846,0.007138908,0.64690375
12853,1,0.6426004,0.54410446,0.09849596,0.61077017
12854,1,0.8674178,0.8862318,0.018813968,0.57707864
12855,1,1.1354387,0.98867786,0.14676082,0.55741835
12856,1,1.1326296,0.9903738,0.14225584,0.53130287
12857,1,1.0587758,1.0158522,0.04292357,0.52173936
12858,1,1.0466868,0.94162667,0.1050601,0.5227384
12859,1,0.9364728,0.9581305,0.021657705,0.5170726
12860,1,0.9515854,0.759482,0.19210339,0.52480257
12861,1,0.7084507,0.67073834,0.037712336,0.51651925
12862,1,0.6172948,0.5348838,0.08241099,0.5327958
12863,1,0.46441454,0.29893163,0.16548291,0.5386411
12864,1,0.173497,0.20321368,0.02971667,0.5491603
12865,1,0.09914945,-0.042754445,0.14190389,0.5696128
12866,1,-0.21359926,-0.2032283,0.01037097,0.5773512
12867,1,-0.37509727,-0.38107565,0.0059783757,0.59736127
12868,1,-0.56738883,-0.50378346,0.06360537,0.60831064
12869,1,-0.66905195,-0.7455646,0.076512635,0.62049603
12870,1,-0.9649968,-0.73295724,0.23203957,0.62143016
12871,1,-0.8335693,-0.88116574,0.047596455,0.6431429
12872,1,-1.0226247,-1.1615381,0.1389134,0.63426036
12873,1,-1.3680226,-1.2140936,0.153929,0.62740797
12874,1,-1.335246,-1.2670425,0.06820345,0.6489344
12875,1,-1.3485732,-1.4253677,0.076794505,0.6492853
12876,1,-1.5273746,-1.543166,0.015791416,0.63964605
12877,1,-1.6225077,-1.6545821,0.03207445,0.6429461
12878,1,-1.7069694,-1.803962,0.09699261,0.6425734
12879,1,-1.8355166,-1.8420098,0.006493211,0.6368649
12880,1,-1.8193926,-1.9818794,0.16248679,0.6473704
12881,1,-1.9464974,-2.050134,0.1036365,0.6347906
12882,1,-1.9751607,-2.0877597,0.112599015,0.6408235
12883,1,-1.9798063,-1.9653922,0.014414072,0.6432249
12884,1,-1.8045781,-1.9323708,0.12779272,0.6610055
12885,1,-1.7918612,-1.8300276,0.038166404,0.6529567
12886,1,-1.6821729,-1.7575974,0.07542455,0.6610177
12887,1,-1.6291769,-1.5561383,0.07303858,0.65908796
12888,1,-1.3837309,-1.2963628,0.08736813,0.6721284
12889,1,-1.0778242,-0.98535013,0.0924741,0.67633456
12890,1,-0.71385807,-0.47561532,0.23824275,0.67497706
12891,1,-0.037834138,-0.045799587,0.007965449,0.66577363
12892,1,0.38209963,0.467223,0.08512336,0.63083255
12893,1,0.88292396,0.80045956,0.0824644,0.59608674
12894,1,1.1008078,0.8892197,0.21158808,0.56138074
12895,1,1.0617052,0.94003916,0.121666074,0.5352492
12896,1,1.0343223,0.9657428,0.068579435,0.5289786
12897,1,1.0128471,0.91701496,0.09583211,0.52527446
12898,1,0.9258672,0.844366,0.081501186,0.52085745
12899,1,0.8282554,0.7136101,0.1146453,0.52284014
12900,1,0.66941714,0.67383945,0.004422307,0.52592975
12901,1,0.6394028,0.4774723,0.1619305,0.53705525
12902,1,0.39683658,0.30990463,0.086931944,0.5377642
12903,1,0.2036313,0.25694308,0.05331178,0.5542352
12904,1,0.18353094,0.17710586,0.0064250827,0.5687627
12905,1,0.107336655,0.00700505,0.100331604,0.573216
12906,1,-0.11006122,-0.17019077,0.060129546,0.57979506
12907,1,-0.32361838,-0.28799894,0.035619438,0.59341276
12908,1,-0.43182918,-0.4726086,0.04077941,0.6072004
12909,1,-0.6523404,-0.71897066,0.066630244,0.61334306
12910,1,-0.9479586,-0.80943525,0.13852334,0.6199959
12911,1,-0.9750343,-0.944387,0.030647278,0.6371212
12912,1,-1.1035521,-1.1178412,0.014289141,0.6371203
12913,1,-1.2857289,-1.2761183,0.009610653,0.6368293
12914,1,-1.4280599,-1.4819871,0.053927183,0.6395669
12915,1,-1.6241429,-1.5135133,0.11062956,0.6348302
12916,1,-1.5734022,-1.7549235,0.1815213,0.65134156
12917,1,-1.8274316,-1.8758626,0.04843104,0.6283746
12918,1,-1.8938016,-2.0642004,0.17039883,0.63858145
12919,1,-2.0400267,-2.0544765,0.014449835,0.6281753
12920,1,-1.958095,-1.999443,0.0413481,0.648603
12921,1,-1.8651222,-2.026615,0.1614927,0.6540176
12922,1,-1.9029588,-1.9877031,0.084744334,0.6454128
12923,1,-1.8517736,-2.033307,0.18153346,0.65263915
12924,1,-1.9147826,-1.8322836,0.08249903,0.6434341
12925,1,-1.6456109,-1.7139326,0.068321705,0.66997117
12926,1,-1.5519934,-1.4489547,0.10303867,0.66378087
12927,1,-1.2286452,-1.0311964,0.19744885,0.6774795
12928,1,-0.68040895,-0.73820525,0.0577963,0.68351245
12929,1,-0.42780948,-0.35989475,0.067914724,0.66533
12930,1,-0.0053049773,0.24886785,0.25417283,0.6505199
12931,1,0.71470547,0.617835,0.09687048,0.61812055
12932,1,0.9738687,0.92281777,0.05105096,0.5755385
12933,1,1.1724006,1.0343884,0.13801217,0.5524984
12934,1,1.1765717,1.1506017,0.025969982,0.5299747
12935,1,1.2275386,1.0489786,0.17856002,0.52547723
12936,1,1.0642027,1.0865008,0.022298098,0.50889707
12937,1,1.0867335,0.96564525,0.12108821,0.52061766
12938,1,0.9356897,0.7986428,0.13704687,0.51131064
12939,1,0.74033284,0.6759845,0.06434834,0.51687086
12940,1,0.6092248,0.5257186,0.08350617,0.5293126
12941,1,0.44297725,0.43517578,0.007801473,0.5380591
12942,1,0.36194944,0.23292956,0.12901989,0.5506356
12943,1,0.11442973,0.10724827,0.007181458,0.5577661
12944,1,-0.009628162,-0.028232949,0.018604787,0.57519287
12945,1,-0.15384889,-0.16940095,0.015552059,0.58570105
12946,1,-0.30794048,-0.36370224,0.055761755,0.59645635
12947,1,-0.5430827,-0.530871,0.01221174,0.6057555
12948,1,-0.71846306,-0.7673014,0.048838317,0.6181329
12949,1,-0.9935781,-0.8872308,0.10634726,0.62270766
12950,1,-1.0661643,-1.05034,0.015824199,0.6369539
12951,1,-1.2247882,-1.1360848,0.088703394,0.6367671
12952,1,-1.2645361,-1.2877554,0.023219228,0.64508575
12953,1,-1.4192685,-1.4988029,0.07953441,0.6402316
12954,1,-1.6327757,-1.6383425,0.0055668354,0.63422513
12955,1,-1.7259494,-1.8183963,0.09244692,0.63999367
12956,1,-1.8708787,-1.8764753,0.0055966377,0.6335558
12957,1,-1.8640027,-1.935658,0.07165527,0.64486474
12958,1,-1.8869742,-1.988173,0.10119879,0.64378995
12959,1,-1.9138403,-2.1158323,0.20199203,0.64355093
12960,1,-2.0282915,-2.1491063,0.1208148,0.6334222
12961,1,-2.0233192,-2.1006014,0.07728219,0.6424799
12962,1,-1.9413989,-2.174452,0.2330532,0.6516185
12963,1,-2.0259764,-2.0866818,0.060705423,0.6378007
12964,1,-1.907142,-1.9705222,0.06338012,0.65571296
12965,1,-1.7831243,-1.8533382,0.070213914,0.66034216
12966,1,-1.6772927,-1.5909227,0.08636999,0.662101
12967,1,-1.3619245,-1.2123687,0.1495558,0.67710125
12968,1,-0.889591,-0.9401364,0.050545394,0.68427277
12969,1,-0.65774995,-0.50214964,0.15560031,0.6709123
12970,1,-0.113415256,0.038429525,0.15184478,0.66311204
12971,1,0.5062249,0.5314245,0.025199652,0.6308346
12972,1,0.9467151,0.7118607,0.2348544,0.59023875
12973,1,0.9739388,0.94452745,0.029411376,0.5540905
12974,1,1.1265559,0.9855305,0.14102542,0.54523444
12975,1,1.0820959,1.0112199,0.070876,0.5257082
12976,1,1.0575582,0.93803096,0.11952722,0.5229843
12977,1,0.9414402,0.8441836,0.0972566,0.5173687
12978,1,0.82008874,0.7362442,0.08384454,0.5208599
12979,1,0.6933911,0.599735,0.09365606,0.5264915
12980,1,0.5364227,0.5181388,0.018283904,0.53362
12981,1,0.45960915,0.31328893,0.14632022,0.54482853
12982,1,0.20657288,0.12517919,0.08139369,0.5506663
12983,1,-0.012739077,-0.0070588873,0.00568019,0.5682429
12984,1,-0.14112242,-0.06278655,0.07833587,0.5842337
12985,1,-0.15698448,-0.2995138,0.14252931,0.5953517
12986,1,-0.47634143,-0.4096236,0.06671783,0.597744
12987,1,-0.5631582,-0.57202846,0.008870244,0.615973
12988,1,-0.74576676,-0.7103873,0.03537947,0.6207136
12989,1,-0.88030493,-0.9619375,0.081632555,0.62919396
12990,1,-1.1811084,-1.1019119,0.07919645,0.6269856
12991,1,-1.2793814,-1.1836433,0.09573805,0.63968515
12992,1,-1.3082129,-1.3158473,0.0076344013,0.6459922
12993,1,-1.4340123,-1.320514,0.11349833,0.64214325
12994,1,-1.3725895,-1.493481,0.12089157,0.6539467
12995,1,-1.581699,-1.6805024,0.0988034,0.6379424
12996,1,-1.7612487,-1.7274464,0.03380227,0.63482916
12997,1,-1.7449718,-1.8879857,0.14301395,0.64803314
12998,1,-1.8933762,-1.8993798,0.0060036182,0.6343729
12999,1,-1.8476049,-1.9377877,0.09018278,0.64912486
13000,1,-1.8661112,-2.0061536,0.14004242,0.64583033
13001,1,-1.9249715,-1.9791361,0.054164648,0.64162743
13002,1,-1.8658136,-1.989562,0.12374842,0.651616
13003,1,-1.8752106,-1.7916049,0.08360577,0.6477397
13004,1,-1.6108766,-1.7109984,0.100121856,0.6701461
13005,1,-1.5704628,-1.4524956,0.11796725,0.66034114
13006,1,-1.2446706,-1.1582034,0.086467266,0.67696387
13007,1,-0.9033589,-0.7683025,0.13505638,0.6773371
13008,1,-0.42308718,-0.38547736,0.037609816,0.6731997
13009,1,-0.012677595,0.09026944,0.102947034,0.6524859
13010,1,0.50864744,0.48716423,0.021483213,0.6228965
13011,1,0.846323,0.8384136,0.007909417,0.5867528
13012,1,1.1136048,1.0559889,0.057615876,0.56069666
13013,1,1.2307254,1.0865413,0.14418411,0.53871787
13014,1,1.1725371,0.9671118,0.20542526,0.5199466
13015,1,0.98461986,0.8637409,0.120878935,0.51136816
13016,1,0.8439847,0.73211616,0.11186856,0.5187796
13017,1,0.6847848,0.687742,0.0029571652,0.52457947
13018,1,0.6496183,0.5840076,0.06561071,0.53566504
13019,1,0.5335808,0.39475942,0.13882136,0.5377781
13020,1,0.30252904,0.27966014,0.022868901,0.5451841
13021,1,0.18693025,0.10094739,0.08598287,0.56141347
13022,1,-0.026401639,-0.029114172,0.0027125329,0.5711271
13023,1,-0.15771437,-0.18612134,0.028406978,0.5862405
13024,1,-0.3348414,-0.28931847,0.04552293,0.59636873
13025,1,-0.42256173,-0.45316553,0.030603796,0.608545
13026,1,-0.61660254,-0.5975332,0.019069314,0.61400044
13027,1,-0.7663957,-0.83993536,0.073539674,0.62356794
13028,1,-1.0595642,-1.0002785,0.05928576,0.6245992
13029,1,-1.1938392,-1.1260741,0.06776512,0.6360805
13030,1,-1.2834878,-1.3344663,0.05097854,0.641308
13031,1,-1.497818,-1.3993409,0.098477125,0.63498265
13032,1,-1.494242,-1.351095,0.14314699,0.6485277
13033,1,-1.3625995,-1.5037129,0.1411134,0.6588173
13034,1,-1.566382,-1.5968215,0.030439496,0.6398454
13035,1,-1.6440026,-1.6478484,0.003845811,0.6449097
13036,1,-1.6638855,-1.7005533,0.036667824,0.6485023
13037,1,-1.6977667,-1.7062682,0.00850153,0.64778656
13038,1,-1.6753857,-1.744398,0.069012284,0.6522529
13039,1,-1.711243,-1.7846326,0.07338953,0.6486841
13040,1,-1.7460793,-1.7764928,0.030413508,0.6479619
13041,1,-1.7169772,-1.742813,0.025835752,0.65275997
13042,1,-1.6678522,-1.671395,0.0035427809,0.65560263
13043,1,-1.5804979,-1.3979176,0.18258023,0.6598605
13044,1,-1.1999305,-1.1453791,0.054551482,0.6780212
13045,1,-0.9225262,-0.79471004,0.12781614,0.67395526
13046,1,-0.4906599,-0.41357943,0.07708046,0.67162126
13047,1,-0.056939527,0.12120483,0.17814437,0.6541722
13048,1,0.5644114,0.56156254,0.0028488636,0.6239592
13049,1,0.9414021,0.8080407,0.1333614,0.58455855
13050,1,1.0652466,1.1461065,0.0808599,0.5537977
13051,1,1.3260351,1.1394824,0.18655276,0.5457305
13052,1,1.2216698,1.0756145,0.14605534,0.514082
13053,1,1.0967406,1.0814873,0.015253305,0.5113033
13054,1,1.0791868,1.0042036,0.07498324,0.51779467
13055,1,0.97901833,0.91748154,0.06153679,0.51347363
13056,1,0.87921536,0.76916635,0.11004901,0.5172262
13057,1,0.7100908,0.66383576,0.046255052,0.5205422
13058,1,0.60198903,0.54219097,0.05979806,0.5317675
13059,1,0.47215605,0.46812475,0.0040313005,0.5393549
13060,1,0.40869105,0.37327427,0.035416782,0.54945004
13061,1,0.30999458,0.038875826,0.27111876,0.5553336
13062,1,-0.13989185,-0.16671203,0.026820183,0.56297135
13063,1,-0.364826,-0.19799486,0.16683114,0.5906952
13064,1,-0.31169173,-0.42975295,0.118061215,0.60799366
13065,1,-0.6179921,-0.4818901,0.13610199,0.60668725
13066,1,-0.6077972,-0.66591805,0.058120847,0.6252942
13067,1,-0.8396649,-0.82932925,0.010335624,0.6232865
13068,1,-1.0115756,-0.9938604,0.017715156,0.63133013
13069,1,-1.1741614,-1.1157211,0.058440328,0.63556904
13070,1,-1.2667317,-1.2392232,0.027508497,0.64153075
13071,1,-1.3705655,-1.4110844,0.04051888,0.6426104
13072,1,-1.5402061,-1.4799864,0.060219646,0.63839096
13073,1,-1.5553709,-1.6631778,0.10780692,0.6479644
13074,1,-1.7391891,-1.8123784,0.07318926,0.63541883
13075,1,-1.8520397,-1.899319,0.047279358,0.63675374
13076,1,-1.887932,-1.9379351,0.05000317,0.6416133
13077,1,-1.8824143,-1.865706,0.016708374,0.6458071
13078,1,-1.7596117,-1.8320692,0.07245743,0.6577108
13079,1,-1.7268709,-1.8684008,0.14152992,0.65448487
13080,1,-1.7874645,-1.8573005,0.06983602,0.6471444
13081,1,-1.7693008,-1.7999074,0.030606627,0.6519552
13082,1,-1.6966137,-1.7302536,0.033639908,0.6571698
13083,1,-1.6231979,-1.6072885,0.015909433,0.65912616
13084,1,-1.4834381,-1.3347704,0.1486677,0.66503286
13085,1,-1.1257652,-0.93915397,0.18661124,0.6776192
13086,1,-0.60745716,-0.42543727,0.18201989,0.6795638
13087,1,0.036480144,-0.016345756,0.052825898,0.6629348
13088,1,0.40666795,0.37580794,0.030860007,0.6271869
13089,1,0.7445265,0.6764406,0.06808591,0.59477514
13090,1,0.9567441,0.9478577,0.008886397,0.56636363
13091,1,1.1497086,1.091669,0.058039665,0.54841906
13092,1,1.2110671,0.98206884,0.22899824,0.53045416
13093,1,1.0210367,1.0543115,0.03327477,0.51151377
13094,1,1.0760515,0.9639143,0.1121372,0.5253672
13095,1,0.9510883,0.80598915,0.14509916,0.5143204
13096,1,0.75950354,0.7462498,0.013253748,0.5172445
13097,1,0.70357156,0.5720644,0.13150716,0.5302802
13098,1,0.49782884,0.51844877,0.020619929,0.532303
13099,1,0.46395016,0.3450624,0.11888775,0.54731125
13100,1,0.2539016,0.13496894,0.118932664,0.55074996
13101,1,-0.0031347722,0.0007517125,0.0038864845,0.56549406
13102,1,-0.1343003,-0.15092348,0.01662317,0.58341545
13103,1,-0.29848695,-0.34611323,0.047626287,0.5941265
13104,1,-0.52934927,-0.5710792,0.041729927,0.60451484
13105,1,-0.7909359,-0.6927053,0.0982306,0.6151914
13106,1,-0.8730703,-0.8161711,0.05689919,0.6299219
13107,1,-0.97862685,-1.0206041,0.041977286,0.6344432
13108,1,-1.2107202,-1.057735,0.15298522,0.63246655
13109,1,-1.1701111,-1.3030213,0.13291025,0.6482479
13110,1,-1.4675624,-1.4149002,0.052662253,0.63144904
13111,1,-1.5315597,-1.5231087,0.008450985,0.64408773
13112,1,-1.6057862,-1.6504312,0.04464495,0.6440006
13113,1,-1.7105453,-1.7087033,0.001842022,0.6410618
13114,1,-1.724405,-1.7874678,0.06306279,0.64715254
13115,1,-1.7818383,-1.8668163,0.084977984,0.6441364
13116,1,-1.8404005,-2.0167959,0.17639542,0.64289814
13117,1,-1.9759961,-2.0833347,0.10733855,0.6330884
13118,1,-1.9993316,-2.0521116,0.052780032,0.64036506
13119,1,-1.9239799,-1.9321812,0.008201361,0.65077907
13120,1,-1.7680653,-2.02124,0.25317466,0.6612702
13121,1,-1.9080206,-1.9158882,0.007867575,0.6392465
13122,1,-1.7680613,-1.7453015,0.022759795,0.66013587
13123,1,-1.5690428,-1.5014348,0.067608,0.6681864
13124,1,-1.2866054,-1.1799244,0.10668099,0.67578554
13125,1,-0.9033766,-0.7259495,0.17742705,0.679693
13126,1,-0.3243175,-0.31089148,0.013426036,0.67547315
13127,1,0.10392161,0.16090009,0.05697848,0.6495626
13128,1,0.5867828,0.53691864,0.049864173,0.6170101
13129,1,0.8850373,0.7818691,0.10316819,0.5816559
13130,1,1.0252434,0.9869831,0.03826028,0.5552124
13131,1,1.1497207,1.0775758,0.072144866,0.54073393
13132,1,1.1677321,1.0031983,0.16453385,0.52606505
13133,1,1.0300893,0.9495486,0.08054066,0.5138045
13134,1,0.94481766,0.8419445,0.10287315,0.5186024
13135,1,0.81055266,0.6922546,0.118298054,0.51970387
13136,1,0.6340428,0.56151253,0.07253027,0.52567637
13137,1,0.49004382,0.5191379,0.0290941,0.5370436
13138,1,0.47047138,0.28901505,0.18145633,0.54826236
13139,1,0.17753793,0.102113396,0.07542454,0.5505187
13140,1,-0.039240807,0.024067178,0.063307986,0.5703167
13141,1,-0.08377125,-0.08519145,0.0014201999,0.5863082
13142,1,-0.19526258,-0.24132676,0.046064183,0.5925836
13143,1,-0.383182,-0.43046743,0.047285438,0.60055643
13144,1,-0.61106956,-0.5878487,0.023220837,0.61043465
13145,1,-0.7713463,-0.7192601,0.052086174,0.62195176
13146,1,-0.88924885,-0.8507911,0.03845775,0.63016534
13147,1,-1.0131025,-1.0301131,0.01701057,0.63484216
13148,1,-1.2075971,-1.1363539,0.071243286,0.63493174
13149,1,-1.2771915,-1.2465389,0.030652642,0.6432242
13150,1,-1.3667197,-1.3461361,0.02058363,0.64389086
13151,1,-1.4449118,-1.6257284,0.18081653,0.6452575
13152,1,-1.7503191,-1.6776516,0.07266748,0.6263386
13153,1,-1.7220863,-1.8215162,0.099429846,0.6481131
13154,1,-1.844395,-1.9093609,0.064965844,0.6371476
13155,1,-1.8897908,-2.0428338,0.15304303,0.6413555
13156,1,-1.9941901,-2.1618106,0.16762054,0.6342814
13157,1,-2.0719576,-2.1519868,0.08002925,0.63337606
13158,1,-2.0112205,-2.0162213,0.0050008297,0.64679676
13159,1,-1.8296047,-1.9603182,0.13071346,0.6614779
13160,1,-1.7963017,-1.8012916,0.0049898624,0.6547372
13161,1,-1.619973,-1.6966482,0.076675296,0.66656506
13162,1,-1.5460869,-1.4102404,0.1358465,0.6626904
13163,1,-1.1815252,-1.1319963,0.049528956,0.67908436
13164,1,-0.88069785,-0.6926799,0.18801796,0.6756991
13165,1,-0.31179458,-0.22487006,0.08692452,0.6730826
13166,1,0.21445777,0.21075937,0.0036983937,0.64671403
13167,1,0.6232008,0.6603436,0.037142813,0.6107149
13168,1,1.0163312,0.925072,0.09125918,0.5786653
13169,1,1.1643518,0.9905016,0.17385024,0.54898226
13170,1,1.1215209,1.1161712,0.005349636,0.5277581
13171,1,1.1919503,1.0673993,0.12455106,0.5277417
13172,1,1.0885743,0.9764507,0.11212361,0.51315033
13173,1,0.9618856,0.87646246,0.08542311,0.51360035
13174,1,0.8409542,0.58446753,0.25648665,0.5183408
13175,1,0.48520195,0.53889555,0.053693593,0.52075374
13176,1,0.4721073,0.3265977,0.1455096,0.54645276
13177,1,0.21374233,0.26086846,0.04712613,0.5488805
13178,1,0.17833962,0.08580118,0.09253844,0.56732064
13179,1,-0.0350834,0.017584458,0.052667856,0.57273173
13180,1,-0.075311035,-0.19608147,0.12077044,0.5876897
13181,1,-0.35608253,-0.22741848,0.12866405,0.59223336
13182,1,-0.3245722,-0.38438845,0.05981624,0.6101812
13183,1,-0.5259213,-0.6415074,0.1155861,0.6103302
13184,1,-0.860089,-0.74384314,0.116245866,0.61575407
13185,1,-0.9132834,-0.8024172,0.11086619,0.6336872
13186,1,-0.9238439,-0.9468264,0.022982478,0.6396632
13187,1,-1.0932642,-1.2040486,0.11078441,0.63633025
13188,1,-1.3985038,-1.3228524,0.07565141,0.6299033
13189,1,-1.4637069,-1.4082329,0.055473924,0.64341587
13190,1,-1.5024859,-1.4768143,0.025671601,0.6465978
13191,1,-1.5377824,-1.6319662,0.0941838,0.6480071
13192,1,-1.6970859,-1.7025512,0.0054653883,0.6385301
13193,1,-1.7265676,-1.7666775,0.040109873,0.6460248
13194,1,-1.7620496,-1.7900764,0.02802682,0.6458602
13195,1,-1.7546135,-1.7831684,0.028554916,0.6495319
13196,1,-1.7239076,-1.8145794,0.09067178,0.6525571
13197,1,-1.7575108,-1.766328,0.008817196,0.6484155
13198,1,-1.6832224,-1.7883273,0.10510492,0.6567117
13199,1,-1.7222681,-1.7266484,0.0043803453,0.64969134
13200,2,-1.6386896,-0.7584691,0.88022053,0.65841854
13201,2,-0.039260373,-0.5682858,0.52902544,0.69961756
13202,2,-0.18165824,-0.4382883,0.25663006,0.64971113
13203,2,-0.22323926,-0.32927647,0.106037214,0.6376272
13204,2,-0.19182941,-0.23331618,0.04148677,0.6289081
13205,2,-0.13119914,-0.26399478,0.13279565,0.6210812
13206,2,-0.24946341,-0.16994096,0.079522446,0.6128992
13207,2,-0.11833126,-0.18731327,0.06898201,0.6161891
13208,2,-0.18218656,-0.33128628,0.14909972,0.6083557
13209,2,-0.42148036,-0.36442238,0.057057977,0.6079428
13210,2,-0.4364875,-0.38847566,0.04801184,0.6196134
13211,2,-0.4461962,-0.49153158,0.045335382,0.6219438
13212,2,-0.5909233,-0.46085617,0.13006714,0.6214956
13213,2,-0.4985366,-0.49573138,0.0028052032,0.63099205
13214,2,-0.5469484,-0.53887033,0.008078039,0.6275543
13215,2,-0.60230166,-0.4927106,0.10959107,0.6292537
13216,2,-0.5059314,-0.5422249,0.036293507,0.63413423
13217,2,-0.5932392,-0.48995033,0.10328886,0.6288927
13218,2,-0.49449587,-0.4300758,0.064420074,0.6344757
13219,2,-0.40878287,-0.45461535,0.045832485,0.631513
13220,2,-0.47480977,-0.51022416,0.035414398,0.62601733
13221,2,-0.56831145,-0.43542483,0.13288662,0.62661576
13222,2,-0.42816886,-0.27530062,0.15286824,0.63305295
13223,2,-0.18338268,-0.37732816,0.19394548,0.6291542
13224,2,-0.40808037,-0.3153227,0.09275767,0.61460334
13225,2,-0.30399573,-0.26565334,0.038342386,0.62417805
13226,2,-0.2411373,-0.19408163,0.04705566,0.61968213
13227,2,-0.14941837,-0.06106024,0.088358134,0.6162043
13228,2,0.029784769,0.007552612,0.022232156,0.6107714
13229,2,0.08330102,0.15368092,0.0703799,0.6000085
13230,2,0.26335704,0.26470998,0.001352936,0.59415734
13231,2,0.37126523,0.40091398,0.029648751,0.582052
13232,2,0.51445794,0.38267964,0.1317783,0.57303745
13233,2,0.4358573,0.56472033,0.12886304,0.5612955
13234,2,0.66400945,0.6961501,0.032140672,0.5643562
13235,2,0.7925427,0.77238655,0.020156145,0.55087507
13236,2,0.8456502,0.9054352,0.05978501,0.54103595
13237,2,0.9747026,1.0372362,0.06253362,0.538397
13238,2,1.0935456,1.0553771,0.03816843,0.5317243
13239,2,1.0796193,1.1530678,0.07344854,0.5201632
13240,2,1.1672263,1.0354494,0.13177693,0.52361786
13241,2,1.0150847,1.1764468,0.16136205,0.5080099
13242,2,1.1730355,1.1773522,0.0043166876,0.526846
13243,2,1.158943,1.1371735,0.021769524,0.5132957
13244,2,1.1059043,1.0822098,0.023694515,0.51089746
13245,2,1.0433375,1.0789447,0.03560722,0.51186603
13246,2,1.0450109,0.990652,0.0543589,0.5170269
13247,2,0.9477867,1.128774,0.18098736,0.5131115
13248,2,1.119219,1.1173409,0.0018780231,0.5284037
13249,2,1.0978769,0.9945468,0.103330135,0.51454645
13250,2,0.95450544,0.9267762,0.027729273,0.50959074
13251,2,0.8845099,0.9783904,0.093880475,0.5185064
13252,2,0.9607388,1.0558283,0.095089555,0.5270673
13253,2,1.0531756,1.0023379,0.050837636,0.5257898
13254,2,0.9840658,0.909795,0.074270785,0.515856
13255,2,0.8758265,0.9401976,0.06437111,0.51710945
13256,2,0.9237217,0.8224171,0.10130459,0.52705836
13257,2,0.7848201,0.7224752,0.06234491,0.51996005
13258,2,0.67527866,0.6184265,0.056852162,0.5281659
13259,2,0.56351066,0.59212446,0.028613806,0.5351825
13260,2,0.55821466,0.48333594,0.07487872,0.54416835
13261,2,0.43186146,0.50228417,0.07042271,0.54513526
13262,2,0.48807275,0.4636417,0.02443105,0.55500746
13263,2,0.44742417,0.40811563,0.039308548,0.5529556
13264,2,0.3830834,0.39201584,0.0089324415,0.5559398
13265,2,0.3776356,0.24216914,0.13546646,0.5607186
13266,2,0.1748453,0.11691283,0.057932466,0.56156147
13267,2,0.025662795,0.0013459908,0.024316804,0.5744077
13268,2,-0.10177298,-0.08226199,0.019510992,0.5849739
13269,2,-0.17771015,-0.11692787,0.060782276,0.59454477
13270,2,-0.18331988,-0.025127674,0.1581922,0.6014596
13271,2,-0.0058252662,0.051371567,0.057196833,0.6045707
13272,2,0.101316705,-0.211381,0.3126977,0.59703356
13273,2,-0.32859823,-0.2908089,0.037789345,0.58914393
13274,2,-0.4001701,-0.3143665,0.0858036,0.61067885
13275,2,-0.38638663,-0.3940665,0.0076798797,0.6170431
13276,2,-0.48327076,-0.4148148,0.068455964,0.61759055
13277,2,-0.47817427,-0.43161395,0.046560317,0.6238944
13278,2,-0.48161268,-0.5038949,0.022282243,0.62526935
13279,2,-0.5826959,-0.47948274,0.10321316,0.62483764
13280,2,-0.5125573,-0.52699214,0.014434814,0.6315754
13281,2,-0.5846743,-0.5881525,0.003478229,0.62823504
13282,2,-0.6659714,-0.56643325,0.09953815,0.63029385
13283,2,-0.6021395,-0.52719295,0.07494652,0.6361733
13284,2,-0.5332675,-0.51562476,0.017642736,0.63551116
13285,2,-0.5266437,-0.5559262,0.02928251,0.6325767
13286,2,-0.6016456,-0.39404607,0.20759952,0.6304069
13287,2,-0.3244692,-0.384621,0.060151786,0.63732696
13288,2,-0.36173815,-0.33049855,0.031239599,0.62449074
13289,2,-0.30052987,-0.2807763,0.019753575,0.62457573
13290,2,-0.24899372,-0.27454695,0.025553226,0.620764
13291,2,-0.26745003,-0.23264839,0.034801647,0.61673874
13292,2,-0.2144305,-0.23076567,0.016335174,0.6166521
13293,2,-0.23048896,-0.14785995,0.08262901,0.61320764
13294,2,-0.10664933,0.029691549,0.13634089,0.61359775
13295,2,0.1443379,-0.0024755688,0.14681348,0.6069057
13296,2,0.032060787,0.13974279,0.107682005,0.59242177
13297,2,0.22827448,0.29185814,0.06358366,0.5950054
13298,2,0.40807688,0.34336028,0.06471661,0.58318037
13299,2,0.42606318,0.51969117,0.09362799,0.57055026
13300,2,0.63387764,0.6178197,0.016057909,0.56719625
13301,2,0.71338797,0.698319,0.015068948,0.5533569
13302,2,0.77508235,0.7824745,0.007392168,0.54623425
13303,2,0.84702206,0.8809781,0.03395605,0.5411194
13304,2,0.938005,0.9246576,0.013347387,0.53659993
13305,2,0.9613761,1.0042676,0.042891502,0.5291352
13306,2,1.0336264,1.0565953,0.022968888,0.5284125
13307,2,1.0727472,1.1427971,0.07004988,0.523373
13308,2,1.1519278,1.1489133,0.0030145645,0.5229243
13309,2,1.1398128,1.1546563,0.014843464,0.51493776
13310,2,1.1345214,1.0940659,0.04045546,0.51466894
13311,2,1.06044,1.1888347,0.12839472,0.5107802
13312,2,1.1683332,1.2286712,0.06033802,0.52198184
13313,2,1.2031112,1.2946353,0.091524124,0.5152069
13314,2,1.2641152,1.2234768,0.040638447,0.51558423
13315,2,1.1779876,1.1673248,0.010662794,0.50441134
13316,2,1.1164938,1.0820794,0.03441441,0.50808305
13317,2,1.0272659,1.0292548,0.0019888878,0.5089235
13318,2,0.9792329,1.0114527,0.032219768,0.51457936
13319,2,0.9721924,0.8809642,0.09122819,0.5188226
13320,2,0.8281789,0.9293148,0.10113591,0.515191
13321,2,0.9081315,0.7118306,0.19630086,0.52932024
13322,2,0.64786655,0.781341,0.13347447,0.5180667
13323,2,0.76808774,0.68145025,0.0866375,0.53986645
13324,2,0.648793,0.7073946,0.058601618,0.53101623
13325,2,0.7006492,0.62254673,0.07810247,0.5407232
13326,2,0.59658605,0.55061835,0.045967698,0.5366271
13327,2,0.5164812,0.52511907,0.0086378455,0.5431876
13328,2,0.5027294,0.43630216,0.06642726,0.5493057
13329,2,0.39630508,0.42023906,0.023933977,0.5506977
13330,2,0.39828002,0.4025269,0.0042468607,0.558429
13331,2,0.38952625,0.34894654,0.040579706,0.5597207
13332,2,0.32512105,0.1809331,0.14418794,0.56098557
13333,2,0.09757571,0.10622418,0.00864847,0.56521773
13334,2,0.029930875,-0.04041317,0.070344046,0.57968384
13335,2,-0.15279225,-0.0071614496,0.14563079,0.5857381
13336,2,-0.042774916,-0.12170868,0.07893377,0.5982991
13337,2,-0.20213564,-0.106521115,0.09561452,0.5950338
13338,2,-0.13884442,-0.22096074,0.08211632,0.60481524
13339,2,-0.30504352,-0.31995896,0.0149154365,0.6026413
13340,2,-0.42393762,-0.40735576,0.016581863,0.6110325
13341,2,-0.515885,-0.4849332,0.030951798,0.61777663
13342,2,-0.5912626,-0.3002903,0.2909723,0.62330204
13343,2,-0.23980457,-0.33149105,0.09168649,0.6327883
13344,2,-0.33305836,-0.39949358,0.06643522,0.6175729
13345,2,-0.45347792,-0.38398868,0.06948924,0.6189329
13346,2,-0.41117948,-0.35671338,0.0544661,0.6249539
13347,2,-0.36377126,-0.3886227,0.024851441,0.62413776
13348,2,-0.42307693,-0.38104457,0.04203236,0.62129265
13349,2,-0.4041304,-0.42209518,0.01796478,0.6241057
13350,2,-0.46983474,-0.50333244,0.03349769,0.6226389
13351,2,-0.5871622,-0.4892315,0.0979307,0.6240395
13352,2,-0.5313163,-0.45531797,0.075998306,0.631287
13353,2,-0.46612275,-0.42381358,0.042309165,0.6309271
13354,2,-0.4225027,-0.49158087,0.06907818,0.62880224
13355,2,-0.54638267,-0.428366,0.11801666,0.6245225
13356,2,-0.42705616,-0.25420338,0.17285278,0.63167876
13357,2,-0.15584496,-0.27757308,0.12172812,0.6287241
13358,2,-0.2576324,-0.21857074,0.039061666,0.614483
13359,2,-0.18502852,0.07538077,0.2604093,0.6170114
13360,2,0.25252128,0.1726121,0.079909176,0.6119149
13361,2,0.30476713,0.1972461,0.10752103,0.5886029
13362,2,0.27245158,0.27508822,0.0026366413,0.58046806
13363,2,0.34832197,0.3917843,0.043462336,0.5784265
13364,2,0.48093677,0.38282976,0.09810701,0.5721369
13365,2,0.42769283,0.41643068,0.011262149,0.56209356
13366,2,0.45588183,0.64970887,0.19382703,0.5630683
13367,2,0.7579583,0.71137255,0.04658574,0.5626603
13368,2,0.78970635,0.780386,0.009320378,0.54367715
13369,2,0.84159565,0.8416944,9.87649e-05,0.5398811
13370,2,0.8889301,0.8861905,0.0027396083,0.53545463
13371,2,0.9195901,1.0547316,0.13514149,0.5313368
13372,2,1.099785,1.1492352,0.04945028,0.5343261
13373,2,1.1754564,1.1110244,0.064432025,0.5234634
13374,2,1.1067597,1.1159569,0.009197235,0.51221067
13375,2,1.1001498,1.0904644,0.009685397,0.51619583
13376,2,1.0647993,1.096941,0.032141685,0.51435685
13377,2,1.0711755,1.125291,0.054115534,0.51716805
13378,2,1.1021568,1.1487788,0.046622038,0.5180707
13379,2,1.1248915,1.2496884,0.12479687,0.5166345
13380,2,1.2303308,1.3085887,0.07825792,0.5204441
13381,2,1.2794454,1.1317849,0.1476605,0.51445735
13382,2,1.0798103,1.09988,0.020069718,0.49771395
13383,2,1.0511825,0.9897157,0.061466813,0.5133148
13384,2,0.934029,0.9231592,0.010869801,0.51105785
13385,2,0.8726851,0.925623,0.052937925,0.51882315
13386,2,0.8944844,0.9562538,0.061769426,0.52521795
13387,2,0.9417819,0.9231888,0.018593073,0.5262323
13388,2,0.9045943,0.80688673,0.09770757,0.5219972
13389,2,0.7680771,0.6708992,0.09717786,0.5210792
13390,2,0.61262786,0.56851006,0.04411781,0.52845156
13391,2,0.506827,0.5937256,0.086898625,0.5390736
13392,2,0.5747428,0.51076615,0.063976645,0.54866195
13393,2,0.47715366,0.37350616,0.1036475,0.54528254
13394,2,0.3075896,0.40400374,0.09641415,0.55156237
13395,2,0.38819778,0.31763113,0.070566654,0.56380093
13396,2,0.27883846,0.18146153,0.09737693,0.5607267
13397,2,0.10367419,0.27000943,0.16633524,0.5679488
13398,2,0.2776562,0.1782305,0.0994257,0.5797446
13399,2,0.14365415,0.1683929,0.024738744,0.57208514
13400,2,0.14894013,0.13018058,0.018759549,0.5799765
13401,2,0.10402836,0.15702651,0.052998155,0.58078814
13402,2,0.15968005,0.038189564,0.12149049,0.5840486
13403,2,-0.018883795,-0.045716647,0.026832853,0.5816184
13404,2,-0.11939944,-0.24201134,0.122611895,0.5915628
13405,2,-0.3884306,-0.38105068,0.0073799193,0.5971411
13406,2,-0.5368061,-0.34255832,0.19424778,0.6116628
13407,2,-0.3973088,-0.33205372,0.065255076,0.6241137
13408,2,-0.3586735,-0.36722147,0.008547962,0.621095
13409,2,-0.41045547,-0.3828498,0.027605653,0.6196265
13410,2,-0.4230421,-0.38453314,0.03850895,0.62228715
13411,2,-0.4151525,-0.48943898,0.07428649,0.62356114
13412,2,-0.5785362,-0.4573306,0.1212056,0.62121654
13413,2,-0.49015743,-0.39787093,0.0922865,0.63089913
13414,2,-0.3877403,-0.44389513,0.056154817,0.6294549
13415,2,-0.48057926,-0.36065727,0.11992198,0.6235569
13416,2,-0.33791208,-0.38572416,0.047812074,0.62895644
13417,2,-0.40329832,-0.37137744,0.03192088,0.6216813
13418,2,-0.38329017,-0.37625453,0.007035643,0.6240369
13419,2,-0.39696312,-0.50616574,0.10920262,0.6227574
13420,2,-0.6058231,-0.4088665,0.1969566,0.6200069
13421,2,-0.4046543,-0.41477236,0.010118067,0.63320404
13422,2,-0.42911583,-0.29471916,0.13439667,0.6251345
13423,2,-0.23810607,-0.22467338,0.013432696,0.6273958
13424,2,-0.1671162,-0.16552235,0.0015938431,0.6183594
13425,2,-0.11351554,-0.1093239,0.0041916445,0.61302775
13426,2,-0.060501114,-0.028605081,0.031896032,0.6084201
13427,2,0.033910766,0.16027462,0.12636386,0.60395384
13428,2,0.28700298,0.2514107,0.035592288,0.5970003
13429,2,0.35702717,0.36357647,0.0065492988,0.5815085
13430,2,0.466771,0.47568312,0.008912116,0.57403046
13431,2,0.5751301,0.57028216,0.004847944,0.5651363
13432,2,0.65833783,0.60389954,0.054438293,0.5564887
13433,2,0.6638516,0.66172427,0.0021273494,0.5486668
13434,2,0.71389836,0.90068305,0.18678468,0.54671186
13435,2,0.9920472,0.9104002,0.08164698,0.5480259
13436,2,0.9593481,0.9421838,0.01716429,0.52673763
13437,2,0.97034156,1.05883,0.08848846,0.52708226
13438,2,1.0877702,1.0569723,0.030797958,0.5293411
13439,2,1.0626453,1.1368204,0.07417512,0.5181684
13440,2,1.1392566,1.2092512,0.06999457,0.5225555
13441,2,1.2027774,1.2758837,0.07310629,0.51908034
13442,2,1.2575096,1.2700197,0.012510061,0.51624364
13443,2,1.2357279,1.3408015,0.10507357,0.50926304
13444,2,1.30085,1.2476327,0.05321729,0.51468474
13445,2,1.1932793,1.2408059,0.047526598,0.50132596
13446,2,1.1871427,1.1221702,0.06497252,0.51017493
13447,2,1.0605998,1.064539,0.0039391518,0.5038467
13448,2,1.0082866,1.1420385,0.13375187,0.5124244
13449,2,1.1106219,1.1853431,0.07472122,0.5221212
13450,2,1.1582986,0.9731976,0.18510103,0.5171318
13451,2,0.91730917,1.0358498,0.118540645,0.5021695
13452,2,1.008468,0.9196343,0.08883375,0.5253114
13453,2,0.87659323,0.8491293,0.027463913,0.5143002
13454,2,0.80618906,0.84108955,0.034900486,0.5227529
13455,2,0.81448305,0.8073037,0.00717932,0.5290807
13456,2,0.7842958,0.71064955,0.07364625,0.52875376
13457,2,0.6732739,0.47771505,0.19555888,0.5292798
13458,2,0.38484263,0.4996611,0.114818454,0.53448254
13459,2,0.4640612,0.4235587,0.04050249,0.5554744
13460,2,0.38158,0.35774413,0.023835868,0.5528614
13461,2,0.31440192,0.34146637,0.027064443,0.559181
13462,2,0.31766748,0.37402946,0.056361973,0.56486344
13463,2,0.38136292,0.35942185,0.021941066,0.5664137
13464,2,0.3623128,0.21061873,0.15169406,0.56352395
13465,2,0.15047349,0.15194494,0.001471445,0.56435144
13466,2,0.09578769,0.028804297,0.066983394,0.57718444
13467,2,-0.05949837,-0.011407827,0.048090544,0.58203316
13468,2,-0.0755492,-0.06688837,0.008660831,0.5924757
13469,2,-0.1285792,-0.039339855,0.089239344,0.59570414
13470,2,-0.054675028,-0.0708481,0.016173072,0.60045385
13471,2,-0.0973944,-0.1567415,0.0593471,0.59805447
13472,2,-0.22113112,-0.24806422,0.026933104,0.6002191
13473,2,-0.3366079,-0.35084984,0.014241934,0.6066084
13474,2,-0.45976722,-0.4861061,0.026338875,0.61279637
13475,2,-0.6253571,-0.48074728,0.14460981,0.618406
13476,2,-0.5508915,-0.4375491,0.113342404,0.63006717
13477,2,-0.4532048,-0.51769096,0.064486146,0.6306111
13478,2,-0.58635837,-0.5240971,0.062261283,0.6249366
13479,2,-0.5729565,-0.4287675,0.144189,0.631546
13480,2,-0.40341657,-0.48860985,0.08519328,0.63429236
13481,2,-0.5280294,-0.48157978,0.0464496,0.6250275
13482,2,-0.5097447,-0.4966927,0.0130520165,0.6302549
13483,2,-0.5331978,-0.46769428,0.06550354,0.6292748
13484,2,-0.4802071,-0.34431934,0.13588774,0.63126045
13485,2,-0.28499866,-0.391628,0.10662934,0.63106084
13486,2,-0.40661347,-0.30250084,0.104112625,0.6201861
13487,2,-0.26674128,-0.42468762,0.15794635,0.6254787
13488,2,-0.49302953,-0.36342892,0.12960061,0.61587244
13489,2,-0.36890417,-0.31096807,0.057936102,0.6273635
13490,2,-0.29235673,-0.2132798,0.07907693,0.6231009
13491,2,-0.15541758,-0.12953359,0.025883988,0.61974156
13492,2,-0.06193486,0.015550904,0.07748576,0.61224407
13493,2,0.12291525,0.13028252,0.007367268,0.6055165
13494,2,0.23853917,0.23404455,0.0044946223,0.5935756
13495,2,0.33633518,0.3026648,0.033670396,0.5840031
13496,2,0.385414,0.43790352,0.05248952,0.57536155
13497,2,0.53826654,0.5811405,0.04287398,0.5700324
13498,2,0.687886,0.69404536,0.006159365,0.5598865
13499,2,0.78762126,0.7975986,0.009977341,0.54939014
13500,2,0.87594855,0.91030616,0.034357607,0.541934
13501,2,0.9763185,0.97944534,0.0031268597,0.53628516
13502,2,1.0236799,1.0342072,0.010527372,0.52865756
13503,2,1.0599738,1.0354506,0.024523258,0.5246413
13504,2,1.0404266,1.0232203,0.017206311,0.51948
13505,2,1.0145059,1.0410604,0.026554585,0.5187784
13506,2,1.0299907,1.1989261,0.16893542,0.5208029
13507,2,1.2028706,1.1768914,0.025979161,0.5276271
13508,2,1.1598853,1.1449171,0.014968157,0.5110609
13509,2,1.1151539,1.1860566,0.070902705,0.5113778
13510,2,1.1580375,1.2551031,0.09706557,0.5168939
13511,2,1.227363,1.1931261,0.034236908,0.5171612
13512,2,1.1517094,1.1727331,0.021023631,0.5064818
13513,2,1.1292013,1.1075902,0.021611094,0.5113866
13514,2,1.0595127,1.0325875,0.026925206,0.50973195
13515,2,0.98253906,1.0768938,0.09435475,0.51227456
13516,2,1.0467929,1.0157181,0.031074762,0.52169275
13517,2,0.9798845,0.94504267,0.034841835,0.51444393
13518,2,0.9051707,0.9523658,0.047195137,0.5172244
13519,2,0.92691815,0.9117928,0.015125334,0.5242389
13520,2,0.88537645,0.9624394,0.077062964,0.5219219
13521,2,0.95466363,0.7872763,0.1673873,0.52779114
13522,2,0.742609,0.6474498,0.09515923,0.5168509
13523,2,0.58367443,0.6223784,0.038703978,0.5297911
13524,2,0.5832713,0.5003768,0.082894504,0.542061
13525,2,0.44213003,0.5850345,0.14290446,0.54259765
13526,2,0.5908564,0.50934047,0.08151591,0.5545422
13527,2,0.49158716,0.46136945,0.030217707,0.54604524
13528,2,0.43891954,0.39288682,0.046032727,0.5523096
13529,2,0.3589822,0.28276172,0.07622048,0.5560431
13530,2,0.22284009,0.2171356,0.0057044923,0.56158656
13531,2,0.16050895,0.11138842,0.049120523,0.5710406
13532,2,0.034982786,0.123003826,0.08802104,0.57656705
13533,2,0.09390701,-0.0093312515,0.10323826,0.58563334
13534,2,-0.08997439,-0.1789432,0.08896881,0.5844134
13535,2,-0.3122428,-0.14442429,0.16781852,0.5947362
13536,2,-0.19034666,-0.14924625,0.041100413,0.60938317
13537,2,-0.17685446,-0.35796025,0.18110579,0.6064909
13538,2,-0.4946866,-0.34173292,0.15295368,0.604129
13539,2,-0.40344107,-0.46496803,0.061526954,0.62222356
13540,2,-0.5758946,-0.43142226,0.14447233,0.61821395
13541,2,-0.47160977,-0.4755279,0.003918141,0.62944156
13542,2,-0.53255373,-0.4330254,0.09952834,0.62560475
13543,2,-0.44469512,-0.4235067,0.021188408,0.6302761
13544,2,-0.43582594,-0.38393915,0.051886797,0.6269646
13545,2,-0.37790853,-0.4412681,0.06335956,0.6269341
13546,2,-0.48665524,-0.44568297,0.040972263,0.62243867
13547,2,-0.48248786,-0.50674266,0.024254799,0.6271657
13548,2,-0.57420695,-0.47818038,0.09602657,0.62595594
13549,2,-0.50422,-0.4874285,0.016791523,0.6318422
13550,2,-0.5187204,-0.43513337,0.08358702,0.6292344
13551,2,-0.4301697,-0.39548165,0.034688056,0.63120705
13552,2,-0.38214785,-0.39796773,0.015819877,0.6276841
13553,2,-0.40704727,-0.3991557,0.007891566,0.62435704
13554,2,-0.41739357,-0.28458077,0.1328128,0.624541
13555,2,-0.23325193,-0.27070543,0.037453502,0.62625015
13556,2,-0.24972865,-0.22739509,0.022333562,0.6170989
13557,2,-0.20214245,-0.21141422,0.009271771,0.6163816
13558,2,-0.19955136,-0.17091548,0.028635874,0.6129456
13559,2,-0.14985614,-0.03104856,0.11880758,0.6119132
13560,2,0.053321198,0.07845824,0.025137044,0.6088975
13561,2,0.17417355,0.16145977,0.012713775,0.59747326
13562,2,0.24822159,0.28788024,0.03965865,0.5883649
13563,2,0.3903991,0.46241263,0.07201353,0.5814047
13564,2,0.58867574,0.5842999,0.0043758154,0.5713946
13565,2,0.6955932,0.7514194,0.055826247,0.5578265
13566,2,0.861575,0.90450495,0.042929947,0.55041444
13567,2,0.9983412,0.9063903,0.09195089,0.5402542
13568,2,0.9539058,0.97363687,0.019731045,0.52622575
13569,2,1.0069817,1.0521729,0.04519117,0.5287734
13570,2,1.0758094,1.2186749,0.14286554,0.5260595
13571,2,1.2399013,1.2378806,0.0020207167,0.5277574
13572,2,1.2316123,1.2657287,0.034116387,0.5128527
13573,2,1.2422421,1.1656573,0.076584816,0.5127529
13574,2,1.1225966,1.1331545,0.01055789,0.5038165
13575,2,1.0881859,1.1515244,0.06333852,0.51181823
13576,2,1.1136757,1.0505408,0.06313491,0.5160259
13577,2,1.0024222,1.1693494,0.16692722,0.5088835
13578,2,1.1482552,1.2051951,0.05693984,0.5250067
13579,2,1.1810035,1.0923856,0.0886178,0.5156627
13580,2,1.0501899,1.0553766,0.005186796,0.5057593
13581,2,1.0141487,1.0470667,0.032917976,0.51485205
13582,2,1.0127817,0.9920425,0.020739257,0.5180114
13583,2,0.95519006,0.90817463,0.04701543,0.51623386
13584,2,0.8655796,0.8606091,0.004970491,0.51802504
13585,2,0.8234868,0.85210824,0.028621435,0.5242195
13586,2,0.828473,0.82827926,0.0001937151,0.52838016
13587,2,0.809062,0.73356205,0.07549995,0.5283857
13588,2,0.69904435,0.5877159,0.11132842,0.52789605
13589,2,0.5269137,0.58136445,0.05445075,0.533678
13590,2,0.55102444,0.5776479,0.026623487,0.5467568
13591,2,0.56551933,0.65087235,0.08535302,0.5472689
13592,2,0.67385226,0.5625561,0.11129618,0.54883593
13593,2,0.5507268,0.47865206,0.07207471,0.54079866
13594,2,0.4462266,0.36496955,0.081257045,0.54773337
13595,2,0.3073057,0.24587914,0.06142655,0.55435973
13596,2,0.16821195,0.13335371,0.03485824,0.5639367
13597,2,0.04397379,0.025469786,0.018504003,0.5741115
13598,2,-0.07160124,0.04343066,0.1150319,0.58362716
13599,2,0.0074632764,0.036260996,0.02879772,0.5928398
13600,2,0.016357705,-0.04769329,0.064050995,0.59132385
13601,2,-0.102632366,-0.11037021,0.007737845,0.59171975
13602,2,-0.17395222,-0.13521475,0.038737476,0.59856904
13603,2,-0.18285231,-0.23421659,0.051364273,0.6037215
13604,2,-0.3180249,-0.30444762,0.013577282,0.6049408
13605,2,-0.39169014,-0.29604876,0.095641375,0.6124145
13606,2,-0.33872318,-0.27564895,0.06307423,0.6184372
13607,2,-0.29085004,-0.39514273,0.10429269,0.61799115
13608,2,-0.48207974,-0.36427483,0.117804915,0.61425036
13609,2,-0.3955282,-0.3750806,0.020447612,0.6249341
13610,2,-0.4065737,-0.46200815,0.055434436,0.6221857
13611,2,-0.5405924,-0.56481344,0.024221063,0.62116003
13612,2,-0.6752978,-0.42632934,0.24896845,0.62551755
13613,2,-0.39896,-0.48628438,0.08732438,0.63755274
13614,2,-0.5241464,-0.5113419,0.012804449,0.62488383
13615,2,-0.55866784,-0.45257965,0.10608819,0.6292673
13616,2,-0.45080823,-0.3128596,0.13794863,0.63279706
13617,2,-0.23657358,-0.32676634,0.090192765,0.6301999
13618,2,-0.3130014,-0.24374418,0.069257215,0.6187018
13619,2,-0.1986269,-0.30539033,0.10676342,0.6208043
13620,2,-0.33191895,-0.15204294,0.17987601,0.6132087
13621,2,-0.08059192,-0.26023328,0.17964137,0.619508
13622,2,-0.29726815,-0.19026516,0.10700299,0.6060469
13623,2,-0.17463426,-0.13942593,0.03520833,0.6157869
13624,2,-0.10943447,-0.085369386,0.024065085,0.6103365
13625,2,-0.046325102,0.02306862,0.069393724,0.6063463
13626,2,0.09746681,0.25474238,0.15727557,0.6019712
13627,2,0.40615445,0.31837946,0.08777499,0.5925433
13628,2,0.42357874,0.42536798,0.001789242,0.57364035
13629,2,0.52450156,0.4638679,0.06063366,0.5686425
13630,2,0.5322002,0.61223155,0.080031335,0.5597194
13631,2,0.7030556,0.71570224,0.0126466155,0.5581007
13632,2,0.797302,0.7883023,0.008999705,0.5471202
13633,2,0.852033,0.7698764,0.0821566,0.539713
13634,2,0.7993015,0.9202095,0.12090802,0.5325497
13635,2,0.97052455,1.034314,0.06378949,0.5391714
13636,2,1.0773484,0.99911755,0.0782308,0.5302143
13637,2,1.0090994,1.0674276,0.05832827,0.517774
13638,2,1.0750054,0.9965298,0.078475595,0.5244029
13639,2,0.9800426,1.1667218,0.18667924,0.51447976
13640,2,1.173694,1.2171595,0.043465495,0.5299473
13641,2,1.2095488,1.1690545,0.040494323,0.5166547
13642,2,1.141744,1.0833414,0.058402658,0.5088063
13643,2,1.0418981,1.1677177,0.12581956,0.50881964
13644,2,1.1426728,1.1500344,0.0073616505,0.5217765
13645,2,1.1184238,1.1913973,0.07297349,0.51256657
13646,2,1.162522,1.1280382,0.03448379,0.51671433
13647,2,1.088445,1.0635512,0.02489376,0.50901425
13648,2,1.0192024,1.0204532,0.0012508631,0.5118055
13649,2,0.97865605,0.96782446,0.0108315945,0.5159491
13650,2,0.9276135,0.8714729,0.0561406,0.5177241
13651,2,0.82469356,0.80250776,0.022185802,0.51898015
13652,2,0.75858516,0.78283924,0.024254084,0.5257789
13653,2,0.7543116,0.77088964,0.016578019,0.53160477
13654,2,0.75366133,0.7202415,0.033419847,0.5330815
13655,2,0.69889957,0.67512506,0.023774505,0.53286153
13656,2,0.65297204,0.5070363,0.14593571,0.5364773
13657,2,0.44348973,0.42326382,0.020225912,0.5379306
13658,2,0.3619883,0.39966646,0.037678152,0.5522051
13659,2,0.3638476,0.33146748,0.032380134,0.5594379
13660,2,0.29001093,0.26245344,0.027557492,0.5611611
13661,2,0.2155015,0.3029719,0.0874704,0.5669005
13662,2,0.30260974,0.20865875,0.09395099,0.5729515
13663,2,0.1700341,0.20295987,0.03292577,0.5692708
13664,2,0.18405487,0.12828033,0.05577454,0.5774041
13665,2,0.085318044,0.052113086,0.033204958,0.57781553
13666,2,-0.0065992624,0.06997397,0.07657323,0.58412313
13667,2,0.051687196,0.015718857,0.03596834,0.5906155
13668,2,-0.021061376,-0.063211985,0.04215061,0.5890372
13669,2,-0.12484397,-0.14092363,0.016079664,0.59340894
13670,2,-0.21665424,-0.095841624,0.12081262,0.5996894
13671,2,-0.10886222,-0.26708496,0.15822273,0.6064418
13672,2,-0.37371582,-0.27288154,0.10083428,0.60111624
13673,2,-0.33316803,-0.31613994,0.017028093,0.615619
13674,2,-0.3773585,-0.3781285,0.0007700026,0.61550754
13675,2,-0.45256782,-0.2992321,0.15333572,0.6180708
13676,2,-0.29361457,-0.35209844,0.05848387,0.6244286
13677,2,-0.3911203,-0.3956632,0.004542887,0.61713123
13678,2,-0.4512636,-0.42562214,0.025641471,0.6207609
13679,2,-0.4809656,-0.42301732,0.05794829,0.6237933
13680,2,-0.45842052,-0.44837025,0.010050267,0.6263592
13681,2,-0.49242765,-0.4797819,0.012645751,0.6255728
13682,2,-0.532142,-0.42895195,0.103190035,0.6269265
13683,2,-0.4336304,-0.3775856,0.056044817,0.63070613
13684,2,-0.36045742,-0.40470082,0.044243395,0.6274867
13685,2,-0.42663997,-0.39745873,0.029181242,0.6227224
13686,2,-0.41613793,-0.34332186,0.072816074,0.62513435
13687,2,-0.33047187,-0.32159966,0.008872211,0.6254441
13688,2,-0.31415343,-0.19671665,0.11743678,0.62131006
13689,2,-0.12729314,-0.2218508,0.09455766,0.6206668
13690,2,-0.21357618,-0.18775986,0.025816321,0.610291
13691,2,-0.17293385,0.01686708,0.18980093,0.6126659
13692,2,0.13554008,0.12066672,0.014873363,0.61004174
13693,2,0.22920881,0.18552011,0.0436887,0.59348947
13694,2,0.269143,0.2557322,0.013410777,0.58483726
13695,2,0.33016908,0.4158169,0.08564782,0.5793996
13696,2,0.5242144,0.55669576,0.032481372,0.57383585
13697,2,0.6678234,0.76309305,0.09526968,0.5614684
13698,2,0.8859359,0.8232833,0.06265259,0.55307823
13699,2,0.9036869,0.87692785,0.026759028,0.53644794
13700,2,0.9299984,0.93705714,0.0070587397,0.5327086
13701,2,0.97424567,1.0096838,0.03543818,0.53000504
13702,2,1.0371842,1.0103216,0.026862621,0.52749527
13703,2,1.0175525,1.1734676,0.15591514,0.5206419
13704,2,1.1905557,1.2023016,0.01174593,0.5290398
13705,2,1.1978914,1.1086915,0.0891999,0.5150834
13706,2,1.0793079,1.2404363,0.1611284,0.5068983
13707,2,1.2235626,1.1948115,0.028751135,0.5237226
13708,2,1.1615272,1.143988,0.017539144,0.50803465
13709,2,1.102121,1.130185,0.028064013,0.5095677
13710,2,1.0898163,1.0914624,0.0016460419,0.5137699
13711,2,1.0501622,1.1318405,0.08167827,0.5130267
13712,2,1.1019678,1.0840597,0.017908096,0.51896197
13713,2,1.048164,1.0251337,0.023030281,0.51248026
13714,2,0.98539686,1.174209,0.18881214,0.5141935
13715,2,1.1640869,1.051932,0.11215496,0.5276907
13716,2,1.018038,1.0020586,0.01597941,0.50674945
13717,2,0.9651139,0.8708325,0.094281375,0.5162175
13718,2,0.81838167,0.8363209,0.01793921,0.5157256
13719,2,0.7969893,0.81408924,0.017099917,0.5269001
13720,2,0.78672874,0.67016923,0.116559505,0.529406
13721,2,0.61736417,0.6451748,0.027810633,0.5277762
13722,2,0.6120311,0.56127435,0.050756752,0.5404268
13723,2,0.520164,0.39820158,0.12196243,0.5412949
13724,2,0.32040274,0.43099213,0.110589385,0.5472209
13725,2,0.40968645,0.31516528,0.094521165,0.5618308
13726,2,0.26200354,0.2469838,0.015019745,0.558346
13727,2,0.19366969,0.3417583,0.14808862,0.568284
13728,2,0.36311442,0.32170758,0.04140684,0.5743475
13729,2,0.32924855,0.22452544,0.10472311,0.56617826
13730,2,0.18850069,0.13959426,0.04890643,0.56766886
13731,2,0.082991704,0.032669146,0.05032256,0.5759689
13732,2,-0.048369303,-0.087767065,0.03939776,0.58310777
13733,2,-0.19227926,-0.13567221,0.056607053,0.59183043
13734,2,-0.21459912,-0.096803606,0.11779551,0.6018113
13735,2,-0.11405248,-0.1743727,0.06032022,0.6060064
13736,2,-0.22984475,-0.2730524,0.043207645,0.6022832
13737,2,-0.36227375,-0.22376914,0.13850461,0.60777915
13738,2,-0.24212833,-0.38243672,0.1403084,0.61660296
13739,2,-0.49065685,-0.36279628,0.12786058,0.6100578
13740,2,-0.4101233,-0.46534872,0.055225432,0.6239105
13741,2,-0.55891263,-0.42677742,0.13213521,0.6200173
13742,2,-0.45653975,-0.5117611,0.05522138,0.62956744
13743,2,-0.5891558,-0.49816474,0.09099105,0.6241915
13744,2,-0.5378799,-0.49966103,0.038218856,0.6317583
13745,2,-0.53214234,-0.54418457,0.012042224,0.6305854
13746,2,-0.6006584,-0.5936168,0.007041633,0.6294225
13747,2,-0.66425383,-0.45351538,0.21073845,0.63157105
13748,2,-0.4085436,-0.5907551,0.18221152,0.6393458
13749,2,-0.66788465,-0.55019593,0.117688715,0.6238526
13750,2,-0.57507503,-0.5283465,0.04672855,0.63687164
13751,2,-0.54118633,-0.43647853,0.10470781,0.63413715
13752,2,-0.39875448,-0.33230597,0.06644851,0.63449115
13753,2,-0.2639879,-0.29739878,0.033410877,0.6287296
13754,2,-0.25818318,-0.26965952,0.011476338,0.62072057
13755,2,-0.2471035,-0.28263986,0.035536364,0.61816967
13756,2,-0.29120648,-0.21705088,0.0741556,0.61571234
13757,2,-0.19131313,-0.052257046,0.13905609,0.6174343
13758,2,0.04918553,0.050454002,0.0012684725,0.6125601
13759,2,0.15015073,0.20785351,0.05770278,0.599247
13760,2,0.33337307,0.28142503,0.05194804,0.59055215
13761,2,0.3777876,0.42371133,0.04592374,0.57754105
13762,2,0.5339522,0.6128874,0.078935206,0.57173735
13763,2,0.74015105,0.64270085,0.0974502,0.5615174
13764,2,0.7213836,0.8678766,0.14649302,0.5455424
13765,2,0.9704217,0.98013455,0.009712875,0.5485966
13766,2,1.0540012,1.0399284,0.014072776,0.53263265
13767,2,1.0822462,1.1492206,0.0669744,0.5248503
13768,2,1.175583,1.1686155,0.0069675446,0.5248735
13769,2,1.1694363,1.2600949,0.090658545,0.51544607
13770,2,1.2503392,1.3432399,0.09290075,0.51918554
13771,2,1.318369,1.3023154,0.016053677,0.5158393
13772,2,1.258381,1.2484771,0.009903908,0.5046902
13773,2,1.1946396,1.2450095,0.050369978,0.5052255
13774,2,1.1919147,1.1298771,0.062037587,0.51036006
13775,2,1.0689456,1.2268445,0.1578989,0.50385207
13776,2,1.1882443,1.2279828,0.039738417,0.5208363
13777,2,1.1868752,1.099803,0.08707225,0.5114206
13778,2,1.0454913,0.9800883,0.065403044,0.5039173
13779,2,0.9192718,1.0425105,0.12323868,0.5106474
13780,2,1.0127299,0.98342544,0.029304445,0.52497935
13781,2,0.9491991,1.0027934,0.05359435,0.51628953
13782,2,0.9809464,0.83292294,0.14802349,0.5227983
13783,2,0.78224385,0.8248192,0.04257536,0.51441616
13784,2,0.79363835,0.8031627,0.009524345,0.5300591
13785,2,0.78078175,0.73557216,0.045209587,0.5301387
13786,2,0.7065257,0.72918624,0.022660553,0.5302674
13787,2,0.71378016,0.62514323,0.088636935,0.53632104
13788,2,0.58866763,0.616379,0.027711391,0.5346887
13789,2,0.59788835,0.4166412,0.18124714,0.54396677
13790,2,0.34047067,0.35633516,0.015864491,0.54243785
13791,2,0.2961988,0.36853096,0.07233217,0.55978185
13792,2,0.34863424,0.29515854,0.053475708,0.5651033
13793,2,0.25887138,0.20709746,0.05177392,0.5637568
13794,2,0.15247096,0.2380571,0.085586146,0.56994736
13795,2,0.22940005,0.26066276,0.03126271,0.57756704
13796,2,0.27118802,0.19734497,0.07384305,0.57495767
13797,2,0.17668264,0.0888965,0.08778614,0.57292324
13798,2,0.027154788,0.0855551,0.05840031,0.5782412
13799,2,0.054582536,-0.0002669702,0.054849505,0.58752215
13800,2,-0.059528902,-0.14903201,0.08950311,0.58766365
13801,2,-0.26038232,-0.19340332,0.066979006,0.59423035
13802,2,-0.27553898,-0.1840545,0.09148449,0.60654426
13803,2,-0.2212164,-0.23475347,0.013537079,0.6103389
13804,2,-0.28705418,-0.3213237,0.03426951,0.6090879
13805,2,-0.4040196,-0.29588005,0.108139545,0.6121876
13806,2,-0.32677057,-0.29391903,0.032851547,0.61983544
13807,2,-0.31544292,-0.2924285,0.023014426,0.617753
13808,2,-0.31060797,-0.3263205,0.01571253,0.6176093
13809,2,-0.36483926,-0.38477802,0.019938767,0.61699456
13810,2,-0.4482965,-0.3453595,0.10293698,0.61880106
13811,2,-0.36063087,-0.32129472,0.039336145,0.6243779
13812,2,-0.323955,-0.38925266,0.06529766,0.62148255
13813,2,-0.44252563,-0.4708203,0.028294683,0.6182822
13814,2,-0.5567005,-0.46370593,0.0929946,0.6221389
13815,2,-0.51053643,-0.441528,0.06900844,0.62920976
13816,2,-0.46130782,-0.44091758,0.020390242,0.6291236
13817,2,-0.46256,-0.35357746,0.10898253,0.6272953
13818,2,-0.3212099,-0.34712502,0.025915116,0.62881565
13819,2,-0.34090003,-0.32155842,0.019341618,0.6217752
13820,2,-0.31530946,-0.2915655,0.023743957,0.62162447
13821,2,-0.28176767,-0.20391265,0.07785502,0.6199076
13822,2,-0.15623447,-0.1297058,0.026528671,0.6182392
13823,2,-0.07213869,-0.1253717,0.053233005,0.6114852
13824,2,-0.10307023,0.08345252,0.18652275,0.6053955
13825,2,0.20544322,0.14010783,0.06533539,0.6049034
13826,2,0.22647755,0.26492852,0.03845097,0.5879722
13827,2,0.36668617,0.38949978,0.022813618,0.5831701
13828,2,0.4961146,0.55355954,0.05744493,0.5729791
13829,2,0.6727328,0.5985963,0.074136496,0.56366146
13830,2,0.67864513,0.7168346,0.03818947,0.55006665
13831,2,0.79686487,0.9491104,0.15224552,0.54835147
13832,2,1.0465552,0.9747132,0.071841955,0.5449723
13833,2,1.0273043,0.9576476,0.06965667,0.5248032
13834,2,0.97645986,1.1072968,0.13083696,0.5216493
13835,2,1.1338891,1.1399174,0.0060282946,0.5303491
13836,2,1.1454519,1.221499,0.07604706,0.51788044
13837,2,1.2167556,1.2712395,0.05448389,0.51953274
13838,2,1.2516278,1.2373866,0.014241219,0.5147324
13839,2,1.2010399,1.1590912,0.041948676,0.50761336
13840,2,1.1110281,1.29451,0.18348193,0.5062367
13841,2,1.2624724,1.2935555,0.031083107,0.52236474
13842,2,1.2509874,1.2060076,0.04497981,0.5089776
13843,2,1.1521943,1.2020686,0.049874306,0.50344527
13844,2,1.1519505,1.2031626,0.051212072,0.51187307
13845,2,1.1564943,1.1555123,0.0009819269,0.51232755
13846,2,1.1065952,1.1256936,0.019098401,0.50940174
13847,2,1.0794027,1.0993546,0.01995194,0.51239705
13848,2,1.0565959,1.0311693,0.025426626,0.5138794
13849,2,0.98591936,0.9573019,0.028617442,0.51300293
13850,2,0.91108835,0.9289428,0.017854452,0.51625603
13851,2,0.892635,0.8511181,0.0415169,0.5221256
13852,2,0.8110763,0.7403719,0.0707044,0.5219449
13853,2,0.6898329,0.69549465,0.005661726,0.5259531
13854,2,0.6570658,0.62963027,0.027435541,0.5350825
13855,2,0.59205586,0.5126625,0.07939339,0.5378366
13856,2,0.45708656,0.50814,0.051053464,0.5420805
13857,2,0.48250347,0.42572424,0.056779236,0.55248165
13858,2,0.3864863,0.32079092,0.065695375,0.5521253
13859,2,0.26193142,0.20202044,0.059910983,0.5588303
13860,2,0.1223705,0.20242861,0.08005811,0.56770754
13861,2,0.16678314,0.06569095,0.10109219,0.5779706
13862,2,-0.016053274,0.037890445,0.05394372,0.5777572
13863,2,-0.015543461,0.0061791707,0.021722632,0.5894422
13864,2,-0.035914317,-0.034005415,0.0019089021,0.59174526
13865,2,-0.07651739,-0.114545345,0.038027957,0.5943316
13866,2,-0.1814484,-0.285481,0.104032606,0.59737813
13867,2,-0.4181751,-0.32338056,0.09479454,0.60244966
13868,2,-0.41460127,-0.38401768,0.03058359,0.6164562
13869,2,-0.47030312,-0.2977682,0.17253491,0.61856705
13870,2,-0.29207027,-0.25336227,0.038708,0.62491775
13871,2,-0.23250076,-0.21710294,0.015397817,0.6183668
13872,2,-0.19470349,-0.33776727,0.14306378,0.615042
13873,2,-0.4073949,-0.46395236,0.056557477,0.6103862
13874,2,-0.5823203,-0.4596078,0.12271246,0.6178995
13875,2,-0.5221325,-0.51458526,0.0075472593,0.6287348
13876,2,-0.58855057,-0.48858285,0.09996772,0.62691337
13877,2,-0.5184542,-0.3498912,0.16856301,0.632236
13878,2,-0.28738755,-0.44555604,0.1581685,0.6326352
13879,2,-0.48795754,-0.37389174,0.114065796,0.6194264
13880,2,-0.36191788,-0.433938,0.07202011,0.6288943
13881,2,-0.47807968,-0.35726303,0.12081665,0.62176025
13882,2,-0.34199262,-0.3659748,0.023982197,0.6282029
13883,2,-0.37655407,-0.33632267,0.040231407,0.62176394
13884,2,-0.33502302,-0.2673532,0.06766981,0.62296647
13885,2,-0.23545988,-0.17106287,0.06439701,0.62137353
13886,2,-0.10793866,-0.15122712,0.043288454,0.616454
13887,2,-0.11845293,-0.0058561177,0.11259681,0.6086961
13888,2,0.086100414,-0.024372473,0.11047289,0.60728765
13889,2,0.005336061,0.10547235,0.10013629,0.59537625
13890,2,0.1858883,0.04737907,0.13850924,0.59686685
13891,2,0.05534269,0.10127833,0.04593564,0.5860684
13892,2,0.13144518,0.14419398,0.012748793,0.5910032
13893,2,0.18064897,0.18933682,0.008687854,0.58648074
13894,2,0.2303435,0.35920152,0.12885801,0.58286536
13895,2,0.45963508,0.481664,0.022028923,0.5791488
13896,2,0.5851559,0.5405148,0.044641078,0.5655542
13897,2,0.61867803,0.70870614,0.09002811,0.5555877
13898,2,0.80596346,0.7290554,0.07690805,0.5532417
13899,2,0.78810567,0.9407099,0.15260422,0.5387685
13900,2,1.0221366,0.95713854,0.06499803,0.5435829
13901,2,0.999933,1.0382557,0.038322687,0.5248474
13902,2,1.0683429,1.1426613,0.07431841,0.52694213
13903,2,1.1626425,1.149494,0.013148427,0.5246663
13904,2,1.1463853,1.1039513,0.042433977,0.5149841
13905,2,1.081668,1.0888664,0.0071983337,0.51180637
13906,2,1.0611328,1.1088312,0.04769838,0.5154379
13907,2,1.0837699,1.1724793,0.088709354,0.51795644
13908,2,1.152829,1.1513251,0.0015039444,0.5195959
13909,2,1.1221777,1.0833621,0.038815618,0.5121739
13910,2,1.044095,0.9657565,0.07833856,0.5105482
13911,2,0.9144672,0.93881327,0.024346054,0.5116159
13912,2,0.8989779,1.0176302,0.118652344,0.52172124
13913,2,1.0058347,1.0940983,0.08826363,0.5276955
13914,2,1.0916165,1.042688,0.0489285,0.5240095
13915,2,1.0236214,0.9822961,0.04132533,0.51406395
13916,2,0.9528338,0.905639,0.04719478,0.516223
13917,2,0.86832213,0.76899105,0.09933108,0.51885337
13918,2,0.7137474,0.7469465,0.03319913,0.52163893
13919,2,0.71155894,0.67983943,0.031719506,0.53370935
13920,2,0.6437403,0.5905175,0.053222775,0.53413606
13921,2,0.5463371,0.5955618,0.049224675,0.53859496
13922,2,0.57848835,0.43137076,0.14711758,0.54672706
13923,2,0.36850345,0.50838286,0.1398794,0.54438686
13924,2,0.5111879,0.34044003,0.17074788,0.55960834
13925,2,0.28203356,0.31889793,0.03686437,0.5516201
13926,2,0.28394252,0.33278972,0.0488472,0.56628305
13927,2,0.32630563,0.20068388,0.12562175,0.5681949
13928,2,0.14255966,0.1486443,0.006084636,0.56665903
13929,2,0.09695895,0.016514774,0.08044417,0.5780357
13930,2,-0.07428692,-0.012489153,0.061797768,0.582284
13931,2,-0.07201732,-0.05367481,0.01834251,0.5935148
13932,2,-0.10523329,-0.028548466,0.076684825,0.595848
13933,2,-0.04038562,-0.20881939,0.16843377,0.599374
13934,2,-0.3161727,-0.30918133,0.0069913566,0.5960728
13935,2,-0.42462575,-0.40373358,0.020892173,0.6101736
13936,2,-0.5211428,-0.5313112,0.010168433,0.61693585
13937,2,-0.6704894,-0.49762857,0.1728608,0.6215958
13938,2,-0.55003905,-0.42922953,0.120809525,0.6333907
13939,2,-0.42127073,-0.47058046,0.04930973,0.63215286
13940,2,-0.50569844,-0.45257226,0.053126186,0.6255475
13941,2,-0.47117656,-0.53149354,0.06031698,0.629448
13942,2,-0.60210854,-0.4851084,0.11700013,0.62579966
13943,2,-0.50173104,-0.4911977,0.010533333,0.6337129
13944,2,-0.51671934,-0.47010353,0.04661581,0.62971634
13945,2,-0.48286885,-0.45522523,0.027643621,0.6307496
13946,2,-0.4660809,-0.4688832,0.0028022826,0.6293481
13947,2,-0.4966691,-0.52374387,0.027074754,0.6277809
13948,2,-0.5845083,-0.5625339,0.021974385,0.627431
13949,2,-0.6284407,-0.48617783,0.14226285,0.63088316
13950,2,-0.48119843,-0.5254956,0.04429716,0.6362152
13951,2,-0.5624414,-0.462824,0.09961742,0.628848
13952,2,-0.45464623,-0.26996648,0.18467975,0.63373
13953,2,-0.15676998,-0.1205605,0.03620948,0.63127536
13954,2,0.009984329,-0.04074624,0.05073057,0.6167643
13955,2,0.05722572,-0.0033456818,0.060571402,0.6048651
13956,2,0.057316437,0.0095531605,0.047763277,0.5983301
13957,2,0.040788397,0.15660836,0.11581996,0.5952257
13958,2,0.24625452,0.19183844,0.054416075,0.5939877
13959,2,0.25328243,0.33120385,0.07792142,0.5818198
13960,2,0.4270168,0.44887695,0.021860152,0.5789183
13961,2,0.5485476,0.6060632,0.05751556,0.5676945
13962,2,0.71659195,0.6483891,0.06820285,0.5592911
13963,2,0.72241414,0.7461323,0.023718178,0.54626036
13964,2,0.8150264,0.8008753,0.014151096,0.5446339
13965,2,0.8521867,1.004572,0.15238535,0.53731304
13966,2,1.0733024,1.0868058,0.013503432,0.53977907
13967,2,1.128483,1.1687651,0.04028201,0.5248718
13968,2,1.1883789,1.2227502,0.034371257,0.521504
13969,2,1.2210132,1.2283686,0.0073554516,0.5168018
13970,2,1.2073314,1.3174505,0.110119104,0.51184934
13971,2,1.2896141,1.3250842,0.035470128,0.5171676
13972,2,1.2827436,1.2782267,0.00451684,0.5088512
13973,2,1.2248234,1.337588,0.1127646,0.5048911
13974,2,1.2856706,1.1800288,0.10564184,0.5136436
13975,2,1.115259,1.186696,0.071437,0.49754035
13976,2,1.132636,1.1544696,0.021833658,0.5134993
13977,2,1.1034802,1.1188663,0.015386105,0.5109596
13978,2,1.0709685,1.0488254,0.022143126,0.5121249
13979,2,0.9997579,1.083365,0.08360708,0.51196647
13980,2,1.0514842,0.94048166,0.111002564,0.5204698
13981,2,0.8904973,0.91388977,0.023392439,0.5105863
13982,2,0.8758415,0.8467833,0.029058218,0.5231257
13983,2,0.8081759,0.84163845,0.033462524,0.52321386
13984,2,0.8183795,0.7536849,0.06469464,0.5293172
13985,2,0.7189524,0.6772657,0.041686714,0.5271754
13986,2,0.63832545,0.64978343,0.01145798,0.5334639
13987,2,0.62366426,0.5101792,0.11348504,0.5398726
13988,2,0.4536302,0.51379997,0.060169756,0.5402415
13989,2,0.49043667,0.49667543,0.0062387586,0.5527646
13990,2,0.48378712,0.43168578,0.052101344,0.55225724
13991,2,0.40548086,0.23936825,0.16611262,0.5531868
13992,2,0.14920403,0.19357654,0.044372514,0.5580822
13993,2,0.12973137,0.11126364,0.018467732,0.5747571
13994,2,0.042412058,0.04288691,0.00047485158,0.5786016
13995,2,-0.02414073,0.070441276,0.09458201,0.58556443
13996,2,0.053927377,-0.032239955,0.086167336,0.59138876
13997,2,-0.09382297,-0.1811075,0.087284535,0.5888521
13998,2,-0.2953191,-0.10095229,0.19436681,0.59668857
13999,2,-0.11129764,-0.17812742,0.066829786,0.6097104
14000,2,-0.23026924,-0.22925179,0.0010174513,0.6026033
14001,2,-0.28938118,-0.3054382,0.016057014,0.60864735
14002,2,-0.38544184,-0.5410646,0.15562278,0.61197686
14003,2,-0.7216827,-0.49198598,0.22969675,0.6126995
14004,2,-0.55366415,-0.5160061,0.037658036,0.6343317
14005,2,-0.5704696,-0.46312714,0.10734248,0.62961566
14006,2,-0.4671979,-0.46505815,0.0021397471,0.6329499
14007,2,-0.48195451,-0.4985458,0.01659128,0.62853587
14008,2,-0.5413339,-0.51111823,0.03021568,0.6278322
14009,2,-0.552769,-0.4898534,0.06291559,0.63030535
14010,2,-0.50960666,-0.5676258,0.05801916,0.6319173
14011,2,-0.6387164,-0.5339464,0.104770005,0.6278193
14012,2,-0.55942917,-0.5324093,0.027019858,0.6354239
14013,2,-0.55788404,-0.497342,0.060542047,0.6326682
14014,2,-0.501849,-0.38083413,0.12101486,0.6334885
14015,2,-0.32305315,-0.26048082,0.06257233,0.6329327
14016,2,-0.17258254,-0.2539731,0.08139056,0.62499094
14017,2,-0.22162035,-0.13491341,0.08670694,0.61528504
14018,2,-0.05907297,-0.19459885,0.13552588,0.6154906
14019,2,-0.20165333,-0.17220491,0.02944842,0.6053385
14020,2,-0.17094272,-0.095100105,0.07584262,0.610519
14021,2,-0.05618447,-0.016191602,0.03999287,0.60899997
14022,2,0.041851625,0.11054718,0.06869555,0.6027954
14023,2,0.20320387,0.21825713,0.015053257,0.59619397
14024,2,0.31607914,0.36262068,0.04654154,0.58564603
14025,2,0.47715193,0.36850157,0.10865036,0.57678324
14026,2,0.4315716,0.577783,0.14621139,0.56455827
14027,2,0.69239545,0.7092517,0.016856253,0.5656804
14028,2,0.8126315,0.7021767,0.1104548,0.5500122
14029,2,0.75669575,0.76594067,0.009244919,0.5380774
14030,2,0.81300116,0.8253068,0.012305617,0.540316
14031,2,0.8653283,0.9264255,0.061097205,0.5362511
14032,2,0.9686322,0.95188636,0.016745865,0.5343617
14033,2,0.97547865,1.0251422,0.049663544,0.52597475
14034,2,1.0447481,1.1425443,0.0977962,0.5268158
14035,2,1.1600682,1.1393927,0.02067542,0.5259048
14036,2,1.1343592,1.1524163,0.018057108,0.51442444
14037,2,1.1357967,1.0698781,0.065918565,0.5154693
14038,2,1.0357525,1.2364522,0.20069969,0.50975466
14039,2,1.2250599,1.1786569,0.04640293,0.5271696
14040,2,1.1482342,1.1762869,0.028052688,0.5074658
14041,2,1.1415013,1.1145893,0.026911974,0.51301616
14042,2,1.0717977,1.0864869,0.014689207,0.5097605
14043,2,1.0454894,1.0665119,0.021022439,0.51428205
14044,2,1.0293258,0.9608067,0.068519115,0.5159796
14045,2,0.9134786,1.0227455,0.10926688,0.5130225
14046,2,1.0018684,0.9417522,0.06011617,0.5258624
14047,2,0.9092008,0.97248983,0.06328905,0.51642066
14048,2,0.9555954,0.87455165,0.08104372,0.5254019
14049,2,0.84120524,0.9100049,0.068799675,0.5186476
14050,2,0.8970095,0.8537989,0.043210566,0.52916735
14051,2,0.83199334,0.7962071,0.03578627,0.5238146
14052,2,0.76928747,0.67608464,0.09320283,0.5272374
14053,2,0.62927717,0.6729402,0.043663025,0.5295382
14054,2,0.6497041,0.62419915,0.025504947,0.54044867
14055,2,0.6003212,0.5964975,0.0038236976,0.53978646
14056,2,0.57896286,0.4355613,0.14340156,0.54371893
14057,2,0.3733183,0.42004836,0.04673004,0.54433376
14058,2,0.38630491,0.3633546,0.022950321,0.5584927
14059,2,0.32814145,0.37231773,0.04417628,0.5595172
14060,2,0.36351377,0.24436803,0.119145736,0.5645128
14061,2,0.18905775,0.07213547,0.11692228,0.56329054
14062,2,-0.036109284,-0.00834061,0.027768673,0.5741368
14063,2,-0.10302255,-0.08245824,0.02056431,0.58878934
14064,2,-0.16875605,-0.17842285,0.0096668005,0.59537053
14065,2,-0.27560285,-0.25700203,0.018600821,0.6010231
14066,2,-0.35267985,-0.2411091,0.111570746,0.6083422
14067,2,-0.28160954,-0.25262308,0.028986454,0.61512864
14068,2,-0.28466645,-0.28604135,0.0013749003,0.61368567
14069,2,-0.3285697,-0.31308445,0.015485257,0.61423856
14070,2,-0.35777196,-0.3979035,0.04013154,0.61666214
14071,2,-0.47906512,-0.33866525,0.14039987,0.6173983
14072,2,-0.34910816,-0.4722789,0.12317073,0.62554544
14073,2,-0.56737447,-0.5144251,0.05294937,0.6177469
14074,2,-0.5961792,-0.42222726,0.17395192,0.6279946
14075,2,-0.41255808,-0.46169028,0.049132198,0.63363516
14076,2,-0.49469537,-0.44516954,0.049525827,0.6251812
14077,2,-0.46364546,-0.40960303,0.05404243,0.6288769
14078,2,-0.40917686,-0.47808746,0.0689106,0.62824625
14079,2,-0.5333118,-0.44228923,0.09102255,0.62368155
14080,2,-0.45854986,-0.3182214,0.14032847,0.63029337
14081,2,-0.25968927,-0.37748966,0.117800385,0.62934214
14082,2,-0.39894772,-0.37231845,0.02662927,0.61826015
14083,2,-0.39200157,-0.37656632,0.015435249,0.6233371
14084,2,-0.40039265,-0.28359705,0.1167956,0.62283015
14085,2,-0.24796367,-0.20190099,0.046062678,0.6244608
14086,2,-0.14597106,-0.12283188,0.023139179,0.6176092
14087,2,-0.058863506,-0.037629444,0.021234062,0.61134255
14088,2,0.034227386,-0.046095043,0.08032243,0.60505044
14089,2,-0.021708816,0.07172241,0.09343123,0.5979939
14090,2,0.1436127,0.19737537,0.053762674,0.59870464
14091,2,0.29481703,0.2347229,0.060094133,0.588858
14092,2,0.30128866,0.29198343,0.009305239,0.5783888
14093,2,0.3525824,0.4017248,0.04914239,0.5752872
14094,2,0.4818598,0.569359,0.0874992,0.5707566
14095,2,0.67681575,0.73406863,0.057252884,0.5628099
14096,2,0.8435799,0.7514594,0.09212047,0.5513036
14097,2,0.8155776,0.8685547,0.052977085,0.53702897
14098,2,0.9307867,0.97818196,0.04739523,0.53898776
14099,2,1.0302368,1.0623411,0.032104254,0.5324865
14100,2,1.0968412,1.1876965,0.09085524,0.5261316
14101,2,1.209822,1.1354815,0.07434058,0.5249497
14102,2,1.1259893,1.1412463,0.015257001,0.5097892
14103,2,1.1210077,1.137608,0.01660037,0.515217
14104,2,1.1105722,1.1343639,0.02379167,0.5144509
14105,2,1.1040629,1.0487915,0.055271387,0.5146243
14106,2,1.0070899,1.183218,0.17612815,0.5104628
14107,2,1.1673895,1.2356888,0.06829929,0.52597517
14108,2,1.2144877,1.1142756,0.1002121,0.5161995
14109,2,1.072452,1.1103933,0.037941337,0.50392526
14110,2,1.0724477,1.0542778,0.01816988,0.5155791
14111,2,1.0128199,1.0810422,0.068222284,0.5130551
14112,2,1.0517668,1.0547056,0.0029388666,0.51982623
14113,2,1.0240158,0.9942862,0.029729605,0.51591474
14114,2,0.95833325,0.9884779,0.030144632,0.5156011
14115,2,0.9605465,0.88227725,0.07826924,0.52112097
14116,2,0.84068763,0.7662076,0.07448006,0.51741034
14117,2,0.7133348,0.61925083,0.094083965,0.5237365
14118,2,0.5487655,0.51341987,0.035345614,0.5312126
14119,2,0.44297892,0.50843847,0.06545955,0.5430218
14120,2,0.47515953,0.4255519,0.049607635,0.5524178
14121,2,0.38241625,0.4212124,0.038796157,0.55209744
14122,2,0.40285653,0.41619593,0.0133394,0.5593781
14123,2,0.41049528,0.26500106,0.14549422,0.55972385
14124,2,0.20317648,0.29721,0.094033524,0.55949414
14125,2,0.28477013,0.13906746,0.14570267,0.57272184
14126,2,0.06356074,0.12686962,0.06330888,0.5696618
14127,2,0.08549182,0.08183507,0.0036567524,0.58328855
14128,2,0.040793404,-0.024066234,0.064859636,0.5842899
14129,2,-0.09906499,-0.0011359013,0.09792909,0.5879044
14130,2,-0.02524744,-0.10912262,0.08387518,0.59694505
14131,2,-0.18083934,-0.084024936,0.09681441,0.59460145
14132,2,-0.106740795,-0.09905041,0.007690385,0.60385054
14133,2,-0.12117465,-0.22042732,0.09925267,0.60169834
14134,2,-0.3041162,-0.26581916,0.038297027,0.6020069
14135,2,-0.33839056,-0.29198545,0.046405107,0.6117905
14136,2,-0.348454,-0.35541844,0.006964445,0.61526656
14137,2,-0.4278165,-0.32909405,0.09872246,0.61645633
14138,2,-0.35537028,-0.44160637,0.08623609,0.62220174
14139,2,-0.53103673,-0.52007645,0.010960281,0.6177405
14140,2,-0.620455,-0.49277902,0.12767601,0.62521183
14141,2,-0.53317714,-0.6014676,0.06829047,0.6325852
14142,2,-0.69855833,-0.5227549,0.17580342,0.6268635
14143,2,-0.5298656,-0.56903034,0.039164722,0.6384871
14144,2,-0.61576116,-0.5576636,0.05809754,0.6305856
14145,2,-0.58703536,-0.51074517,0.07629019,0.6348492
14146,2,-0.50958335,-0.396713,0.112870365,0.63522446
14147,2,-0.3382538,-0.2862826,0.051971197,0.6337612
14148,2,-0.20467891,-0.29534522,0.09066631,0.6260417
14149,2,-0.2761945,-0.2110337,0.06516081,0.6169343
14150,2,-0.16260919,-0.2300792,0.067470014,0.61850125
14151,2,-0.22859731,-0.23453163,0.005934313,0.61140925
14152,2,-0.24603206,-0.06814726,0.1778848,0.6129565
14153,2,0.017762974,-0.029045029,0.046808004,0.6139535
14154,2,0.028542742,0.103544965,0.07500222,0.60057396
14155,2,0.19857998,0.18251725,0.016062737,0.5972479
14156,2,0.26720154,0.27074772,0.0035461783,0.5862641
14157,2,0.35448027,0.3249048,0.029575467,0.5796567
14158,2,0.39261937,0.48691517,0.0942958,0.57229656
14159,2,0.58986473,0.48230714,0.107557595,0.5684774
14160,2,0.53753597,0.6871016,0.14956564,0.5544898
14161,2,0.78799665,0.8078381,0.019841433,0.5577844
14162,2,0.8953104,0.964386,0.069075584,0.5428544
14163,2,1.0427643,0.9615465,0.081217825,0.5374686
14164,2,0.9981351,1.0322248,0.034089684,0.5227936
14165,2,1.056843,1.1255045,0.06866145,0.5262394
14166,2,1.1417875,1.1951865,0.053398967,0.5242958
14167,2,1.1968795,1.1457098,0.051169753,0.5193262
14168,2,1.1243414,1.06072,0.0636214,0.509628
14169,2,1.023181,1.1732374,0.15005648,0.5099485
14170,2,1.1554819,1.2250755,0.06959355,0.52426136
14171,2,1.203297,1.2956946,0.09239757,0.5165096
14172,2,1.2679169,1.2853552,0.017438293,0.5160098
14173,2,1.2444108,1.1817929,0.0626179,0.5083071
14174,2,1.1278721,1.1994855,0.07161343,0.502813
14175,2,1.1526765,1.0353491,0.11732733,0.51409626
14176,2,0.97340715,1.1175785,0.14417136,0.5035134
14177,2,1.085364,0.92956793,0.15579605,0.5235684
14178,2,0.87245643,0.8943106,0.021854162,0.5069075
14179,2,0.8503711,0.7982357,0.052135408,0.5234137
14180,2,0.74955,0.798471,0.04892099,0.5235205
14181,2,0.7724583,0.79856837,0.026110053,0.5324577
14182,2,0.7855238,0.6449632,0.14056057,0.5324388
14183,2,0.5970658,0.6725602,0.07549441,0.5287126
14184,2,0.6588656,0.5281374,0.13072819,0.54325217
14185,2,0.47784662,0.48578522,0.007938594,0.5383958
14186,2,0.44818306,0.53692156,0.0887385,0.550872
14187,2,0.54201114,0.4456611,0.096350044,0.5551833
14188,2,0.42014116,0.405072,0.015069157,0.54972285
14189,2,0.38043958,0.3592176,0.021221966,0.55750453
14190,2,0.33248627,0.37500653,0.042520255,0.5608106
14191,2,0.37313586,0.29068673,0.08244914,0.56488436
14192,2,0.25840855,0.2325425,0.025866047,0.5631766
14193,2,0.19337602,0.11772317,0.07565285,0.5703807
14194,2,0.04576327,-0.045528483,0.091291755,0.57524323
14195,2,-0.1645223,-0.12397375,0.040548556,0.58472264
14196,2,-0.22611508,-0.15121032,0.074904755,0.59830004
14197,2,-0.21741682,-0.096001744,0.12141508,0.6047633
14198,2,-0.097888924,-0.19687456,0.098985635,0.6072858
14199,2,-0.25866798,-0.34835455,0.08968657,0.6020022
14200,2,-0.4718789,-0.24711181,0.22476707,0.60844314
14201,2,-0.24912822,-0.27477732,0.0256491,0.62250906
14202,2,-0.2996878,-0.3300097,0.030321896,0.61392343
14203,2,-0.38375401,-0.45240432,0.068650305,0.6154441
14204,2,-0.560415,-0.5363866,0.02402842,0.6175399
14205,2,-0.6481462,-0.5520992,0.096046984,0.625631
14206,2,-0.62444764,-0.48856357,0.13588408,0.6322835
14207,2,-0.49349648,-0.47961682,0.013879657,0.635314
14208,2,-0.4903202,-0.46637908,0.02394113,0.6303
14209,2,-0.47758693,-0.39994016,0.07764676,0.6298776
14210,2,-0.37728894,-0.3742434,0.0030455291,0.63015366
14211,2,-0.3616826,-0.3102106,0.05147201,0.62516254
14212,2,-0.27764767,-0.28047326,0.002825588,0.6239897
14213,2,-0.2591419,-0.30102944,0.04188755,0.61910385
14214,2,-0.3147639,-0.25944752,0.05531639,0.61637
14215,2,-0.25102216,-0.20759024,0.043431923,0.6185746
14216,2,-0.18171725,-0.122403964,0.059313282,0.6156124
14217,2,-0.067939475,-0.12925418,0.061314702,0.6118037
14218,2,-0.11427481,-0.13486926,0.020594455,0.60476536
14219,2,-0.13778958,0.05369954,0.19148912,0.6053074
14220,2,0.15414195,0.14442506,0.009716883,0.60579044
14221,2,0.23822968,0.14032894,0.09790073,0.5904301
14222,2,0.18347801,0.14224194,0.041236073,0.58283967
14223,2,0.16358681,0.24789248,0.084305674,0.58318824
14224,2,0.31047922,0.4028279,0.092348665,0.58300525
14225,2,0.50486606,0.458237,0.04662907,0.5744385
14226,2,0.53585166,0.6335963,0.09774464,0.5616308
14227,2,0.7384764,0.7449453,0.006468892,0.5589074
14228,2,0.8348963,0.79720116,0.03769517,0.54592144
14229,2,0.85902774,0.85139,0.007637739,0.5373126
14230,2,0.89630497,0.97994304,0.08363807,0.5342316
14231,2,1.0274626,0.99306154,0.03440106,0.53414315
14232,2,1.0148894,1.0301746,0.0152852535,0.5226899
14233,2,1.0403548,1.1082152,0.067860365,0.5231564
14234,2,1.1153048,1.1284463,0.013141513,0.5235596
14235,2,1.1218663,1.0459077,0.07595861,0.5171527
14236,2,1.0183078,1.1626399,0.14433205,0.51089615
14237,2,1.1522388,1.1765858,0.024346948,0.5250634
14238,2,1.1565214,1.2476807,0.091159225,0.5146025
14239,2,1.2252632,1.1731588,0.052104473,0.51761043
14240,2,1.134116,1.1202691,0.013846993,0.50603414
14241,2,1.0756269,0.969563,0.10606384,0.5103748
14242,2,0.9098034,0.9166846,0.006881237,0.5082394
14243,2,0.866583,0.96151334,0.09493035,0.5204828
14244,2,0.93931675,0.8419932,0.09732354,0.5272932
14245,2,0.8014628,0.78951705,0.011945784,0.5185806
14246,2,0.75335974,0.84009874,0.086739,0.5281385
14247,2,0.83387804,0.7969878,0.03689027,0.5345642
14248,2,0.78329974,0.79309434,0.009794593,0.52853477
14249,2,0.7852094,0.73208094,0.05312848,0.5324133
14250,2,0.7126247,0.6938619,0.018762827,0.5311087
14251,2,0.6743531,0.64993596,0.024417162,0.53580445
14252,2,0.6290659,0.58775854,0.04130733,0.5383681
14253,2,0.56021005,0.517372,0.042838037,0.5412581
14254,2,0.48256576,0.40726736,0.0752984,0.5458935
14255,2,0.35173416,0.32609344,0.025640726,0.55117655
14256,2,0.2681678,0.32679066,0.058622867,0.5604728
14257,2,0.30285066,0.28571272,0.017137945,0.5675531
14258,2,0.2606153,0.20023894,0.060376346,0.5673671
14259,2,0.1522388,0.06483541,0.087403394,0.5707565
14260,2,-0.023449257,0.016514271,0.03996353,0.5779449
14261,2,-0.051270023,-0.04630253,0.004967492,0.58947694
14262,2,-0.112904996,-0.16223036,0.04932536,0.59341097
14263,2,-0.26037735,-0.17743759,0.08293976,0.5980731
14264,2,-0.23629873,-0.37372383,0.13742511,0.6077871
14265,2,-0.51875365,-0.35843116,0.16032249,0.60623753
14266,2,-0.42400706,-0.48380077,0.05979371,0.6232619
14267,2,-0.59783673,-0.4208814,0.17695534,0.619128
14268,2,-0.44368702,-0.46215364,0.018466622,0.6311894
14269,2,-0.50966537,-0.5249878,0.015322447,0.62505573
14270,2,-0.59820944,-0.47046828,0.12774116,0.62681973
14271,2,-0.482329,-0.42104107,0.06128794,0.6335198
14272,2,-0.40878963,-0.54075766,0.13196802,0.6301
14273,2,-0.62139463,-0.5042225,0.11717212,0.62278587
14274,2,-0.5321154,-0.557968,0.02585262,0.6340018
14275,2,-0.61811143,-0.6077568,0.010354638,0.62937057
14276,2,-0.6804069,-0.5965925,0.08381444,0.63224226
14277,2,-0.6371041,-0.5999814,0.037122667,0.636841
14278,2,-0.63576055,-0.47476676,0.16099378,0.6357904
14279,2,-0.42520428,-0.41925934,0.0059449375,0.6394475
14280,2,-0.37774664,-0.4822818,0.10453516,0.630485
14281,2,-0.5178118,-0.40149227,0.11631951,0.62439096
14282,2,-0.3812638,-0.31878293,0.062480867,0.631412
14283,2,-0.2711672,-0.3777835,0.10661632,0.6260893
14284,2,-0.40443087,-0.3344358,0.069995075,0.61830187
14285,2,-0.33248264,-0.124113634,0.208369,0.62396306
14286,2,-0.0041796714,-0.11723916,0.11305949,0.62171483
14287,2,-0.06460955,-0.08035927,0.015749723,0.60496867
14288,2,-0.042076916,0.00031489777,0.042391814,0.6045329
14289,2,0.05811988,0.15433136,0.09621148,0.601589
14290,2,0.260495,0.32181147,0.06131646,0.59473455
14291,2,0.4527557,0.36680505,0.08595064,0.58198
14292,2,0.45391345,0.54716027,0.09324682,0.56807256
14293,2,0.663305,0.5935037,0.06980127,0.5654972
14294,2,0.6726217,0.7294772,0.0568555,0.55055386
14295,2,0.81435907,0.87813854,0.06377947,0.54908985
14296,2,0.960191,0.8878028,0.07238823,0.54129446
14297,2,0.931641,0.8530608,0.0785802,0.52800196
14298,2,0.8658891,0.8942774,0.028388321,0.5258712
14299,2,0.9074166,1.0246396,0.117223024,0.53057766
14300,2,1.0526416,1.030446,0.022195578,0.5321709
14301,2,1.0388346,1.1837589,0.14492428,0.52015656
14302,2,1.198436,1.2177551,0.019319057,0.5277406
14303,2,1.2116251,1.289363,0.07773793,0.51502395
14304,2,1.2703286,1.2991936,0.02886498,0.5163044
14305,2,1.2640685,1.1817967,0.082271814,0.5098738
14306,2,1.1298374,1.1750083,0.045170903,0.5014428
14307,2,1.1267084,1.0944101,0.032298326,0.51263285
14308,2,1.0416845,1.1225617,0.080877185,0.50881267
14309,2,1.0843399,1.0734345,0.010905385,0.51816565
14310,2,1.0329113,0.9533477,0.07956362,0.51283616
14311,2,0.9015273,0.9112747,0.009747386,0.5120523
14312,2,0.8687651,0.9313871,0.06262201,0.52180916
14313,2,0.9089161,0.6696413,0.2392748,0.5265648
14314,2,0.5934689,0.7447158,0.1512469,0.517057
14315,2,0.7284228,0.7587932,0.030370355,0.54269457
14316,2,0.7564565,0.66532344,0.09113306,0.53625095
14317,2,0.6400298,0.71037996,0.07035017,0.53274775
14318,2,0.71352434,0.6060681,0.10745627,0.5422495
14319,2,0.5793987,0.48341516,0.095983535,0.5360738
14320,2,0.43007684,0.52428514,0.0942083,0.54388726
14321,2,0.51675445,0.50465405,0.012100399,0.55524254
14322,2,0.49913067,0.40977883,0.08935183,0.55141276
14323,2,0.3756156,0.33853364,0.037081957,0.55232173
14324,2,0.29576772,0.19688332,0.0988844,0.56030345
14325,2,0.1154886,0.09002953,0.025459073,0.5661515
14326,2,-0.0006272495,-0.020999607,0.020372357,0.578283
14327,2,-0.12217042,0.040114142,0.16228455,0.5872113
14328,2,0.025614962,-0.072681844,0.098296806,0.5967026
14329,2,-0.1398224,-0.04323375,0.09658864,0.5912736
14330,2,-0.060745597,-0.11384863,0.05310303,0.6009277
14331,2,-0.16369358,-0.07300171,0.090691864,0.5981689
14332,2,-0.0767135,-0.08370578,0.0069922805,0.6042714
14333,2,-0.094592094,-0.21220896,0.11761686,0.6008379
14334,2,-0.29433116,-0.34039792,0.04606676,0.60078394
14335,2,-0.46074402,-0.37064442,0.0900996,0.6099166
14336,2,-0.45282662,-0.3895771,0.06324953,0.62026536
14337,2,-0.44780785,-0.45358384,0.005775988,0.62244433
14338,2,-0.5295836,-0.39859918,0.1309844,0.6226146
14339,2,-0.4098764,-0.4297689,0.019892484,0.62913704
14340,2,-0.4660377,-0.5061668,0.040129125,0.62394756
14341,2,-0.58226997,-0.51010275,0.07216722,0.6246135
14342,2,-0.56041795,-0.60144866,0.041030705,0.6309725
14343,2,-0.693442,-0.51239467,0.18104732,0.62836254
14344,2,-0.5105229,-0.65689796,0.14637506,0.63874054
14345,2,-0.75707376,-0.5211897,0.23588407,0.62635535
14346,2,-0.49287677,-0.4551253,0.037751466,0.6429409
14347,2,-0.41618353,-0.41188878,0.004294753,0.63354415
14348,2,-0.3829142,-0.42182487,0.038910687,0.6290198
14349,2,-0.42994696,-0.41864663,0.011300325,0.6252382
14350,2,-0.4347704,-0.17040399,0.26436642,0.6261345
14351,2,-0.03337048,-0.20777343,0.17440295,0.62807375
14352,2,-0.17529857,-0.15201098,0.023287594,0.60821444
14353,2,-0.1140393,-0.024788486,0.08925082,0.6117132
14354,2,0.05909799,0.12163272,0.06253473,0.60738754
14355,2,0.23618539,0.290073,0.05388762,0.5968503
14356,2,0.4260322,0.457718,0.03168583,0.58464956
14357,2,0.5969475,0.586673,0.01027447,0.5711877
14358,2,0.70638114,0.7346269,0.028245747,0.558263
14359,2,0.84340453,0.77600044,0.06740409,0.5498082
14360,2,0.8450278,0.98133534,0.13630754,0.5376449
14361,2,1.0612069,1.0667083,0.0055013895,0.5410236
14362,2,1.116067,1.1294262,0.013359189,0.5260513
14363,2,1.1526946,1.1542325,0.001537919,0.52121305
14364,2,1.1548647,1.157784,0.0029193163,0.51654345
14365,2,1.1421983,1.1717883,0.02959001,0.5143291
14366,2,1.1480061,1.213322,0.06531596,0.5147953
14367,2,1.1866716,1.2493681,0.06269646,0.5159224
14368,2,1.2176689,1.359858,0.14218915,0.51411474
14369,2,1.3254422,1.2774006,0.048041582,0.5180778
14370,2,1.2263111,1.2661823,0.039871216,0.5013479
14371,2,1.2121359,1.2148924,0.0027564764,0.50885946
14372,2,1.1577522,1.2551483,0.097396135,0.5067079
14373,2,1.2063273,1.2257651,0.01943779,0.514333
14374,2,1.1744969,1.107563,0.06693387,0.5084789
14375,2,1.0480218,0.9859713,0.06205052,0.50454116
14376,2,0.9218848,0.9935991,0.07171434,0.5101561
14377,2,0.95236886,0.9567188,0.004349947,0.5221409
14378,2,0.92107546,0.9002769,0.020798564,0.5198148
14379,2,0.8648236,0.78073585,0.08408773,0.5210731
14380,2,0.7313036,0.82211125,0.09080768,0.5224607
14381,2,0.80654395,0.7790796,0.02746433,0.53479433
14382,2,0.7604795,0.67586946,0.084610045,0.5296828
14383,2,0.6386318,0.5363238,0.102308035,0.5311059
14384,2,0.4739396,0.6451726,0.171233,0.538196
14385,2,0.65490156,0.59360796,0.061293602,0.55236936
14386,2,0.58711123,0.53203875,0.055072486,0.54178095
14387,2,0.5117508,0.4133734,0.09837741,0.5455465
14388,2,0.36248106,0.29593417,0.06654689,0.5499148
14389,2,0.22442766,0.20573883,0.018688828,0.559829
14390,2,0.13207187,0.27285463,0.14078276,0.5698777
14391,2,0.27252042,0.09520264,0.17731778,0.57771116
14392,2,0.015319347,-0.013205407,0.028524755,0.57170826
14393,2,-0.10857609,-0.045124702,0.06345139,0.5867941
14394,2,-0.10893053,0.025426378,0.1343569,0.595938
14395,2,0.03372009,-0.17812902,0.21184911,0.5986943
14396,2,-0.28482038,-0.14365101,0.14116937,0.5917448
14397,2,-0.1785866,-0.2929759,0.1143893,0.6093199
14398,2,-0.399765,-0.29034272,0.1094223,0.60484034
14399,2,-0.34567466,-0.296992,0.04868266,0.61755776
14400,0,-0.3341704,-0.18095982,0.15321058,0.617251
14401,0,-0.13504224,-0.09100313,0.044039108,0.6187798
14402,0,-0.023535296,-0.025236057,0.0017007608,0.60971534
14403,0,0.03816752,0.019562045,0.018605476,0.60245913
14404,0,0.07005365,0.17090765,0.100853994,0.5970556
14405,0,0.27173156,0.34489384,0.07316229,0.59314036
14406,0,0.47564518,0.40759695,0.06804824,0.58063674
14407,0,0.5020082,0.59575933,0.09375113,0.5662871
14408,0,0.71568364,0.7954368,0.07975316,0.56264067
14409,0,0.917606,0.8798636,0.037742376,0.55054104
14410,0,0.9633714,1.0020776,0.038706183,0.5353752
14411,0,1.0657256,1.141811,0.07608545,0.5324827
14412,0,1.1864741,1.203624,0.017149925,0.5280411
14413,0,1.218441,1.383978,0.165537,0.51825297
14414,0,1.3810695,1.3665831,0.014486432,0.52425903
14415,0,1.3328227,1.3014498,0.031372905,0.5051126
14416,0,1.2493395,1.4581361,0.20879662,0.5022829
14417,0,1.4055148,1.4789497,0.07343483,0.5202704
14418,0,1.409847,1.5706403,0.1607933,0.50617343
14419,0,1.4866003,1.5467945,0.060194254,0.511647
14420,0,1.4502982,1.5595717,0.10927355,0.5001643
14421,0,1.4556885,1.5948837,0.1391952,0.50372463
14422,0,1.484262,1.6222827,0.13802075,0.5054489
14423,0,1.5043584,1.7769643,0.2726059,0.5041933
14424,0,1.6392235,1.7184304,0.07920694,0.5156479
14425,0,1.5733806,1.6245099,0.05112934,0.4937907
14426,0,1.483336,1.6329236,0.14958763,0.4914103
14427,0,1.4945282,1.6339747,0.1394465,0.50204855
14428,0,1.4975288,1.6006501,0.10312128,0.5012613
14429,0,1.4679583,1.5694568,0.101498485,0.49819335
14430,0,1.4419731,1.6288432,0.1868701,0.49897024
14431,0,1.5024374,1.7203484,0.217911,0.5074198
14432,0,1.5839542,1.6622537,0.07829952,0.50961745
14433,0,1.5237124,1.5827804,0.059067965,0.49460268
14434,0,1.4491884,1.5748241,0.12563574,0.49366984
14435,0,1.4467925,1.5471123,0.10031986,0.50129545
14436,0,1.4246752,1.43794,0.013264775,0.49975613
14437,0,1.3239204,1.4188358,0.09491539,0.49379712
14438,0,1.3162924,1.3891143,0.072821856,0.50352705
14439,0,1.2953168,1.4362992,0.14098239,0.5032336
14440,0,1.3510085,1.325665,0.025343537,0.5098309
14441,0,1.2403444,1.1687169,0.0716275,0.49690357
14442,0,1.08329,1.0057844,0.07750559,0.49807122
14443,0,0.9197444,0.8855858,0.034158587,0.50514203
14444,0,0.8065451,0.8694822,0.06293714,0.5158912
14445,0,0.81995773,0.774597,0.045360744,0.5266471
14446,0,0.72385585,0.79866695,0.0748111,0.52515656
14447,0,0.77895916,0.82070583,0.041746676,0.5346409
14448,0,0.8168353,0.77303344,0.043801844,0.53309953
14449,0,0.7596878,0.65930325,0.10038453,0.52964234
14450,0,0.62159723,0.64417136,0.022574127,0.53132284
14451,0,0.6222626,0.6305825,0.008319914,0.5413914
14452,0,0.61858195,0.44218114,0.17640081,0.54250467
14453,0,0.3746938,0.483402,0.1087082,0.54134446
14454,0,0.46931505,0.35891864,0.110396415,0.55842644
14455,0,0.30791587,0.3526627,0.044746846,0.55390966
14456,0,0.32876033,0.25858054,0.07017979,0.56480813
14457,0,0.20996816,0.18185566,0.0281125,0.56504226
14458,0,0.124962375,0.093742706,0.031219669,0.5730811
14459,0,0.02449514,0.0023067584,0.02218838,0.5795861
14460,0,-0.07805662,-0.06465557,0.013401046,0.58696884
14461,0,-0.14021918,-0.08029571,0.05992347,0.59454674
14462,0,-0.12646103,-0.04127448,0.08518655,0.6001503
14463,0,-0.04294102,-0.053931262,0.010990243,0.60156167
14464,0,-0.06375134,-0.06325007,0.0005012676,0.5982772
14465,0,-0.07607236,-0.18870103,0.112628676,0.59931093
14466,0,-0.26901343,-0.29300913,0.023995697,0.5992785
14467,0,-0.3978958,-0.35965252,0.038243294,0.6087092
14468,0,-0.45579416,-0.31720588,0.13858828,0.61646426
14469,0,-0.34332705,-0.33152434,0.011802703,0.62271273
14470,0,-0.36114514,-0.38274375,0.021598607,0.61899126
14471,0,-0.43767202,-0.4773698,0.039697766,0.61928296
14472,0,-0.5710311,-0.46720022,0.103830874,0.6214028
14473,0,-0.5154028,-0.6522936,0.13689083,0.62967134
14474,0,-0.7950014,-0.7262951,0.068706274,0.62258595
14475,0,-0.8485387,-0.7331421,0.11539662,0.6354601
14476,0,-0.8054121,-0.6859927,0.119419396,0.6415035
14477,0,-0.7033622,-0.71682507,0.0134628415,0.64404696
14478,0,-0.76063645,-0.79291207,0.032275617,0.6387928
14479,0,-0.8751533,-0.9397038,0.06455052,0.6378033
14480,0,-1.0739777,-0.9618187,0.112159014,0.63594276
14481,0,-1.0469776,-0.9836452,0.06333244,0.64754593
14482,0,-1.0471064,-0.8973474,0.149759,0.64808536
14483,0,-0.88683724,-0.93582714,0.048989892,0.65504557
14484,0,-0.97223735,-0.9657665,0.006470859,0.64546394
14485,0,-1.0164945,-0.95432246,0.062172055,0.6469569
14486,0,-0.98612213,-0.9851527,0.00096940994,0.65027237
14487,0,-1.0334998,-0.9150966,0.118403256,0.6473304
14488,0,-0.9098556,-0.92234,0.012484372,0.654206
14489,0,-0.9430786,-0.9466066,0.003527999,0.6478255
14490,0,-0.98812956,-1.0749996,0.086870015,0.6469815
14491,0,-1.1780595,-1.1790377,0.0009782314,0.64033586
14492,0,-1.2880849,-1.1460485,0.14203632,0.6439063
14493,0,-1.1828952,-1.120482,0.062413216,0.65581185
14494,0,-1.1329447,-1.159817,0.026872277,0.6548005
14495,0,-1.1987972,-1.2064322,0.0076349974,0.6495709
14496,0,-1.2579986,-1.2014711,0.056527495,0.6494048
14497,0,-1.2296833,-1.1024292,0.12725413,0.6539911
14498,0,-1.0680534,-1.1315017,0.06344831,0.6608283
14499,0,-1.1479601,-1.1267,0.021260023,0.65012914
14500,0,-1.1450148,-1.2036259,0.058611155,0.6530681
14501,0,-1.2635256,-1.1163845,0.1471411,0.6466212
14502,0,-1.1025544,-1.1550573,0.05250287,0.6600561
14503,0,-1.1837007,-1.0941371,0.08956361,0.64957315
14504,0,-1.0846027,-1.0520382,0.03256452,0.6574454
14505,0,-1.0393529,-0.8707506,0.16860229,0.6550708
14506,0,-0.7678868,-0.86626714,0.09838033,0.6618837
14507,0,-0.84250873,-0.84222984,0.00027889013,0.6472084
14508,0,-0.83923787,-0.7341212,0.105116665,0.6481078
14509,0,-0.68440825,-0.5882619,0.096146345,0.6510774
14510,0,-0.4923094,-0.5100306,0.017721236,0.6473357
14511,0,-0.43851018,-0.37003803,0.06847215,0.6377345
14512,0,-0.26712942,-0.24801329,0.019116133,0.6340716
14513,0,-0.1412575,-0.1423643,0.0011067986,0.62422323
14514,0,-0.042418703,-0.08412587,0.041707166,0.6149999
14515,0,-0.0131766945,0.097094655,0.11027135,0.6065898
14516,0,0.2239929,0.1684293,0.0555636,0.60163796
14517,0,0.26376134,0.2959112,0.03214985,0.58681303
14518,0,0.4022807,0.34453392,0.057746768,0.5808304
14519,0,0.4206853,0.55918074,0.13849545,0.5702079
14520,0,0.6837698,0.7653294,0.0815596,0.5674615
14521,0,0.89481676,0.8924047,0.0024120808,0.5529196
14522,0,0.99016225,0.942691,0.047471225,0.53856444
14523,0,1.0012172,1.1234969,0.122279644,0.52878845
14524,0,1.1760129,1.1488814,0.027131438,0.5325854
14525,0,1.1665949,1.2642071,0.09761226,0.5168147
14526,0,1.2668673,1.3674827,0.10061538,0.52136564
14527,0,1.3492297,1.4464453,0.09721565,0.51716393
14528,0,1.4047911,1.5240039,0.11921275,0.51279825
14529,0,1.4598509,1.6457182,0.18586731,0.51103854
14530,0,1.5558995,1.5393462,0.016553283,0.51360166
14531,0,1.4387776,1.4543377,0.01556015,0.49171108
14532,0,1.3519396,1.4700282,0.1180886,0.49586955
14533,0,1.371807,1.4491518,0.077344775,0.5058482
14534,0,1.3533279,1.4878047,0.13447678,0.5025915
14535,0,1.3945996,1.4768306,0.082231045,0.5078042
14536,0,1.3826002,1.4583219,0.07572174,0.50296164
14537,0,1.3643943,1.5628818,0.19848752,0.5026154
14538,0,1.4677976,1.5506754,0.082877755,0.5130857
14539,0,1.4483767,1.5109633,0.062586665,0.5012991
14540,0,1.4063363,1.5817709,0.17543459,0.4992469
14541,0,1.4748536,1.5239763,0.04912269,0.50932634
14542,0,1.4151917,1.4909356,0.07574391,0.49709493
14543,0,1.3843094,1.5321414,0.14783204,0.50037277
14544,0,1.4278849,1.6058102,0.17792523,0.5071693
14545,0,1.49674,1.5857116,0.088971615,0.5092387
14546,0,1.4713371,1.5049735,0.03363645,0.49983615
14547,0,1.3921728,1.4875586,0.09538579,0.49512145
14548,0,1.3796519,1.4047366,0.025084734,0.5020591
14549,0,1.3025094,1.4177843,0.115274906,0.49738705
14550,0,1.325337,1.4577745,0.13243747,0.50682575
14551,0,1.370226,1.414467,0.04424095,0.5086021
14552,0,1.3267542,1.3862933,0.05953908,0.50116867
14553,0,1.3012849,1.3259902,0.02470529,0.50346833
14554,0,1.2439173,1.2009655,0.042951822,0.50198436
14555,0,1.1200261,1.0986885,0.021337628,0.499919
14556,0,1.0233141,1.0117468,0.011567354,0.50650066
14557,0,0.9444221,0.9654139,0.020991802,0.51216054
14558,0,0.9122561,0.85115373,0.06110239,0.5184525
14559,0,0.7936278,0.7181856,0.075442195,0.5185146
14560,0,0.6518157,0.80678034,0.15496463,0.5254097
14561,0,0.7980542,0.76221067,0.03584355,0.5400272
14562,0,0.7476991,0.8174741,0.069775045,0.53063226
14563,0,0.8255341,0.837949,0.012414873,0.53634775
14564,0,0.8476039,0.71088,0.13672394,0.53191537
14565,0,0.68403494,0.7419551,0.057920158,0.5264588
14566,0,0.7379605,0.5776399,0.16032064,0.53889537
14567,0,0.5287941,0.48620778,0.042586327,0.5327697
14568,0,0.431145,0.45408365,0.022938639,0.5464601
14569,0,0.41800177,0.3484783,0.06952348,0.55429476
14570,0,0.29238278,0.20958152,0.08280125,0.55644894
14571,0,0.12331562,0.15609305,0.03277743,0.5653054
14572,0,0.09054239,0.10478207,0.014239676,0.57727844
14573,0,0.049854115,0.1429002,0.093046084,0.58181584
14574,0,0.13818295,0.055451084,0.08273187,0.5861875
14575,0,0.010977641,0.14296304,0.1319854,0.5828735
14576,0,0.1678559,-0.0013190131,0.16917491,0.5902883
14577,0,-0.061321706,-0.01884467,0.042477034,0.5827186
14578,0,-0.059026375,-0.02252744,0.036498934,0.5950067
14579,0,-0.04506682,-0.026433567,0.018633252,0.59647375
14580,0,-0.04086685,-0.12220605,0.081339195,0.5967746
14581,0,-0.18452834,-0.2116632,0.027134866,0.59668124
14582,0,-0.29705244,-0.27270326,0.024349183,0.6040863
14583,0,-0.35457635,-0.24946009,0.10511626,0.61095893
14584,0,-0.28000152,-0.37830213,0.098300606,0.61634415
14585,0,-0.47595304,-0.43771473,0.038238317,0.6123635
14586,0,-0.528755,-0.3837333,0.1450217,0.62204516
14587,0,-0.4016599,-0.43804234,0.036382437,0.6280994
14588,0,-0.49061835,-0.4564425,0.034175843,0.62249845
14589,0,-0.5042362,-0.5379121,0.03367585,0.6266429
14590,0,-0.62224084,-0.5843066,0.037934244,0.6259292
14591,0,-0.664624,-0.533616,0.13100797,0.6313602
14592,0,-0.55130947,-0.59338236,0.042072892,0.63680536
14593,0,-0.6530174,-0.6590334,0.006016016,0.63067615
14594,0,-0.7414225,-0.6148349,0.12658757,0.6333024
14595,0,-0.6389256,-0.71641994,0.07749432,0.6404911
14596,0,-0.80436516,-0.74176055,0.062604606,0.63266
14597,0,-0.8124819,-0.79894245,0.0135394335,0.6402706
14598,0,-0.8806292,-0.9542735,0.07364434,0.6396623
14599,0,-1.0917531,-1.0104189,0.08133423,0.6355246
14600,0,-1.1150134,-1.0614746,0.0535388,0.64564455
14601,0,-1.1471035,-1.1011232,0.045980334,0.64707625
14602,0,-1.1712817,-1.2121294,0.04084766,0.6487457
14603,0,-1.3081385,-1.229959,0.07817948,0.6435668
14604,0,-1.286672,-1.1976475,0.089024544,0.6522113
14605,0,-1.2114425,-1.137157,0.07428551,0.6563732
14606,0,-1.119569,-1.1132517,0.006317258,0.6580774
14607,0,-1.1064836,-1.1746193,0.06813574,0.6545464
14608,0,-1.2182326,-1.1706514,0.047581196,0.64774996
14609,0,-1.1983933,-1.1829593,0.015434027,0.6535665
14610,0,-1.212315,-1.1856356,0.026679397,0.6522568
14611,0,-1.2101051,-1.1209426,0.08916247,0.65314525
14612,0,-1.1062082,-1.0586562,0.04755199,0.65819955
14613,0,-1.0312856,-1.0523162,0.021030545,0.65692765
14614,0,-1.0544313,-1.0728824,0.018451095,0.65197533
14615,0,-1.102078,-1.147335,0.04525709,0.64998126
14616,0,-1.213713,-1.0866884,0.12702465,0.6462503
14617,0,-1.0924459,-1.0350827,0.057363153,0.657295
14618,0,-1.0224805,-1.0017791,0.020701408,0.65555197
14619,0,-0.9942721,-0.8925568,0.10171533,0.65327513
14620,0,-0.8402677,-0.7736133,0.066654444,0.6567905
14621,0,-0.6965996,-0.6530918,0.043507814,0.6535157
14622,0,-0.5643544,-0.5538764,0.01047802,0.6485177
14623,0,-0.47321045,-0.5697503,0.096539855,0.6418375
14624,0,-0.5648273,-0.49541083,0.06941649,0.63319904
14625,0,-0.4645949,-0.28977835,0.17481655,0.63658595
14626,0,-0.15975776,-0.1636153,0.003857538,0.6336372
14627,0,-0.040711164,-0.05956609,0.018854927,0.6182628
14628,0,0.04771574,-0.03380608,0.081521824,0.60834116
14629,0,0.02404584,0.15420862,0.13016278,0.5998551
14630,0,0.2773258,0.26627693,0.011048883,0.5974356
14631,0,0.3796308,0.38015378,0.00052297115,0.5820078
14632,0,0.48747468,0.4342142,0.053260475,0.57283497
14633,0,0.5128523,0.53195393,0.01910162,0.56341547
14634,0,0.61172026,0.6081381,0.0035821795,0.5596115
14635,0,0.67866766,0.67183036,0.0068373084,0.5521257
14636,0,0.7314664,0.73530334,0.0038369298,0.54653656
14637,0,0.78706986,0.81135005,0.02428019,0.54226166
14638,0,0.8595749,0.9847727,0.12519777,0.538613
14639,0,1.0460359,1.0536985,0.007662654,0.53799576
14640,0,1.0912093,1.2517817,0.16057241,0.52508104
14641,0,1.2823576,1.3277603,0.045402765,0.52963907
14642,0,1.3259505,1.4199907,0.094040155,0.5155745
14643,0,1.3916281,1.5502536,0.15862548,0.51474416
14644,0,1.4944963,1.6165084,0.12201202,0.51589495
14645,0,1.5319506,1.708293,0.17634237,0.5083122
14646,0,1.5958596,1.679421,0.0835613,0.50977457
14647,0,1.5522991,1.7285109,0.17621171,0.49745405
14648,0,1.5874618,1.7600397,0.17257786,0.50509286
14649,0,1.6068249,1.7190243,0.112199426,0.5029173
14650,0,1.5637256,1.8798798,0.31615424,0.49565157
14651,0,1.7031906,1.8325555,0.12936497,0.5157002
14652,0,1.651044,1.8585752,0.20753121,0.49382156
14653,0,1.6680963,1.8628794,0.19478309,0.50154173
14654,0,1.6671739,1.8334869,0.16631305,0.4991767
14655,0,1.6394293,1.7288964,0.08946705,0.49575153
14656,0,1.5494913,1.639622,0.09013069,0.48873502
14657,0,1.4762967,1.5914669,0.11517024,0.49165165
14658,0,1.4428642,1.4808137,0.037949562,0.49679807
14659,0,1.3482908,1.4071995,0.0589087,0.4925759
14660,0,1.2905744,1.3370826,0.046508193,0.4982624
14661,0,1.2348863,1.2545832,0.01969695,0.50064725
14662,0,1.1642838,1.2570701,0.09278631,0.50214326
14663,0,1.1842383,1.1961192,0.011880875,0.5105327
14664,0,1.1288728,1.2297605,0.100887775,0.5064669
14665,0,1.1770369,1.2652273,0.08819044,0.5145602
14666,0,1.2183506,1.1134568,0.1048938,0.5135226
14667,0,1.0534223,1.2151897,0.16176736,0.5009882
14668,0,1.1791259,1.2069067,0.027780771,0.52170265
14669,0,1.1673349,1.2340828,0.066747904,0.51126355
14670,0,1.1953256,1.2074146,0.012089014,0.5137718
14671,0,1.163297,1.1107439,0.052553177,0.5094286
14672,0,1.0579683,0.99132234,0.06664592,0.50650704
14673,0,0.9315876,0.8698376,0.061749995,0.5100837
14674,0,0.805848,0.77378803,0.032059968,0.516705
14675,0,0.71321034,0.8207048,0.10749447,0.525101
14676,0,0.80129313,0.7518511,0.049442053,0.53538793
14677,0,0.72481745,0.7289113,0.004093826,0.5290662
14678,0,0.70986027,0.6043143,0.10554594,0.5348232
14679,0,0.5593404,0.5217634,0.037577033,0.5343601
14680,0,0.47317135,0.53400016,0.060828805,0.54446036
14681,0,0.51817465,0.589153,0.07097834,0.5519775
14682,0,0.6058926,0.61728656,0.011393964,0.55165046
14683,0,0.64044106,0.5124267,0.12801439,0.5472085
14684,0,0.49348223,0.46370286,0.029779375,0.54318696
14685,0,0.43956506,0.29239282,0.14717224,0.55205667
14686,0,0.21423806,0.28294614,0.06870808,0.5553938
14687,0,0.24305595,0.2095818,0.033474147,0.5703381
14688,0,0.1601301,0.16517356,0.005043462,0.5710119
14689,0,0.12256165,-0.021488722,0.14405037,0.5772883
14690,0,-0.13489532,-0.068281345,0.06661398,0.5807255
14691,0,-0.14963955,-0.1173939,0.032245643,0.59655404
14692,0,-0.1851676,-0.17330353,0.011864066,0.60027486
14693,0,-0.2403318,-0.14641118,0.09392062,0.6040414
14694,0,-0.16622736,-0.09280094,0.07342642,0.60890764
14695,0,-0.075113416,-0.1892234,0.11410998,0.6069008
14696,0,-0.24014238,-0.2560203,0.015877932,0.6018047
14697,0,-0.32595766,-0.3017145,0.024243146,0.60927284
14698,0,-0.36910307,-0.3452187,0.023884386,0.61430293
14699,0,-0.41097903,-0.3804026,0.030576438,0.61746275
14700,0,-0.44145966,-0.5072529,0.065793216,0.6204857
14701,0,-0.6217044,-0.55910695,0.06259745,0.6203326
14702,0,-0.6549402,-0.5339913,0.12094891,0.62959176
14703,0,-0.5739188,-0.6379594,0.0640406,0.6347179
14704,0,-0.73267806,-0.6017129,0.13096517,0.6290218
14705,0,-0.63585496,-0.64304686,0.0071918964,0.639184
14706,0,-0.69939494,-0.7054274,0.006032467,0.634653
14707,0,-0.7846315,-0.76840806,0.01622343,0.63560724
14708,0,-0.85744584,-0.77737975,0.080066085,0.63805133
14709,0,-0.83794284,-0.8112404,0.026702464,0.6430344
14710,0,-0.8747395,-0.89369,0.018950462,0.6421104
14711,0,-0.9859462,-0.9367804,0.049165785,0.64045787
14712,0,-1.0174868,-0.9030299,0.11445689,0.6450846
14713,0,-0.93297625,-0.86894816,0.064028084,0.6508014
14714,0,-0.87835014,-0.9752019,0.096851766,0.64981127
14715,0,-1.0572116,-1.011311,0.045900583,0.64041495
14716,0,-1.08286,-0.9867389,0.09612107,0.6474357
14717,0,-1.0178494,-1.013191,0.0046584606,0.6521838
14718,0,-1.0575855,-1.0736219,0.016036391,0.64832556
14719,0,-1.1410645,-0.9350784,0.20598614,0.64644754
14720,0,-0.89282286,-1.030434,0.13761115,0.6604011
14721,0,-1.084018,-1.1048523,0.020834327,0.64254206
14722,0,-1.1834126,-0.96282345,0.2205891,0.6456822
14723,0,-0.92296416,-0.9753877,0.052423537,0.66142267
14724,0,-0.9844391,-0.9926863,0.008247197,0.648703
14725,0,-1.0248804,-0.95290756,0.07197285,0.6486856
14726,0,-0.9603857,-0.9661206,0.0057349205,0.6526645
14727,0,-0.99516475,-0.95305663,0.04210812,0.6484261
14728,0,-0.975461,-0.96315014,0.012310863,0.6503801
14729,0,-0.9963778,-0.89806426,0.09831357,0.6486258
14730,0,-0.89018714,-0.86338514,0.026802003,0.65329987
14731,0,-0.8581252,-0.78613204,0.07199317,0.64968807
14732,0,-0.75525206,-0.6874786,0.06777346,0.65059364
14733,0,-0.63156146,-0.5886898,0.042871654,0.6483273
14734,0,-0.5215024,-0.5866666,0.06516421,0.6436267
14735,0,-0.576264,-0.57220674,0.004057288,0.6355739
14736,0,-0.5777097,-0.50994784,0.06776184,0.6358703
14737,0,-0.49033707,-0.45921445,0.031122625,0.6364335
14738,0,-0.4349327,-0.31338957,0.12154314,0.63254076
14739,0,-0.2247169,-0.23216592,0.007449016,0.63071203
14740,0,-0.15494537,-0.09986128,0.055084094,0.61981356
14741,0,0.0038007349,-0.025328662,0.029129397,0.6137977
14742,0,0.05809197,0.07006548,0.011973515,0.60318327
14743,0,0.15636893,0.17802483,0.021655902,0.5970247
14744,0,0.27245533,0.18445446,0.08800088,0.5890302
14745,0,0.2338057,0.35424086,0.12043516,0.5800032
14746,0,0.4575811,0.43030092,0.027280182,0.5795417
14747,0,0.5168487,0.49247,0.024378687,0.5656182
14748,0,0.56373,0.53556013,0.02816987,0.5595456
14749,0,0.59129936,0.61381894,0.022519588,0.5545802
14750,0,0.67275846,0.67348605,0.0007275939,0.5519004
14751,0,0.726112,0.7345279,0.008415878,0.54606366
14752,0,0.78218347,0.90045184,0.11826837,0.5420933
14753,0,0.96716416,0.98361707,0.016452909,0.54162174
14754,0,1.0320624,1.0822052,0.050142765,0.52975935
14755,0,1.1163286,1.1663815,0.05005288,0.52661866
14756,0,1.1827376,1.3393376,0.1566,0.5218085
14757,0,1.3426269,1.4224417,0.07981479,0.52469736
14758,0,1.3961892,1.5371379,0.14094865,0.513774
14759,0,1.4829639,1.4924191,0.009455204,0.5145567
14760,0,1.4172016,1.4956117,0.07841003,0.49913314
14761,0,1.409423,1.5308462,0.121423244,0.50400454
14762,0,1.4373293,1.5732472,0.1359179,0.506581
14763,0,1.4716096,1.5571035,0.08549392,0.50654536
14764,0,1.4496126,1.4915316,0.041918993,0.5007683
14765,0,1.3841673,1.5471134,0.1629461,0.49699545
14766,0,1.4415766,1.5555718,0.113995194,0.50836456
14767,0,1.4474655,1.6610267,0.21356118,0.50335085
14768,0,1.5442244,1.7611129,0.21688855,0.5117402
14769,0,1.6240793,1.7600546,0.13597524,0.51012146
14770,0,1.6096169,1.7253577,0.115740776,0.49945238
14771,0,1.5708616,1.721411,0.15054941,0.4962485
14772,0,1.5648196,1.6320423,0.067222714,0.4995658
14773,0,1.4835535,1.5430613,0.059507728,0.49176538
14774,0,1.406231,1.4690458,0.06281471,0.49344972
14775,0,1.3452846,1.437863,0.09257841,0.49664572
14776,0,1.3272915,1.4120554,0.084763885,0.50181186
14777,0,1.3121763,1.405784,0.093607664,0.50301874
14778,0,1.3145245,1.3957895,0.08126497,0.50517166
14779,0,1.3100743,1.2328244,0.077249885,0.50505763
14780,0,1.146558,1.1798708,0.033312798,0.49490654
14781,0,1.1051496,1.2094162,0.104266524,0.5078957
14782,0,1.1531719,1.0890304,0.06414151,0.5148908
14783,0,1.027346,0.98211426,0.04523176,0.50517416
14784,0,0.91971684,0.9426564,0.022939563,0.5117691
14785,0,0.8941604,0.8441526,0.05000776,0.52032524
14786,0,0.79262245,0.7516444,0.040978074,0.52042407
14787,0,0.6994325,0.67875475,0.020677745,0.5268886
14788,0,0.63143647,0.67830503,0.046868563,0.5336825
14789,0,0.65639055,0.65828687,0.0018963218,0.5403201
14790,0,0.64442444,0.6778337,0.033409238,0.5399466
14791,0,0.68042314,0.5615596,0.11886352,0.5421617
14792,0,0.52981734,0.520729,0.009088337,0.53834844
14793,0,0.49359286,0.3887872,0.10480565,0.548277
14794,0,0.32876897,0.37611726,0.04734829,0.550764
14795,0,0.34485692,0.31735462,0.027502298,0.5623194
14796,0,0.2815817,0.30548927,0.023907572,0.5631686
14797,0,0.2869957,0.35963383,0.072638124,0.56824136
14798,0,0.3791116,0.41287398,0.033762395,0.56944215
14799,0,0.45017987,0.24922311,0.20095676,0.56505024
14800,0,0.20365308,0.14863773,0.055015355,0.5597492
14801,0,0.07980798,0.13194776,0.052139774,0.5738442
14802,0,0.09170757,0.04487859,0.04682898,0.5824768
14803,0,-0.017428905,0.05222782,0.06965673,0.5837937
14804,0,0.026635945,0.02046416,0.0061717853,0.59121567
14805,0,-0.008221254,-0.0032452762,0.0049759774,0.5905565
14806,0,-0.030391693,-0.055586092,0.025194399,0.5932014
14807,0,-0.09866038,-0.0065493835,0.092111,0.59505653
14808,0,-0.0017740428,0.0048917746,0.0066658175,0.59955597
14809,0,0.012079969,-0.07448259,0.08656256,0.59548837
14810,0,-0.11645451,-0.1379829,0.021528393,0.59428084
14811,0,-0.19767174,-0.2654043,0.06773257,0.6006692
14812,0,-0.37174013,-0.3602666,0.0114735365,0.6047694
14813,0,-0.47318804,-0.40144765,0.07174039,0.6140992
14814,0,-0.48684192,-0.4408403,0.046001613,0.6213307
14815,0,-0.5136572,-0.55480486,0.04114765,0.6239322
14816,0,-0.6677882,-0.61402017,0.05376804,0.62402964
14817,0,-0.71392035,-0.68354857,0.030371785,0.6317419
14818,0,-0.7840161,-0.71980155,0.06421453,0.6340561
14819,0,-0.8010126,-0.8080929,0.0070803165,0.6384511
14820,0,-0.91144985,-0.72643894,0.18501091,0.63726574
14821,0,-0.7353405,-0.8711274,0.13578695,0.6486126
14822,0,-0.975258,-0.8527366,0.1225214,0.63428366
14823,0,-0.9033426,-0.7884911,0.114851534,0.647969
14824,0,-0.7872657,-0.6732332,0.11403251,0.6496065
14825,0,-0.6170954,-0.7109043,0.09380889,0.64902467
14826,0,-0.72994244,-0.79987514,0.0699327,0.6379615
14827,0,-0.8806386,-0.8199536,0.06068498,0.636922
14828,0,-0.88502556,-0.7834361,0.10158944,0.6435965
14829,0,-0.80620027,-0.8311318,0.02493155,0.64710814
14830,0,-0.88766605,-0.85244936,0.03521669,0.6415837
14831,0,-0.90749025,-0.8715364,0.03595388,0.64455736
14832,0,-0.9241526,-0.9328522,0.008699596,0.64534277
14833,0,-1.0081705,-0.85055447,0.15761602,0.64338154
14834,0,-0.8483746,-0.8702564,0.021881819,0.6532582
14835,0,-0.8998078,-0.80039245,0.09941536,0.6452506
14836,0,-0.7881906,-0.7802688,0.007921815,0.65050566
14837,0,-0.7823748,-0.78878963,0.0064148307,0.64561135
14838,0,-0.8147886,-0.89514923,0.08036065,0.6434917
14839,0,-0.9866461,-0.9040457,0.082600415,0.6383829
14840,0,-0.9657341,-0.98368645,0.017952323,0.6471766
14841,0,-1.0714316,-0.9565567,0.11487496,0.642981
14842,0,-0.99322605,-0.8538852,0.13934088,0.6516762
14843,0,-0.8221638,-0.76872253,0.053441286,0.65504193
14844,0,-0.72113925,-0.8048746,0.08373535,0.6505857
14845,0,-0.82748795,-0.6694101,0.15807784,0.64169157
14846,0,-0.61128974,-0.7607376,0.14944786,0.65045786
14847,0,-0.81066823,-0.7544418,0.056226432,0.63529575
14848,0,-0.79173285,-0.72637445,0.0653584,0.64346117
14849,0,-0.74348915,-0.5984362,0.14505297,0.6441743
14850,0,-0.54101706,-0.63887334,0.09785628,0.64644533
14851,0,-0.6578526,-0.525103,0.13274962,0.63453436
14852,0,-0.47830218,-0.4451361,0.03316608,0.6414276
14853,0,-0.39071667,-0.29565346,0.09506321,0.6340642
14854,0,-0.19208582,-0.165638,0.026447818,0.62976474
14855,0,-0.052110597,-0.076054595,0.023943998,0.6187211
14856,0,0.018933788,-0.04221601,0.0611498,0.6084957
14857,0,0.014287978,0.05181122,0.03752324,0.60120916
14858,0,0.12488048,0.21849933,0.093618855,0.5984292
14859,0,0.3363868,0.25622687,0.08015993,0.59041274
14860,0,0.3329441,0.32330692,0.009637177,0.57661635
14861,0,0.3928566,0.43751568,0.044659078,0.5735255
14862,0,0.52275586,0.6905163,0.16776043,0.56829363
14863,0,0.8246933,0.68485624,0.13983709,0.56158406
14864,0,0.7569796,0.81975317,0.062773585,0.53939396
14865,0,0.8945042,0.93585414,0.041349947,0.54340845
14866,0,0.99920595,1.1409551,0.14174914,0.53523934
14867,0,1.2003626,1.2818623,0.081499696,0.5341414
14868,0,1.3098916,1.3705225,0.060630918,0.5232778
14869,0,1.363793,1.4426419,0.07884884,0.5156383
14870,0,1.4066259,1.5180931,0.11146724,0.5121974
14871,0,1.457245,1.5273334,0.07008839,0.5109375
14872,0,1.4470798,1.6100029,0.1629231,0.50397295
14873,0,1.5133245,1.6607404,0.14741588,0.51010084
14874,0,1.5467305,1.598227,0.051496506,0.50607663
14875,0,1.4782703,1.5997835,0.12151325,0.49517176
14876,0,1.4772029,1.7197831,0.24258018,0.5018568
14877,0,1.5866122,1.7521355,0.16552329,0.5125757
14878,0,1.6051888,1.793588,0.1883992,0.50308233
14879,0,1.632747,1.831592,0.19884491,0.50366765
14880,0,1.6572384,1.814883,0.15764463,0.5030067
14881,0,1.6355156,1.752861,0.11734545,0.49726957
14882,0,1.5785881,1.698548,0.11995983,0.4930094
14883,0,1.5327115,1.6841425,0.15143096,0.49449626
14884,0,1.5253621,1.6637077,0.1383456,0.49892154
14885,0,1.5115947,1.665841,0.15424633,0.49856487
14886,0,1.5180587,1.6935194,0.1754607,0.5009142
14887,0,1.5458039,1.6654919,0.119688034,0.50324166
14888,0,1.5198413,1.6797744,0.15993309,0.4977375
14889,0,1.5343264,1.5445867,0.010260224,0.50200623
14890,0,1.4100928,1.5884005,0.17830765,0.48859215
14891,0,1.4614283,1.5218335,0.060405254,0.50643575
14892,0,1.4010338,1.466492,0.0654583,0.496228
14893,0,1.3537923,1.4428456,0.08905327,0.49863335
14894,0,1.339001,1.4413233,0.10232222,0.50246096
14895,0,1.3448497,1.382262,0.037412286,0.5047605
14896,0,1.2902976,1.3103389,0.020041227,0.50043744
14897,0,1.2240452,1.2228005,0.0012446642,0.5013093
14898,0,1.1424518,1.2479434,0.10549164,0.50280565
14899,0,1.1845801,1.1562368,0.02834332,0.5130886
14900,0,1.092195,1.0791116,0.013083458,0.5050328
14901,0,1.0184507,0.9292279,0.08922285,0.50985163
14902,0,0.86035717,0.861582,0.0012248158,0.5105521
14903,0,0.8045455,0.88974416,0.08519864,0.5222742
14904,0,0.8636116,0.8182734,0.045338154,0.529618
14905,0,0.78641653,0.7723934,0.014023125,0.5245557
14906,0,0.7435683,0.70261586,0.040952444,0.5298497
14907,0,0.6692413,0.6368317,0.03240961,0.5323072
14908,0,0.60174924,0.59427476,0.007474482,0.53732145
14909,0,0.5656614,0.46964908,0.096012294,0.5425446
14910,0,0.41494656,0.43736455,0.022417992,0.54481274
14911,0,0.40128905,0.51901853,0.117729485,0.55562073
14912,0,0.53787774,0.43372256,0.10415518,0.55919945
14913,0,0.41734177,0.33558673,0.08175504,0.5512198
14914,0,0.29124308,0.15809,0.13315308,0.55818605
14915,0,0.058478966,-0.0127393985,0.071218364,0.56634915
14916,0,-0.14740553,-0.064833485,0.08257205,0.5813712
14917,0,-0.15842378,-0.032675084,0.1257487,0.5958259
14918,0,-0.059355453,-0.10906086,0.04970541,0.6002944
14919,0,-0.16515736,-0.19009744,0.024940073,0.59729844
14920,0,-0.26660657,-0.2018251,0.06478147,0.6031837
14921,0,-0.24964944,-0.122353494,0.12729594,0.60992205
14922,0,-0.10265991,-0.1931622,0.09050229,0.6113377
14923,0,-0.22955781,-0.31183055,0.08227274,0.6042857
14924,0,-0.40543175,-0.31895077,0.086480975,0.6087882
14925,0,-0.37514818,-0.37993386,0.0047856867,0.6187339
14926,0,-0.45155442,-0.34869146,0.102862954,0.6182733
14927,0,-0.37201387,-0.33536392,0.036649942,0.62392956
14928,0,-0.34801695,-0.40461633,0.05659938,0.6215534
14929,0,-0.46330953,-0.36672232,0.09658721,0.6191513
14930,0,-0.38149926,-0.30486295,0.076636314,0.6256728
14931,0,-0.28422487,-0.345862,0.061637133,0.6234425
14932,0,-0.37219465,-0.52725637,0.15506172,0.61771727
14933,0,-0.6577397,-0.66608435,0.00834465,0.6166973
14934,0,-0.8205203,-0.6724185,0.1481018,0.6272621
14935,0,-0.75823975,-0.59661347,0.16162628,0.63896763
14936,0,-0.6000954,-0.6528431,0.052747726,0.6421728
14937,0,-0.70508164,-0.714388,0.009306371,0.63383037
14938,0,-0.79177773,-0.6913005,0.10047722,0.63605213
14939,0,-0.7274307,-0.65939116,0.06803954,0.6422755
14940,0,-0.6721771,-0.664383,0.007794082,0.64158684
14941,0,-0.6908871,-0.6798225,0.011064589,0.63871974
14942,0,-0.7189492,-0.72738993,0.008440733,0.63852483
14943,0,-0.7912732,-0.8687822,0.077509046,0.63778824
14944,0,-0.9946501,-0.91845316,0.07619697,0.6345085
14945,0,-1.017405,-0.8783247,0.13908035,0.6440252
14946,0,-0.9116053,-0.78344995,0.12815535,0.6506108
14947,0,-0.75492746,-0.88678193,0.13185447,0.6519379
14948,0,-0.953895,-0.9851831,0.031288147,0.63841456
14949,0,-1.0868617,-0.9447206,0.1421411,0.64133996
14950,0,-0.97942126,-0.94020104,0.039220214,0.65251213
14951,0,-0.9689609,-0.99878484,0.029823959,0.6493149
14952,0,-1.0613838,-0.8807289,0.18065494,0.6451825
14953,0,-0.8503087,-0.93367416,0.08336544,0.6571503
14954,0,-0.9708958,-0.9047338,0.06616205,0.6441395
14955,0,-0.9217129,-0.85486925,0.06684363,0.65044117
14956,0,-0.8502136,-0.75930876,0.09090483,0.6506968
14957,0,-0.7162926,-0.7807178,0.06442517,0.6510696
14958,0,-0.7961556,-0.7688756,0.027279973,0.64209384
14959,0,-0.7883457,-0.73272544,0.055620253,0.6444844
14960,0,-0.73786014,-0.7850222,0.047162056,0.6451095
14961,0,-0.83807623,-0.75453067,0.083545566,0.63958883
14962,0,-0.7770346,-0.7132868,0.06374776,0.645504
14963,0,-0.7156171,-0.5836004,0.13201672,0.6447309
14964,0,-0.51886797,-0.47466782,0.044200152,0.64582497
14965,0,-0.39472136,-0.42562744,0.030906081,0.6381531
14966,0,-0.37698233,-0.37993386,0.0029515326,0.63035387
14967,0,-0.34584096,-0.31629944,0.029541522,0.62717605
14968,0,-0.27566862,-0.31183344,0.03616482,0.6243776
14969,0,-0.30330262,-0.25576377,0.047538847,0.61920846
14970,0,-0.22919884,-0.08945393,0.13974491,0.6194929
14971,0,0.013259545,0.046371467,0.033111922,0.615638
14972,0,0.16447754,0.18903232,0.024554774,0.602247
14973,0,0.31577373,0.24073626,0.075037464,0.59093213
14974,0,0.32715452,0.37900224,0.051847726,0.5790974
14975,0,0.4839645,0.49088356,0.006919056,0.5749609
14976,0,0.59085,0.5851998,0.0056502223,0.5639458
14977,0,0.6729791,0.709635,0.036655903,0.5553726
14978,0,0.7964612,0.8110018,0.014540553,0.5493698
14979,0,0.88468015,0.8753961,0.009284079,0.54092497
14980,0,0.92843914,1.098072,0.16963291,0.53378725
14981,0,1.1616948,1.1720582,0.01036346,0.5374198
14982,0,1.2025127,1.2781074,0.07559466,0.5206103
14983,0,1.2849492,1.2206489,0.0643003,0.52002466
14984,0,1.1976726,1.3978701,0.20019746,0.5058797
14985,0,1.3723232,1.4466498,0.074326634,0.52362144
14986,0,1.398372,1.4062047,0.007832646,0.5097492
14987,0,1.3413492,1.3993658,0.05801654,0.50167954
14988,0,1.3274658,1.4377143,0.110248566,0.5052829
14989,0,1.36283,1.498854,0.136024,0.5089029
14990,0,1.4182221,1.5314356,0.11321354,0.5098646
14991,0,1.4416783,1.5403914,0.09871316,0.50629693
14992,0,1.4427822,1.561303,0.118520856,0.5036887
14993,0,1.4574643,1.6911051,0.23364079,0.5045353
14994,0,1.573631,1.7102232,0.13659215,0.5138854
14995,0,1.5776125,1.6376295,0.06001699,0.5021384
14996,0,1.5030999,1.5471916,0.0440917,0.49344748
14997,0,1.418305,1.5900753,0.17177022,0.4932132
14998,0,1.4659334,1.5598574,0.09392393,0.5063119
14999,0,1.4385892,1.549916,0.11132681,0.49925113
15000,0,1.432067,1.5301763,0.098109245,0.5015487
15001,0,1.4158354,1.5173473,0.101511955,0.5009187
15002,0,1.4066535,1.5236506,0.11699712,0.5018955
15003,0,1.4157063,1.5675235,0.1518172,0.50374335
15004,0,1.4589869,1.5914074,0.13242054,0.5067965
15005,0,1.4785765,1.5637649,0.08518839,0.50432056
15006,0,1.4488739,1.491556,0.04268217,0.4994462
15007,0,1.3796668,1.4852406,0.10557377,0.49630755
15008,0,1.3789972,1.4243987,0.045401454,0.5032526
15009,0,1.3232985,1.3725305,0.049232006,0.49911436
15010,0,1.2785649,1.2548707,0.023694277,0.5014458
15011,0,1.1658977,1.1925551,0.026657343,0.49861264
15012,0,1.1147542,1.1247306,0.009976387,0.5064706
15013,0,1.0560696,1.2500666,0.19399703,0.5087192
15014,0,1.2113479,1.1295928,0.08175516,0.5227897
15015,0,1.078131,1.0033073,0.07482362,0.50333977
15016,0,0.9433783,0.7974264,0.14595193,0.50879973
15017,0,0.7152322,0.77384603,0.058613837,0.51332897
15018,0,0.7221675,0.7184694,0.0036981106,0.53181857
15019,0,0.67692065,0.7181102,0.04118955,0.5325468
15020,0,0.6986706,0.675123,0.02354765,0.5376121
15021,0,0.655342,0.67569965,0.020357668,0.5366718
15022,0,0.6688578,0.50264806,0.16620976,0.54059386
15023,0,0.44621313,0.47357726,0.027364135,0.5378338
15024,0,0.43733692,0.49507514,0.057738215,0.55301505
15025,0,0.49003905,0.4187811,0.07125795,0.5557911
15026,0,0.39239836,0.39235288,4.5478344e-05,0.5532333
15027,0,0.37296063,0.35283557,0.020125061,0.5597867
15028,0,0.331389,0.33181152,0.00042250752,0.5618941
15029,0,0.3166492,0.23910344,0.07754576,0.5652525
15030,0,0.19436385,0.18036918,0.013994664,0.56681764
15031,0,0.13326655,-0.0014825341,0.13474908,0.574763
15032,0,-0.11396857,-0.09387133,0.02009724,0.5794847
15033,0,-0.19961426,-0.057977952,0.14163631,0.59472346
15034,0,-0.08901012,-0.14309137,0.054081246,0.60265434
15035,0,-0.20724022,-0.04506773,0.1621725,0.5992271
15036,0,-0.021999612,-0.076025754,0.05402614,0.6066891
15037,0,-0.08477968,-0.15919095,0.07441127,0.59851724
15038,0,-0.21460684,-0.14950243,0.06510441,0.6006408
15039,0,-0.17529158,-0.24515913,0.06986755,0.60772043
15040,0,-0.3180564,-0.32579985,0.007743448,0.60602695
15041,0,-0.41507047,-0.3471849,0.06788558,0.612999
15042,0,-0.40980613,-0.4401644,0.030358255,0.6194557
15043,0,-0.5343563,-0.54401803,0.009661734,0.61932987
15044,0,-0.6607966,-0.56641364,0.09438294,0.624331
15045,0,-0.64521396,-0.51896816,0.1262458,0.6324747
15046,0,-0.5372322,-0.58036035,0.043128133,0.635729
15047,0,-0.6407596,-0.6493816,0.008621991,0.62987864
15048,0,-0.73389316,-0.7072431,0.026650071,0.6325718
15049,0,-0.7954488,-0.6676023,0.12784648,0.63607305
15050,0,-0.69706285,-0.66784936,0.029213488,0.64260346
15051,0,-0.6976807,-0.71634805,0.01866734,0.63927674
15052,0,-0.7765183,-0.6916855,0.08483279,0.63725746
15053,0,-0.7199015,-0.6835327,0.036368787,0.64242405
15054,0,-0.7084019,-0.8029685,0.09456658,0.6406822
15055,0,-0.90178955,-0.82369447,0.07809508,0.6343511
15056,0,-0.89615715,-0.85159385,0.044563293,0.64366746
15057,0,-0.9162807,-0.97744507,0.06116438,0.64396155
15058,0,-1.0916618,-1.0795457,0.012116075,0.6387074
15059,0,-1.1971186,-0.93924224,0.2578764,0.64279366
15060,0,-0.9153732,-0.91830033,0.0029271245,0.6606575
15061,0,-0.9135206,-0.8949732,0.018547356,0.65013945
15062,0,-0.89814246,-0.8892624,0.008880079,0.64968127
15063,0,-0.90665805,-0.8680271,0.038630962,0.6480077
15064,0,-0.8817562,-0.89045256,0.008696377,0.64869267
15065,0,-0.9287816,-0.8684654,0.060316205,0.6456164
15066,0,-0.89001703,-0.8920179,0.0020008683,0.64877015
15067,0,-0.93383884,-0.89997405,0.033864796,0.64556414
15068,0,-0.9407187,-0.88638365,0.054335058,0.64714223
15069,0,-0.9135193,-0.83473057,0.07878876,0.6485974
15070,0,-0.832792,-0.8699825,0.037190497,0.6501854
15071,0,-0.9094837,-0.99111193,0.08162826,0.64389515
15072,0,-1.0933479,-0.9479989,0.14534903,0.6394298
15073,0,-0.9815818,-0.858145,0.12343681,0.65282243
15074,0,-0.8335774,-0.8433319,0.009754479,0.654128
15075,0,-0.84345907,-0.85392785,0.010468781,0.64736056
15076,0,-0.88031375,-0.78340715,0.0969066,0.64552784
15077,0,-0.76977384,-0.81089634,0.041122496,0.6499372
15078,0,-0.84159327,-0.7121225,0.12947077,0.64264804
15079,0,-0.68148476,-0.5271518,0.15433294,0.6494052
15080,0,-0.41120917,-0.50127995,0.090070784,0.6470809
15081,0,-0.45351505,-0.45709,0.0035749376,0.6329541
15082,0,-0.42658985,-0.3637953,0.06279454,0.6318777
15083,0,-0.30737123,-0.29131883,0.016052395,0.62997055
15084,0,-0.2348803,-0.26663578,0.031755477,0.6233564
15085,0,-0.23822027,-0.275547,0.037326723,0.6177013
15086,0,-0.27919188,-0.17124459,0.10794729,0.61554897
15087,0,-0.119646676,0.042775895,0.16242257,0.61710876
15088,0,0.18269058,0.25873703,0.07604645,0.6086422
15089,0,0.4314301,0.41516787,0.016262233,0.59099364
15090,0,0.5684873,0.40643278,0.16205451,0.5735853
15091,0,0.48298734,0.38967398,0.093313366,0.5601892
15092,0,0.42338014,0.53641856,0.11303842,0.5608523
15093,0,0.61326134,0.61569715,0.0024358034,0.5634658
15094,0,0.6862481,0.7162578,0.030009687,0.5518556
15095,0,0.7865627,0.8579342,0.071371496,0.5468256
15096,0,0.9323224,1.0351359,0.10281348,0.5418013
15097,0,1.1057125,1.1027938,0.0029187202,0.53598875
15098,0,1.1411871,1.2366748,0.095487714,0.522798
15099,0,1.2568882,1.2195698,0.03731835,0.52405256
15100,0,1.2088845,1.3071374,0.09825289,0.50992256
15101,0,1.2853943,1.4033796,0.11798525,0.5173262
15102,0,1.3668327,1.4591566,0.0923239,0.5155477
15103,0,1.4038444,1.5362443,0.13239992,0.5101719
15104,0,1.4630741,1.5240934,0.0610193,0.5107616
15105,0,1.4364034,1.570772,0.13436866,0.50182754
15106,0,1.472654,1.5530831,0.08042908,0.50702924
15107,0,1.4477983,1.5123092,0.06451094,0.5006836
15108,0,1.405436,1.4442493,0.038813233,0.4991082
15109,0,1.3404577,1.499287,0.15882933,0.49786648
15110,0,1.4014658,1.5093905,0.1079247,0.5092347
15111,0,1.4108069,1.5082422,0.097435355,0.5044252
15112,0,1.4084357,1.4306986,0.02226293,0.5032903
15113,0,1.332114,1.4530637,0.120949745,0.4972371
15114,0,1.3600833,1.4989101,0.13882673,0.5069178
15115,0,1.4069729,1.5079548,0.10098195,0.5083054
15116,0,1.4128691,1.5438555,0.13098645,0.504346
15117,0,1.4447204,1.5004437,0.05572331,0.5064027
15118,0,1.3986918,1.4211369,0.022445083,0.49909103
15119,0,1.3215636,1.3771342,0.055570602,0.4973063
15120,0,1.2840303,1.403092,0.11906171,0.5021146
15121,0,1.3188034,1.3478389,0.029035449,0.508508
15122,0,1.2656752,1.139053,0.1266222,0.50182575
15123,0,1.0520028,1.1337726,0.081769824,0.4942599
15124,0,1.0684148,1.1040791,0.03566432,0.5144505
15125,0,1.0499171,1.0807276,0.030810475,0.5133448
15126,0,1.0353838,1.116164,0.08078015,0.5150029
15127,0,1.0848063,1.0557036,0.029102683,0.51913834
15128,0,1.0181736,0.9651715,0.05300206,0.5125665
15129,0,0.920195,0.85220075,0.06799424,0.5142401
15130,0,0.79878926,0.8635725,0.064783216,0.5185722
15131,0,0.8353814,0.9373487,0.101967335,0.5295571
15132,0,0.93669903,0.8809817,0.05571735,0.53125846
15133,0,0.86616135,0.69729835,0.168863,0.52219296
15134,0,0.6425489,0.68681175,0.044262826,0.52219456
15135,0,0.65589094,0.6030119,0.052879035,0.53882027
15136,0,0.5635872,0.5646543,0.001067102,0.53816384
15137,0,0.5350666,0.40989515,0.12517145,0.5451392
15138,0,0.3419615,0.37869924,0.03673774,0.54699236
15139,0,0.3356474,0.27127975,0.06436765,0.560488
15140,0,0.20796849,0.36662722,0.15865873,0.5627976
15141,0,0.38256705,0.24257015,0.1399969,0.57237065
15142,0,0.20197035,0.22321565,0.0212453,0.5637844
15143,0,0.19702075,0.2092692,0.012248442,0.57452
15144,0,0.19310702,0.15626256,0.036844462,0.5761643
15145,0,0.1256045,0.102187894,0.023416601,0.57730556
15146,0,0.061907783,0.07229305,0.010385267,0.5817983
15147,0,0.038386166,0.06220914,0.023822974,0.58638376
15148,0,0.041290015,0.097659945,0.05636993,0.58891064
15149,0,0.106839314,0.08707646,0.019762851,0.5897687
15150,0,0.08696164,-0.029676124,0.11663777,0.58678114
15151,0,-0.09135653,-0.10167242,0.010315888,0.5874325
15152,0,-0.17369986,-0.112718895,0.06098096,0.597086
15153,0,-0.15619951,-0.23565412,0.0794546,0.6031145
15154,0,-0.33016944,-0.32301083,0.0071586072,0.60299635
15155,0,-0.42529184,-0.34086418,0.084427655,0.6122359
15156,0,-0.40661898,-0.2861319,0.120487094,0.6193272
15157,0,-0.2908014,-0.30997708,0.019175678,0.6215513
15158,0,-0.335403,-0.47926295,0.14385995,0.6167158
15159,0,-0.6008683,-0.6049855,0.004117191,0.6150609
15160,0,-0.7477059,-0.59459424,0.15311164,0.62555754
15161,0,-0.6645869,-0.7057909,0.041203976,0.63667583
15162,0,-0.8172411,-0.7385375,0.07870358,0.631383
15163,0,-0.82258415,-0.8693773,0.046793163,0.6395084
15164,0,-0.9965968,-0.88458186,0.11201495,0.6354656
15165,0,-0.96368724,-0.97939754,0.015710294,0.64606917
15166,0,-1.0818912,-0.9411394,0.14075178,0.641532
15167,0,-0.97673136,-0.9850481,0.008316755,0.65223104
15168,0,-1.0415517,-0.9858572,0.05569452,0.6461775
15169,0,-1.026346,-0.8607551,0.16559088,0.6499687
15170,0,-0.8162194,-0.7841003,0.032119095,0.6570896
15171,0,-0.73709416,-0.85353154,0.116437376,0.6504688
15172,0,-0.8957648,-0.8503175,0.04544735,0.64040685
15173,0,-0.88613915,-0.81276745,0.07337171,0.6465971
15174,0,-0.82367325,-0.8380453,0.014372051,0.6482503
15175,0,-0.8770448,-0.9202445,0.043199718,0.64375174
15176,0,-1.0028108,-0.9544018,0.048409045,0.64120775
15177,0,-1.0261966,-0.9113228,0.11487383,0.6463114
15178,0,-0.9320566,-0.87535554,0.056701064,0.6518286
15179,0,-0.88003635,-0.88746816,0.007431805,0.65016836
15180,0,-0.91564107,-0.87184215,0.043798923,0.64642125
15181,0,-0.89317346,-0.79736006,0.09581339,0.6483325
15182,0,-0.7786917,-0.977744,0.19905227,0.65077746
15183,0,-1.0875467,-0.93701077,0.15053594,0.63379085
15184,0,-0.9762738,-0.9094059,0.06686789,0.6523327
15185,0,-0.92653394,-1.0099958,0.08346188,0.65046006
15186,0,-1.0908308,-0.8598146,0.23101622,0.64166903
15187,0,-0.8156354,-0.7760022,0.039633155,0.65907246
15188,0,-0.72419554,-0.7172155,0.0069800615,0.6507526
15189,0,-0.6792147,-0.67611486,0.0030998588,0.6463501
15190,0,-0.6549031,-0.65906143,0.004158318,0.64310753
15191,0,-0.6594794,-0.5647882,0.09469116,0.6403317
15192,0,-0.52336043,-0.5163339,0.007026553,0.64202136
15193,0,-0.48566598,-0.5435678,0.0579018,0.63566446
15194,0,-0.5646728,-0.42068607,0.14398676,0.63085467
15195,0,-0.36742577,-0.30961072,0.057815045,0.6359769
15196,0,-0.23029296,-0.32541808,0.095125124,0.62772214
15197,0,-0.31223786,-0.19959036,0.1126475,0.6184508
15198,0,-0.12836668,-0.1129895,0.015377179,0.6209564
15199,0,-0.03799911,-0.12317275,0.085173644,0.6111801
15200,0,-0.10124643,-0.04358629,0.05766014,0.6040097
15201,0,0.005562067,0.09499101,0.08942895,0.6050763
15202,0,0.18992664,0.24402481,0.054098174,0.5984392
15203,0,0.36298764,0.491193,0.12820536,0.5868765
15204,0,0.6554456,0.60610116,0.04934442,0.5751036
15205,0,0.7328929,0.63734007,0.0955528,0.55565363
15206,0,0.7153857,0.65808225,0.05730343,0.54605025
15207,0,0.706882,0.7336708,0.026788771,0.5436442
15208,0,0.78294814,0.8544952,0.07154709,0.5434571
15209,0,0.91197765,0.85802084,0.053956807,0.54012394
15210,0,0.8883835,0.9948444,0.10646087,0.5291518
15211,0,1.0357565,1.0542632,0.018506765,0.5341762
15212,0,1.0786954,1.1376708,0.05897534,0.5241536
15213,0,1.151205,1.1985649,0.047359943,0.5228619
15214,0,1.1970412,1.2217294,0.024688244,0.51834905
15215,0,1.2040739,1.2388391,0.034765244,0.513817
15216,0,1.2098389,1.320824,0.11098516,0.5126122
15217,0,1.2875808,1.352276,0.06469512,0.51636994
15218,0,1.3073767,1.4409444,0.13356769,0.5104387
15219,0,1.3865986,1.498823,0.11222446,0.5138976
15220,0,1.4294959,1.5669926,0.13749671,0.50953346
15221,0,1.4816601,1.4987663,0.017106175,0.50930375
15222,0,1.4041864,1.4406661,0.03647971,0.4965577
15223,0,1.344566,1.5028294,0.15826344,0.49898022
15224,0,1.4093789,1.4873284,0.077949524,0.509888
15225,0,1.3915665,1.5891156,0.1975491,0.50226134
15226,0,1.4890655,1.556058,0.06699252,0.5123779
15227,0,1.4494585,1.5035324,0.05407393,0.4990274
15228,0,1.3962779,1.4385325,0.042254567,0.4980797
15229,0,1.335085,1.4632457,0.12816072,0.49832508
15230,0,1.3666784,1.3887154,0.02203703,0.5069229
15231,0,1.295113,1.274051,0.021062016,0.4986785
15232,0,1.1846647,1.1869544,0.0022896528,0.49822938
15233,0,1.1058692,1.2711525,0.16528332,0.504237
15234,0,1.2152346,1.3770866,0.161852,0.51811665
15235,0,1.3277813,1.3452632,0.017481923,0.5171741
15236,0,1.2862705,1.2221079,0.06416261,0.50427365
15237,0,1.1547238,1.1366873,0.018036485,0.49928316
15238,0,1.0701511,1.120669,0.050517917,0.5064776
15239,0,1.066539,1.1291305,0.06259143,0.5139576
15240,0,1.0866575,1.1237912,0.037133694,0.5159818
15241,0,1.0860306,1.0751888,0.0108418465,0.51486456
15242,0,1.0349375,1.0295616,0.005375862,0.5128063
15243,0,0.98971736,1.0072175,0.017500162,0.5152583
15244,0,0.97298336,0.9718849,0.001098454,0.5185982
15245,0,0.93966186,0.81993955,0.11972231,0.51916176
15246,0,0.76599044,0.7794443,0.013453841,0.5169144
15247,0,0.7388352,0.79143196,0.052596748,0.52989435
15248,0,0.7737045,0.80059254,0.026888013,0.5339815
15249,0,0.7945889,0.80186135,0.0072724223,0.53314894
15250,0,0.79979694,0.73419255,0.06560439,0.53234166
15251,0,0.7162527,0.73960185,0.023349166,0.5303527
15252,0,0.73315763,0.5961,0.13705766,0.53670985
15253,0,0.55235195,0.4563953,0.09595665,0.5332578
15254,0,0.38679814,0.44878402,0.06198588,0.5445333
15255,0,0.41453934,0.42068303,0.006143689,0.5568791
15256,0,0.3976456,0.36951178,0.02813381,0.5573353
15257,0,0.3421852,0.32903793,0.013147265,0.55949295
15258,0,0.3027931,0.2691376,0.033655494,0.5637893
15259,0,0.23379458,0.25453648,0.020741895,0.5671284
15260,0,0.23418953,0.13181871,0.10237081,0.57228345
15261,0,0.06678368,0.050284687,0.016498994,0.57335836
15262,0,-0.021958932,-0.06523126,0.04327233,0.5838158
15263,0,-0.16188292,-0.03321047,0.12867245,0.5904378
15264,0,-0.062404215,-0.08008828,0.017684065,0.60032654
15265,0,-0.12110816,-0.1027606,0.018347561,0.59749657
15266,0,-0.13784261,-0.14193738,0.0040947646,0.60135007
15267,0,-0.18454964,-0.17961365,0.0049359947,0.60303754
15268,0,-0.22622558,-0.23580942,0.009583831,0.6060641
15269,0,-0.29630965,-0.29916832,0.0028586686,0.6087003
15270,0,-0.37200606,-0.36415207,0.007853985,0.6126302
15271,0,-0.44523436,-0.39099738,0.05423698,0.61690223
15272,0,-0.4540934,-0.32123387,0.13285953,0.62187123
15273,0,-0.31635952,-0.3245363,0.008176774,0.62521315
15274,0,-0.33447826,-0.4255435,0.09106523,0.61943495
15275,0,-0.5019245,-0.5344222,0.032497704,0.61774576
15276,0,-0.6472474,-0.61625624,0.030991137,0.62338126
15277,0,-0.72973084,-0.6058061,0.12392473,0.6299062
15278,0,-0.66329825,-0.6420901,0.021208167,0.6372409
15279,0,-0.7046967,-0.78132236,0.076625645,0.63503927
15280,0,-0.90599823,-0.7668161,0.13918215,0.63184315
15281,0,-0.82796776,-0.8891328,0.061165035,0.64463145
15282,0,-1.0019405,-0.7982621,0.20367837,0.6367954
15283,0,-0.8056208,-0.84427214,0.038651347,0.6521573
15284,0,-0.89289916,-0.91985565,0.026956499,0.6421577
15285,0,-1.0023257,-1.0345942,0.032268524,0.6417823
15286,0,-1.1484127,-0.9688272,0.17958552,0.6408749
15287,0,-0.99194914,-0.8454068,0.14654237,0.6552661
15288,0,-0.79416466,-0.872613,0.078448355,0.6564491
15289,0,-0.8873725,-0.896772,0.009399533,0.64467293
15290,0,-0.93719697,-0.8951301,0.042066872,0.6456484
15291,0,-0.9299515,-0.9775474,0.04759592,0.6478296
15292,0,-1.0568725,-0.9698264,0.08704609,0.64259595
15293,0,-1.0151949,-0.854937,0.16025788,0.6503318
15294,0,-0.8189738,-0.84914196,0.030168176,0.65607244
15295,0,-0.85016465,-0.8244912,0.025673449,0.64677995
15296,0,-0.82989484,-0.8800022,0.05010736,0.64756703
15297,0,-0.93476766,-0.9898596,0.055091918,0.6424292
15298,0,-1.0923417,-1.0582868,0.034054875,0.64041555
15299,0,-1.1543219,-0.9929786,0.16134334,0.6454683
15300,0,-1.0084808,-0.8318202,0.1766606,0.65580404
15301,0,-0.7521846,-0.7728312,0.020646572,0.65900207
15302,0,-0.7232127,-0.8029963,0.07978356,0.6485852
15303,0,-0.82192075,-0.8019979,0.019922853,0.6421422
15304,0,-0.8299514,-0.7364354,0.09351599,0.6447775
15305,0,-0.72638375,-0.6677846,0.058599174,0.6477009
15306,0,-0.6392136,-0.6276277,0.011585951,0.64500374
15307,0,-0.60945106,-0.5416539,0.067797184,0.64077884
15308,0,-0.49745953,-0.44793883,0.0495207,0.6401132
15309,0,-0.38628536,-0.44026917,0.053983808,0.6353392
15310,0,-0.42475295,-0.3268142,0.097938746,0.62784356
15311,0,-0.26337335,-0.26378965,0.00041630864,0.62909245
15312,0,-0.20917125,-0.16997495,0.039196298,0.62063605
15313,0,-0.09939916,-0.09012054,0.009278618,0.6161725
15314,0,-0.01931785,0.050970446,0.0702883,0.60882807
15315,0,0.15689956,0.08368616,0.0732134,0.6022868
15316,0,0.14881478,0.15044078,0.0016259998,0.5907117
15317,0,0.21404396,0.21754977,0.003505811,0.587944
15318,0,0.28139842,0.32698858,0.045590162,0.5823359
15319,0,0.41027427,0.3775605,0.03271377,0.57678324
15320,0,0.44393522,0.5771371,0.1332019,0.5676746
15321,0,0.6900701,0.751174,0.06110388,0.5649223
15322,0,0.86546504,0.9052998,0.039834738,0.5510306
15323,0,1.001814,1.0187218,0.016907811,0.540305
15324,0,1.0862936,1.2571065,0.17081296,0.530877
15325,0,1.310004,1.3738194,0.063815355,0.53321207
15326,0,1.3837844,1.3875368,0.0037523508,0.51832086
15327,0,1.3611517,1.4125211,0.05136943,0.5076804
15328,0,1.3637036,1.3589896,0.004714012,0.5081686
15329,0,1.2955788,1.3946592,0.099080324,0.5016693
15330,0,1.328038,1.5018681,0.17383015,0.5097067
15331,0,1.4299694,1.6301386,0.2001692,0.5144634
15332,0,1.539671,1.5723131,0.032642126,0.514476
15333,0,1.4692643,1.6775107,0.20824647,0.49613357
15334,0,1.5601562,1.642613,0.08245683,0.5115123
15335,0,1.5168353,1.6306305,0.11379516,0.4973496
15336,0,1.5010555,1.6098459,0.1087904,0.49994498
15337,0,1.4801792,1.6414503,0.1612711,0.49935362
15338,0,1.5103396,1.7723863,0.2620467,0.50434774
15339,0,1.6270078,1.8322117,0.20520389,0.51323384
15340,0,1.6671622,1.8929278,0.22576559,0.5053282
15341,0,1.7068477,1.8264527,0.119605064,0.50507134
15342,0,1.640529,1.8161693,0.17564023,0.4918011
15343,0,1.6291832,1.7250713,0.09588814,0.49794972
15344,0,1.549773,1.5547729,0.004999876,0.49022746
15345,0,1.4009567,1.5156267,0.11466992,0.4847112
15346,0,1.379342,1.485797,0.10645509,0.49920666
15347,0,1.3640801,1.2561734,0.1079067,0.5008187
15348,0,1.1443844,1.2411836,0.096799254,0.4873887
15349,0,1.1533288,1.2513751,0.0980463,0.50935185
15350,0,1.1817393,1.0944957,0.087243676,0.5114922
15351,0,1.020511,1.0684935,0.047982454,0.50135815
15352,0,1.0111089,1.0321827,0.021073818,0.5153054
15353,0,0.9846685,1.0791438,0.09447527,0.51602834
15354,0,1.0516118,0.91886103,0.13275075,0.5218468
15355,0,0.8687123,0.94135636,0.072644055,0.5101544
15356,0,0.91394293,0.91996926,0.0060263276,0.5262537
15357,0,0.89662683,0.9472257,0.05059886,0.5232794
15358,0,0.93637824,0.9435819,0.0072036386,0.5263896
15359,0,0.93266594,0.8102048,0.12246114,0.52367
15360,0,0.7722412,0.63567793,0.13656324,0.51927066
15361,0,0.56644493,0.4617129,0.10473204,0.52748376
15362,0,0.36694086,0.4863338,0.11939293,0.5410412
15363,0,0.45178616,0.3538136,0.09797257,0.55674595
15364,0,0.2892834,0.39790875,0.10862535,0.55362624
15365,0,0.38923788,0.46766442,0.07842654,0.56546795
15366,0,0.49739254,0.44055146,0.056841075,0.5621311
15367,0,0.45107073,0.5139248,0.06285405,0.5558208
15368,0,0.55223095,0.45150036,0.1007306,0.5588696
15369,0,0.45302045,0.5599307,0.10691023,0.5518166
15370,0,0.60556436,0.4847599,0.12080446,0.5584488
15371,0,0.48665094,0.28848827,0.19816267,0.5480283
15372,0,0.21412624,0.177208,0.036918238,0.5535329
15373,0,0.09021546,0.00029643,0.08991903,0.57047874
15374,0,-0.12982228,-0.07636982,0.053452462,0.57976407
15375,0,-0.18120474,0.045909803,0.22711454,0.594664
15376,0,0.06455468,-0.09067564,0.15523031,0.6012014
15377,0,-0.15447298,-0.12142597,0.033047006,0.5906747
15378,0,-0.172708,-0.17846777,0.0057597607,0.602144
15379,0,-0.23940592,-0.16302669,0.076379225,0.6043396
15380,0,-0.18742368,-0.24693204,0.05950837,0.6092405
15381,0,-0.31260842,-0.27911344,0.03349498,0.60715866
15382,0,-0.3362168,-0.28959036,0.04662645,0.6138522
15383,0,-0.33017564,-0.38822845,0.058052808,0.61641204
15384,0,-0.4746676,-0.39960662,0.07506099,0.6155977
15385,0,-0.45651454,-0.49659696,0.040082425,0.62371886
15386,0,-0.5922189,-0.5284376,0.06378126,0.62230605
15387,0,-0.60377175,-0.5735906,0.03018117,0.6296429
15388,0,-0.6484625,-0.52815205,0.120310426,0.6309172
15389,0,-0.54669553,-0.5189443,0.027751207,0.6360739
15390,0,-0.5361843,-0.56551987,0.029335558,0.6325653
15391,0,-0.61743754,-0.65284336,0.035405815,0.63037735
15392,0,-0.7446749,-0.6919981,0.052676797,0.63115036
15393,0,-0.7723316,-0.69438905,0.07794255,0.6370334
15394,0,-0.7469826,-0.8172769,0.07029432,0.6402653
15395,0,-0.9284688,-0.89625776,0.032211065,0.6345312
15396,0,-1.0062556,-0.9137327,0.09252292,0.6408365
15397,0,-0.9865005,-0.9153955,0.071105,0.6467045
15398,0,-0.9632387,-0.8972999,0.06593883,0.64811784
15399,0,-0.92361844,-0.9073238,0.016294658,0.64930254
15400,0,-0.94233084,-0.9367193,0.005611539,0.64717156
15401,0,-0.9866868,-0.9835356,0.003151238,0.64628106
15402,0,-1.048631,-0.9630803,0.085550666,0.64588696
15403,0,-0.9948038,-1.0368898,0.042086005,0.6512655
15404,0,-1.1077541,-1.0372658,0.07048833,0.64459604
15405,0,-1.0823576,-1.002185,0.08017266,0.6510996
15406,0,-1.0159242,-1.0611125,0.045188308,0.6534367
15407,0,-1.115819,-1.0940058,0.021813154,0.64636755
15408,0,-1.1497338,-0.92990565,0.21982813,0.6492369
15409,0,-0.8656944,-0.8311798,0.034514606,0.66230863
15410,0,-0.7621616,-0.783102,0.020940363,0.6539609
15411,0,-0.74589455,-0.6943569,0.051537633,0.64806277
15412,0,-0.6434555,-0.70842147,0.06496596,0.6478267
15413,0,-0.71648103,-0.6177879,0.09869313,0.6398728
15414,0,-0.5830547,-0.6278599,0.04480517,0.6444286
15415,0,-0.63834095,-0.5841922,0.054148734,0.6365903
15416,0,-0.57973194,-0.59131974,0.011587799,0.63891035
15417,0,-0.6117284,-0.64676017,0.035031736,0.6350412
15418,0,-0.7073393,-0.6230372,0.08430207,0.6336181
15419,0,-0.6517589,-0.53523856,0.116520345,0.6391927
15420,0,-0.5079914,-0.51239514,0.00440377,0.63991
15421,0,-0.50270206,-0.42818528,0.07451677,0.6333322
15422,0,-0.3864925,-0.5344941,0.14800161,0.63336456
15423,0,-0.595722,-0.5041973,0.09152472,0.623607
15424,0,-0.52835923,-0.43337488,0.09498435,0.63348573
15425,0,-0.41379255,-0.42643324,0.012640685,0.6326051
15426,0,-0.4276449,-0.2572971,0.17034781,0.6269321
15427,0,-0.1640817,-0.10761053,0.05647116,0.6285615
15428,0,0.0144593865,0.032196727,0.01773734,0.61577314
15429,0,0.1603965,0.087057434,0.07333907,0.60373175
15430,0,0.17304023,0.36514288,0.19210266,0.59227395
15431,0,0.537032,0.45531228,0.08171973,0.587229
15432,0,0.5803587,0.55303806,0.027320623,0.56485176
15433,0,0.6546556,0.6991103,0.044454753,0.5580342
15434,0,0.80024785,0.7894602,0.010787666,0.5519557
15435,0,0.8681122,0.9319749,0.06386268,0.54124516
15436,0,1.0043579,1.0930529,0.08869493,0.5378481
15437,0,1.1522928,1.1614118,0.009118915,0.53199846
15438,0,1.1889398,1.1402291,0.048710704,0.52047825
15439,0,1.1371297,1.1892278,0.052098155,0.5126289
15440,0,1.1762892,1.2825108,0.10622156,0.51753956
15441,0,1.2636162,1.4141444,0.15052819,0.5186428
15442,0,1.3828508,1.4631469,0.08029616,0.51878846
15443,0,1.4100169,1.5317982,0.12178135,0.50939584
15444,0,1.4596759,1.6392479,0.17957199,0.5099844
15445,0,1.5451188,1.7920653,0.24694645,0.51222783
15446,0,1.664132,1.8792905,0.21515846,0.51534706
15447,0,1.7160765,1.870079,0.15400255,0.5079651
15448,0,1.6895282,1.9666989,0.27717066,0.49767044
15449,0,1.7584194,1.9331816,0.17476225,0.5086569
15450,0,1.7187711,1.819231,0.10045993,0.49467582
15451,0,1.6190139,1.7442857,0.1252718,0.486727
15452,0,1.5579959,1.7936337,0.23563778,0.49172258
15453,0,1.6101393,1.7569934,0.14685416,0.50450546
15454,0,1.5799676,1.6942071,0.114239454,0.49568304
15455,0,1.5277606,1.6539879,0.12622726,0.49365267
15456,0,1.4978466,1.6243334,0.12648678,0.49661648
15457,0,1.4777197,1.5050833,0.027363658,0.4981872
15458,0,1.3722423,1.5329211,0.16067874,0.4911187
15459,0,1.4124684,1.4975653,0.085096836,0.50578034
15460,0,1.3842167,1.414676,0.030459285,0.49998736
15461,0,1.3089093,1.3186079,0.009698629,0.497111
15462,0,1.2215096,1.3102528,0.08874321,0.49860394
15463,0,1.2276113,1.2773194,0.049708128,0.50770634
15464,0,1.2029855,1.2422185,0.03923297,0.5063157
15465,0,1.1745683,1.328473,0.15390468,0.5073161
15466,0,1.2746404,1.3266419,0.052001476,0.5165675
15467,0,1.2693176,1.1082562,0.1610614,0.5078547
15468,0,1.0359197,1.0597337,0.023814082,0.49472633
15469,0,0.9982425,0.97542363,0.022818863,0.51353294
15470,0,0.9173788,0.88711196,0.030266821,0.51429105
15471,0,0.8317007,0.83743733,0.005736649,0.5188188
15472,0,0.79339105,0.82975245,0.036361396,0.5254147
15473,0,0.8035589,0.769867,0.033691883,0.5297978
15474,0,0.74094474,0.8124283,0.07148355,0.5287156
15475,0,0.80918175,0.7775945,0.031587243,0.5354911
15476,0,0.76790607,0.83263654,0.064730465,0.5305374
15477,0,0.84219,0.8086199,0.03357011,0.5354169
15478,0,0.8080012,0.62894905,0.17905217,0.5295794
15479,0,0.58009684,0.5754983,0.004598558,0.5275125
15480,0,0.53430563,0.50602734,0.028278291,0.5429645
15481,0,0.46403146,0.41724825,0.04678321,0.5468619
15482,0,0.36624408,0.34485942,0.021384656,0.55225146
15483,0,0.29363024,0.3261163,0.03248605,0.5596753
15484,0,0.29712057,0.24805935,0.049061224,0.5659246
15485,0,0.20337243,0.086198255,0.11717418,0.56733334
15486,0,-0.010779217,-0.010349195,0.00043002144,0.5738438
15487,0,-0.10762252,-0.030663367,0.07695915,0.5875773
15488,0,-0.08843819,-0.02484776,0.06359043,0.59573925
15489,0,-0.04951313,0.0119836675,0.061496798,0.5974601
15490,0,0.019712284,0.021959519,0.0022472348,0.5970206
15491,0,0.030202106,-0.047203287,0.07740539,0.5939543
15492,0,-0.08230334,-0.07765089,0.004652448,0.5929434
15493,0,-0.11444631,-0.17941904,0.06497273,0.59869087
15494,0,-0.25803116,-0.25116202,0.0068691373,0.6006028
15495,0,-0.33554953,-0.21853344,0.11701609,0.608501
15496,0,-0.24429125,-0.32263947,0.07834822,0.6148494
15497,0,-0.40261996,-0.25729296,0.145327,0.6107789
15498,0,-0.2624372,-0.30110162,0.03866443,0.62035733
15499,0,-0.3379687,-0.37199494,0.034026235,0.6144194
15500,0,-0.44140446,-0.50467074,0.06326628,0.61691433
15501,0,-0.62651855,-0.5288625,0.09765607,0.61968374
15502,0,-0.61099714,-0.57721704,0.033780098,0.6303124
15503,0,-0.65663433,-0.60556746,0.051066875,0.63083106
15504,0,-0.6725306,-0.6170381,0.05549252,0.63395953
15505,0,-0.6687782,-0.63248706,0.036291122,0.63595
15506,0,-0.6806604,-0.60302985,0.07763058,0.63635653
15507,0,-0.6218518,-0.70187604,0.08002424,0.638687
15508,0,-0.7863742,-0.7167926,0.06958163,0.6322966
15509,0,-0.77988267,-0.8149247,0.035042048,0.64014953
15510,0,-0.9169247,-0.9099441,0.006980598,0.6366344
15511,0,-1.02475,-0.91780484,0.10694516,0.6397963
15512,0,-0.98685026,-0.9028986,0.08395165,0.6476487
15513,0,-0.93928313,-0.83078265,0.10850048,0.6491908
15514,0,-0.818778,-1.0228422,0.20406419,0.65175647
15515,0,-1.1386992,-1.1302584,0.008440733,0.63363683
15516,0,-1.2499636,-1.0492405,0.20072317,0.6430398
15517,0,-1.063884,-1.0418901,0.021993876,0.6583369
15518,0,-1.058521,-0.9847457,0.07377535,0.6518643
15519,0,-0.9740739,-1.0214136,0.047339678,0.65492046
15520,0,-1.0555861,-0.9766246,0.07896149,0.64759445
15521,0,-0.9815751,-0.8974585,0.08411658,0.65367705
15522,0,-0.86916894,-1.0385288,0.16935986,0.6544568
15523,0,-1.1222143,-1.1213665,0.00084781647,0.6385638
15524,0,-1.2158847,-1.1390011,0.076883554,0.6451554
15525,0,-1.1998544,-1.0644174,0.13543701,0.6512499
15526,0,-1.0586159,-1.0065727,0.0520432,0.6580836
15527,0,-0.98572934,-0.91448385,0.07124549,0.65547866
15528,0,-0.867643,-0.89624286,0.028599858,0.65602225
15529,0,-0.88613325,-0.88141036,0.0047228932,0.64928424
15530,0,-0.8886397,-0.84104747,0.047592223,0.6485552
15531,0,-0.83922267,-0.8048876,0.034335077,0.6494479
15532,0,-0.8017098,-0.7970229,0.004686892,0.6478558
15533,0,-0.81088454,-0.776887,0.033997536,0.6451844
15534,0,-0.790065,-0.70277643,0.08728856,0.6454865
15535,0,-0.68071353,-0.680795,8.147955e-05,0.64699775
15536,0,-0.67717546,-0.532349,0.14482647,0.64172214
15537,0,-0.45278192,-0.4073233,0.045458615,0.64455664
15538,0,-0.30996674,-0.3908075,0.08084077,0.63530463
15539,0,-0.35375142,-0.3642666,0.010515183,0.6254774
15540,0,-0.346649,-0.14215237,0.20449662,0.6245772
15541,0,-0.008888081,-0.12759379,0.118705705,0.62399095
15542,0,-0.065798305,-0.008886222,0.056912083,0.6064206
15543,0,0.079819635,0.13105322,0.05123359,0.60541457
15544,0,0.24364297,0.25700837,0.013365403,0.5955467
15545,0,0.371966,0.4466525,0.0746865,0.58391964
15546,0,0.58585995,0.4224086,0.16345134,0.5738531
15547,0,0.4873491,0.46070534,0.026643753,0.557535
15548,0,0.5109745,0.51552653,0.0045520067,0.5599508
15549,0,0.56513584,0.6934185,0.12828267,0.55713266
15550,0,0.7816637,0.8128605,0.031196773,0.5550787
15551,0,0.89338434,0.85959905,0.033785284,0.5424374
15552,0,0.91283214,0.902745,0.010087132,0.53306687
15553,0,0.93802476,1.0298722,0.09184742,0.53028524
15554,0,1.0677658,1.1293399,0.0615741,0.5316291
15555,0,1.1542073,1.2535937,0.099386334,0.5247289
15556,0,1.2636571,1.4238911,0.16023397,0.5225703
15557,0,1.411989,1.4379094,0.025920391,0.5223471
15558,0,1.3953602,1.4672635,0.07190323,0.50642735
15559,0,1.4047092,1.537777,0.13306773,0.50730526
15560,0,1.4594187,1.5601656,0.10074699,0.5100632
15561,0,1.4673483,1.5526135,0.08526516,0.5047087
15562,0,1.4507104,1.5179877,0.06727731,0.50174564
15563,0,1.4128158,1.4914063,0.07859051,0.49962562
15564,0,1.3870934,1.5214723,0.13437891,0.501029
15565,0,1.4187782,1.4797249,0.060946703,0.5062332
15566,0,1.3776816,1.3619698,0.015711784,0.4997269
15567,0,1.263694,1.564356,0.30066192,0.49505115
15568,0,1.4783396,1.5557951,0.07745552,0.5228297
15569,0,1.4587692,1.5458778,0.08710861,0.50158095
15570,0,1.4424672,1.6033309,0.16086364,0.5016285
15571,0,1.4933976,1.5434238,0.05002618,0.507605
15572,0,1.4310206,1.469966,0.038945436,0.49647608
15573,0,1.3607763,1.4916639,0.13088763,0.4966813
15574,0,1.3884742,1.4260647,0.037590504,0.5059883
15575,0,1.326507,1.4609575,0.13445055,0.49858326
15576,0,1.3680547,1.4828943,0.114839554,0.5080116
15577,0,1.3908089,1.3956814,0.0048724413,0.506202
15578,0,1.3036861,1.3084481,0.0047619343,0.4971881
15579,0,1.2205209,1.160217,0.060303807,0.49982613
15580,0,1.0740958,1.0532707,0.020825148,0.49928933
15581,0,0.9749783,1.0950735,0.120095134,0.50817287
15582,0,1.0476829,1.0195873,0.028095603,0.5206537
15583,0,0.9715723,1.0320848,0.060512543,0.5128714
15584,0,0.9996351,1.0430717,0.043436646,0.52071816
15585,0,1.0187132,0.9633384,0.05537486,0.52005213
15586,0,0.92853796,0.97573256,0.0471946,0.5153715
15587,0,0.95309293,0.91686255,0.036230385,0.52350116
15588,0,0.8878424,0.9378807,0.050038278,0.51990485
15589,0,0.9224788,0.8316463,0.09083247,0.52630067
15590,0,0.7973039,0.74844015,0.04886377,0.5204677
15591,0,0.70772177,0.6731395,0.034582257,0.5279637
15592,0,0.6310323,0.6160833,0.014948964,0.53385717
15593,0,0.5788802,0.5250884,0.05379176,0.53962535
15594,0,0.47858512,0.50891244,0.03032732,0.543443
15595,0,0.48373932,0.50641096,0.02267164,0.55138844
15596,0,0.49799144,0.50568444,0.0076929927,0.5527946
15597,0,0.5065577,0.47652882,0.03002888,0.55300796
15598,0,0.47130895,0.39165914,0.079649806,0.5527741
15599,0,0.3604399,0.26447266,0.09596723,0.5546963
15600,1,0.19792612,0.77014124,0.57221514,0.56164443
15601,1,0.9292096,1.0246644,0.09545481,0.57602656
15602,1,1.161253,1.1627247,0.0014717579,0.5433647
15603,1,1.2441523,1.2403367,0.003815651,0.5270808
15604,1,1.273742,1.2766685,0.002926588,0.51849514
15605,1,1.2746227,1.2820933,0.0074706078,0.5132312
15606,1,1.2561184,1.1877007,0.06841767,0.50998616
15607,1,1.1424471,1.0599906,0.08245647,0.5034845
15608,1,1.0019189,0.8649994,0.1369195,0.50583184
15609,1,0.7874328,0.77599174,0.011441052,0.5100698
15610,1,0.7084514,0.57050425,0.13794714,0.5256124
15611,1,0.4739746,0.48005563,0.0060810447,0.52959436
15612,1,0.4000951,0.30437657,0.09571853,0.547037
15613,1,0.19671117,0.12619896,0.070512205,0.5539905
15614,1,-0.0072003454,-0.0315042,0.024303854,0.5690192
15615,1,-0.1763547,-0.3028412,0.12648648,0.58405256
15616,1,-0.5203479,-0.25953415,0.26081374,0.594983
15617,1,-0.3384599,-0.44837254,0.109912634,0.61872214
15618,1,-0.59983784,-0.570509,0.029328823,0.61154443
15619,1,-0.7221285,-0.818718,0.096589506,0.6241391
15620,1,-1.0347757,-0.90754503,0.1272307,0.6234117
15621,1,-1.0651091,-1.0578662,0.007242918,0.6402796
15622,1,-1.2169794,-1.1904281,0.026551247,0.63806
15623,1,-1.333404,-1.1924069,0.14099705,0.6413919
15624,1,-1.2599218,-1.2274723,0.032449484,0.6532797
15625,1,-1.2808596,-1.3678516,0.086992025,0.65063417
15626,1,-1.457831,-1.5108541,0.0530231,0.64143634
15627,1,-1.60058,-1.6796417,0.07906175,0.6407291
15628,1,-1.7544111,-1.6876633,0.066747785,0.6366447
15629,1,-1.6912489,-1.7713931,0.08014417,0.6522294
15630,1,-1.7651714,-1.8630275,0.097856045,0.6438676
15631,1,-1.8415023,-1.8200148,0.021487474,0.64173055
15632,1,-1.7465501,-1.878308,0.13175797,0.65554386
15633,1,-1.8156017,-1.8024002,0.013201475,0.64481467
15634,1,-1.7004507,-1.6918465,0.008604169,0.65888643
15635,1,-1.5686873,-1.4967773,0.07191002,0.66327333
15636,1,-1.3321809,-1.1593214,0.17285943,0.67172384
15637,1,-0.8898083,-0.82938623,0.060422063,0.68053776
15638,1,-0.52297556,-0.34981927,0.17315629,0.671486
15639,1,0.074618354,0.044562187,0.030056167,0.6561008
15640,1,0.44082963,0.44530484,0.004475206,0.6213658
15641,1,0.8002995,0.6574385,0.14286101,0.5901125
15642,1,0.90327346,0.98161054,0.07833707,0.56037927
15643,1,1.1771667,1.0451349,0.1320318,0.55127317
15644,1,1.1509401,1.1625736,0.011633515,0.5249623
15645,1,1.2202922,1.129787,0.09050524,0.52513313
15646,1,1.1411653,1.1569847,0.01581943,0.5119329
15647,1,1.1496578,0.9591255,0.19053233,0.5166661
15648,1,0.91431797,0.8635452,0.050772786,0.5043065
15649,1,0.8117099,0.7043016,0.107408285,0.5195259
15650,1,0.63311887,0.5131721,0.11994678,0.5239504
15651,1,0.41477394,0.42808786,0.013313919,0.5353747
15652,1,0.34809494,0.22965059,0.11844435,0.5516962
15653,1,0.10894568,0.015677636,0.093268044,0.5583806
15654,1,-0.14649597,-0.13058499,0.015910983,0.5752753
15655,1,-0.28809687,-0.40327093,0.115174055,0.5930058
15656,1,-0.6311462,-0.4748515,0.1562947,0.6014949
15657,1,-0.6294952,-0.512105,0.117390215,0.6232285
15658,1,-0.61331207,-0.72432244,0.11101037,0.62827945
15659,1,-0.902089,-0.8525562,0.04953277,0.623235
15660,1,-1.0175129,-0.9204741,0.097038805,0.63518935
15661,1,-1.0440407,-1.1180811,0.07404041,0.6424752
15662,1,-1.2832999,-1.250856,0.03244388,0.63460714
15663,1,-1.3924826,-1.3497097,0.04277289,0.64182115
15664,1,-1.456474,-1.5101455,0.0536716,0.6453319
15665,1,-1.6124614,-1.7315118,0.11905038,0.6390512
15666,1,-1.8195891,-1.7722197,0.04736948,0.63072735
15667,1,-1.7839221,-1.9167614,0.13283932,0.6480799
15668,1,-1.9090196,-1.8781376,0.030882,0.6354962
15669,1,-1.8043553,-2.031873,0.22751772,0.65431803
15670,1,-1.9698635,-2.135773,0.16590941,0.6324073
15671,1,-2.0431435,-2.1451018,0.101958275,0.63547933
15672,1,-2.0107162,-2.1665058,0.15578961,0.64499384
15673,1,-2.0142565,-2.1336536,0.11939716,0.64334774
15674,1,-1.9635264,-2.0557876,0.092261195,0.64945453
15675,1,-1.8754166,-1.9925377,0.1171211,0.6552867
15676,1,-1.8237644,-1.8200848,0.0036796331,0.65492934
15677,1,-1.6284086,-1.407072,0.2213366,0.66756123
15678,1,-1.0754591,-0.94646037,0.12899876,0.6885278
15679,1,-0.5203985,-0.42497686,0.09542164,0.6839749
15680,1,0.07593562,0.014375939,0.061559677,0.66333973
15681,1,0.46734023,0.3952778,0.07206243,0.62668115
15682,1,0.769179,0.7859036,0.016724586,0.592484
15683,1,1.0861887,0.9034048,0.1827839,0.5667143
15684,1,1.0817009,1.0144355,0.06726539,0.5370954
15685,1,1.1202521,0.88190216,0.23834997,0.53085715
15686,1,0.90832984,0.89931333,0.009016514,0.514942
15687,1,0.91056406,0.71171117,0.1988529,0.52807635
15688,1,0.66976655,0.6568876,0.012878954,0.5208207
15689,1,0.61792344,0.5128064,0.10511702,0.53688025
15690,1,0.44680345,0.24220464,0.20459881,0.53963155
15691,1,0.102461144,0.25785902,0.15539788,0.55100864
15692,1,0.19869085,-0.009137532,0.20782837,0.5745995
15693,1,-0.16332218,-0.13463749,0.02868469,0.5727658
15694,1,-0.27869454,-0.31450036,0.03580582,0.5951089
15695,1,-0.48720592,-0.45244804,0.034757882,0.6036992
15696,1,-0.61967754,-0.613083,0.0065945387,0.6162
15697,1,-0.7920643,-0.77867436,0.013389945,0.6229051
15698,1,-0.9646708,-0.8184326,0.14623815,0.62941504
15699,1,-0.9358934,-0.9590071,0.023113668,0.64184684
15700,1,-1.1012647,-1.041776,0.059488773,0.6369638
15701,1,-1.1608396,-1.2475504,0.08671081,0.643885
15702,1,-1.4043114,-1.3931234,0.01118803,0.63498133
15703,1,-1.5239216,-1.4804016,0.043519974,0.64092726
15704,1,-1.5646311,-1.5337697,0.030861378,0.64622104
15705,1,-1.5779103,-1.6885271,0.1106168,0.6491709
15706,1,-1.738081,-1.8946644,0.15658343,0.63792324
15707,1,-1.9255906,-2.0422075,0.116616845,0.62961686
15708,1,-2.0183878,-2.1506896,0.1323018,0.63284296
15709,1,-2.0704646,-2.1487465,0.07828188,0.6346983
15710,1,-2.014608,-2.278655,0.26404715,0.6460639
15711,1,-2.129071,-2.2618341,0.13276315,0.6297228
15712,1,-2.0736868,-2.1324046,0.058717728,0.6453365
15713,1,-1.9131542,-2.01285,0.0996958,0.65892917
15714,1,-1.8023101,-1.7468423,0.055467844,0.66000026
15715,1,-1.4942111,-1.5060978,0.011886716,0.67643183
15716,1,-1.2642847,-1.1726131,0.091671586,0.67552483
15717,1,-0.87839925,-0.7218912,0.15650803,0.68045926
15718,1,-0.3167596,-0.22963935,0.087120235,0.67509604
15719,1,0.23479404,0.25114092,0.016346887,0.64849406
15720,1,0.6928618,0.6976302,0.004768431,0.6104119
15721,1,1.0596918,0.91374296,0.14594883,0.57611156
15722,1,1.144695,1.0262475,0.11844754,0.545357
15723,1,1.1587977,1.1544836,0.004314184,0.53043914
15724,1,1.2281631,1.0772555,0.15090764,0.52646637
15725,1,1.0932895,1.0566224,0.03666711,0.50992745
15726,1,1.0485824,0.91090596,0.13767648,0.51637536
15727,1,0.87144816,0.8092162,0.062231958,0.51199585
15728,1,0.75954574,0.6248345,0.13471127,0.5222981
15729,1,0.5457362,0.3680925,0.17764369,0.52738917
15730,1,0.2356732,0.2878807,0.052207485,0.54146093
15731,1,0.18879549,0.1593382,0.029457286,0.5637729
15732,1,0.05413364,-0.12560223,0.17973587,0.57050407
15733,1,-0.31960744,-0.27493683,0.04467061,0.58065766
15734,1,-0.45455694,-0.3392808,0.11527613,0.6035655
15735,1,-0.4653387,-0.43312484,0.032213867,0.61529917
15736,1,-0.5537795,-0.60134965,0.04757017,0.6188262
15737,1,-0.7644496,-0.79943967,0.034990072,0.62167186
15738,1,-0.9960528,-0.98273534,0.013317466,0.62725073
15739,1,-1.1792587,-1.1718699,0.00738883,0.63363415
15740,1,-1.3584839,-1.3395774,0.018906474,0.63598293
15741,1,-1.4967695,-1.4499484,0.046821117,0.6388403
15742,1,-1.5579443,-1.5509927,0.0069515705,0.6441411
15743,1,-1.6234225,-1.6876055,0.064183,0.64450425
15744,1,-1.7415242,-1.7734942,0.031970024,0.6397255
15745,1,-1.7881566,-1.9013159,0.1131593,0.6436259
15746,1,-1.8928938,-2.0193605,0.12646675,0.6374594
15747,1,-1.9759364,-2.0648232,0.08888674,0.63631916
15748,1,-1.9764796,-2.1044652,0.1279856,0.6428633
15749,1,-1.9883498,-2.1881077,0.19975793,0.6427004
15750,1,-2.0562494,-2.1952055,0.13895607,0.6365051
15751,1,-2.0344427,-2.1672153,0.13277268,0.64423674
15752,1,-1.9890589,-2.033507,0.044448256,0.6483314
15753,1,-1.8308684,-1.9552666,0.12439823,0.6610072
15754,1,-1.7770407,-1.6869587,0.09008205,0.6569687
15755,1,-1.4493674,-1.4010872,0.04828024,0.6770798
15756,1,-1.1388013,-0.93598706,0.20281428,0.6790093
15757,1,-0.53293645,-0.41721535,0.11572111,0.6839386
15758,1,0.07358028,0.08026862,0.0066883415,0.6627021
15759,1,0.5579652,0.5093249,0.04864031,0.62501204
15760,1,0.90364003,0.74763125,0.15600878,0.5874316
15761,1,1.0132593,1.069363,0.056103706,0.55673736
15762,1,1.2604772,1.1326617,0.12781549,0.5472643
15763,1,1.2297462,0.9983084,0.2314378,0.5211366
15764,1,1.020794,0.99607,0.024724007,0.50828224
15765,1,0.9964304,0.82959586,0.16683453,0.5210774
15766,1,0.7894761,0.822356,0.03287989,0.51494366
15767,1,0.79577756,0.53309375,0.2626838,0.5302897
15768,1,0.43642163,0.42283893,0.013582706,0.5250296
15769,1,0.3325969,0.22626184,0.10633506,0.54988736
15770,1,0.09990744,0.12537374,0.025466293,0.55883414
15771,1,0.016760007,-0.10072046,0.117480464,0.57579863
15772,1,-0.26857585,-0.13528773,0.13328812,0.5837547
15773,1,-0.23601088,-0.35034263,0.11433175,0.60290825
15774,1,-0.521756,-0.46253332,0.05922267,0.6030756
15775,1,-0.615617,-0.5248788,0.09073818,0.6190219
15776,1,-0.64136344,-0.65716004,0.015796602,0.62685543
15777,1,-0.7992036,-0.7783544,0.020849168,0.627436
15778,1,-0.92532545,-0.96105564,0.035730183,0.6333271
15779,1,-1.137862,-1.1357262,0.0021357536,0.63321024
15780,1,-1.3108393,-1.2253419,0.08549738,0.6369372
15781,1,-1.3509816,-1.2688091,0.08217251,0.6456397
15782,1,-1.3472284,-1.3698881,0.02265966,0.65016234
15783,1,-1.4505252,-1.5329971,0.08247197,0.6451397
15784,1,-1.6236894,-1.6697544,0.046064973,0.63863754
15785,1,-1.7346603,-1.6391068,0.09555352,0.6399209
15786,1,-1.6262728,-1.8493564,0.22308362,0.6563425
15787,1,-1.8658633,-1.9646496,0.098786235,0.6299916
15788,1,-1.9421984,-1.9040802,0.038118243,0.6376158
15789,1,-1.8120998,-1.9180804,0.105980635,0.65604925
15790,1,-1.8247341,-1.8818898,0.05715573,0.6485729
15791,1,-1.7744603,-1.7499176,0.02454269,0.65402853
15792,1,-1.6087447,-1.6853309,0.07658613,0.6646657
15793,1,-1.5707493,-1.3613819,0.2093674,0.65910053
15794,1,-1.121757,-1.1023395,0.019417524,0.6817487
15795,1,-0.859808,-0.7241037,0.13570434,0.6737132
15796,1,-0.3922696,-0.2997358,0.0925338,0.67057854
15797,1,0.094601914,0.11747389,0.022871979,0.649375
15798,1,0.50948596,0.6529957,0.14350975,0.61700076
15799,1,1.0351633,0.99156004,0.04360324,0.5850132
15800,1,1.2544369,1.0367328,0.21770406,0.5520161
15801,1,1.175234,1.1240079,0.05122602,0.5236126
15802,1,1.1955898,1.1780496,0.017540216,0.5237849
15803,1,1.2054139,1.023196,0.18221796,0.51845247
15804,1,1.0040187,0.81832755,0.18569112,0.50502455
15805,1,0.75867087,0.7350274,0.023643494,0.51207006
15806,1,0.677632,0.54292816,0.13470381,0.52885276
15807,1,0.4536109,0.36159897,0.09201193,0.53294307
15808,1,0.24844085,0.28340787,0.03496702,0.54865736
15809,1,0.19593398,0.13632317,0.059610814,0.56432736
15810,1,0.027873352,-0.098233335,0.12610668,0.5708578
15811,1,-0.27008444,-0.2265646,0.04351984,0.5828259
15812,1,-0.3828894,-0.41824737,0.035357982,0.6018641
15813,1,-0.60567564,-0.5306486,0.07502705,0.60946196
15814,1,-0.6911988,-0.70885336,0.017654538,0.6228724
15815,1,-0.8941618,-0.75211394,0.14204788,0.6256224
15816,1,-0.8720664,-0.87261915,0.0005527735,0.63913697
15817,1,-1.0076158,-0.97550374,0.032112062,0.63647985
15818,1,-1.1049881,-1.1626838,0.057695746,0.64072317
15819,1,-1.3225487,-1.2321317,0.09041703,0.6360745
15820,1,-1.3413984,-1.2789356,0.062462807,0.6475407
15821,1,-1.3521382,-1.3601681,0.008029938,0.64991474
15822,1,-1.4303508,-1.4316639,0.0013130903,0.64699095
15823,1,-1.4899076,-1.5927578,0.1028502,0.6478655
15824,1,-1.6655425,-1.6840247,0.018482208,0.6383381
15825,1,-1.7222866,-1.6842991,0.03798747,0.64421844
15826,1,-1.6698339,-1.7906408,0.12080693,0.65300304
15827,1,-1.7830006,-1.8542795,0.07127893,0.6413591
15828,1,-1.8239924,-1.9169071,0.0929147,0.6446564
15829,1,-1.8665051,-1.8034185,0.06308663,0.64375865
15830,1,-1.6886247,-1.579613,0.10901177,0.6623786
15831,1,-1.3966289,-1.475634,0.07900512,0.6739335
15832,1,-1.3420888,-1.2140049,0.12808394,0.6638594
15833,1,-1.0107559,-0.8307859,0.17997003,0.6756312
15834,1,-0.50986874,-0.400273,0.109595746,0.67516303
15835,1,-0.0023813546,0.053035263,0.055416618,0.6564477
15836,1,0.47204572,0.5408425,0.068796754,0.6244781
15837,1,0.93206084,0.87341136,0.05864948,0.5892405
15838,1,1.1537815,1.0620403,0.091741204,0.55731297
15839,1,1.2324038,1.0992372,0.13316655,0.53584176
15840,1,1.1826469,1.1480914,0.034555435,0.5200309
15841,1,1.1828032,1.0568417,0.12596142,0.51912117
15842,1,1.0491272,1.0357789,0.013348341,0.50952536
15843,1,1.0158094,0.9471692,0.06864023,0.5173223
15844,1,0.9114735,0.8930859,0.018387616,0.5153975
15845,1,0.8567339,0.613104,0.24362993,0.52170783
15846,1,0.5195858,0.53580886,0.016223073,0.5196295
15847,1,0.4614222,0.47264314,0.011220932,0.5438433
15848,1,0.41509557,0.35429737,0.060798198,0.5500608
15849,1,0.28252333,0.111436084,0.17108725,0.5548381
15850,1,-0.03087774,-0.075088836,0.044211097,0.56466585
15851,1,-0.24107014,-0.24423374,0.003163606,0.5851143
15852,1,-0.41936517,-0.37796953,0.041395634,0.5996469
15853,1,-0.5420413,-0.55059516,0.008553863,0.6119205
15854,1,-0.7338972,-0.65891093,0.07498628,0.61871
15855,1,-0.81601405,-0.83573014,0.019716084,0.62960416
15856,1,-1.017083,-1.0500978,0.033014774,0.63033867
15857,1,-1.251464,-1.1100205,0.14144349,0.6320771
15858,1,-1.237467,-1.3326057,0.09513867,0.6470627
15859,1,-1.4901713,-1.4553074,0.03486395,0.63363487
15860,1,-1.569224,-1.578714,0.009490013,0.6429485
15861,1,-1.6596037,-1.5671717,0.09243202,0.6421305
15862,1,-1.5763466,-1.7077962,0.13144958,0.6550813
15863,1,-1.7351923,-1.8244594,0.089267135,0.6390807
15864,1,-1.8320141,-1.8443677,0.012353659,0.639828
15865,1,-1.8049692,-1.9269105,0.12194133,0.64911723
15866,1,-1.8775767,-2.0113301,0.13375342,0.6415926
15867,1,-1.9433197,-2.0280483,0.0847286,0.63990307
15868,1,-1.9274424,-1.9329067,0.0054643154,0.6464356
15869,1,-1.7907841,-1.9597838,0.16899967,0.6589208
15870,1,-1.8452109,-1.8514676,0.0062566996,0.6466101
15871,1,-1.7088547,-1.7063783,0.0024763346,0.6612996
15872,1,-1.548703,-1.5056988,0.043004155,0.66626793
15873,1,-1.3243781,-1.1578486,0.16652954,0.67218566
15874,1,-0.87497866,-0.6769492,0.19802946,0.6812636
15875,1,-0.2522525,-0.16086157,0.09139092,0.67486715
15876,1,0.32293165,0.28689504,0.03603661,0.6448116
15877,1,0.716413,0.62036914,0.096043885,0.60547495
15878,1,0.944932,0.95888525,0.0139532685,0.57266134
15879,1,1.197763,1.0944046,0.10335839,0.5535235
15880,1,1.2308898,1.167099,0.0637908,0.52956605
15881,1,1.232902,1.0732485,0.15965354,0.52067596
15882,1,1.082392,1.0142499,0.06814206,0.508496
15883,1,0.99692786,0.8480717,0.14885616,0.51472694
15884,1,0.7982018,0.88486487,0.08666307,0.5138189
15885,1,0.862847,0.6046848,0.25816214,0.53069687
15886,1,0.51938784,0.47808155,0.041306287,0.5202533
15887,1,0.3898734,0.21494786,0.17492552,0.5439597
15888,1,0.0638807,0.14084749,0.07696679,0.55400646
15889,1,0.032308176,-0.004456792,0.03676497,0.57679766
15890,1,-0.12916672,-0.24092549,0.11175877,0.58289057
15891,1,-0.42942172,-0.35096392,0.0784578,0.5935909
15892,1,-0.5081364,-0.54410535,0.03596896,0.6121825
15893,1,-0.73513746,-0.7162425,0.01889497,0.61657596
15894,1,-0.91174585,-0.7833826,0.12836325,0.6264581
15895,1,-0.9211962,-0.96357495,0.042378724,0.638241
15896,1,-1.1343008,-1.0192393,0.11506152,0.63349444
15897,1,-1.1356215,-1.1677613,0.032139778,0.645868
15898,1,-1.3028817,-1.2687812,0.034100533,0.6397008
15899,1,-1.3812095,-1.4582087,0.07699919,0.6448679
15900,1,-1.5816276,-1.543266,0.03836155,0.6365405
15901,1,-1.6170231,-1.5728984,0.044124722,0.6460913
15902,1,-1.597909,-1.6834736,0.08556461,0.6511707
15903,1,-1.7095342,-1.8475604,0.13802624,0.6423346
15904,1,-1.8659564,-1.8792768,0.013320327,0.63469434
15905,1,-1.8436956,-1.9616269,0.11793125,0.6474332
15906,1,-1.9072938,-1.983468,0.07617426,0.64101064
15907,1,-1.8976609,-1.9887162,0.09105539,0.6467074
15908,1,-1.8834406,-1.9660894,0.082648754,0.64826894
15909,1,-1.8466171,-1.8655748,0.018957734,0.6514003
15910,1,-1.7221788,-1.7302659,0.008087039,0.66038287
15911,1,-1.5750476,-1.4583644,0.116683245,0.6651644
15912,1,-1.235386,-1.1900287,0.045357347,0.678047
15913,1,-0.94747305,-0.763331,0.18414205,0.67583555
15914,1,-0.395283,-0.31997213,0.075310886,0.6753642
15915,1,0.10189767,0.18758175,0.085684076,0.6519319
15916,1,0.63348806,0.61923325,0.014254808,0.61708754
15917,1,0.98869264,0.9445802,0.044112444,0.58004975
15918,1,1.2033242,1.1583381,0.04498613,0.55312026
15919,1,1.3119303,1.1113561,0.20057416,0.53428286
15920,1,1.174688,0.98353875,0.19114923,0.5113402
15921,1,0.9861648,1.0505346,0.0643698,0.50968647
15922,1,1.0520169,0.93298584,0.11903101,0.5250427
15923,1,0.9045559,0.70432985,0.20022607,0.51342106
15924,1,0.63078535,0.58682233,0.043963015,0.51757276
15925,1,0.5107161,0.3944258,0.11629027,0.5363169
15926,1,0.28677517,0.3470006,0.060225427,0.5449328
15927,1,0.27642703,0.14993124,0.1264958,0.5616864
15928,1,0.029914156,0.060516633,0.030602477,0.56534433
15929,1,-0.041476384,-0.09862328,0.0571469,0.58227843
15930,1,-0.23164877,-0.3197978,0.08814904,0.5893668
15931,1,-0.5087832,-0.45997652,0.048806697,0.600488
15932,1,-0.63627565,-0.5253602,0.11091542,0.6164553
15933,1,-0.6535277,-0.6756555,0.022127807,0.6266225
15934,1,-0.83226335,-0.91141343,0.07915008,0.6266777
15935,1,-1.1204028,-0.9219062,0.19849664,0.62721115
15936,1,-1.0307876,-1.0908811,0.060093522,0.6475325
15937,1,-1.2377478,-1.3285133,0.090765476,0.636872
15938,1,-1.5016465,-1.366175,0.13547146,0.63220435
15939,1,-1.4551524,-1.5564028,0.10125041,0.651043
15940,1,-1.6566997,-1.7489847,0.09228504,0.63581735
15941,1,-1.8239595,-1.8400496,0.016090155,0.6333543
15942,1,-1.8545779,-1.9656452,0.111067295,0.6421456
15943,1,-1.9437803,-1.9004873,0.043293,0.63654846
15944,1,-1.8069154,-1.9484969,0.14158154,0.6565417
15945,1,-1.8617316,-1.9774092,0.115677595,0.64469135
15946,1,-1.8825597,-2.0077312,0.12517154,0.64610606
15947,1,-1.9048606,-1.9949772,0.09011662,0.64543426
15948,1,-1.8758568,-1.7933357,0.08252108,0.64994544
15949,1,-1.6084889,-1.6653696,0.056880713,0.6704528
15950,1,-1.5034617,-1.3745785,0.12888324,0.66507345
15951,1,-1.1387992,-1.1579126,0.019113421,0.67927665
15952,1,-0.94639325,-0.78162307,0.16477019,0.6713408
15953,1,-0.46362102,-0.4067077,0.056913316,0.672835
15954,1,-0.049228013,0.011746364,0.060974374,0.6533336
15955,1,0.39688247,0.45474058,0.05785811,0.6255596
15956,1,0.8235692,0.94338644,0.11981726,0.59235376
15957,1,1.2492801,1.1200488,0.12923133,0.56595504
15958,1,1.2965574,1.1360533,0.1605041,0.5323396
15959,1,1.2178582,1.2087028,0.009155393,0.51642704
15960,1,1.2410133,1.1174085,0.123604774,0.51912135
15961,1,1.1069878,1.0202821,0.086705685,0.5067384
15962,1,0.9860774,0.86972785,0.11634958,0.51074785
15963,1,0.8134295,0.82673234,0.013302863,0.5139677
15964,1,0.7823169,0.48360524,0.2987117,0.5266931
15965,1,0.35983795,0.32692865,0.032909304,0.52429706
15966,1,0.20107104,0.1697749,0.031296134,0.5537542
15967,1,0.037898958,0.029160859,0.008738099,0.5671205
15968,1,-0.103818856,-0.1974731,0.09365424,0.5804943
15969,1,-0.3827795,-0.44066253,0.057883024,0.5912184
15970,1,-0.66855496,-0.46854922,0.20000574,0.6063543
15971,1,-0.5967472,-0.5648573,0.031889915,0.62656486
15972,1,-0.68984115,-0.7819807,0.09213954,0.6260805
15973,1,-0.97198796,-0.92303514,0.048952818,0.6249504
15974,1,-1.0978538,-1.1702176,0.07236385,0.6360382
15975,1,-1.3744344,-1.3046638,0.069770575,0.6305723
15976,1,-1.4578911,-1.4249591,0.032932043,0.64190215
15977,1,-1.5383178,-1.5167989,0.021518946,0.6432689
15978,1,-1.591509,-1.6494584,0.057949424,0.6456055
15979,1,-1.70853,-1.7100072,0.0014772415,0.6405493
15980,1,-1.7261294,-1.7565715,0.030442119,0.64691585
15981,1,-1.7431976,-1.8644964,0.12129879,0.6477102
15982,1,-1.8453369,-1.9222274,0.07689047,0.640075
15983,1,-1.8737551,-2.075679,0.20192397,0.64416015
15984,1,-2.0142286,-2.1363711,0.12214255,0.63156307
15985,1,-2.0317316,-2.0769773,0.045245647,0.63992465
15986,1,-1.9264058,-2.1137786,0.1873728,0.653114
15987,1,-1.9702665,-2.0652575,0.09499109,0.64280987
15988,1,-1.9053493,-1.9761779,0.070828676,0.6522529
15989,1,-1.8073654,-1.8134912,0.0061258078,0.65767986
15990,1,-1.6269442,-1.5682379,0.058706284,0.66675717
15991,1,-1.3461025,-1.3089302,0.037172318,0.6757646
15992,1,-1.072029,-0.83387285,0.23815614,0.67639756
15993,1,-0.4316638,-0.2935176,0.13814622,0.6811071
15994,1,0.20655002,0.16043314,0.046116874,0.65570945
15995,1,0.61127806,0.57587963,0.035398424,0.6159223
15996,1,0.9454224,0.8396353,0.1057871,0.5818052
15997,1,1.0930349,1.0105293,0.082505584,0.5534523
15998,1,1.1679496,1.0152737,0.15267587,0.5365438
15999,1,1.090732,1.1108563,0.020124316,0.5207906
16000,1,1.1526272,1.0230029,0.12962437,0.5251177
16001,1,1.0210208,0.82768244,0.19333833,0.5115073
16002,1,0.78086174,0.616136,0.16472572,0.5123647
16003,1,0.5295453,0.5838222,0.054276884,0.5255716
16004,1,0.5289928,0.37044224,0.15855053,0.5442444
16005,1,0.26681054,0.13698095,0.12982959,0.5450821
16006,1,-0.017226502,0.09566699,0.11289349,0.56329215
16007,1,0.0012443066,-0.1650507,0.166295,0.5834415
16008,1,-0.34526348,-0.3047538,0.04050967,0.5858109
16009,1,-0.47351837,-0.50341845,0.029900074,0.60649043
16010,1,-0.70202947,-0.61301714,0.089012325,0.61387753
16011,1,-0.77740806,-0.72322184,0.054186225,0.6273486
16012,1,-0.8727547,-0.8769941,0.0042393804,0.6321831
16013,1,-1.0421736,-1.0559521,0.013778448,0.6336435
16014,1,-1.2332935,-1.1551234,0.07817018,0.63541496
16015,1,-1.2911848,-1.2377244,0.05346036,0.644094
16016,1,-1.3427486,-1.3028277,0.039920926,0.64637566
16017,1,-1.382069,-1.4377016,0.05563259,0.6483453
16018,1,-1.527476,-1.6710616,0.14358568,0.6418474
16019,1,-1.7694722,-1.7064004,0.06307185,0.63035244
16020,1,-1.729411,-1.7789855,0.049574494,0.6494021
16021,1,-1.7749646,-1.8591359,0.084171295,0.64486295
16022,1,-1.834773,-1.9680214,0.13324845,0.6429386
16023,1,-1.9257601,-2.0247147,0.09895456,0.6382065
16024,1,-1.9481808,-1.9710573,0.022876501,0.6424702
16025,1,-1.8502688,-1.9343073,0.084038496,0.6543478
16026,1,-1.807688,-1.898883,0.09119499,0.6532891
16027,1,-1.7763115,-1.8562256,0.07991409,0.65370303
16028,1,-1.7385603,-1.6191908,0.11936951,0.65501827
16029,1,-1.4267906,-1.4363087,0.0095181465,0.6748683
16030,1,-1.2552086,-1.0341768,0.22103179,0.670702
16031,1,-0.7104429,-0.6493562,0.061086714,0.68254393
16032,1,-0.2811396,-0.20315602,0.07798359,0.6675828
16033,1,0.21530373,0.31052727,0.09522353,0.64382803
16034,1,0.7438575,0.6684887,0.07536882,0.6078365
16035,1,0.9997026,0.89537793,0.10432464,0.57136613
16036,1,1.1154324,1.0839862,0.03144622,0.54726154
16037,1,1.2213994,1.0673783,0.15402114,0.5349074
16038,1,1.1271259,0.91003686,0.217089,0.51626503
16039,1,0.90642655,0.9395442,0.033117652,0.51094264
16040,1,0.9359578,0.830677,0.10528082,0.5270091
16041,1,0.8006104,0.6445542,0.15605623,0.5202807
16042,1,0.576731,0.47017935,0.10655168,0.5257728
16043,1,0.37596607,0.2854562,0.09050986,0.5403194
16044,1,0.1643375,0.18393686,0.019599363,0.5548059
16045,1,0.07946639,0.074166246,0.005300142,0.5707528
16046,1,-0.028608248,0.01520102,0.04380927,0.5793729
16047,1,-0.06371869,-0.11469693,0.050978236,0.58867836
16048,1,-0.22290918,-0.15760797,0.06530121,0.5931619
16049,1,-0.2357387,-0.43825963,0.20252094,0.603936
16050,1,-0.6354919,-0.55978113,0.07571077,0.60295326
16051,1,-0.7317802,-0.6756356,0.056144595,0.6236363
16052,1,-0.8322535,-0.90477425,0.07252073,0.62969
16053,1,-1.1103404,-1.0410786,0.06926179,0.62763643
16054,1,-1.2144847,-1.1588082,0.05567646,0.6390422
16055,1,-1.3019543,-1.2926443,0.009310007,0.6424379
16056,1,-1.4213139,-1.5704063,0.14909244,0.6419192
16057,1,-1.7157029,-1.6306126,0.08509028,0.62712735
16058,1,-1.6924834,-1.8358548,0.14337134,0.64778185
16059,1,-1.8822132,-1.9203751,0.038161874,0.6307266
16060,1,-1.9074048,-1.9574035,0.04999876,0.64150447
16061,1,-1.8973287,-2.048852,0.15152323,0.6456379
16062,1,-1.9705888,-2.0095572,0.038968444,0.6384803
16063,1,-1.8878518,-2.0547218,0.16687,0.6523105
16064,1,-1.9368619,-1.977444,0.04058218,0.64308256
16065,1,-1.8302544,-1.9403414,0.11008692,0.6565276
16066,1,-1.8027521,-1.834663,0.031910896,0.65322864
16067,1,-1.6858279,-1.7098271,0.023999214,0.6612699
16068,1,-1.5601085,-1.3861661,0.17394245,0.66440886
16069,1,-1.1326555,-1.0561249,0.076530576,0.68186235
16070,1,-0.75783986,-0.5343674,0.22347248,0.67804074
16071,1,-0.07636481,-0.002662699,0.07370211,0.6698481
16072,1,0.49075317,0.46649173,0.024261445,0.6335604
16073,1,0.8900844,0.8958845,0.005800128,0.59326446
16074,1,1.2148536,1.0034543,0.21139932,0.56379193
16075,1,1.1832556,1.1088849,0.07437062,0.53106
16076,1,1.2064297,1.0723414,0.13408828,0.52613264
16077,1,1.1062082,1.0773687,0.028839469,0.5141073
16078,1,1.0823781,0.98970884,0.09266931,0.51789826
16079,1,0.9671153,0.8091395,0.1579758,0.5132212
16080,1,0.75283074,0.75022554,0.0026051998,0.5149271
16081,1,0.70225894,0.62485987,0.077399075,0.53009313
16082,1,0.5634303,0.51839113,0.045039177,0.5327658
16083,1,0.4528885,0.2771822,0.1757063,0.54257494
16084,1,0.15143777,0.10283196,0.048605815,0.55056214
16085,1,-0.040321693,-0.026346399,0.013975294,0.57134545
16086,1,-0.16196553,-0.1056882,0.056277335,0.5860891
16087,1,-0.2141829,-0.19737688,0.016806021,0.59677887
16088,1,-0.30250448,-0.31891105,0.016406566,0.6028248
16089,1,-0.4431904,-0.5074036,0.06421322,0.60902923
16090,1,-0.68179077,-0.64536536,0.03642541,0.61498666
16091,1,-0.81608117,-0.69932044,0.11676073,0.6264038
16092,1,-0.81965363,-0.86779255,0.048138916,0.63607585
16093,1,-1.0289102,-1.0995942,0.070684075,0.6320615
16094,1,-1.2978956,-1.2105789,0.08731663,0.63121384
16095,1,-1.3579806,-1.3019371,0.056043506,0.64355606
16096,1,-1.4109997,-1.5063554,0.09535575,0.645912
16097,1,-1.6274127,-1.5322014,0.09521127,0.63481766
16098,1,-1.579429,-1.6296661,0.05023706,0.6517801
16099,1,-1.6665567,-1.79408,0.1275233,0.6441869
16100,1,-1.8264903,-1.8742436,0.047753334,0.6355076
16101,1,-1.862444,-1.9656293,0.103185296,0.642699
16102,1,-1.9230205,-1.9504119,0.027391434,0.6400255
16103,1,-1.8610898,-1.7896471,0.07144272,0.65092885
16104,1,-1.6370572,-1.7760274,0.13897026,0.6668508
16105,1,-1.6693066,-1.6141114,0.055195212,0.6532924
16106,1,-1.4693345,-1.5747225,0.105388045,0.66844445
16107,1,-1.4828562,-1.3840612,0.09879494,0.65762275
16108,1,-1.2400664,-1.0545403,0.18552613,0.6712413
16109,1,-0.7979274,-0.6306312,0.16729617,0.67796856
16110,1,-0.25812352,-0.17033397,0.08778955,0.6691604
16111,1,0.25834996,0.28508145,0.026731491,0.6422552
16112,1,0.69653547,0.66442186,0.03211361,0.60611814
16113,1,0.99373305,0.97432816,0.019404888,0.5732539
16114,1,1.2064424,1.2557945,0.04935217,0.55041605
16115,1,1.3956019,1.2643447,0.13125718,0.53717005
16116,1,1.3182755,1.2263597,0.09191573,0.51088715
16117,1,1.2287396,1.1327538,0.09598577,0.5076033
16118,1,1.1036838,0.891617,0.21206683,0.50584227
16119,1,0.8244308,0.77049166,0.053939164,0.5041226
16120,1,0.69903105,0.7739201,0.074889064,0.52298397
16121,1,0.73615026,0.45733434,0.27881593,0.5343026
16122,1,0.34157312,0.42930034,0.08772722,0.5287672
16123,1,0.36157227,0.23451646,0.12705581,0.556645
16124,1,0.12209611,0.06283823,0.05925788,0.55828255
16125,1,-0.07383415,0.021231918,0.09506607,0.57497156
16126,1,-0.065418705,-0.21986136,0.15444265,0.5896564
16127,1,-0.39086872,-0.4130772,0.022208482,0.5916427
16128,1,-0.6090312,-0.5250037,0.08402753,0.60900766
16129,1,-0.6891537,-0.6315708,0.057582855,0.6226053
16130,1,-0.7790071,-0.7481073,0.030899763,0.6284971
16131,1,-0.8942119,-0.8760698,0.018142104,0.6326081
16132,1,-1.0263271,-1.069708,0.043380857,0.63591814
16133,1,-1.2473727,-1.2089175,0.038455248,0.63429224
16134,1,-1.3617674,-1.3551288,0.006638646,0.64093524
16135,1,-1.4876946,-1.4695195,0.018175125,0.6408828
16136,1,-1.5675522,-1.6144426,0.046890378,0.64368564
16137,1,-1.6926814,-1.7935538,0.1008724,0.6397104
16138,1,-1.8469363,-1.860341,0.013404608,0.63404024
16139,1,-1.8541766,-1.9007485,0.04657185,0.6442505
16140,1,-1.8539647,-1.9122474,0.058282733,0.64623576
16141,1,-1.8368844,-1.9179564,0.08107197,0.64891243
16142,1,-1.8284382,-1.8373297,0.0088915825,0.64939225
16143,1,-1.7180347,-1.7971867,0.07915199,0.6588871
16144,1,-1.6891749,-1.6985505,0.009375572,0.65556455
16145,1,-1.5790945,-1.5823143,0.0032197237,0.66212267
16146,1,-1.459237,-1.3660147,0.09322226,0.66457444
16147,1,-1.1935738,-1.0934265,0.10014737,0.6732885
16148,1,-0.8670335,-0.8992737,0.032240212,0.67457443
16149,1,-0.7069254,-0.45101726,0.25590813,0.6637797
16150,1,-0.08895746,0.066156164,0.15511362,0.66069776
16151,1,0.50833356,0.4355021,0.07283145,0.62729746
16152,1,0.79872525,0.7564441,0.04228115,0.5885983
16153,1,1.0333314,0.95558095,0.077750444,0.5629794
16154,1,1.1368903,1.1671209,0.030230641,0.54173034
16155,1,1.2807264,1.1098493,0.1708771,0.5337583
16156,1,1.1504476,1.0489596,0.101487994,0.51040137
16157,1,1.0481316,0.92271733,0.12541425,0.51284623
16158,1,0.8898684,0.7934846,0.09638375,0.5131714
16159,1,0.7408695,0.67095685,0.06991267,0.5207297
16160,1,0.60758585,0.6273273,0.019741476,0.5296824
16161,1,0.58229274,0.45419842,0.12809432,0.54002255
16162,1,0.3741138,0.1963458,0.17776799,0.54172605
16163,1,0.04999812,0.10502838,0.055030264,0.5560684
16164,1,-0.010394245,-0.044247083,0.033852838,0.5783536
16165,1,-0.17626886,-0.19624458,0.019975722,0.5858241
16166,1,-0.3444314,-0.23429039,0.11014101,0.5975661
16167,1,-0.32927448,-0.5145116,0.18523711,0.610122
16168,1,-0.72105324,-0.6634711,0.05758214,0.60737264
16169,1,-0.8546951,-0.81367934,0.041015744,0.62625885
16170,1,-0.9959092,-1.0199636,0.024054408,0.6319911
16171,1,-1.2192034,-1.17761,0.041593313,0.6322857
16172,1,-1.3500222,-1.3326803,0.017341852,0.6389549
16173,1,-1.4790574,-1.3941506,0.08490682,0.6400257
16174,1,-1.4805378,-1.5733204,0.09278262,0.64884764
16175,1,-1.6658921,-1.6165079,0.049384236,0.6367498
16176,1,-1.6508874,-1.7558734,0.10498607,0.64954126
16177,1,-1.7848576,-1.853493,0.068635345,0.6385668
16178,1,-1.8497192,-2.0507405,0.20102131,0.6412824
16179,1,-2.0235693,-2.0635874,0.04001808,0.62752545
16180,1,-1.9722551,-2.1257942,0.15353906,0.64617896
16181,1,-2.0107617,-2.1962054,0.18544364,0.6399789
16182,1,-2.0594997,-2.0879314,0.028431654,0.63771
16183,1,-1.904759,-2.1016798,0.19692075,0.6576731
16184,1,-1.9404969,-2.0298913,0.08939433,0.64537805
16185,1,-1.8600808,-1.9632392,0.103158355,0.65513724
16186,1,-1.8018332,-1.8037694,0.0019361973,0.65572953
16187,1,-1.6230412,-1.5181357,0.104905486,0.6665773
16188,1,-1.2750752,-1.3046373,0.029562116,0.67915434
16189,1,-1.0901345,-0.95577353,0.13436097,0.6727006
16190,1,-0.6588906,-0.4337509,0.2251397,0.6768602
16191,1,0.020814717,0.03724035,0.016425632,0.66391575
16192,1,0.49033356,0.5163485,0.026014924,0.6268293
16193,1,0.9209577,0.7039836,0.21697408,0.5903656
16194,1,0.9631685,0.91213906,0.051029444,0.5552195
16195,1,1.0896379,1.0198315,0.06980634,0.54474306
16196,1,1.1248969,0.95586735,0.16902953,0.53029174
16197,1,0.99328554,0.92854834,0.0647372,0.51727873
16198,1,0.9354023,0.7688478,0.16655445,0.52224576
16199,1,0.7320519,0.57127815,0.16077375,0.51950496
16200,1,0.49200594,0.39433712,0.09766883,0.5302495
16201,1,0.2888528,0.35208973,0.06323692,0.5463108
16202,1,0.28455603,0.23889725,0.045658782,0.5617171
16203,1,0.15966819,0.087318495,0.0723497,0.56504726
16204,1,-0.021895632,-0.05751141,0.03561578,0.5746406
16205,1,-0.1857477,-0.19590874,0.010161042,0.5872886
16206,1,-0.3356402,-0.36521572,0.029575527,0.5987111
16207,1,-0.53231275,-0.5393121,0.0069993734,0.6080182
16208,1,-0.72524935,-0.61834055,0.1069088,0.6179831
16209,1,-0.7597766,-0.7581924,0.0015841722,0.63024855
16210,1,-0.9144379,-0.89992297,0.014514923,0.6309402
16211,1,-1.0612458,-1.076624,0.015378237,0.63536394
16212,1,-1.2500466,-1.2221271,0.02791953,0.6359513
16213,1,-1.3750323,-1.3889608,0.013928533,0.64045185
16214,1,-1.5270401,-1.5131879,0.013852239,0.6389119
16215,1,-1.6126194,-1.6696767,0.05705726,0.64252234
16216,1,-1.7444421,-1.5755588,0.16888332,0.6379785
16217,1,-1.540753,-1.6770682,0.13631523,0.66262233
16218,1,-1.6769305,-1.8532315,0.176301,0.6432956
16219,1,-1.8646394,-1.8295212,0.035118222,0.6333795
16220,1,-1.7771338,-1.915919,0.13878512,0.65356463
16221,1,-1.8648162,-1.9844036,0.11958742,0.64139086
16222,1,-1.9158951,-2.0158296,0.09993446,0.64200747
16223,1,-1.9222125,-1.8576548,0.06455767,0.64517915
16224,1,-1.6988285,-1.8733165,0.17448807,0.6658174
16225,1,-1.7623254,-1.6601369,0.10218847,0.6491051
16226,1,-1.4823971,-1.5190408,0.036643744,0.6726047
16227,1,-1.3639497,-1.1384999,0.2254498,0.66703355
16228,1,-0.8421055,-0.54227334,0.29983217,0.68324405
16229,1,-0.028457314,-0.02952265,0.0010653362,0.6742549
16230,1,0.47668022,0.43252096,0.044159263,0.63457507
16231,1,0.8618164,0.76745856,0.09435785,0.59528124
16232,1,1.0770209,0.96300364,0.11401725,0.56343853
16233,1,1.1580309,1.0038823,0.15414858,0.54104316
16234,1,1.105786,0.93548125,0.17030472,0.5247843
16235,1,0.9694449,1.0020766,0.032631755,0.5179647
16236,1,1.0238924,0.8321346,0.1917578,0.5272979
16237,1,0.8046559,0.762406,0.042249918,0.514459
16238,1,0.7268717,0.5666726,0.1601991,0.52829003
16239,1,0.48969436,0.49442387,0.0047295094,0.5307704
16240,1,0.43094826,0.37186706,0.059081197,0.5475255
16241,1,0.29547197,0.16425766,0.1312143,0.55300057
16242,1,0.037134692,-0.09451933,0.13165402,0.56319773
16243,1,-0.2869013,-0.19539507,0.09150623,0.580441
16244,1,-0.34585604,-0.3325852,0.013270855,0.6018904
16245,1,-0.48568094,-0.514854,0.029173076,0.608615
16246,1,-0.6980721,-0.6734665,0.024605572,0.6159421
16247,1,-0.85863996,-0.7589301,0.09970987,0.62585217
16248,1,-0.90328336,-0.9947429,0.09145951,0.63573915
16249,1,-1.1939579,-1.122723,0.07123494,0.62910616
16250,1,-1.284815,-1.1411779,0.14363706,0.64106476
16251,1,-1.227697,-1.2447172,0.017020226,0.65120566
16252,1,-1.3398854,-1.3749888,0.03510344,0.6444937
16253,1,-1.4759886,-1.621659,0.14567041,0.64239043
16254,1,-1.7375416,-1.6170934,0.12044811,0.62963283
16255,1,-1.6402112,-1.7162824,0.07607114,0.654072
16256,1,-1.7319494,-1.8660133,0.13406384,0.64306056
16257,1,-1.8720362,-1.9493663,0.07733011,0.63583946
16258,1,-1.9148437,-1.9941059,0.07926226,0.64112425
16259,1,-1.9220189,-2.0365605,0.11454165,0.6442281
16260,1,-1.9408677,-2.0513878,0.110520124,0.6436926
16261,1,-1.9346386,-1.973125,0.03848636,0.64620346
16262,1,-1.8261807,-1.9574388,0.13125813,0.65669084
16263,1,-1.8255721,-1.891718,0.0661459,0.65086055
16264,1,-1.7558527,-1.6890088,0.06684387,0.656723
16265,1,-1.5047524,-1.4131182,0.091634154,0.6714957
16266,1,-1.1771487,-1.0637554,0.11339331,0.67826486
16267,1,-0.75838095,-0.5064905,0.25189042,0.6795834
16268,1,-0.020380959,-0.12584648,0.10546552,0.6701939
16269,1,0.2941755,0.43853754,0.14436203,0.63387626
16270,1,0.8778037,0.7736759,0.104127765,0.6013529
16271,1,1.0884744,1.0155503,0.07292414,0.56308746
16272,1,1.2187066,1.1069212,0.11178541,0.54266316
16273,1,1.2156359,1.1859086,0.02972734,0.52488214
16274,1,1.2360388,1.0500916,0.18594718,0.5205701
16275,1,1.0459927,0.8953149,0.15067786,0.5055252
16276,1,0.85470665,0.8624837,0.0077770352,0.5120449
16277,1,0.8273567,0.69557196,0.13178474,0.5254909
16278,1,0.63218206,0.654929,0.02274692,0.5238582
16279,1,0.6102609,0.45485193,0.15540898,0.5383109
16280,1,0.36645484,0.259152,0.107302845,0.53926885
16281,1,0.13558252,0.04885342,0.0867291,0.5560908
16282,1,-0.11146763,-0.09311776,0.018349871,0.57280606
16283,1,-0.24616261,-0.15409409,0.09206852,0.5904064
16284,1,-0.26206666,-0.3842998,0.12223315,0.60213494
16285,1,-0.56787914,-0.56654805,0.0013310909,0.60397804
16286,1,-0.76482654,-0.7503536,0.014472961,0.6186996
16287,1,-0.9546998,-0.8423663,0.112333536,0.6267585
16288,1,-0.9972851,-1.0569266,0.05964148,0.63807213
16289,1,-1.2464327,-1.2485152,0.0020825863,0.6321712
16290,1,-1.42705,-1.3029095,0.1241405,0.6363161
16291,1,-1.406365,-1.367659,0.038706064,0.64933205
16292,1,-1.4403385,-1.5228975,0.08255899,0.64853406
16293,1,-1.6080725,-1.6242405,0.016167998,0.6394701
16294,1,-1.6794673,-1.6705612,0.008906126,0.6438627
16295,1,-1.6844736,-1.7765772,0.0921036,0.64872843
16296,1,-1.7822553,-1.8571005,0.074845195,0.641591
16297,1,-1.8374647,-1.9485842,0.11111951,0.6429332
16298,1,-1.9063526,-1.9724134,0.06606078,0.6403168
16299,1,-1.8940845,-1.9816843,0.08759987,0.646699
16300,1,-1.8819469,-1.9998124,0.11786544,0.6479896
16301,1,-1.8918115,-1.8687074,0.023104072,0.6467942
16302,1,-1.7157423,-1.6453944,0.070347905,0.66319096
16303,1,-1.4447588,-1.5501548,0.10539603,0.6735636
16304,1,-1.4098487,-1.2942562,0.11559248,0.6628498
16305,1,-1.0918632,-0.8992892,0.19257396,0.67601204
16306,1,-0.57077,-0.48184437,0.08892566,0.6782894
16307,1,-0.08895305,-0.0109620895,0.07799096,0.66065377
16308,1,0.42113113,0.4813827,0.060251564,0.63063717
16309,1,0.88812435,0.70094186,0.18718249,0.5937275
16310,1,0.97131646,0.9466076,0.024708867,0.5581235
16311,1,1.1363035,1.0790374,0.057266116,0.5462621
16312,1,1.1908014,1.1035714,0.08722997,0.52993065
16313,1,1.1536418,0.9309301,0.22271174,0.518624
16314,1,0.92092955,0.88883907,0.032090485,0.5082902
16315,1,0.86691725,0.801061,0.06585628,0.5230835
16316,1,0.76492435,0.7283101,0.03661424,0.52411515
16317,1,0.68879414,0.46263638,0.22615775,0.5302799
16318,1,0.3582815,0.31637937,0.041902125,0.5328066
16319,1,0.20524605,0.35108376,0.14583771,0.5555641
16320,1,0.31541288,0.25170985,0.06370303,0.56847715
16321,1,0.19565906,-0.0044536893,0.20011275,0.5651638
16322,1,-0.15316552,-0.0899765,0.06318902,0.57330996
16323,1,-0.20940863,-0.31554502,0.1061364,0.5949992
16324,1,-0.49989247,-0.4002172,0.09967527,0.59981656
16325,1,-0.5422731,-0.64707845,0.10480535,0.6175579
16326,1,-0.85988206,-0.80632305,0.053559005,0.61690986
16327,1,-1.0033636,-0.89926404,0.10409957,0.6309414
16328,1,-1.0503027,-1.1007484,0.050445676,0.6396872
16329,1,-1.2796239,-1.2941599,0.014536023,0.6340234
16330,1,-1.464732,-1.4419255,0.022806525,0.63632864
16331,1,-1.5729418,-1.568329,0.0046128035,0.640603
16332,1,-1.6585046,-1.6936862,0.03518164,0.64192516
16333,1,-1.7493745,-1.7545719,0.005197406,0.6407614
16334,1,-1.7628717,-1.8189064,0.056034684,0.6463359
16335,1,-1.7998707,-1.9220631,0.12219238,0.6451148
16336,1,-1.8885905,-1.9315588,0.042968392,0.6395973
16337,1,-1.8583544,-2.0557256,0.19737113,0.64880097
16338,1,-1.9807861,-1.9855993,0.0048131943,0.6349876
16339,1,-1.8576208,-1.9021671,0.044546247,0.6557075
16340,1,-1.7578548,-1.8416106,0.08375573,0.65825987
16341,1,-1.7092148,-1.7187433,0.009528518,0.6569294
16342,1,-1.575761,-1.6486431,0.072882175,0.6641463
16343,1,-1.5349153,-1.3970023,0.13791299,0.65993184
16344,1,-1.2053047,-1.06549,0.13981473,0.67627764
16345,1,-0.7893392,-0.6157825,0.17355669,0.6783492
16346,1,-0.21741572,-0.027014578,0.19040114,0.6700053
16347,1,0.48085332,0.32594407,0.15490925,0.6385822
16348,1,0.7179935,0.66355455,0.05443895,0.59587854
16349,1,0.96803916,0.91169494,0.05634421,0.5701155
16350,1,1.1226159,0.99607736,0.12653857,0.54824334
16351,1,1.1156033,1.0970347,0.018568635,0.529258
16352,1,1.16436,1.0169768,0.14738321,0.52620703
16353,1,1.0303311,0.9993561,0.030975044,0.512561
16354,1,0.9930347,0.801785,0.19124973,0.5194439
16355,1,0.7518896,0.6667427,0.085146904,0.5138178
16356,1,0.6004948,0.64315325,0.04265845,0.5288359
16357,1,0.6025635,0.54338527,0.059178233,0.5406985
16358,1,0.49266052,0.37040627,0.12225425,0.54123545
16359,1,0.28248513,0.19566089,0.08682424,0.54865795
16360,1,0.077135816,0.009452163,0.06768365,0.5633674
16361,1,-0.13970283,-0.12636577,0.013337061,0.57819754
16362,1,-0.27208498,-0.30699795,0.034912974,0.59357315
16363,1,-0.48039448,-0.47267312,0.0077213645,0.60311526
16364,1,-0.65558714,-0.5988396,0.056747556,0.61499214
16365,1,-0.7655987,-0.7599807,0.005618036,0.625217
16366,1,-0.93842804,-0.83013815,0.1082899,0.62912655
16367,1,-0.96214634,-1.0334386,0.07129222,0.63959354
16368,1,-1.2100137,-1.218481,0.008467197,0.63280344
16369,1,-1.3918716,-1.3106817,0.08118987,0.6367457
16370,1,-1.4305061,-1.4763398,0.045833707,0.645864
16371,1,-1.5900259,-1.5354005,0.054625392,0.6387404
16372,1,-1.59416,-1.6722403,0.0780803,0.6486207
16373,1,-1.7231978,-1.7359151,0.012717247,0.6398842
16374,1,-1.7465831,-1.8250717,0.07848859,0.646299
16375,1,-1.8153903,-1.9225662,0.10717583,0.64256257
16376,1,-1.8910012,-1.91763,0.026628733,0.6401602
16377,1,-1.8418609,-2.0564234,0.21456254,0.6504436
16378,1,-1.9843866,-2.0342894,0.049902797,0.6334653
16379,1,-1.9179937,-2.0089288,0.09093511,0.65019387
16380,1,-1.8769844,-1.8642179,0.01276648,0.65095145
16381,1,-1.6955905,-1.7373754,0.041784883,0.66450286
16382,1,-1.5758635,-1.4409839,0.13487959,0.664326
16383,1,-1.2003659,-1.1252778,0.07508814,0.67995435
16384,1,-0.8427981,-0.81000304,0.03279507,0.67837334
16385,1,-0.51034135,-0.33883056,0.17151079,0.66974837
16386,1,0.07626982,0.08546622,0.009196401,0.65487367
16387,1,0.492352,0.5783246,0.08597261,0.62003654
16388,1,0.96100104,0.84608656,0.11491448,0.5870249
16389,1,1.1073983,0.94842035,0.15897793,0.5534301
16390,1,1.1003623,1.1092569,0.008894563,0.53332156
16391,1,1.2035936,1.0781237,0.12546992,0.5313089
16392,1,1.1119176,1.0341059,0.07781172,0.5143669
16393,1,1.0331153,0.8355631,0.19755214,0.5151922
16394,1,0.7892939,0.8620774,0.07278353,0.51156515
16395,1,0.8396034,0.6770543,0.16254914,0.5310514
16396,1,0.616505,0.6067416,0.00976342,0.5235135
16397,1,0.5539785,0.3475291,0.20644939,0.53911096
16398,1,0.22836222,0.15597802,0.07238419,0.54298407
16399,1,0.011327684,-0.07195821,0.08328589,0.56530625
16400,1,-0.25760147,-0.08948537,0.1681161,0.58128506
16401,1,-0.18813157,-0.23196475,0.04383318,0.60072654
16402,1,-0.36011523,-0.3738951,0.013779879,0.601046
16403,1,-0.52146053,-0.6282551,0.106794596,0.61094964
16404,1,-0.84774315,-0.6209042,0.22683895,0.6153891
16405,1,-0.72531056,-0.8024683,0.077157736,0.63772106
16406,1,-0.964743,-1.051218,0.086475015,0.6288259
16407,1,-1.2613062,-1.1732831,0.08802307,0.628943
16408,1,-1.333751,-1.3509784,0.017227411,0.64219356
16409,1,-1.5006479,-1.410503,0.09014487,0.6379015
16410,1,-1.4960788,-1.5315746,0.035495758,0.6490192
16411,1,-1.6060485,-1.5057017,0.1003468,0.6427099
16412,1,-1.5109922,-1.7104942,0.19950199,0.65671754
16413,1,-1.7589704,-1.7592238,0.00025343895,0.6326739
16414,1,-1.7607784,-1.8168964,0.05611801,0.64746493
16415,1,-1.7934402,-1.8381205,0.044680238,0.64580166
16416,1,-1.7874999,-1.8425653,0.055065393,0.6490788
16417,1,-1.773878,-1.8521732,0.07829523,0.6506541
16418,1,-1.7772111,-1.766013,0.011198044,0.6500116
16419,1,-1.6583189,-1.6210155,0.03730333,0.6602752
16420,1,-1.4834858,-1.5230411,0.03955531,0.6669102
16421,1,-1.4071244,-1.2189628,0.18816161,0.66320384
16422,1,-0.9927083,-0.9318756,0.06083274,0.6789335
16423,1,-0.67364657,-0.6361188,0.03752774,0.6717671
16424,1,-0.35761952,-0.20663606,0.15098347,0.6608975
16425,1,0.16670938,0.1403011,0.026408285,0.64305377
16426,1,0.4843241,0.5782069,0.0938828,0.6103938
16427,1,0.911971,0.8082013,0.10376966,0.58324647
16428,1,1.0394629,1.0513746,0.011911631,0.552389
16429,1,1.210671,1.10749,0.103181005,0.5411974
16430,1,1.1884286,1.0789669,0.109461784,0.52149403
16431,1,1.1051589,1.045445,0.05971396,0.5145816
16432,1,1.0416073,1.0706898,0.029082537,0.5156594
16433,1,1.0606321,0.8683887,0.1922434,0.52014464
16434,1,0.81899476,0.7575508,0.061443985,0.5091758
16435,1,0.6996508,0.5993904,0.10026044,0.52479553
16436,1,0.52173495,0.36220655,0.1595284,0.5316783
16437,1,0.23679288,0.19194174,0.04485114,0.5436768
16438,1,0.055158272,-0.08906306,0.14422134,0.5640775
16439,1,-0.2949298,-0.0668447,0.2280851,0.57809144
16440,1,-0.15268229,-0.3207535,0.16807123,0.60223484
16441,1,-0.50221974,-0.36703384,0.1351859,0.59771997
16442,1,-0.4851612,-0.4595441,0.025617093,0.6186765
16443,1,-0.57689434,-0.65116715,0.07427281,0.6205354
16444,1,-0.8258391,-0.7450046,0.08083451,0.6219609
16445,1,-0.8908562,-0.87557125,0.0152849555,0.63447464
16446,1,-1.0270789,-0.97309023,0.053988636,0.63567185
16447,1,-1.1063037,-1.2386669,0.1323632,0.64114803
16448,1,-1.4275042,-1.3898013,0.037702918,0.62932444
16449,1,-1.5365103,-1.5643198,0.0278095,0.6404033
16450,1,-1.6805354,-1.6607845,0.019750953,0.6372819
16451,1,-1.7206641,-1.7395658,0.018901706,0.64396673
16452,1,-1.7583754,-1.857653,0.099277616,0.6447734
16453,1,-1.8554646,-1.8832424,0.027777791,0.6391646
16454,1,-1.8359247,-1.9669997,0.1310749,0.6479767
16455,1,-1.9075068,-2.047819,0.14031208,0.64077336
16456,1,-1.9674513,-1.9836028,0.016151428,0.6395863
16457,1,-1.8556148,-2.0253856,0.16977084,0.6551684
16458,1,-1.9095458,-1.8869838,0.022562027,0.64396447
16459,1,-1.725849,-1.7834303,0.057581306,0.6636227
16460,1,-1.6315336,-1.6741089,0.04257524,0.6616926
16461,1,-1.5346628,-1.4045647,0.1300981,0.6633149
16462,1,-1.1909581,-1.1594373,0.031520844,0.67773354
16463,1,-0.9365963,-0.69571745,0.24087882,0.67359954
16464,1,-0.30696556,-0.106284134,0.20068142,0.6747125
16465,1,0.40692496,0.32732746,0.0795975,0.6446931
16466,1,0.7590942,0.71256185,0.046532333,0.60137594
16467,1,1.0463556,0.8966871,0.14966851,0.5706635
16468,1,1.1070422,1.1671056,0.060063362,0.5434425
16469,1,1.3062427,1.1382527,0.16798997,0.5390823
16470,1,1.1951219,1.1136135,0.0815084,0.5119611
16471,1,1.1246704,0.9576768,0.16699356,0.5134212
16472,1,0.9274007,0.8864413,0.040959418,0.50838727
16473,1,0.8474878,0.69058496,0.15690285,0.520472
16474,1,0.617524,0.5161954,0.10132861,0.5215534
16475,1,0.42124277,0.34047273,0.080770046,0.53663874
16476,1,0.22531717,0.27575153,0.050434366,0.5509305
16477,1,0.19314046,0.15471973,0.038420737,0.5661497
16478,1,0.061173633,-0.08555838,0.146732,0.57155126
16479,1,-0.25169885,-0.25000992,0.0016889274,0.58131677
16480,1,-0.42359948,-0.33527806,0.08832142,0.6004716
16481,1,-0.47084832,-0.45678386,0.014064461,0.61324835
16482,1,-0.59791076,-0.70979893,0.11188817,0.61787796
16483,1,-0.9254081,-0.7927789,0.13262922,0.61903995
16484,1,-0.94916,-1.0287284,0.079568386,0.63719666
16485,1,-1.2308105,-0.97468936,0.25612116,0.62973446
16486,1,-1.0402876,-1.1802573,0.1399697,0.65441704
16487,1,-1.3209513,-1.2965733,0.024378061,0.6345333
16488,1,-1.4172193,-1.3395505,0.077668786,0.64356977
16489,1,-1.4115356,-1.562755,0.15121937,0.650503
16490,1,-1.668271,-1.6853626,0.017091632,0.632541
16491,1,-1.7488037,-1.8055042,0.056700468,0.6411309
16492,1,-1.8311068,-1.856013,0.024906158,0.6397669
16493,1,-1.8331382,-2.0106285,0.17749023,0.64593136
16494,1,-1.9733387,-2.028878,0.05553925,0.6327305
16495,1,-1.9411042,-2.0096366,0.06853247,0.64626724
16496,1,-1.8909975,-2.0563316,0.1653341,0.6503356
16497,1,-1.9399348,-1.940899,0.00096416473,0.6428974
16498,1,-1.7832872,-1.872087,0.088799834,0.6607197
16499,1,-1.7267319,-1.7477106,0.02097869,0.65729713
16500,1,-1.596121,-1.5054336,0.090687394,0.66399646
16501,1,-1.3013185,-1.2371587,0.06415987,0.6756515
16502,1,-1.0015335,-0.9781812,0.023352325,0.6764202
16503,1,-0.7379808,-0.44072688,0.2972539,0.670958
16504,1,0.0037632734,0.0227898,0.019026527,0.6651962
16505,1,0.4692229,0.44857544,0.020647466,0.62751806
16506,1,0.83578,0.7499491,0.08583093,0.59162384
16507,1,1.0320781,0.9077537,0.12432444,0.5617968
16508,1,1.0852939,1.0494891,0.03580475,0.54050404
16509,1,1.1589016,1.0770468,0.08185482,0.5320905
16510,1,1.1279088,0.9274509,0.20045793,0.5200807
16511,1,0.9210957,0.87761533,0.043480396,0.51068026
16512,1,0.85653055,0.7804994,0.07603115,0.52300465
16513,1,0.7425613,0.57080996,0.17175132,0.524565
16514,1,0.4890148,0.5022513,0.013236523,0.5291917
16515,1,0.43751603,0.27796027,0.15955576,0.5472396
16516,1,0.15869524,0.22248112,0.06378588,0.5519755
16517,1,0.14050822,0.017619826,0.12288839,0.5714656
16518,1,-0.12009886,-0.16018708,0.04008822,0.5759012
16519,1,-0.32320946,-0.33471102,0.011501551,0.5925906
16520,1,-0.51429915,-0.4857434,0.02855575,0.60553753
16521,1,-0.66363204,-0.64897877,0.0146532655,0.61701864
16522,1,-0.8339982,-0.8633201,0.029321909,0.624356
16523,1,-1.074853,-0.8438935,0.23095942,0.6278186
16524,1,-0.93601835,-1.0174457,0.081427336,0.64777106
16525,1,-1.1636755,-1.1689876,0.005312085,0.63522047
16526,1,-1.3184592,-1.3871609,0.068701744,0.6394345
16527,1,-1.5461277,-1.564732,0.018604279,0.6340178
16528,1,-1.6876072,-1.6836376,0.00396955,0.6369808
16529,1,-1.7517234,-1.6968669,0.05485654,0.64151496
16530,1,-1.6978942,-1.8389571,0.14106286,0.6516343
16531,1,-1.8409802,-1.8587136,0.017733455,0.6370509
16532,1,-1.8149452,-1.9352003,0.12025511,0.6489216
16533,1,-1.8806158,-1.865137,0.015478849,0.64206064
16534,1,-1.7611297,-1.8678523,0.10672259,0.65751284
16535,1,-1.7736459,-1.902592,0.12894607,0.65045494
16536,1,-1.8198777,-1.8565505,0.03667271,0.6467686
16537,1,-1.7532588,-1.8785752,0.12531638,0.6553384
16538,1,-1.7912182,-1.6706148,0.12060332,0.64839953
16539,1,-1.5041966,-1.4764566,0.027740002,0.6720845
16540,1,-1.2963401,-1.2704339,0.025906205,0.67166436
16541,1,-1.0852329,-0.8972838,0.18794906,0.6718176
16542,1,-0.59199023,-0.54856265,0.043427587,0.676765
16543,1,-0.21332157,-0.080324285,0.13299727,0.6600031
16544,1,0.33270836,0.3827245,0.050016135,0.6358929
16545,1,0.7811328,0.7426489,0.038483918,0.5990801
16546,1,1.0505538,0.9033746,0.14717919,0.56688553
16547,1,1.095386,1.0408853,0.0545007,0.54100007
16548,1,1.1574835,1.0718949,0.085588574,0.53208697
16549,1,1.1272799,0.9941636,0.1331163,0.5206432
16550,1,1.0010151,0.987891,0.013124049,0.5139448
16551,1,0.9808383,0.85351944,0.12731886,0.5211066
16552,1,0.81647444,0.7076347,0.10883975,0.51647663
16553,1,0.647699,0.5886319,0.05906707,0.5249488
16554,1,0.5206909,0.56538576,0.04469484,0.5360448
16555,1,0.5255732,0.39038837,0.13518482,0.5464393
16556,1,0.30937052,0.15043099,0.15893953,0.54681164
16557,1,0.006736189,-0.13306905,0.13980524,0.56157374
16558,1,-0.3473391,-0.19383827,0.15350083,0.5813678
16559,1,-0.33245063,-0.40009305,0.06764242,0.60518926
16560,1,-0.58582777,-0.4886359,0.09719187,0.60706156
16561,1,-0.63435006,-0.79837596,0.1640259,0.62257624
16562,1,-1.0406429,-0.9019922,0.13865066,0.6172501
16563,1,-1.0791662,-1.0824398,0.0032736063,0.6388165
16564,1,-1.2628609,-1.2531042,0.009756684,0.6356959
16565,1,-1.4175743,-1.2409339,0.17664039,0.63829905
16566,1,-1.3068267,-1.4261994,0.119372725,0.654991
16567,1,-1.5329424,-1.4879894,0.04495299,0.6370662
16568,1,-1.5509841,-1.5966283,0.045644164,0.6486039
16569,1,-1.6492399,-1.7058882,0.056648254,0.64340854
16570,1,-1.7394468,-1.8103334,0.07088661,0.64219785
16571,1,-1.817968,-1.9185876,0.100619555,0.6412603
16572,1,-1.8981258,-2.0398412,0.1417154,0.6391421
16573,1,-1.9883194,-2.117182,0.12886262,0.635597
16574,1,-2.0247598,-2.0607388,0.035979033,0.6385951
16575,1,-1.9187381,-1.96148,0.042741895,0.65311044
16576,1,-1.79681,-1.9161615,0.119351506,0.6588794
16577,1,-1.7719182,-1.8166391,0.04472089,0.65439963
16578,1,-1.6702946,-1.643365,0.026929617,0.66092193
16579,1,-1.4744626,-1.3864015,0.088061094,0.6692574
16580,1,-1.1696334,-1.0412676,0.12836576,0.6766635
16581,1,-0.7460025,-0.5943674,0.15163511,0.6787825
16582,1,-0.19153184,-0.06345966,0.12807217,0.6687319
16583,1,0.4136833,0.49763742,0.083954126,0.63824666
16584,1,0.95046484,0.7414762,0.20898867,0.5969505
16585,1,1.0381523,1.0045961,0.033556223,0.55758274
16586,1,1.2044054,1.1815716,0.022833824,0.5450184
16587,1,1.2959958,1.1163176,0.1796782,0.53003794
16588,1,1.1556454,0.944003,0.21164238,0.50933695
16589,1,0.9268421,0.8682391,0.05860299,0.5075833
16590,1,0.8347589,0.70963585,0.12512302,0.52111393
16591,1,0.6483638,0.61833006,0.030033767,0.5236368
16592,1,0.5583465,0.43439755,0.12394896,0.53634936
16593,1,0.34088677,0.2803413,0.060545474,0.54238033
16594,1,0.17144011,0.15313938,0.018300727,0.5579359
16595,1,0.04256092,-0.017850157,0.060411077,0.57115
16596,1,-0.15680929,-0.17254761,0.015738323,0.5817799
16597,1,-0.32466257,-0.21633682,0.10832575,0.5955329
16598,1,-0.3159926,-0.43179038,0.11579779,0.6083113
16599,1,-0.6061496,-0.5920459,0.014103711,0.6082291
16600,1,-0.7748373,-0.812216,0.03737867,0.6219099
16601,1,-1.0275555,-0.9971376,0.03041786,0.6257077
16602,1,-1.2012008,-1.120204,0.08099687,0.63378644
16603,1,-1.2809485,-1.2401744,0.040774107,0.64148074
16604,1,-1.3732634,-1.355889,0.017374396,0.64294386
16605,1,-1.4662405,-1.4704385,0.004197955,0.64375716
16606,1,-1.5595894,-1.5789149,0.019325495,0.6436667
16607,1,-1.6440707,-1.6741921,0.030121326,0.6435744
16608,1,-1.7116133,-1.7750764,0.06346309,0.64393675
16609,1,-1.788479,-1.7957932,0.007314205,0.6421208
16610,1,-1.7657255,-1.8995482,0.13382268,0.6497167
16611,1,-1.8660071,-1.9867004,0.120693326,0.63991886
16612,1,-1.9306629,-1.9324715,0.0018086433,0.64007616
16613,1,-1.8255522,-1.9871514,0.16159916,0.6550109
16614,1,-1.890956,-2.0032923,0.11233628,0.6433511
16615,1,-1.8959249,-1.9703498,0.07442486,0.6469317
16616,1,-1.8457752,-1.7851716,0.06060362,0.65234107
16617,1,-1.6072034,-1.7000403,0.092836976,0.66908234
16618,1,-1.5595862,-1.3545988,0.2049874,0.6608657
16619,1,-1.090431,-0.9809928,0.10943818,0.6833179
16620,1,-0.64583105,-0.70579994,0.05996889,0.6792611
16621,1,-0.41400707,-0.14806342,0.26594365,0.66266406
16622,1,0.31022358,0.31947047,0.009246886,0.64615846
16623,1,0.7460797,0.62933785,0.116741836,0.6042237
16624,1,0.9440323,0.8804042,0.06362814,0.57021594
16625,1,1.100053,0.9974743,0.10257864,0.55014217
16626,1,1.1278764,1.0505143,0.07736206,0.53222895
16627,1,1.1181294,1.0409187,0.077210665,0.52371943
16628,1,1.0643723,1.0085322,0.055840135,0.51817906
16629,1,1.0052087,0.87409073,0.131118,0.5175701
16630,1,0.8390702,0.64688164,0.19218856,0.51522684
16631,1,0.56621933,0.5462271,0.019992232,0.52186066
16632,1,0.470932,0.36862424,0.10230777,0.54093647
16633,1,0.26535833,0.23685768,0.028500646,0.5483979
16634,1,0.13029431,0.08065792,0.049636386,0.5635975
16635,1,-0.044652894,-0.021798922,0.022853972,0.5748048
16636,1,-0.13506071,-0.20717125,0.07211053,0.5880138
16637,1,-0.36362058,-0.39353743,0.029916853,0.59550923
16638,1,-0.5782283,-0.48917332,0.08905497,0.6083712
16639,1,-0.638609,-0.6862645,0.047655523,0.6219984
16640,1,-0.87688404,-0.94905055,0.0721665,0.6230145
16641,1,-1.1830097,-1.0554705,0.12753928,0.62567705
16642,1,-1.2241457,-1.1412257,0.082919955,0.64200187
16643,1,-1.2665056,-1.2487711,0.017734528,0.64514947
16644,1,-1.3609934,-1.2890884,0.07190502,0.64414907
16645,1,-1.3595794,-1.3381457,0.021433711,0.6505605
16646,1,-1.3930234,-1.443254,0.050230622,0.6499389
16647,1,-1.5098555,-1.6123788,0.10252333,0.6446618
16648,1,-1.6888648,-1.779345,0.09048021,0.6373617
16649,1,-1.8314053,-1.8808774,0.049472094,0.6354734
16650,1,-1.8829268,-2.010645,0.12771809,0.6404513
16651,1,-1.9762172,-2.1313558,0.15513861,0.6352832
16652,1,-2.0542884,-2.1244698,0.07018137,0.6338258
16653,1,-1.9948208,-2.1143932,0.1195724,0.64702606
16654,1,-1.9638177,-2.1295192,0.16570151,0.6475367
16655,1,-1.9763209,-2.1146376,0.13831675,0.64470744
16656,1,-1.9538848,-2.020752,0.06686711,0.64801383
16657,1,-1.8434051,-1.750154,0.09325111,0.6574227
16658,1,-1.5075978,-1.5395029,0.031905055,0.6767887
16659,1,-1.317927,-1.2084559,0.10947108,0.6729566
16660,1,-0.9235406,-0.74817836,0.17536223,0.6807993
16661,1,-0.33900157,-0.3281778,0.010823756,0.67681396
16662,1,0.09311022,0.14680685,0.053696632,0.6510504
16663,1,0.57820326,0.51253814,0.065665126,0.61833423
16664,1,0.86116266,0.71597135,0.14519131,0.5826445
16665,1,0.95177686,0.88395506,0.0678218,0.5557896
16666,1,1.0423918,0.9339295,0.108462274,0.5426995
16667,1,1.0223049,0.9082712,0.1140337,0.52922463
16668,1,0.9442667,0.7723281,0.1719386,0.5235282
16669,1,0.75653344,0.6404715,0.116061926,0.52148426
16670,1,0.59301686,0.5650915,0.027925372,0.53102815
16671,1,0.5167988,0.44265664,0.07414216,0.5417734
16672,1,0.37636048,0.30790126,0.06845921,0.54718846
16673,1,0.22233753,0.17148057,0.050856963,0.5572939
16674,1,0.06934552,-0.024355188,0.09370071,0.5687806
16675,1,-0.1713623,-0.20799287,0.03663057,0.5801689
16676,1,-0.38039458,-0.3280494,0.052345186,0.59572047
16677,1,-0.48250908,-0.46974564,0.012763441,0.6097803
16678,1,-0.6307822,-0.59906477,0.03171742,0.6168996
16679,1,-0.7581756,-0.61187756,0.14629805,0.624954
16680,1,-0.702017,-0.8606552,0.15863818,0.63558483
16681,1,-1.0498024,-1.0130323,0.036770105,0.62464714
16682,1,-1.1903132,-1.1939435,0.0036302805,0.6370576
16683,1,-1.3673667,-1.2482264,0.11914027,0.6369433
16684,1,-1.3533732,-1.4035275,0.05015433,0.649043
16685,1,-1.5156088,-1.4826138,0.032994986,0.63998604
16686,1,-1.5556456,-1.5998108,0.044165254,0.6469892
16687,1,-1.659334,-1.7179593,0.05862534,0.64255
16688,1,-1.7556686,-1.7247391,0.030929565,0.6411726
16689,1,-1.7080737,-1.7688062,0.060732484,0.6519456
16690,1,-1.7396816,-1.8774471,0.13776553,0.64779633
16691,1,-1.850341,-1.8767838,0.026442885,0.63979304
16692,1,-1.8110156,-1.7989442,0.012071371,0.65065217
16693,1,-1.6946343,-1.8563734,0.16173911,0.6591103
16694,1,-1.7853585,-1.6989837,0.08637488,0.6452405
16695,1,-1.5645133,-1.5358368,0.02867651,0.6674322
16696,1,-1.3832982,-1.3681613,0.015136838,0.6689046
16697,1,-1.2146837,-1.1288285,0.08585513,0.6692574
16698,1,-0.93326867,-0.7715607,0.16170794,0.6726609
16699,1,-0.4725939,-0.31740025,0.15519366,0.671159
16700,1,0.086135074,0.10233031,0.016195238,0.65241003
16701,1,0.50115514,0.56846505,0.067309916,0.61838436
16702,1,0.9383563,0.8874203,0.050935984,0.585876
16703,1,1.1524551,1.0284797,0.123975396,0.5554653
16704,1,1.1849483,1.1142637,0.07068467,0.5329811
16705,1,1.1967746,1.0522957,0.14447892,0.52404463
16706,1,1.0753325,0.98677915,0.08855337,0.5125825
16707,1,0.97696316,0.97542447,0.0015386939,0.515499
16708,1,0.95907605,0.9247157,0.03436035,0.52126217
16709,1,0.8993691,0.7004572,0.1989119,0.5202408
16710,1,0.63050866,0.60072726,0.029781401,0.51824975
16711,1,0.5328418,0.43008748,0.102754325,0.53688776
16712,1,0.33636236,0.2976656,0.038696766,0.5439177
16713,1,0.19819663,0.19617243,0.0020242035,0.55836576
16714,1,0.10364629,-0.014527463,0.118173756,0.5697111
16715,1,-0.1623055,-0.14634335,0.015962154,0.57807183
16716,1,-0.290343,-0.33536723,0.045024246,0.59547955
16717,1,-0.5134095,-0.5324018,0.018992305,0.60432774
16718,1,-0.7351136,-0.7230607,0.012052894,0.61561066
16719,1,-0.933202,-0.85821074,0.074991286,0.62509423
16720,1,-1.0390457,-1.0320811,0.0069645643,0.6347477
16721,1,-1.2138191,-1.1003791,0.11344004,0.6354643
16722,1,-1.2243528,-1.2861544,0.061801553,0.6461669
16723,1,-1.4314995,-1.3657304,0.06576908,0.637023
16724,1,-1.4637082,-1.551066,0.08735788,0.64715064
16725,1,-1.654116,-1.6424651,0.01165092,0.6363385
16726,1,-1.6981698,-1.6809427,0.017227173,0.64464974
16727,1,-1.6900626,-1.7659771,0.0759145,0.64937633
16728,1,-1.7634228,-1.85523,0.09180713,0.6438123
16729,1,-1.8356544,-1.9183327,0.08267832,0.6420913
16730,1,-1.8720925,-1.9461534,0.07406092,0.64368755
16731,1,-1.8719804,-1.9573975,0.08541703,0.646745
16732,1,-1.8641917,-1.8989869,0.034795284,0.6482035
16733,1,-1.7798904,-1.7666113,0.01327908,0.6559171
16734,1,-1.6188177,-1.6350428,0.0162251,0.6645275
16735,1,-1.4882694,-1.4152232,0.07304621,0.6656216
16736,1,-1.2300462,-1.0652741,0.16477203,0.67374504
16737,1,-0.7785059,-0.7544113,0.024094641,0.6796577
16738,1,-0.4549868,-0.31007364,0.14491317,0.66726536
16739,1,0.08540739,0.13165298,0.04624559,0.6513147
16740,1,0.5369156,0.39892808,0.13798752,0.61744875
16741,1,0.70350695,0.75232613,0.048819184,0.58374596
16742,1,1.0136418,1.0211449,0.0075030327,0.56579524
16743,1,1.2054232,1.0350791,0.17034411,0.54476804
16744,1,1.1270937,0.9752851,0.15180856,0.52071273
16745,1,1.0051517,0.92305297,0.08209878,0.51664644
16746,1,0.9206946,0.95031625,0.02962166,0.5201886
16747,1,0.94802046,0.8173537,0.13066673,0.5262271
16748,1,0.7834748,0.75871754,0.024757266,0.5188561
16749,1,0.72380376,0.6351042,0.08869958,0.52955943
16750,1,0.5816032,0.49735442,0.08424881,0.5321734
16751,1,0.4250033,0.31670758,0.10829571,0.5414237
16752,1,0.21101426,0.06774064,0.14327362,0.5525063
16753,1,-0.09840832,-0.038348887,0.060059432,0.56786174
16754,1,-0.17467576,-0.24103548,0.06635971,0.5890597
16755,1,-0.4182626,-0.35287213,0.06539047,0.5965177
16756,1,-0.5055139,-0.5301279,0.024613976,0.61215526
16757,1,-0.7105788,-0.6932844,0.017294407,0.6172137
16758,1,-0.879604,-0.7856303,0.093973696,0.62630254
16759,1,-0.93417984,-0.8923244,0.041855454,0.6361224
16760,1,-1.0310527,-1.0612392,0.030186534,0.63827384
16761,1,-1.2224013,-1.2740539,0.05165267,0.6364198
16762,1,-1.448234,-1.347145,0.101089,0.63443565
16763,1,-1.4552302,-1.5031425,0.04791224,0.6477314
16764,1,-1.6047293,-1.5528601,0.051869154,0.6395228
16765,1,-1.6006613,-1.7185446,0.117883325,0.64939976
16766,1,-1.7683963,-1.8490369,0.08064067,0.6364572
16767,1,-1.8656152,-1.957366,0.09175074,0.63805616
16768,1,-1.9331602,-2.0218384,0.08867824,0.6384547
16769,1,-1.9551375,-2.1289017,0.17376423,0.64173496
16770,1,-2.0357645,-2.2618523,0.22608781,0.63529146
16771,1,-2.1339276,-2.3379817,0.20405412,0.62977016
16772,1,-2.1651988,-2.292178,0.12697911,0.6341007
16773,1,-2.0797126,-2.2144976,0.13478494,0.64766574
16774,1,-1.99014,-2.0594425,0.06930256,0.65238035
16775,1,-1.8257583,-1.7370636,0.08869469,0.6625945
16776,1,-1.4428916,-1.4435511,0.0006594658,0.6811483
16777,1,-1.1541868,-1.0474999,0.10668695,0.6797342
16778,1,-0.6888851,-0.6837262,0.005158901,0.682448
16779,1,-0.31975374,-0.16226801,0.15748572,0.6678165
16780,1,0.30056876,0.20709558,0.09347318,0.64521956
16781,1,0.595227,0.63985735,0.04463035,0.60654134
16782,1,0.9812273,0.86912787,0.11209941,0.57877827
16783,1,1.0976745,0.9820178,0.115656674,0.54888153
16784,1,1.1170777,0.96948236,0.14759535,0.53259796
16785,1,1.0313182,0.8827747,0.14854348,0.52145827
16786,1,0.8918073,0.8009962,0.09081113,0.51922405
16787,1,0.78204286,0.7637028,0.018340051,0.5246793
16788,1,0.7421106,0.5877566,0.15435404,0.5312076
16789,1,0.52534676,0.5457274,0.020380616,0.5309447
16790,1,0.5013045,0.32790276,0.17340174,0.5462471
16791,1,0.22538967,0.14713287,0.0782568,0.5482835
16792,1,0.015413627,0.0129258195,0.0024878075,0.5670028
16793,1,-0.1183339,-0.08446568,0.033868216,0.58240384
16794,1,-0.1999567,-0.340291,0.1403343,0.5935426
16795,1,-0.53827035,-0.4269424,0.111327946,0.59887373
16796,1,-0.5768419,-0.5546519,0.022189975,0.61906177
16797,1,-0.7072394,-0.778344,0.071104586,0.62283117
16798,1,-0.98328805,-0.9477222,0.035565853,0.6242368
16799,1,-1.1422651,-1.0379885,0.10427654,0.63410336
16800,2,-1.1819406,-0.6757589,0.50618166,0.64314175
16801,2,-0.50228876,-0.3945334,0.10775536,0.66734535
16802,2,-0.15265678,-0.19476964,0.042112857,0.64618635
16803,2,0.018623605,0.044656508,0.026032902,0.6263047
16804,2,0.26602876,0.19470222,0.07132654,0.61040807
16805,2,0.36991453,0.39243948,0.022524953,0.59105486
16806,2,0.5638664,0.5073684,0.05649799,0.5787556
16807,2,0.6390275,0.6270974,0.0119300485,0.56294626
16808,2,0.7368775,0.73707145,0.00019395351,0.5545824
16809,2,0.82802236,0.8698053,0.041782916,0.5463051
16810,2,0.9502846,0.92743987,0.022844732,0.54032874
16811,2,0.9795221,1.002085,0.022562861,0.53028595
16812,2,1.0382682,1.0174091,0.020859122,0.5280532
16813,2,1.031722,1.0425737,0.010851741,0.52169573
16814,2,1.0453864,1.1162353,0.07084882,0.5214319
16815,2,1.1177713,1.1025951,0.015176177,0.52280617
16816,2,1.08874,1.0823985,0.0063414574,0.5149708
16817,2,1.0593354,1.0692588,0.009923458,0.51523304
16818,2,1.0429488,1.1348233,0.09187448,0.51651365
16819,2,1.1177698,1.092306,0.02546382,0.52126634
16820,2,1.0641612,0.9897341,0.07442707,0.51261973
16821,2,0.9475006,0.9937446,0.046244025,0.51178676
16822,2,0.9636675,1.0510746,0.08740711,0.5217895
16823,2,1.0370449,1.1013618,0.06431687,0.52410126
16824,2,1.0913912,0.98112327,0.11026794,0.52119654
16825,2,0.94751835,0.92584246,0.021675885,0.5105422
16826,2,0.88996184,0.864362,0.025599837,0.5197445
16827,2,0.8274822,0.8875909,0.06010866,0.52268887
16828,2,0.87081397,0.73431134,0.13650262,0.5292802
16829,2,0.6872745,0.6872743,2.3841858e-07,0.52242607
16830,2,0.64964765,0.5668402,0.08280748,0.53545403
16831,2,0.511556,0.46801555,0.043540478,0.5375684
16832,2,0.4073155,0.3403897,0.066925794,0.54725
16833,2,0.26227176,0.24108471,0.021187052,0.5551838
16834,2,0.16164033,0.23117605,0.06953572,0.5660736
16835,2,0.19139822,0.20204392,0.0106457025,0.5746582
16836,2,0.17293681,0.07370133,0.09923548,0.5754728
16837,2,-0.0008993596,0.1252392,0.12613855,0.57780683
16838,2,0.117211476,0.10022413,0.016987346,0.58879554
16839,2,0.08579646,0.115536906,0.029740445,0.58444756
16840,2,0.11761747,0.022529863,0.09508761,0.58657455
16841,2,-0.023692131,-0.094404414,0.07071228,0.58515227
16842,2,-0.18163893,-0.11425902,0.06737991,0.59266233
16843,2,-0.16993117,-0.18260224,0.012671068,0.6024966
16844,2,-0.25142866,-0.2440483,0.0073803663,0.6036952
16845,2,-0.31746078,-0.24694705,0.070513725,0.6088578
16846,2,-0.28914136,-0.2253927,0.06374866,0.61399287
16847,2,-0.2387765,-0.3002495,0.061472982,0.61444336
16848,2,-0.3583186,-0.41588348,0.057564884,0.6117289
16849,2,-0.5209768,-0.40385044,0.117126346,0.61588997
16850,2,-0.45481706,-0.38417056,0.070646495,0.62593883
16851,2,-0.4057833,-0.33732748,0.068455815,0.6253112
16852,2,-0.32916886,-0.44314015,0.11397129,0.62444466
16853,2,-0.514606,-0.4387172,0.07588881,0.61840934
16854,2,-0.4812482,-0.5441646,0.0629164,0.6274786
16855,2,-0.6399472,-0.41390175,0.22604543,0.6242013
16856,2,-0.3860194,-0.5276819,0.14166248,0.63613164
16857,2,-0.5971906,-0.5497681,0.04742253,0.62259173
16858,2,-0.6096846,-0.5140935,0.09559107,0.63162184
16859,2,-0.5328195,-0.39339972,0.1394198,0.6344881
16860,2,-0.3385591,-0.44025588,0.10169679,0.6340751
16861,2,-0.4584731,-0.4189027,0.03957039,0.62326527
16862,2,-0.4284389,-0.32262477,0.10581413,0.62765855
16863,2,-0.27952328,-0.2661417,0.013381571,0.62744015
16864,2,-0.22362193,-0.30080938,0.07718745,0.62027276
16865,2,-0.31328458,-0.11366247,0.19962211,0.61516947
16866,2,-0.015437886,0.08303728,0.098475166,0.61914355
16867,2,0.23273958,0.26107347,0.028333887,0.6040033
16868,2,0.4187318,0.36395985,0.05477196,0.58780235
16869,2,0.48778987,0.547629,0.05983913,0.57322145
16870,2,0.68233764,0.5871356,0.09520203,0.5657392
16871,2,0.67291963,0.6432625,0.029657125,0.55041486
16872,2,0.70794976,0.8562302,0.14828044,0.54785156
16873,2,0.949401,0.9563241,0.0069230795,0.5481833
16874,2,1.0243136,1.0602415,0.03592789,0.53270835
16875,2,1.1073573,1.1897026,0.08234537,0.52808595
16876,2,1.2188975,1.1945044,0.024393082,0.52526754
16877,2,1.1932434,1.2096933,0.016449928,0.5130184
16878,2,1.1911646,1.2949749,0.10381031,0.5134714
16879,2,1.2702445,1.3204799,0.05023539,0.51747227
16880,2,1.282304,1.3187823,0.03647828,0.5107778
16881,2,1.2698494,1.3095499,0.039700508,0.50810844
16882,2,1.2542483,1.2045109,0.049737334,0.50764054
16883,2,1.1412038,1.2271374,0.085933685,0.5017653
16884,2,1.1739104,1.182756,0.008845568,0.51357025
16885,2,1.1291797,1.2001556,0.0709759,0.5086279
16886,2,1.1543835,1.1590708,0.0046873093,0.5140425
16887,2,1.1116437,1.0754147,0.036229014,0.5099016
16888,2,1.0236009,1.0479286,0.024327636,0.5093872
16889,2,1.0038694,1.0439829,0.04011345,0.51612365
16890,2,1.0095721,0.96868193,0.040890217,0.5185766
16891,2,0.92871225,0.9603346,0.03162235,0.5155108
16892,2,0.93091905,0.7558959,0.17502314,0.522335
16893,2,0.69136035,0.8006095,0.109249175,0.5162262
16894,2,0.77818525,0.7820828,0.0038975477,0.53641325
16895,2,0.7662672,0.6965506,0.06971657,0.5317584
16896,2,0.66618663,0.54651123,0.1196754,0.5312788
16897,2,0.48533094,0.5791778,0.09384686,0.5364572
16898,2,0.5630268,0.45774096,0.10528582,0.550395
16899,2,0.41086686,0.51361823,0.102751374,0.5460565
16900,2,0.5160136,0.57430553,0.058291912,0.55737084
16901,2,0.60294896,0.43696415,0.16598481,0.55322874
16902,2,0.4076866,0.3634933,0.044193298,0.5463226
16903,2,0.32234025,0.2722866,0.050053656,0.55803037
16904,2,0.21568151,0.1292915,0.08639,0.56413084
16905,2,0.036708042,0.09137062,0.054662578,0.57181334
16906,2,0.028699428,-0.051387552,0.08008698,0.5840938
16907,2,-0.1554692,-0.17295805,0.017488852,0.58696884
16908,2,-0.2922551,-0.100358814,0.19189629,0.59841275
16909,2,-0.116639175,-0.10171766,0.014921516,0.6090502
16910,2,-0.11261022,-0.24408671,0.13147649,0.6030553
16911,2,-0.3343743,-0.29415157,0.040222734,0.6019431
16912,2,-0.37329125,-0.34314218,0.030149072,0.61340505
16913,2,-0.4170394,-0.4504109,0.033371508,0.61685985
16914,2,-0.55789983,-0.40323392,0.15466592,0.61872256
16915,2,-0.43298137,-0.5778023,0.14482093,0.62879485
16916,2,-0.7055947,-0.59691525,0.10867947,0.6199451
16917,2,-0.679663,-0.5176351,0.1620279,0.6343117
16918,2,-0.51730144,-0.55437154,0.037070096,0.6382471
16919,2,-0.5919279,-0.47150436,0.120423526,0.63062716
16920,2,-0.45062762,-0.5361774,0.08554977,0.6358803
16921,2,-0.5819413,-0.5454241,0.036517203,0.6272735
16922,2,-0.58747673,-0.42869866,0.15877807,0.63247025
16923,2,-0.387174,-0.46332613,0.076152116,0.6359897
16924,2,-0.48074204,-0.43755206,0.043189973,0.625687
16925,2,-0.44421923,-0.5583285,0.11410928,0.62917775
16926,2,-0.6484656,-0.4068029,0.24166268,0.6236249
16927,2,-0.36323822,-0.3073172,0.055921018,0.63734114
16928,2,-0.23832442,-0.21108884,0.027235582,0.62664163
16929,2,-0.13277373,-0.15428531,0.021511585,0.61946195
16930,2,-0.09452557,0.07017035,0.16469592,0.61197346
16931,2,0.21778329,0.13734503,0.080438256,0.60718936
16932,2,0.24019004,0.15820415,0.08198589,0.5890789
16933,2,0.21690859,0.2589055,0.04199691,0.583444
16934,2,0.33567715,0.37945202,0.043774873,0.58167917
16935,2,0.47273266,0.34955537,0.12317729,0.5734497
16936,2,0.3876,0.4648035,0.07720348,0.5630066
16937,2,0.5339558,0.3810158,0.15294,0.5662468
16938,2,0.38775522,0.564224,0.17646879,0.5556699
16939,2,0.64211166,0.6220465,0.020065188,0.56448984
16940,2,0.6861205,0.83286357,0.14674306,0.5495075
16941,2,0.92820644,0.91019213,0.018014312,0.5493165
16942,2,0.97698677,1.115159,0.13817227,0.5330437
16943,2,1.1792921,1.2001278,0.020835757,0.5351308
16944,2,1.2299857,1.1783757,0.051609993,0.52062416
16945,2,1.1746042,1.2774707,0.10286653,0.51103026
16946,2,1.2642006,1.1756061,0.08859444,0.51936823
16947,2,1.1383398,1.1371013,0.0012384653,0.50323164
16948,2,1.0942067,1.1500301,0.055823445,0.5110644
16949,2,1.1122932,1.2002531,0.087959886,0.5155565
16950,2,1.168867,1.0879107,0.08095634,0.51724845
16951,2,1.0416244,1.1390083,0.09738386,0.50601107
16952,2,1.1073525,1.10174,0.0056124926,0.51970387
16953,2,1.0656893,1.1324267,0.06673741,0.5127104
16954,2,1.1036288,1.157023,0.0533942,0.51800054
16955,2,1.1297878,1.0931994,0.03658843,0.5164115
16956,2,1.0558157,1.0192356,0.036580086,0.5105041
16957,2,0.97589767,0.93206745,0.043830216,0.51303583
16958,2,0.88442624,0.8018732,0.08255303,0.5163669
16959,2,0.7427904,0.75849986,0.01570946,0.52010036
16960,2,0.7148478,0.759674,0.04482621,0.53098524
16961,2,0.7382529,0.6642255,0.07402736,0.5350116
16962,2,0.6279391,0.6659736,0.0380345,0.53264487
16963,2,0.65056586,0.5479528,0.10261309,0.5413779
16964,2,0.50544095,0.43941078,0.066030174,0.5392365
16965,2,0.38112867,0.39302942,0.011900753,0.54869014
16966,2,0.34915125,0.34690753,0.0022437274,0.5579791
16967,2,0.3104689,0.31885165,0.008382738,0.56180817
16968,2,0.2933699,0.2738114,0.01955849,0.5657209
16969,2,0.24564438,0.26129118,0.0156468,0.5680256
16970,2,0.245688,0.25758597,0.011897966,0.57189345
16971,2,0.25220114,0.26606408,0.013862938,0.57296365
16972,2,0.27122253,0.05383065,0.21739188,0.5732963
16973,2,-0.04186313,0.06934134,0.11120447,0.57221824
16974,2,0.030948743,0.0777729,0.046824157,0.5904711
16975,2,0.06491105,-0.007487251,0.072398305,0.5891692
16976,2,-0.058064476,-0.07648509,0.018420614,0.58830905
16977,2,-0.14023004,-0.26593235,0.1257023,0.59532714
16978,2,-0.40552425,-0.31518227,0.090341985,0.5994618
16979,2,-0.41601342,-0.48235148,0.06633806,0.6149356
16980,2,-0.6344803,-0.36763862,0.26684168,0.615423
16981,2,-0.37294197,-0.38950306,0.016561091,0.63192785
16982,2,-0.41555703,-0.3711913,0.044365734,0.62219363
16983,2,-0.38339368,-0.37039265,0.013001025,0.6243529
16984,2,-0.3872742,-0.36193684,0.025337368,0.6228472
16985,2,-0.37631062,-0.3500537,0.026256919,0.6229272
16986,2,-0.36100543,-0.45653784,0.09553242,0.62242186
16987,2,-0.53747123,-0.5414541,0.003982842,0.6191567
16988,2,-0.64280885,-0.42385775,0.2189511,0.625824
16989,2,-0.4064117,-0.43033138,0.023919672,0.63575774
16990,2,-0.43953848,-0.42068458,0.018853903,0.6260547
16991,2,-0.43264908,-0.3813035,0.051345587,0.6267996
16992,2,-0.37546438,-0.3067216,0.06874278,0.62674785
16993,2,-0.2700689,-0.2884406,0.018371671,0.6246017
16994,2,-0.2720773,-0.2657033,0.0063740015,0.61872154
16995,2,-0.2554141,-0.2501458,0.0052683055,0.6174739
16996,2,-0.24615626,-0.10986351,0.13629276,0.6157584
16997,2,-0.03252296,-0.04678946,0.014266498,0.6152127
16998,2,0.019348234,0.009714229,0.009634005,0.6039878
16999,2,0.06739254,0.20342596,0.13603342,0.5988352
17000,2,0.32892346,0.3323032,0.0033797324,0.5938044
17001,2,0.45399594,0.4175045,0.036491454,0.5779632
17002,2,0.5161903,0.41935638,0.096833915,0.5674177
17003,2,0.4730512,0.46107513,0.011976063,0.5600694
17004,2,0.5076214,0.62723917,0.11961776,0.5602194
17005,2,0.7138543,0.7721251,0.058270812,0.5585671
17006,2,0.862342,0.79353803,0.068803966,0.5471774
17007,2,0.8477696,0.83247936,0.01529026,0.5347162
17008,2,0.8700839,0.96279263,0.09270871,0.533947
17009,2,1.0084474,0.9264211,0.0820263,0.53515863
17010,2,0.93963504,1.0096124,0.0699774,0.5215056
17011,2,1.0266584,1.1075175,0.080859065,0.5284897
17012,2,1.1228627,1.216713,0.093850255,0.5254771
17013,2,1.2232202,1.2275462,0.004325986,0.5223674
17014,2,1.2126378,1.2149078,0.0022699833,0.51239353
17015,2,1.1849886,1.2250646,0.040076017,0.51053613
17016,2,1.1890165,1.2776883,0.0886718,0.51241595
17017,2,1.2405065,1.2956393,0.055132747,0.5148069
17018,2,1.2518555,1.1720351,0.079820395,0.51079607
17019,2,1.1150247,1.0890568,0.025967836,0.5012277
17020,2,1.0303208,1.1406786,0.11035788,0.50882405
17021,2,1.1022571,1.0977113,0.004545808,0.5196868
17022,2,1.0572549,1.1053199,0.048064947,0.51233417
17023,2,1.071674,0.91846836,0.15320563,0.5169125
17024,2,0.8600453,0.91186273,0.051817417,0.5076557
17025,2,0.8735328,0.8365451,0.036987662,0.52512264
17026,2,0.7960136,0.7132227,0.08279091,0.5230667
17027,2,0.658864,0.71725625,0.058392227,0.5266425
17028,2,0.6914811,0.5505829,0.14089823,0.5380698
17029,2,0.4881699,0.5533263,0.0651564,0.5346396
17030,2,0.5259449,0.42348677,0.10245812,0.5496688
17031,2,0.36626655,0.3882461,0.02197954,0.548092
17032,2,0.34939736,0.364295,0.0148976445,0.55934995
17033,2,0.3399179,0.22565866,0.11425924,0.5623072
17034,2,0.1570666,0.20708992,0.050023317,0.56395346
17035,2,0.16748162,0.16508995,0.0023916662,0.57595235
17036,2,0.12873323,0.08119839,0.047534846,0.5775025
17037,2,0.02370514,0.06237582,0.03867068,0.58101034
17038,2,0.02571468,0.02357898,0.0021357015,0.5881565
17039,2,-0.013956502,-0.111345544,0.09738904,0.5897002
17040,2,-0.20338196,-0.19414617,0.009235784,0.59246427
17041,2,-0.28868508,-0.06227196,0.22641313,0.6033393
17042,2,-0.03251858,-0.061559193,0.029040612,0.61077756
17043,2,-0.04950647,-0.102982596,0.053476125,0.6000154
17044,2,-0.12440222,-0.16564037,0.04123815,0.5997856
17045,2,-0.21650329,-0.29661733,0.08011404,0.60288197
17046,2,-0.40243912,-0.32776797,0.07467115,0.6066743
17047,2,-0.40347528,-0.43329602,0.02982074,0.6173239
17048,2,-0.53997326,-0.4142962,0.12567705,0.6178344
17049,2,-0.46125174,-0.45674935,0.004502386,0.62717533
17050,2,-0.515262,-0.52554166,0.010279655,0.6246335
17051,2,-0.60663795,-0.44073203,0.16590592,0.6263412
17052,2,-0.4360134,-0.42460364,0.0114097595,0.6341854
17053,2,-0.4256835,-0.38074756,0.04493594,0.6275812
17054,2,-0.3673404,-0.35602456,0.011315823,0.62707853
17055,2,-0.3476478,-0.38556153,0.03791374,0.6238816
17056,2,-0.41255784,-0.36893687,0.043620974,0.621295
17057,2,-0.38349044,-0.43071067,0.04722023,0.62406546
17058,2,-0.48720932,-0.36434558,0.12286374,0.6214152
17059,2,-0.3605994,-0.33264145,0.027957946,0.6278383
17060,2,-0.3229729,-0.19253767,0.13043523,0.6228859
17061,2,-0.11248471,-0.15099527,0.03851056,0.6215495
17062,2,-0.09817575,-0.08284462,0.015331127,0.6104695
17063,2,-0.026517257,-0.055488877,0.02897162,0.6072976
17064,2,-0.019423679,0.14629138,0.16571505,0.60174614
17065,2,0.26839864,0.23075381,0.037644833,0.59916604
17066,2,0.3313067,0.31486833,0.016438365,0.5826779
17067,2,0.40380728,0.46009415,0.05628687,0.57565874
17068,2,0.56702214,0.5192406,0.047781527,0.56913793
17069,2,0.5993132,0.65121096,0.051897764,0.5572264
17070,2,0.73979354,0.73796946,0.001824081,0.55396545
17071,2,0.81188834,0.7558536,0.056034744,0.5441785
17072,2,0.80087227,0.85957104,0.058698773,0.5367892
17073,2,0.9090581,0.90025914,0.008798957,0.53828573
17074,2,0.93360364,0.983418,0.049814343,0.5301947
17075,2,1.0134863,1.2049501,0.19146383,0.5297686
17076,2,1.2433888,1.1825408,0.060847998,0.5333462
17077,2,1.1846132,1.1713808,0.01323247,0.51080245
17078,2,1.1534367,1.2366937,0.08325708,0.5123468
17079,2,1.214584,1.2625861,0.048002124,0.5174206
17080,2,1.23071,1.268662,0.037951946,0.5126647
17081,2,1.2281641,1.2502676,0.022103548,0.5104962
17082,2,1.2030238,1.2214769,0.018453121,0.50869375
17083,2,1.1707933,1.1081473,0.06264603,0.508695
17084,2,1.0492634,1.084653,0.03538966,0.50499195
17085,2,1.0351877,1.0783896,0.043201923,0.51481175
17086,2,1.0385855,1.1438046,0.10521901,0.51676226
17087,2,1.1192282,0.96156645,0.1576618,0.5208899
17088,2,0.91063035,0.9588456,0.04821527,0.505661
17089,2,0.9236386,0.8898687,0.033769906,0.52294666
17090,2,0.85180724,0.88581187,0.03400463,0.52048653
17091,2,0.8614811,0.7783877,0.083093345,0.52683157
17092,2,0.738361,0.83965075,0.10128975,0.5237424
17093,2,0.8341929,0.8338185,0.00037437677,0.53557104
17094,2,0.8294203,0.7800008,0.049419522,0.5297238
17095,2,0.76424,0.6120258,0.15221423,0.5286233
17096,2,0.55672157,0.546778,0.009943545,0.5298376
17097,2,0.49825138,0.4726532,0.025598168,0.5440826
17098,2,0.4246931,0.5393735,0.11468041,0.5490836
17099,2,0.5452812,0.375544,0.16973716,0.5563614
17100,2,0.322403,0.3322782,0.009875178,0.54903877
17101,2,0.290856,0.2000173,0.0908387,0.56327534
17102,2,0.12366031,0.10551699,0.018143319,0.56670254
17103,2,0.023864374,0.11282642,0.08896205,0.57803744
17104,2,0.079082265,0.10555012,0.026467852,0.58612746
17105,2,0.087867126,0.08682917,0.0010379553,0.58550596
17106,2,0.07022603,-0.038919825,0.10914585,0.5861114
17107,2,-0.112826824,-0.15087064,0.038043812,0.58741593
17108,2,-0.25099623,-0.15415365,0.09684259,0.59753615
17109,2,-0.206899,-0.18952502,0.01737398,0.60699886
17110,2,-0.23888105,-0.28118992,0.042308867,0.6070104
17111,2,-0.36363357,-0.1935084,0.17012517,0.60895675
17112,2,-0.18523796,-0.26846135,0.08322339,0.6174617
17113,2,-0.3152511,-0.34975755,0.03450644,0.6094745
17114,2,-0.4288193,-0.45880747,0.02998817,0.6145598
17115,2,-0.5705517,-0.43361303,0.13693866,0.61907107
17116,2,-0.47950107,-0.45433637,0.025164694,0.628888
17117,2,-0.4994976,-0.39888516,0.10061243,0.6263214
17118,2,-0.39672756,-0.44581836,0.049090803,0.6291933
17119,2,-0.48639745,-0.52782226,0.04142481,0.6235965
17120,2,-0.60982406,-0.54545593,0.06436813,0.62533486
17121,2,-0.6072521,-0.51668125,0.09057087,0.6317663
17122,2,-0.5402034,-0.43418238,0.10602102,0.6340634
17123,2,-0.40632117,-0.44598094,0.03965977,0.63359743
17124,2,-0.45524788,-0.30161887,0.153629,0.6265662
17125,2,-0.22793686,-0.15252027,0.075416595,0.6297828
17126,2,-0.039328054,-0.17630707,0.13697901,0.6192136
17127,2,-0.14663818,-0.1253649,0.021273285,0.60698116
17128,2,-0.090794444,-0.07326655,0.017527893,0.60924906
17129,2,-0.0338396,0.057766266,0.091605864,0.60521877
17130,2,0.1444303,0.08433555,0.060094744,0.60092276
17131,2,0.13797884,0.11745306,0.020525776,0.59014285
17132,2,0.15887855,0.24238157,0.08350302,0.5879103
17133,2,0.32410038,0.26871756,0.055382818,0.5850498
17134,2,0.32345426,0.47038296,0.1469287,0.5746006
17135,2,0.5856141,0.68358624,0.097972155,0.573009
17136,2,0.81812274,0.80889493,0.009227812,0.5587249
17137,2,0.91448987,0.7393779,0.17511195,0.5431997
17138,2,0.77859133,0.773408,0.005183339,0.52983457
17139,2,0.80264044,0.96125466,0.15861422,0.53713906
17140,2,1.0187093,1.0222808,0.0035715103,0.5404423
17141,2,1.058309,1.1837131,0.12540412,0.5257984
17142,2,1.2144667,1.1933067,0.021160007,0.52850586
17143,2,1.1941129,1.1941744,6.151199e-05,0.5135343
17144,2,1.176015,1.2516923,0.075677276,0.51264435
17145,2,1.2269877,1.2911396,0.06415188,0.51614636
17146,2,1.2572204,1.1654679,0.09175253,0.5130741
17147,2,1.1141734,1.162216,0.048042536,0.50129557
17148,2,1.1157368,1.2040321,0.08829522,0.51348627
17149,2,1.1658314,1.1212101,0.04462135,0.5162891
17150,2,1.0739096,1.0518286,0.022081017,0.5074021
17151,2,1.0026118,1.0790312,0.07641947,0.5118865
17152,2,1.0456249,0.96309865,0.08252621,0.51995796
17153,2,0.9165747,1.0433786,0.12680387,0.51191956
17154,2,1.025811,0.94376814,0.08204281,0.5266266
17155,2,0.90971076,0.8366717,0.073039055,0.51453394
17156,2,0.7907035,0.80583906,0.015135586,0.52007604
17157,2,0.7719922,0.80819225,0.036200047,0.5291197
17158,2,0.79082,0.8177759,0.026955903,0.5320491
17159,2,0.8113612,0.74216425,0.06919694,0.53212804
17160,2,0.7199429,0.61588603,0.104056895,0.529085
17161,2,0.56841314,0.4233097,0.14510342,0.533346
17162,2,0.33290887,0.4684608,0.13555193,0.5425233
17163,2,0.4448102,0.39706835,0.04774186,0.55993724
17164,2,0.3626638,0.345917,0.016746819,0.5554428
17165,2,0.3120761,0.36871472,0.05663863,0.5614502
17166,2,0.3665421,0.29151982,0.07502228,0.5660054
17167,2,0.26221967,0.19234706,0.0698726,0.56372947
17168,2,0.13541709,0.16191748,0.026500389,0.57023925
17169,2,0.1216151,0.14304787,0.021432772,0.57876456
17170,2,0.11664136,0.101715796,0.014925562,0.5813518
17171,2,0.07011671,0.011845971,0.05827074,0.58292925
17172,2,-0.04942979,0.03591076,0.085340545,0.58631134
17173,2,0.019143447,-0.06182702,0.080970466,0.5939759
17174,2,-0.12287763,-0.1312396,0.008361965,0.5916877
17175,2,-0.2021016,-0.17835435,0.02374725,0.5996395
17176,2,-0.24284573,-0.2203021,0.022543624,0.60517126
17177,2,-0.28003234,-0.41903377,0.13900143,0.6087611
17178,2,-0.5680305,-0.29901218,0.2690183,0.6088987
17179,2,-0.30034125,-0.40622723,0.10588598,0.6276933
17180,2,-0.47982764,-0.4240264,0.055801243,0.6160078
17181,2,-0.47997022,-0.4481792,0.03179103,0.6247164
17182,2,-0.5002164,-0.38384694,0.116369486,0.6256622
17183,2,-0.3788985,-0.3996995,0.020801008,0.62894845
17184,2,-0.41946995,-0.41603372,0.0034362376,0.6233502
17185,2,-0.44795668,-0.3920772,0.055879474,0.624341
17186,2,-0.40433824,-0.40501216,0.0006739199,0.6261742
17187,2,-0.43109488,-0.41419762,0.016897261,0.6239318
17188,2,-0.44445872,-0.4306111,0.013847619,0.6248244
17189,2,-0.46727008,-0.4643486,0.002921462,0.6252399
17190,2,-0.51478136,-0.43902004,0.07576132,0.6258228
17191,2,-0.45906252,-0.40835348,0.05070904,0.6292308
17192,2,-0.41125268,-0.35108092,0.060171753,0.62776417
17193,2,-0.3293996,-0.2740659,0.055333674,0.6262194
17194,2,-0.22850998,-0.21754937,0.010960609,0.62250286
17195,2,-0.1731287,-0.105430506,0.06769819,0.6167332
17196,2,-0.027415857,-0.078292504,0.050876647,0.61263394
17197,2,-0.03292258,0.06506378,0.09798636,0.6035615
17198,2,0.16063507,0.23592232,0.07528725,0.60130227
17199,2,0.36616313,0.27151775,0.09464538,0.5893036
17200,2,0.35333204,0.44418544,0.09085339,0.57515496
17201,2,0.55993426,0.5830486,0.023114324,0.5726517
17202,2,0.6955891,0.64219207,0.05339706,0.5593747
17203,2,0.72254395,0.6301005,0.092443466,0.5481951
17204,2,0.67072165,0.88046163,0.20973998,0.5426745
17205,2,0.9715375,0.9569909,0.014546573,0.55007875
17206,2,1.0185968,1.0539205,0.03532374,0.53048956
17207,2,1.0966804,1.06639,0.030290365,0.52771324
17208,2,1.0813298,1.2014278,0.120097995,0.51911277
17209,2,1.2132236,1.2981095,0.084885955,0.5253771
17210,2,1.2919036,1.2751135,0.016790152,0.51849234
17211,2,1.2454172,1.2318016,0.013615608,0.50738317
17212,2,1.1882635,1.2288141,0.04055059,0.50687504
17213,2,1.1826829,1.1745816,0.008101225,0.5109829
17214,2,1.1236557,1.0764749,0.04718077,0.5079802
17215,2,1.0200124,1.1179874,0.097975016,0.5079305
17216,2,1.0805348,1.0607452,0.019789577,0.51964736
17217,2,1.0198635,0.9504947,0.06936878,0.5126403
17218,2,0.9001819,0.98734605,0.08716416,0.5131486
17219,2,0.9611018,0.93593633,0.025165439,0.5252251
17220,2,0.9063127,0.870438,0.035874724,0.5195557
17221,2,0.8365699,0.96311134,0.12654144,0.52195096
17222,2,0.962041,0.7804858,0.18155521,0.5316753
17223,2,0.7383393,0.728645,0.009694278,0.51660347
17224,2,0.69152737,0.6901969,0.0013304949,0.53218484
17225,2,0.66111124,0.6441563,0.016954958,0.53603673
17226,2,0.6177369,0.49313992,0.12459695,0.53858954
17227,2,0.43197507,0.48890314,0.05692807,0.54056865
17228,2,0.46018624,0.4955268,0.035340548,0.5540054
17229,2,0.4888758,0.5092174,0.020341575,0.55444664
17230,2,0.5165278,0.40925574,0.10727203,0.5540079
17231,2,0.38011253,0.35042724,0.029685289,0.55191344
17232,2,0.3153805,0.40351704,0.088136524,0.5604023
17233,2,0.4131447,0.3195122,0.09363252,0.5657897
17234,2,0.294497,0.29855993,0.004062921,0.5607765
17235,2,0.28068972,0.23112947,0.04956025,0.5680344
17236,2,0.19540422,0.11701657,0.07838765,0.569695
17237,2,0.046921715,0.049801275,0.00287956,0.57536453
17238,2,-0.017822057,-0.0922131,0.074391045,0.5850847
17239,2,-0.20088078,-0.16317928,0.037701502,0.59033036
17240,2,-0.2575357,-0.32142392,0.06388822,0.6019868
17241,2,-0.46080738,-0.22726117,0.23354621,0.60604084
17242,2,-0.23981877,-0.2676289,0.027810141,0.6204927
17243,2,-0.3036788,-0.2600194,0.04365942,0.612344
17244,2,-0.28016138,-0.27313632,0.007025063,0.61581296
17245,2,-0.29871207,-0.3879173,0.089205235,0.6150258
17246,2,-0.4771443,-0.33416945,0.14297485,0.6141931
17247,2,-0.35187507,-0.38669413,0.034819067,0.6247944
17248,2,-0.43692058,-0.36821672,0.06870386,0.61942756
17249,2,-0.39092648,-0.42697594,0.036049455,0.62417144
17250,2,-0.48462254,-0.42693532,0.057687223,0.62144107
17251,2,-0.4653542,-0.45725965,0.008094549,0.62638855
17252,2,-0.50586194,-0.41806865,0.08779329,0.6256885
17253,2,-0.4282169,-0.39477113,0.033445776,0.62907594
17254,2,-0.39759874,-0.31461507,0.08298367,0.6262925
17255,2,-0.2782103,-0.33737925,0.059168935,0.625597
17256,2,-0.3464049,-0.27521664,0.07118827,0.6186805
17257,2,-0.25268227,-0.17190701,0.08077526,0.6213825
17258,2,-0.10873203,-0.16505343,0.056321397,0.61708
17259,2,-0.13984156,-0.2450146,0.10517304,0.60868245
17260,2,-0.28817472,-0.16891646,0.119258255,0.607355
17261,2,-0.1516764,-0.07706415,0.07461225,0.61466396
17262,2,-0.02164501,0.015499283,0.037144292,0.6087595
17263,2,0.08884661,0.15550749,0.06666088,0.6013093
17264,2,0.26151556,0.2415083,0.020007253,0.5935135
17265,2,0.33483195,0.35443053,0.019598573,0.5819073
17266,2,0.45248383,0.41919443,0.033289403,0.5748356
17267,2,0.49802423,0.4688505,0.029173732,0.56553465
17268,2,0.5314859,0.54765266,0.016166747,0.5602982
17269,2,0.6121334,0.6067345,0.0053988695,0.55679315
17270,2,0.6637804,0.8340292,0.1702488,0.5507193
17271,2,0.9311789,0.8952357,0.03594321,0.55066925
17272,2,0.95988226,0.89098847,0.06889379,0.5323775
17273,2,0.92174375,1.1660459,0.24430215,0.5265184
17274,2,1.2224556,1.2451613,0.022705674,0.53953254
17275,2,1.2662984,1.1611967,0.105101705,0.5184779
17276,2,1.1461767,1.1353787,0.010797977,0.5055906
17277,2,1.1068043,1.2075095,0.100705266,0.51237833
17278,2,1.1833407,1.2254586,0.042117953,0.5191141
17279,2,1.1944065,1.2476916,0.053285122,0.51316977
17280,2,1.2116128,1.2223306,0.01071775,0.51281
17281,2,1.1787237,1.2681093,0.08938563,0.5090035
17282,2,1.2266098,1.322804,0.09619415,0.5144447
17283,2,1.2791411,1.199542,0.07959902,0.51361305
17284,2,1.142308,1.2853202,0.14301217,0.5001503
17285,2,1.240481,1.1082764,0.13220465,0.517821
17286,2,1.0468556,0.97405666,0.07279891,0.4987531
17287,2,0.90621006,0.9346607,0.028450608,0.5095772
17288,2,0.8826885,0.929212,0.04652345,0.5207664
17289,2,0.89541376,0.9353628,0.03994906,0.5242763
17290,2,0.9145882,0.8342104,0.08037782,0.5250365
17291,2,0.7981819,0.79924315,0.0010612607,0.5207861
17292,2,0.7701638,0.87451255,0.10434878,0.5291491
17293,2,0.87740767,0.7301816,0.1472261,0.5348374
17294,2,0.6966214,0.6462583,0.050363123,0.523536
17295,2,0.60479486,0.52523386,0.079560995,0.53498715
17296,2,0.46596086,0.4442061,0.021754771,0.54073024
17297,2,0.3871591,0.48878336,0.10162425,0.55075073
17298,2,0.48247784,0.40164298,0.080834866,0.5583005
17299,2,0.37044072,0.29009417,0.080346555,0.5536745
17300,2,0.23136462,0.119692035,0.11167259,0.56084055
17301,2,0.0136028975,-0.0047779838,0.01838088,0.57025087
17302,2,-0.119925015,-0.019050296,0.10087472,0.58471453
17303,2,-0.08175088,-0.1696053,0.08785442,0.59529793
17304,2,-0.28311965,-0.041607194,0.24151245,0.5956641
17305,2,-0.023070589,-0.05001754,0.02694695,0.6088096
17306,2,-0.047386885,-0.02813139,0.019255495,0.59831685
17307,2,-0.017555788,-0.059404075,0.041848287,0.5990703
17308,2,-0.07453966,-0.087161735,0.012622073,0.59715086
17309,2,-0.11356615,-0.21252324,0.098957084,0.5996796
17310,2,-0.30038187,-0.36759248,0.067210615,0.60107714
17311,2,-0.50565886,-0.35906845,0.14659041,0.6094044
17312,2,-0.42562222,-0.49265125,0.06702903,0.62274307
17313,2,-0.61192334,-0.4158471,0.19607624,0.61892533
17314,2,-0.43205678,-0.42208534,0.00997144,0.63199836
17315,2,-0.44494003,-0.44991,0.0049699843,0.62556356
17316,2,-0.49028283,-0.40786764,0.08241519,0.6254577
17317,2,-0.41276503,-0.48262143,0.069856405,0.6286682
17318,2,-0.54355264,-0.5004736,0.04307902,0.6234097
17319,2,-0.5529495,-0.50036925,0.052580237,0.6292601
17320,2,-0.53770506,-0.58204883,0.04434377,0.63075954
17321,2,-0.66291016,-0.4074977,0.25541246,0.628224
17322,2,-0.34386873,-0.33986712,0.0040016174,0.6391571
17323,2,-0.28259602,-0.4342514,0.15165538,0.62630755
17324,2,-0.4789667,-0.42842162,0.050545096,0.61884886
17325,2,-0.4593947,-0.3104479,0.14894679,0.62696266
17326,2,-0.2624833,-0.22424221,0.03824109,0.6283259
17327,2,-0.1605843,-0.12825237,0.03233193,0.6196318
17328,2,-0.05129236,0.042175855,0.09346822,0.61313045
17329,2,0.16759713,0.10799682,0.05960031,0.6053256
17330,2,0.19928499,0.19547535,0.0038096309,0.5914288
17331,2,0.2816049,0.2788623,0.0027425885,0.5858822
17332,2,0.36072004,0.37620524,0.015485197,0.5785775
17333,2,0.46145678,0.47333938,0.011882603,0.57176334
17334,2,0.5583184,0.6752425,0.11692411,0.564041
17335,2,0.7909217,0.7053547,0.085567,0.5583259
17336,2,0.77752423,0.79848504,0.020960808,0.5412377
17337,2,0.8622383,0.9680581,0.10581982,0.54094183
17338,2,1.0373396,1.0778434,0.04050386,0.53846437
17339,2,1.1259364,1.2459133,0.11997688,0.5278622
17340,2,1.2767751,1.2278558,0.04891932,0.5270023
17341,2,1.2228185,1.1803036,0.04251492,0.5095257
17342,2,1.152733,1.1940295,0.041296482,0.50841177
17343,2,1.1613775,1.2506073,0.0892297,0.51391244
17344,2,1.2181852,1.2561756,0.03799045,0.51609075
17345,2,1.2165207,1.1988568,0.017663836,0.510869
17346,2,1.1503872,1.1136254,0.03676176,0.5067207
17347,2,1.0593413,1.2228763,0.163535,0.50749946
17348,2,1.190835,1.3013742,0.1105392,0.5221583
17349,2,1.2690622,1.1173859,0.1516763,0.51660997
17350,2,1.0633274,1.1319528,0.06862533,0.49765843
17351,2,1.0887382,1.0647688,0.023969412,0.5164572
17352,2,1.018202,1.0064095,0.011792421,0.5114865
17353,2,0.9610876,0.93650293,0.024584651,0.5151823
17354,2,0.89148736,0.82839763,0.06308973,0.5177652
17355,2,0.77627087,0.82302004,0.046749175,0.52049387
17356,2,0.7925997,0.80502385,0.012424171,0.530422
17357,2,0.7843226,0.739668,0.044654608,0.5303619
17358,2,0.71227795,0.73393047,0.02165252,0.5301996
17359,2,0.7195459,0.7331472,0.013601303,0.5360651
17360,2,0.72759104,0.64448315,0.08310789,0.5365702
17361,2,0.6181662,0.5984988,0.019667387,0.5346826
17362,2,0.5729917,0.56223476,0.010756969,0.5419223
17363,2,0.5407164,0.41119334,0.12952307,0.5455099
17364,2,0.3487252,0.31616524,0.03255996,0.5472159
17365,2,0.24832772,0.26261118,0.014283463,0.5600901
17366,2,0.20881166,0.1978727,0.010938957,0.56823194
17367,2,0.14496858,0.11650878,0.028459802,0.5727554
17368,2,0.053603604,0.02656624,0.027037365,0.5782384
17369,2,-0.048931986,-0.060829226,0.01189724,0.58507884
17370,2,-0.14451334,-0.17534886,0.030835524,0.5924924
17371,2,-0.2813447,-0.15134832,0.12999639,0.5992003
17372,2,-0.19060153,-0.15878183,0.0318197,0.60905033
17373,2,-0.18529586,-0.11446125,0.070834614,0.6070088
17374,2,-0.1056677,-0.11880869,0.013140984,0.60785025
17375,2,-0.12173224,-0.20978066,0.08804842,0.60415524
17376,2,-0.26884988,-0.20969911,0.05915077,0.60381645
17377,2,-0.24411021,-0.22319087,0.020919338,0.6114969
17378,2,-0.2538389,-0.2724765,0.018637598,0.61136603
17379,2,-0.32331157,-0.3183765,0.004935056,0.61193776
17380,2,-0.37788957,-0.31969392,0.05819565,0.61543834
17381,2,-0.35693854,-0.3650389,0.008100361,0.61926866
17382,2,-0.41922593,-0.5233704,0.104144454,0.6186243
17383,2,-0.6527392,-0.4360932,0.21664602,0.618494
17384,2,-0.45078188,-0.5661718,0.11538994,0.6340992
17385,2,-0.66335326,-0.51108944,0.15226382,0.6232262
17386,2,-0.5336299,-0.54008317,0.0064532757,0.63591236
17387,2,-0.58253354,-0.53751546,0.045018077,0.630518
17388,2,-0.5699447,-0.4652363,0.10470837,0.6330329
17389,2,-0.44853997,-0.4810314,0.032491416,0.6346533
17390,2,-0.49838245,-0.3502185,0.14816394,0.628314
17391,2,-0.28891328,-0.3336533,0.04474002,0.63204056
17392,2,-0.3088454,-0.27483022,0.03401518,0.62170553
17393,2,-0.239927,-0.24945737,0.00953038,0.62108356
17394,2,-0.2291157,-0.07999482,0.14912087,0.6165197
17395,2,0.02154623,0.09928535,0.07773912,0.61513376
17396,2,0.24017732,0.22833875,0.01183857,0.6013048
17397,2,0.35842812,0.37490958,0.01648146,0.5865547
17398,2,0.5045924,0.4412173,0.063375115,0.5759766
17399,2,0.5355301,0.53236747,0.0031626225,0.5639152
17400,2,0.61703414,0.4901748,0.12685934,0.55901134
17401,2,0.52204484,0.6383719,0.11632705,0.5505405
17402,2,0.7094178,0.7554622,0.04604441,0.5562551
17403,2,0.82972443,0.814562,0.015162408,0.5457618
17404,2,0.86989796,1.0334061,0.16350818,0.5368748
17405,2,1.105201,1.056182,0.04901898,0.5398204
17406,2,1.0903496,1.0628757,0.027473807,0.5205702
17407,2,1.0718503,1.1462674,0.074417114,0.51871836
17408,2,1.1500376,1.1871339,0.037096262,0.52251756
17409,2,1.1777936,1.1998348,0.022041202,0.51682657
17410,2,1.177839,1.1931627,0.015323639,0.5135933
17411,2,1.1615645,1.1054637,0.056100726,0.5119414
17412,2,1.0610323,1.2587035,0.19767118,0.507621
17413,2,1.2365032,1.0514013,0.18510199,0.5251829
17414,2,1.0009965,1.086169,0.085172534,0.49854034
17415,2,1.0518122,0.9798784,0.07193375,0.52036786
17416,2,0.93382215,1.0368237,0.103001595,0.51194715
17417,2,1.0143441,1.0781585,0.0638144,0.52472544
17418,2,1.0633513,0.98067605,0.08267522,0.5213521
17419,2,0.9480015,0.93523496,0.01276654,0.5127505
17420,2,0.9020972,0.9060434,0.003946185,0.5201611
17421,2,0.87747514,0.84102416,0.036450982,0.52332014
17422,2,0.80822253,0.83967763,0.0314551,0.5237591
17423,2,0.8205286,0.78176904,0.03875959,0.52978796
17424,2,0.7568629,0.699318,0.057544887,0.52812976
17425,2,0.66433465,0.5790178,0.08531684,0.5313701
17426,2,0.5252631,0.6182531,0.09299004,0.5366539
17427,2,0.60758173,0.5518358,0.05574596,0.54812855
17428,2,0.5287907,0.5116698,0.017120898,0.5435905
17429,2,0.48996454,0.42457974,0.065384805,0.5490394
17430,2,0.38508093,0.3369659,0.048115045,0.5518035
17431,2,0.2850837,0.26302353,0.022060186,0.5589963
17432,2,0.20832984,0.299187,0.09085716,0.56642276
17433,2,0.29300755,0.18046875,0.1125388,0.5728948
17434,2,0.12729205,0.11577598,0.011516072,0.5695533
17435,2,0.059704736,0.06463205,0.004927315,0.5797363
17436,2,0.012585327,-0.042817794,0.05540312,0.5852151
17437,2,-0.12466866,0.023589972,0.14825863,0.5893082
17438,2,0.020493641,-0.20316294,0.22365658,0.59850585
17439,2,-0.32768902,-0.18123184,0.14645718,0.59163576
17440,2,-0.23205167,-0.22233787,0.009713799,0.6111679
17441,2,-0.27504882,-0.29585323,0.020804405,0.60898286
17442,2,-0.3704059,-0.38961232,0.019206405,0.6115358
17443,2,-0.48844242,-0.33502737,0.15341505,0.6161043
17444,2,-0.3555364,-0.36340025,0.007863849,0.6249208
17445,2,-0.39980078,-0.41218704,0.012386262,0.6199467
17446,2,-0.4696645,-0.4280785,0.04158601,0.62136567
17447,2,-0.47583663,-0.36406067,0.111775964,0.6251273
17448,2,-0.35726482,-0.4362158,0.07895097,0.6276292
17449,2,-0.48897588,-0.47230187,0.016674012,0.620869
17450,2,-0.53163457,-0.4266959,0.104938656,0.626094
17451,2,-0.43765947,-0.47096574,0.03330627,0.6301392
17452,2,-0.51628625,-0.5092777,0.0070085526,0.62532306
17453,2,-0.56727886,-0.44408685,0.12319201,0.6280312
17454,2,-0.44247,-0.46865436,0.02618435,0.63280493
17455,2,-0.4969877,-0.42061344,0.07637426,0.6268506
17456,2,-0.417184,-0.34374452,0.07343948,0.62996
17457,2,-0.30716395,-0.29437214,0.012791812,0.6273153
17458,2,-0.25965858,-0.22390169,0.035756886,0.6216935
17459,2,-0.17631201,-0.16802026,0.008291751,0.6183368
17460,2,-0.122289255,-0.09822559,0.024063662,0.612952
17461,2,-0.044125438,0.08786384,0.13198927,0.60865325
17462,2,0.21122135,0.34395912,0.13273777,0.60278124
17463,2,0.5246639,0.3152251,0.20943883,0.58721864
17464,2,0.3961678,0.46396396,0.06779614,0.5659648
17465,2,0.5669842,0.5467403,0.020243883,0.5691321
17466,2,0.6327691,0.6629331,0.030164003,0.557207
17467,2,0.7483099,0.6743262,0.07398373,0.5517851
17468,2,0.72503257,0.8248971,0.09986454,0.54166806
17469,2,0.8938457,0.8877981,0.0060476065,0.5444994
17470,2,0.9378574,1.0237496,0.0858922,0.5329495
17471,2,1.0722364,1.1154777,0.043241262,0.53272855
17472,2,1.1455965,1.2365347,0.09093821,0.52455986
17473,2,1.2504967,1.280515,0.03001821,0.52282757
17474,2,1.2696154,1.3264241,0.05680871,0.51386267
17475,2,1.2974272,1.2413015,0.05612564,0.5126328
17476,2,1.1938416,1.2443113,0.050469756,0.5023605
17477,2,1.1953946,1.1620711,0.033323526,0.5110263
17478,2,1.1064128,1.2426703,0.13625753,0.50572467
17479,2,1.2023908,1.2136256,0.01123476,0.51870674
17480,2,1.168213,1.1677241,0.0004888773,0.50896084
17481,2,1.119013,1.0589352,0.060077786,0.50907695
17482,2,1.0028101,0.9944886,0.008321524,0.50772136
17483,2,0.94251907,0.91800094,0.024518132,0.51520413
17484,2,0.86811423,0.94939137,0.08127713,0.51816905
17485,2,0.92467153,0.9144299,0.010241628,0.5266639
17486,2,0.8899801,0.8707394,0.019240677,0.5223048
17487,2,0.84501505,0.7506411,0.09437394,0.5239853
17488,2,0.7061277,0.76160496,0.05547726,0.52439666
17489,2,0.7417695,0.74831945,0.0065499544,0.5357844
17490,2,0.7359177,0.7874126,0.051494896,0.53442407
17491,2,0.7931713,0.6181165,0.17505479,0.5367192
17492,2,0.57566464,0.5877751,0.012110472,0.52926254
17493,2,0.55816114,0.5704022,0.0122410655,0.5441277
17494,2,0.553324,0.435102,0.118222,0.5465885
17495,2,0.38166404,0.4197938,0.038129777,0.54665637
17496,2,0.39087057,0.28686804,0.104002535,0.5585312
17497,2,0.22124393,0.36753467,0.14629073,0.55923724
17498,2,0.3751011,0.27950233,0.09559876,0.57105595
17499,2,0.2507168,0.19756465,0.05315216,0.5637973
17500,2,0.14858247,0.16773346,0.019150987,0.57129127
17501,2,0.13179351,0.055279084,0.07651443,0.5783226
17502,2,-0.01665634,-0.14244302,0.12578668,0.58073366
17503,2,-0.28318474,-0.14281632,0.14036842,0.5894954
17504,2,-0.2125692,-0.1694436,0.0431256,0.6063639
17505,2,-0.22062024,-0.15087295,0.0697473,0.60621804
17506,2,-0.16815428,-0.20209222,0.03393793,0.6085639
17507,2,-0.24493334,-0.3082967,0.06336337,0.60661936
17508,2,-0.39737657,-0.41083306,0.013456494,0.6096124
17509,2,-0.521993,-0.42717478,0.094818205,0.61669886
17510,2,-0.49786907,-0.47948363,0.01838544,0.6250337
17511,2,-0.5545071,-0.5239545,0.030552566,0.6251398
17512,2,-0.5975295,-0.5196959,0.07783359,0.628326
17513,2,-0.56325305,-0.44311953,0.12013352,0.6321943
17514,2,-0.4274274,-0.3887346,0.038692802,0.63366777
17515,2,-0.36124778,-0.41136536,0.050117582,0.6284554
17516,2,-0.4266886,-0.41071802,0.015970588,0.6235198
17517,2,-0.4310545,-0.3063489,0.12470561,0.6254264
17518,2,-0.26255122,-0.37404507,0.111493856,0.6269635
17519,2,-0.40661085,-0.3078366,0.098774254,0.61732006
17520,2,-0.2937652,-0.31923756,0.025472373,0.62400174
17521,2,-0.33072984,-0.27715668,0.05357316,0.61839616
17522,2,-0.26750028,-0.28968534,0.022185057,0.6198822
17523,2,-0.30293888,-0.29435158,0.008587301,0.61624736
17524,2,-0.31349206,-0.22606842,0.08742364,0.6172315
17525,2,-0.20278719,-0.24469689,0.041909695,0.6183194
17526,2,-0.2537143,-0.10403724,0.14967705,0.6125146
17527,2,-0.032196537,0.0017307707,0.033927307,0.61478484
17528,2,0.08979918,0.11163154,0.021832362,0.60350764
17529,2,0.20874007,0.11770381,0.09103626,0.5947408
17530,2,0.1664709,0.33635098,0.16988008,0.58561176
17531,2,0.46407533,0.46165216,0.0024231672,0.5849007
17532,2,0.5797475,0.5461126,0.0336349,0.56734234
17533,2,0.6404116,0.6550211,0.014609456,0.5574003
17534,2,0.74221325,0.82455814,0.08234489,0.5516919
17535,2,0.91811097,0.8956913,0.022419691,0.5461949
17536,2,0.9601227,1.1235704,0.16344774,0.533269
17537,2,1.1908158,1.1267455,0.064070344,0.5368803
17538,2,1.1510018,1.0885752,0.062426567,0.515568
17539,2,1.083006,1.1320468,0.049040794,0.51321024
17540,2,1.120998,1.1624386,0.041440606,0.5192521
17541,2,1.144778,1.1341816,0.010596395,0.5167605
17542,2,1.1053492,1.032857,0.07249224,0.51219016
17543,2,0.9896176,1.0979279,0.10831034,0.5097155
17544,2,1.073897,1.1121761,0.038279057,0.5227587
17545,2,1.0888036,1.2088035,0.119999886,0.5172602
17546,2,1.1931944,1.1637882,0.02940619,0.5214368
17547,2,1.1331693,1.1797944,0.046625137,0.50932324
17548,2,1.147782,1.1121914,0.03559053,0.51467973
17549,2,1.0704604,1.1657174,0.095256925,0.50928813
17550,2,1.1351073,1.0311853,0.10392201,0.5188775
17551,2,0.9830414,1.013172,0.030130625,0.5065853
17552,2,0.9740561,0.9592464,0.014809728,0.51871735
17553,2,0.92061996,0.8902786,0.030341387,0.5180557
17554,2,0.8501607,0.84550893,0.004651785,0.52046365
17555,2,0.8109586,0.81958544,0.008626819,0.5253851
17556,2,0.79375196,0.6835366,0.110215366,0.52872354
17557,2,0.63388884,0.6293529,0.0045359135,0.52754676
17558,2,0.5885402,0.6412296,0.052689433,0.5389181
17559,2,0.62760115,0.63532066,0.0077195168,0.544037
17560,2,0.6306769,0.44591552,0.1847614,0.5428571
17561,2,0.3824998,0.46043047,0.07793066,0.5409496
17562,2,0.4377705,0.34682786,0.09094262,0.5578957
17563,2,0.29467088,0.29718396,0.0025130808,0.55588156
17564,2,0.25348246,0.17712702,0.07635544,0.56565714
17565,2,0.10382028,0.26130784,0.15748756,0.56972235
17566,2,0.2693841,0.07784609,0.191538,0.58010405
17567,2,-0.001584515,0.035313465,0.03689798,0.57267874
17568,2,-0.02544628,-0.05787311,0.03242683,0.58840483
17569,2,-0.1374025,-0.058269385,0.07913312,0.591757
17570,2,-0.09781963,-0.1020741,0.0042544752,0.59965694
17571,2,-0.14730278,-0.15367348,0.0063707083,0.59951204
17572,2,-0.20795625,-0.18108824,0.026868016,0.60289735
17573,2,-0.22720593,-0.30905062,0.08184469,0.6070403
17574,2,-0.41085482,-0.2369007,0.17395411,0.607798
17575,2,-0.24723184,-0.22770777,0.019524068,0.61942774
17576,2,-0.23398073,-0.28665343,0.0526727,0.6135902
17577,2,-0.33259094,-0.33382517,0.0012342334,0.6121261
17578,2,-0.39273465,-0.3884314,0.0043032467,0.6163849
17579,2,-0.4585153,-0.4797754,0.021260113,0.619363
17580,2,-0.57790464,-0.44081286,0.13709179,0.62182426
17581,2,-0.4723729,-0.43904498,0.033327907,0.6304633
17582,2,-0.4643876,-0.4272087,0.037178904,0.6272775
17583,2,-0.44422638,-0.46864566,0.024419278,0.62738675
17584,2,-0.5152065,-0.45533952,0.059866995,0.62542623
17585,2,-0.4816695,-0.49253452,0.010865033,0.6292245
17586,2,-0.54107153,-0.47602618,0.06504536,0.6271751
17587,2,-0.50148726,-0.4345945,0.06689274,0.6307182
17588,2,-0.43376237,-0.32407624,0.109686136,0.63028485
17589,2,-0.2670773,-0.34359056,0.07651326,0.62867284
17590,2,-0.34204584,-0.29032558,0.05172026,0.6193714
17591,2,-0.2691754,-0.14531045,0.12386496,0.62172705
17592,2,-0.057588473,-0.20131893,0.14373046,0.61834
17593,2,-0.20091522,-0.03597594,0.16493928,0.60615593
17594,2,0.053110152,0.102321155,0.049211003,0.61129445
17595,2,0.21541037,0.17869641,0.036713958,0.5978073
17596,2,0.27035278,0.3469669,0.07661411,0.58636934
17597,2,0.46975112,0.48415688,0.014405757,0.5800051
17598,2,0.60342526,0.5222941,0.08113116,0.56660753
17599,2,0.6005055,0.7038544,0.10334891,0.5551546
17600,2,0.80577284,0.72523415,0.08053869,0.55470806
17601,2,0.78697926,0.85731304,0.07033378,0.5391156
17602,2,0.92365026,0.84598404,0.07766622,0.5409759
17603,2,0.8775455,0.94922006,0.071674585,0.5284812
17604,2,0.9852947,1.0381705,0.052875757,0.53336346
17605,2,1.067292,1.1543357,0.08704376,0.5276829
17606,2,1.1755079,1.2104796,0.034971714,0.5253281
17607,2,1.211543,1.2252107,0.013667703,0.51745206
17608,2,1.2074584,1.2144501,0.006991744,0.5128616
17609,2,1.1831168,1.2081932,0.02507639,0.51073855
17610,2,1.1701742,1.2413046,0.071130395,0.51141536
17611,2,1.2031585,1.2889403,0.08578181,0.51410353
17612,2,1.2491809,1.1733227,0.075858235,0.5139543
17613,2,1.1196929,1.1170406,0.0026522875,0.5019645
17614,2,1.0634524,1.1115843,0.048131943,0.51018316
17615,2,1.0672874,1.0235654,0.043722034,0.51537484
17616,2,0.97432077,0.9111239,0.0631969,0.5114632
17617,2,0.8554859,0.8955953,0.040109396,0.51514393
17618,2,0.85797834,0.87613004,0.0181517,0.52519757
17619,2,0.8489858,0.9381331,0.08914733,0.5259452
17620,2,0.93475616,0.859014,0.075742185,0.5301225
17621,2,0.8378047,0.8476464,0.00984174,0.52134806
17622,2,0.8317349,0.77187586,0.059859037,0.5283783
17623,2,0.7439363,0.6451577,0.098778605,0.52711064
17624,2,0.5951268,0.65193146,0.056804657,0.5311565
17625,2,0.6306601,0.5162136,0.11444652,0.5428189
17626,2,0.46391642,0.5444269,0.0805105,0.5401153
17627,2,0.5322528,0.44778553,0.08446726,0.55259883
17628,2,0.41117835,0.3649867,0.046191663,0.5490721
17629,2,0.31736445,0.36792937,0.050564915,0.55708474
17630,2,0.34997547,0.23909502,0.11088045,0.5643501
17631,2,0.17849858,0.20519891,0.026700333,0.563663
17632,2,0.16231544,0.1392032,0.023112237,0.5747955
17633,2,0.08908971,0.013898436,0.075191274,0.5776362
17634,2,-0.07302098,-0.09662513,0.023604147,0.5830909
17635,2,-0.19929056,-0.1287402,0.07055035,0.5933898
17636,2,-0.19784269,-0.150567,0.047275692,0.60260296
17637,2,-0.19858426,-0.22004946,0.021465197,0.60516834
17638,2,-0.28720412,-0.25978658,0.02741754,0.6064109
17639,2,-0.32082313,-0.3449053,0.024082154,0.61183393
17640,2,-0.43128306,-0.3664136,0.06486946,0.61390924
17641,2,-0.42822164,-0.3799676,0.048254043,0.6207217
17642,2,-0.4262797,-0.40243888,0.023840815,0.62227386
17643,2,-0.44806784,-0.563551,0.115483165,0.62296915
17644,2,-0.69148296,-0.5297765,0.16170645,0.6203903
17645,2,-0.57904965,-0.542632,0.036417663,0.6352029
17646,2,-0.58629745,-0.50597745,0.08032,0.63201654
17647,2,-0.5167671,-0.5685987,0.051831603,0.63411117
17648,2,-0.6269874,-0.57006115,0.05692625,0.62916833
17649,2,-0.6125683,-0.501081,0.11148733,0.6344271
17650,2,-0.49118644,-0.45546776,0.03571868,0.63647646
17651,2,-0.43749875,-0.53546464,0.097965896,0.6318969
17652,2,-0.5917063,-0.5211506,0.07055569,0.6259231
17653,2,-0.55291456,-0.4155405,0.13737407,0.63311315
17654,2,-0.3766139,-0.30614862,0.07046527,0.63428706
17655,2,-0.2333887,-0.1288171,0.10457161,0.6273487
17656,2,0.00080524385,-0.1541907,0.15499595,0.6195706
17657,2,-0.117078654,-0.04040611,0.07667254,0.6051504
17658,2,0.034220606,-0.027055265,0.06127587,0.60757905
17659,2,0.010619506,0.11397081,0.1033513,0.59827065
17660,2,0.20411558,0.19910647,0.0050091147,0.59705657
17661,2,0.284742,0.32813108,0.043389082,0.5853837
17662,2,0.43070006,0.3887248,0.04197526,0.57831585
17663,2,0.4684487,0.396616,0.07183269,0.5676277
17664,2,0.44316941,0.5807418,0.13757241,0.56243706
17665,2,0.67720604,0.61332685,0.06387919,0.56337434
17666,2,0.67812157,0.71298975,0.03486818,0.5478914
17667,2,0.7797972,0.69980955,0.079987645,0.5469613
17668,2,0.7334213,0.7990076,0.06558627,0.5376825
17669,2,0.84500563,0.97804266,0.13303703,0.54145646
17670,2,1.0405974,0.9942279,0.046369553,0.53882796
17671,2,1.0253671,1.0514635,0.026096344,0.52292264
17672,2,1.0695516,1.0471908,0.022360802,0.5240745
17673,2,1.0464956,1.100785,0.05428946,0.51839375
17674,2,1.0974213,1.1504784,0.053057075,0.52153826
17675,2,1.1417037,1.1368334,0.0048702955,0.5191069
17676,2,1.1153549,1.1296178,0.014262915,0.5135069
17677,2,1.1020705,1.0606731,0.041397333,0.51443595
17678,2,1.0227576,1.1312277,0.10847008,0.5115085
17679,2,1.1088523,1.1149869,0.0061346292,0.5218915
17680,2,1.0870918,1.0634952,0.023596644,0.51417965
17681,2,1.028438,1.0537477,0.025309682,0.5130688
17682,2,1.0222884,1.0610064,0.038717985,0.51755923
17683,2,1.0348561,0.9368113,0.09804475,0.51885873
17684,2,0.8929266,0.9882335,0.09530693,0.51257366
17685,2,0.9687635,0.8292944,0.13946909,0.5265545
17686,2,0.7820147,0.7436743,0.03834045,0.51566887
17687,2,0.6946871,0.7446492,0.049962044,0.5280581
17688,2,0.7200985,0.72460943,0.004510939,0.5359725
17689,2,0.70820653,0.51294035,0.19526619,0.53537697
17690,2,0.44086522,0.45772555,0.016860336,0.5335513
17691,2,0.40298706,0.54651546,0.1435284,0.55195785
17692,2,0.5576738,0.45771912,0.099954695,0.5577459
17693,2,0.43701577,0.436795,0.0002207756,0.54897076
17694,2,0.42276484,0.42109677,0.0016680658,0.5566677
17695,2,0.41276038,0.26519755,0.14756283,0.55839175
17696,2,0.19990046,0.24465932,0.044758856,0.5590646
17697,2,0.20578088,0.14685456,0.058926314,0.57260543
17698,2,0.08443715,0.11711396,0.032676816,0.57423705
17699,2,0.07384162,-0.027250137,0.10109176,0.58261824
17700,2,-0.12174849,0.059856433,0.18160492,0.5848542
17701,2,0.062026754,0.040128738,0.021898016,0.5971971
17702,2,0.03170918,-0.08996526,0.12167444,0.5899399
17703,2,-0.16499068,-0.19814432,0.03315364,0.59117633
17704,2,-0.29898283,-0.21478936,0.08419347,0.6014727
17705,2,-0.27683523,-0.29780808,0.020972848,0.61047894
17706,2,-0.38143447,-0.3196527,0.061781764,0.6108635
17707,2,-0.37917036,-0.36066905,0.018501312,0.6175504
17708,2,-0.4215539,-0.36191124,0.059642673,0.6187015
17709,2,-0.40031332,-0.39823025,0.0020830631,0.622119
17710,2,-0.44852215,-0.47565007,0.027127922,0.6215363
17711,2,-0.55728245,-0.41474316,0.1425393,0.6227764
17712,2,-0.4253358,-0.45753717,0.03220138,0.63064146
17713,2,-0.5011465,-0.53279454,0.03164804,0.6246518
17714,2,-0.6120505,-0.46736982,0.14468065,0.6261844
17715,2,-0.4750176,-0.39573678,0.07928082,0.6342243
17716,2,-0.3673296,-0.3674039,7.429719e-05,0.6303056
17717,2,-0.35038394,-0.34787646,0.002507478,0.6249315
17718,2,-0.34119868,-0.49419662,0.15299794,0.622909
17719,2,-0.59098446,-0.40558368,0.18540078,0.6179101
17720,2,-0.4062858,-0.27208132,0.13420448,0.63230085
17721,2,-0.20017606,-0.30858275,0.10840669,0.62685496
17722,2,-0.3087045,-0.19207972,0.11662477,0.61555535
17723,2,-0.13190278,-0.11004101,0.021861777,0.6196559
17724,2,-0.04220815,-0.035750635,0.006457515,0.61057955
17725,2,0.031772166,0.111238286,0.07946612,0.6040104
17726,2,0.21844794,0.24938704,0.030939102,0.5977605
17727,2,0.36822426,0.3255049,0.042719364,0.58554816
17728,2,0.41977203,0.39722955,0.022542477,0.5741089
17729,2,0.4768486,0.6055618,0.12871319,0.5678929
17730,2,0.7260143,0.6555487,0.070465624,0.5636326
17731,2,0.7372515,0.6850717,0.052179813,0.5464427
17732,2,0.7386938,0.781992,0.043298244,0.54256356
17733,2,0.83833766,0.9398429,0.10150522,0.5422982
17734,2,1.0049918,1.0018678,0.0031239986,0.538828
17735,2,1.0432724,1.0551426,0.011870265,0.52687836
17736,2,1.077872,1.117889,0.04001701,0.52352947
17737,2,1.1278275,1.1944157,0.06658816,0.5216925
17738,2,1.193781,1.1607066,0.03307438,0.5200172
17739,2,1.1394976,1.2665235,0.12702584,0.51056004
17740,2,1.2467582,1.177537,0.06922126,0.52037024
17741,2,1.1382217,1.1723824,0.034160614,0.5044274
17742,2,1.1319828,1.2144728,0.08248997,0.51289636
17743,2,1.1787273,1.2625048,0.08377755,0.5159353
17744,2,1.2267056,1.2161351,0.010570407,0.5148522
17745,2,1.170781,1.3335878,0.16280675,0.5071497
17746,2,1.2957226,1.1664724,0.12925017,0.5194825
17747,2,1.1101669,1.2327933,0.122626424,0.49716267
17748,2,1.1898636,1.1521461,0.03771746,0.5176539
17749,2,1.1011537,1.0192828,0.08187091,0.5062935
17750,2,0.95853245,0.856374,0.10215843,0.50734675
17751,2,0.7833188,0.86562574,0.08230692,0.51361525
17752,2,0.82559514,0.74169815,0.083896995,0.52924
17753,2,0.6886281,0.6582425,0.030385554,0.5246426
17754,2,0.60705775,0.6775375,0.07047975,0.53416944
17755,2,0.66002464,0.6315036,0.028521061,0.54215944
17756,2,0.61201525,0.63921267,0.02719742,0.53950185
17757,2,0.63557005,0.4677724,0.16779765,0.5438057
17758,2,0.41170692,0.4728304,0.06112349,0.54077625
17759,2,0.45014048,0.5455322,0.09539175,0.55608666
17760,2,0.5666192,0.41552034,0.15109888,0.55642045
17761,2,0.3838501,0.23508702,0.14876308,0.5487299
17762,2,0.14547284,0.21574846,0.07027562,0.5594894
17763,2,0.16484503,0.19822398,0.033378944,0.57515323
17764,2,0.16859384,0.20756581,0.038971975,0.57679284
17765,2,0.20120613,0.07113478,0.13007134,0.5782982
17766,2,0.0038214922,0.062139522,0.05831803,0.5773238
17767,2,0.025189713,-0.018248588,0.0434383,0.5890085
17768,2,-0.078386135,-0.017307203,0.061078932,0.5896138
17769,2,-0.046569645,-0.13039988,0.08383024,0.59643424
17770,2,-0.20835988,-0.29170242,0.08334254,0.59584177
17771,2,-0.42504755,-0.31419364,0.11085391,0.60371846
17772,2,-0.3963837,-0.2964179,0.09996581,0.6171207
17773,2,-0.3305626,-0.385246,0.054683417,0.6192398
17774,2,-0.46267062,-0.46065027,0.002020359,0.6162451
17775,2,-0.5524509,-0.49382898,0.058621913,0.62206477
17776,2,-0.5675292,-0.49051222,0.07701698,0.6275889
17777,2,-0.53402513,-0.524021,0.010004103,0.630463
17778,2,-0.5776874,-0.5409255,0.03676188,0.62925875
17779,2,-0.58971876,-0.5727673,0.016951442,0.63158363
17780,2,-0.6290386,-0.5203737,0.10866487,0.63200545
17781,2,-0.5270712,-0.48860842,0.038462758,0.6362129
17782,2,-0.48672563,-0.44267148,0.04405415,0.6327135
17783,2,-0.4280213,-0.2996064,0.1284149,0.6311487
17784,2,-0.21627963,-0.42627,0.20999038,0.62954164
17785,2,-0.47654712,-0.38492087,0.09162626,0.6155844
17786,2,-0.3960616,-0.4059037,0.009842098,0.6271437
17787,2,-0.4365727,-0.3072198,0.1293529,0.62331367
17788,2,-0.27133974,-0.24647067,0.02486907,0.6265709
17789,2,-0.20376816,-0.10823531,0.09553286,0.61920065
17790,2,-0.015224531,0.010946783,0.026171315,0.61492395
17791,2,0.115308955,0.10740733,0.007901624,0.6038308
17792,2,0.20448972,0.23543797,0.030948251,0.59399843
17793,2,0.34422708,0.28122643,0.06300065,0.58588076
17794,2,0.35696888,0.2904885,0.06648037,0.57521033
17795,2,0.33390588,0.4925666,0.15866071,0.5713169
17796,2,0.6008581,0.5203786,0.0804795,0.5713581
17797,2,0.5904242,0.7340784,0.14365423,0.5543935
17798,2,0.84172297,0.8158905,0.025832474,0.5555079
17799,2,0.89501965,0.8568086,0.038211048,0.5388622
17800,2,0.9073576,0.93531364,0.027956069,0.53269184
17801,2,0.97596824,0.9962939,0.02032566,0.53180444
17802,2,1.0240957,1.0298603,0.0057646036,0.52705383
17803,2,1.0428514,1.1104616,0.067610145,0.522834
17804,2,1.119399,1.1523064,0.032907486,0.5237094
17805,2,1.1488035,1.2589768,0.110173345,0.51827437
17806,2,1.2501993,1.2534446,0.0032452345,0.520697
17807,2,1.2260122,1.1824406,0.04357159,0.5098614
17808,2,1.1397766,1.1652344,0.025457859,0.5060097
17809,2,1.1215111,1.1159554,0.005555749,0.511998
17810,2,1.0697451,1.1954327,0.1256876,0.5109151
17811,2,1.1649393,1.1912026,0.026263356,0.52026504
17812,2,1.156308,1.0846783,0.07162976,0.5122565
17813,2,1.0368695,1.0384278,0.0015583038,0.50672835
17814,2,0.9931227,0.983295,0.009827673,0.5147676
17815,2,0.940035,0.9249609,0.015074074,0.5166748
17816,2,0.88385236,1.0284197,0.14456737,0.51950353
17817,2,1.0212351,0.8991377,0.12209743,0.5294945
17818,2,0.86605656,0.8144015,0.051655054,0.5142372
17819,2,0.77380764,0.7096925,0.06411517,0.5235572
17820,2,0.65959626,0.6035739,0.056022346,0.5286032
17821,2,0.5462418,0.6222808,0.07603896,0.53609514
17822,2,0.60248923,0.43199667,0.17049256,0.5460059
17823,2,0.35957742,0.486248,0.12667057,0.5420121
17824,2,0.4752996,0.37500528,0.10029432,0.5593399
17825,2,0.3314389,0.5133574,0.1819185,0.5537408
17826,2,0.5520749,0.4039408,0.14813411,0.5644835
17827,2,0.38843018,0.31305417,0.075376004,0.5515111
17828,2,0.27076042,0.243799,0.026961416,0.5607154
17829,2,0.19480856,0.102897115,0.09191144,0.56846076
17830,2,0.013689041,0.11356588,0.099876836,0.57424325
17831,2,0.077339515,0.017173527,0.060165986,0.5863489
17832,2,-0.048446253,-0.016691385,0.031754866,0.5853078
17833,2,-0.06682642,-0.017075721,0.049750697,0.59344864
17834,2,-0.04193294,-0.037905306,0.004027635,0.596304
17835,2,-0.06240529,-0.095191024,0.032785736,0.5962868
17836,2,-0.14103298,-0.108534776,0.032498203,0.59782135
17837,2,-0.1413175,-0.20894669,0.06762919,0.6025913
17838,2,-0.28595775,-0.22027917,0.06567858,0.60294765
17839,2,-0.2689746,-0.3352646,0.06628999,0.61133105
17840,2,-0.43215752,-0.4678009,0.03564337,0.6107048
17841,2,-0.60029936,-0.50515085,0.095148504,0.6175776
17842,2,-0.59894,-0.47913727,0.11980274,0.6278802
17843,2,-0.5164692,-0.38663515,0.12983403,0.63168764
17844,2,-0.356859,-0.3918006,0.034941614,0.6313992
17845,2,-0.39432865,-0.42881083,0.03448218,0.6237389
17846,2,-0.46614122,-0.5169704,0.050829172,0.6233959
17847,2,-0.60105836,-0.49521935,0.105839014,0.62420887
17848,2,-0.53307045,-0.39090908,0.14216137,0.6322664
17849,2,-0.35452026,-0.47184086,0.1173206,0.6326172
17850,2,-0.5181282,-0.5223473,0.004219055,0.62225306
17851,2,-0.5889799,-0.38040686,0.20857304,0.62772447
17852,2,-0.3324942,-0.38450328,0.052009076,0.63490105
17853,2,-0.37851357,-0.37091276,0.007600814,0.62335795
17854,2,-0.3733036,-0.3033795,0.06992409,0.6239438
17855,2,-0.27494937,-0.26243576,0.012513608,0.62379956
17856,2,-0.2355932,-0.23827688,0.0026836842,0.6187372
17857,2,-0.22168551,-0.13746504,0.08422047,0.6156051
17858,2,-0.07847945,-0.015341848,0.0631376,0.61423343
17859,2,0.07567461,0.052804075,0.022870533,0.6062135
17860,2,0.12896253,0.175804,0.046841472,0.59622836
17861,2,0.27336067,0.43589437,0.1625337,0.5904433
17862,2,0.6001478,0.44027102,0.15987676,0.5803229
17863,2,0.52920437,0.6016421,0.0724377,0.558611
17864,2,0.7073946,0.6528816,0.054512978,0.55996114
17865,2,0.7268846,0.78293484,0.05605024,0.54674095
17866,2,0.85999644,0.845495,0.014501452,0.5451988
17867,2,0.9014311,0.94783664,0.046405554,0.5353458
17868,2,0.99683917,1.0012065,0.0043673515,0.53335243
17869,2,1.0316561,1.0111018,0.020554304,0.5260955
17870,2,1.021624,1.1600356,0.13841164,0.5214867
17871,2,1.1771919,1.283845,0.106653094,0.5282064
17872,2,1.2867013,1.1901752,0.096526146,0.5215679
17873,2,1.163258,1.1882024,0.024944425,0.5034578
17874,2,1.1538384,1.2106487,0.05681026,0.51259327
17875,2,1.1750218,1.1245781,0.05044365,0.5141492
17876,2,1.0777333,1.119431,0.04169774,0.5069366
17877,2,1.0782685,1.1741753,0.095906734,0.5150686
17878,2,1.1438904,1.1592226,0.015332222,0.51866883
17879,2,1.1246918,1.0716532,0.053038597,0.5124606
17880,2,1.0269259,1.058274,0.03134811,0.50918204
17881,2,1.0202384,1.00274,0.017498374,0.51699805
17882,2,0.9632423,0.93610704,0.027135253,0.51563936
17883,2,0.89511454,0.90252185,0.0074073076,0.51809853
17884,2,0.8687587,0.95932573,0.09056705,0.5231044
17885,2,0.9494239,0.80511266,0.14431125,0.5285287
17886,2,0.764005,0.77561307,0.011608064,0.5176477
17887,2,0.74511206,0.74084157,0.004270494,0.5311581
17888,2,0.7161261,0.68959475,0.026531339,0.5329417
17889,2,0.6638495,0.6364067,0.027442753,0.5349077
17890,2,0.60945034,0.5126116,0.09683871,0.53849775
17891,2,0.46040857,0.45409214,0.0063164234,0.5414709
17892,2,0.4092872,0.3931326,0.016154617,0.5519554
17893,2,0.3508752,0.35490987,0.004034668,0.55668664
17894,2,0.32259226,0.327687,0.005094737,0.5618355
17895,2,0.30474597,0.29442698,0.0103189945,0.56505656
17896,2,0.2730087,0.24328025,0.029728457,0.5673136
17897,2,0.21346672,0.105014935,0.10845178,0.5700769
17898,2,0.026720718,-0.040142566,0.06686328,0.57429177
17899,2,-0.15356562,-0.08446674,0.069098875,0.58584356
17900,2,-0.16449088,-0.17655356,0.012062684,0.59806395
17901,2,-0.2686097,-0.20440084,0.064208865,0.6012117
17902,2,-0.26791555,-0.17822777,0.08968778,0.60876346
17903,2,-0.19712894,-0.14574286,0.051386073,0.6112903
17904,2,-0.14060909,-0.24000572,0.09939663,0.6093176
17905,2,-0.2979571,-0.27354893,0.024408162,0.6057698
17906,2,-0.32837564,-0.2381483,0.090227336,0.61334187
17907,2,-0.24983281,-0.26787242,0.018039614,0.61652166
17908,2,-0.29880747,-0.2811007,0.017706782,0.6132574
17909,2,-0.31207338,-0.4175853,0.10551193,0.6155826
17910,2,-0.5219806,-0.48986867,0.032111913,0.61419976
17911,2,-0.5927646,-0.6252202,0.032455564,0.6240388
17912,2,-0.7642481,-0.58084726,0.18340081,0.62569284
17913,2,-0.6276503,-0.5403691,0.08728123,0.6387967
17914,2,-0.54957926,-0.48463255,0.06494671,0.63633466
17915,2,-0.4684596,-0.36088112,0.107578486,0.6344501
17916,2,-0.2894845,-0.41164756,0.12216306,0.63219506
17917,2,-0.42455727,-0.3225081,0.10204917,0.62116414
17918,2,-0.28643817,-0.30948284,0.023044676,0.626861
17919,2,-0.29723814,-0.25372735,0.043510795,0.61975604
17920,2,-0.22542739,-0.24041028,0.014982894,0.61932015
17921,2,-0.22945824,-0.26950663,0.04004839,0.61486423
17922,2,-0.2915526,-0.21130879,0.08024381,0.61342716
17923,2,-0.19555843,0.055487283,0.2510457,0.61640674
17924,2,0.21058549,0.075180225,0.13540527,0.6115566
17925,2,0.15761493,0.2678339,0.11021896,0.5903334
17926,2,0.4008214,0.37072372,0.030097663,0.5884113
17927,2,0.48321998,0.3478051,0.13541487,0.5726738
17928,2,0.39735115,0.50203043,0.10467929,0.56376016
17929,2,0.59128785,0.54664826,0.044639587,0.56667745
17930,2,0.61242855,0.61427873,0.0018501878,0.5538772
17931,2,0.67446077,0.7955457,0.12108493,0.5509311
17932,2,0.8821603,0.88405216,0.0018918514,0.54893786
17933,2,0.95050347,0.9236013,0.02690214,0.535514
17934,2,0.9644002,0.955041,0.009359181,0.52880675
17935,2,0.97828686,1.1064949,0.12820804,0.5263718
17936,2,1.1365677,1.0987346,0.037833095,0.53054994
17937,2,1.1022135,1.1278942,0.025680661,0.51571065
17938,2,1.1202468,1.27324,0.1529932,0.51804054
17939,2,1.2673987,1.2508513,0.016547441,0.5239705
17940,2,1.2234874,1.2080936,0.015393734,0.508276
17941,2,1.1675164,1.1884881,0.020971775,0.50781035
17942,2,1.1443926,1.0941293,0.050263286,0.51084757
17943,2,1.0418073,1.1202979,0.078490615,0.50748175
17944,2,1.081839,1.0776544,0.0041846037,0.51806897
17945,2,1.0378132,1.0758494,0.038036227,0.51327163
17946,2,1.0424078,0.9625075,0.079900265,0.5173077
17947,2,0.9161922,0.98494256,0.06875038,0.5121995
17948,2,0.9575348,0.8058387,0.15169609,0.5239829
17949,2,0.74936724,0.7780108,0.028643548,0.51527655
17950,2,0.73937905,0.84925574,0.10987669,0.5311588
17951,2,0.84750986,0.74671805,0.10079181,0.53592145
17952,2,0.72086585,0.7727629,0.05189705,0.52628756
17953,2,0.76728344,0.6312466,0.13603681,0.53645027
17954,2,0.5900664,0.50179493,0.08827144,0.53082216
17955,2,0.4387704,0.4466387,0.00786829,0.5418165
17956,2,0.39717537,0.4111504,0.013975024,0.5528521
17957,2,0.37693894,0.38322657,0.0062876344,0.5574586
17958,2,0.3598485,0.31608212,0.04376638,0.5604029
17959,2,0.2807833,0.30106497,0.020281672,0.562542
17960,2,0.2812065,0.24647826,0.03472823,0.5683386
17961,2,0.21616955,0.105305105,0.110864446,0.56950766
17962,2,0.0255194,0.16691223,0.14139283,0.5740149
17963,2,0.16123308,0.1739915,0.012758419,0.5861309
17964,2,0.17789893,0.0980665,0.07983243,0.580943
17965,2,0.06440087,-0.04038126,0.10478213,0.58026993
17966,2,-0.12921436,-0.09477147,0.034442894,0.58644164
17967,2,-0.16960977,-0.18749689,0.017887115,0.5980337
17968,2,-0.27847427,-0.25986764,0.018606633,0.6019896
17969,2,-0.34969854,-0.22413589,0.12556265,0.6090769
17970,2,-0.25015163,-0.29666528,0.046513647,0.61551917
17971,2,-0.35826743,-0.3219765,0.036290914,0.61167645
17972,2,-0.3742848,-0.31183532,0.062449485,0.6174189
17973,2,-0.338701,-0.38162622,0.04292521,0.61967975
17974,2,-0.44574803,-0.38702005,0.05872798,0.61763453
17975,2,-0.43051273,-0.35198113,0.07853159,0.6234122
17976,2,-0.36091807,-0.40512058,0.044202507,0.62446153
17977,2,-0.45284975,-0.37514353,0.07770622,0.62055176
17978,2,-0.3901657,-0.36969253,0.020473152,0.62557405
17979,2,-0.3848698,-0.28165442,0.1032154,0.62318826
17980,2,-0.24515747,-0.37616968,0.13101222,0.62392825
17981,2,-0.4267787,-0.3854606,0.04131812,0.6151712
17982,2,-0.42651516,-0.49437255,0.067857385,0.6229861
17983,2,-0.5906176,-0.44765913,0.14295846,0.6211536
17984,2,-0.47422707,-0.34452927,0.1296978,0.63151556
17985,2,-0.3033197,-0.29123023,0.012089461,0.62947214
17986,2,-0.25142562,-0.22407863,0.027346998,0.6217934
17987,2,-0.17610581,-0.14305343,0.033052385,0.61808085
17988,2,-0.082071334,-0.060809135,0.021262199,0.61307424
17989,2,0.00775294,0.08052764,0.0727747,0.6066805
17990,2,0.18556963,0.07383028,0.11173935,0.5998605
17991,2,0.11892094,0.19258058,0.07365964,0.5882229
17992,2,0.2729599,0.3060752,0.033115298,0.5886955
17993,2,0.39964402,0.3515814,0.048062623,0.5788375
17994,2,0.4206853,0.5005132,0.079827905,0.5693627
17995,2,0.5978874,0.5310683,0.06681907,0.566348
17996,2,0.59608555,0.5727545,0.023331046,0.55381864
17997,2,0.62412816,0.54880047,0.075327694,0.5516688
17998,2,0.5707109,0.6769247,0.10621381,0.5476307
17999,2,0.7339234,0.8238363,0.08991295,0.55187523
