t,regime,prediction,target,abs_error,alpha_final
12064,1,-0.8684149,-0.7641853,0.10422957,0.44734982
12065,1,-0.5060099,-0.27512532,0.23088455,0.43961385
12066,1,0.11263079,0.15765664,0.045025848,0.43387204
12067,1,0.55537856,0.57823366,0.022855103,0.4139921
12068,1,0.9336443,0.8908993,0.042744994,0.39161247
12069,1,1.1555107,1.1608394,0.0053287745,0.36524808
12070,1,1.3326448,1.1450845,0.18756032,0.3430836
12071,1,1.2466948,1.0815812,0.16511357,0.32850033
12072,1,1.1332498,1.0205343,0.11271548,0.33042303
12073,1,1.0376203,0.8436431,0.19397718,0.33486935
12074,1,0.8228015,0.67315394,0.14964753,0.3400508
12075,1,0.61850095,0.56261444,0.055886507,0.35100043
12076,1,0.49529904,0.53914213,0.04384309,0.36104238
12077,1,0.48900902,0.46205774,0.026951283,0.36761957
12078,1,0.40811345,0.2813277,0.12678576,0.3686232
12079,1,0.18899822,0.10978427,0.079213955,0.37152836
12080,1,-0.011240296,-0.10355705,0.092316754,0.380051
12081,1,-0.2639564,-0.25089154,0.013064861,0.38656113
12082,1,-0.41305357,-0.37952125,0.03353232,0.39632758
12083,1,-0.53580886,-0.4764596,0.05934927,0.40229458
12084,1,-0.61589694,-0.5700668,0.04583013,0.40769875
12085,1,-0.69855165,-0.764591,0.066039324,0.41131496
12086,1,-0.92872614,-0.9630713,0.03434515,0.41310263
12087,1,-1.143291,-1.1464927,0.003201723,0.42072943
12088,1,-1.3201002,-1.33557,0.0154697895,0.42902553
12089,1,-1.4938829,-1.4156485,0.078234434,0.4369061
12090,1,-1.5163953,-1.5339428,0.017547488,0.4451855
12091,1,-1.6096746,-1.6500479,0.040373325,0.448758
12092,1,-1.7001481,-1.714383,0.0142349005,0.45407364
12093,1,-1.7247728,-1.9424682,0.21769536,0.4589816
12094,1,-1.9580858,-1.9995669,0.041481137,0.46363795
12095,1,-1.9513597,-2.0297008,0.07834101,0.47213474
12096,1,-1.9366343,-2.1108766,0.17424226,0.4743861
12097,1,-2.0013916,-2.2026665,0.20127487,0.47641477
12098,1,-2.07236,-2.1641645,0.091804504,0.4802652
12099,1,-1.9868516,-2.1058407,0.11898911,0.4824993
12100,1,-1.9084611,-2.0360804,0.12761927,0.48057806
12101,1,-1.8355025,-1.743909,0.091593504,0.47792235
12102,1,-1.4702775,-1.6210678,0.15079021,0.47356144
12103,1,-1.405863,-1.3828927,0.022970319,0.4622101
12104,1,-1.1501906,-1.0375737,0.1126169,0.45759076
12105,1,-0.7417165,-0.4774919,0.26422462,0.45037958
12106,1,-0.021976449,-0.08659683,0.06462038,0.44423988
12107,1,0.33660975,0.33131176,0.0052979887,0.4215728
12108,1,0.723935,0.6277416,0.09619343,0.40492815
12109,1,0.9346895,0.9163197,0.018369794,0.38142654
12110,1,1.144436,0.93699765,0.20743835,0.36210054
12111,1,1.0779114,0.96684897,0.11106241,0.34532613
12112,1,1.0512812,0.99844974,0.05283147,0.34379184
12113,1,1.0465155,0.83749384,0.20902163,0.34168354
12114,1,0.8401682,0.59484565,0.24532253,0.34138143
12115,1,0.5395711,0.5177038,0.021867335,0.35121253
12116,1,0.45678508,0.47745293,0.020667851,0.36558002
12117,1,0.4259051,0.28150147,0.14440364,0.3700213
12118,1,0.18560213,0.16605225,0.019549876,0.37058628
12119,1,0.06349274,0.029246284,0.034246452,0.38094303
12120,1,-0.087970704,-0.13989025,0.05191955,0.38566732
12121,1,-0.28242776,-0.22212914,0.06029862,0.39068156
12122,1,-0.34574595,-0.4785722,0.13282624,0.39906484
12123,1,-0.66424036,-0.6334598,0.030780554,0.39869693
12124,1,-0.815181,-0.8226777,0.007496655,0.41026786
12125,1,-1.0127006,-0.975074,0.037626565,0.41563907
12126,1,-1.1494899,-0.97987777,0.16961211,0.42353672
12127,1,-1.0800841,-1.1419518,0.061867714,0.43112767
12128,1,-1.2653109,-1.1899462,0.07536471,0.42985538
12129,1,-1.2748662,-1.3627882,0.08792198,0.43721902
12130,1,-1.4685155,-1.4414628,0.02705276,0.438828
12131,1,-1.5136693,-1.6191396,0.1054703,0.44635913
12132,1,-1.6946774,-1.7845166,0.08983922,0.45021525
12133,1,-1.8352832,-1.9185438,0.083260655,0.45838946
12134,1,-1.9260142,-1.8790488,0.04696536,0.46578324
12135,1,-1.8080192,-2.0071678,0.19914865,0.47007468
12136,1,-1.941864,-2.1384096,0.1965456,0.47011125
12137,1,-2.0532057,-2.1747358,0.121530056,0.47610354
12138,1,-2.042478,-1.9661158,0.07636225,0.48068863
12139,1,-1.7466981,-1.8373867,0.090688586,0.47952664
12140,1,-1.6246471,-1.7637461,0.139099,0.47144115
12141,1,-1.5877942,-1.4478066,0.13998759,0.46632305
12142,1,-1.1890159,-1.1839865,0.0050293207,0.46329084
12143,1,-0.92007524,-0.8363062,0.08376902,0.45150805
12144,1,-0.5243097,-0.49820736,0.026102334,0.44400853
12145,1,-0.16907296,0.03145562,0.20052858,0.43278033
12146,1,0.45767862,0.3960462,0.061632425,0.42491892
12147,1,0.7644336,0.9038118,0.13937819,0.3984946
12148,1,1.2158098,1.0226142,0.19319558,0.37540406
12149,1,1.2240179,1.0328255,0.19119239,0.3449121
12150,1,1.1541858,1.0715547,0.08263111,0.33804277
12151,1,1.1409943,0.9604858,0.1805085,0.33687955
12152,1,0.9858378,0.86534953,0.120488286,0.33614922
12153,1,0.85960025,0.7300811,0.12951916,0.34342512
12154,1,0.6946185,0.64144427,0.053174257,0.3496576
12155,1,0.59396684,0.5028007,0.09116614,0.3577935
12156,1,0.43319,0.3411287,0.09206128,0.362674
12157,1,0.24549335,0.06445012,0.18104324,0.36974627
12158,1,-0.094328314,0.0058238213,0.100152135,0.37561995
12159,1,-0.1161059,-0.13097301,0.014867112,0.39138213
12160,1,-0.26319486,-0.44787535,0.18468049,0.39226148
12161,1,-0.65927124,-0.57367074,0.085600495,0.39404005
12162,1,-0.7583016,-0.7308093,0.027492344,0.4096544
12163,1,-0.9108567,-0.85156196,0.05929476,0.413814
12164,1,-1.010899,-0.9320804,0.07881856,0.42033958
12165,1,-1.0602254,-1.0376313,0.022594094,0.42549402
12166,1,-1.1566455,-1.2281827,0.07153714,0.42835772
12167,1,-1.3676733,-1.3561608,0.011512518,0.4321628
12168,1,-1.472187,-1.4662879,0.005899191,0.44052407
12169,1,-1.5535955,-1.5444959,0.009099603,0.44610223
12170,1,-1.5972341,-1.5681688,0.02906537,0.4508758
12171,1,-1.579209,-1.5518789,0.027330041,0.4541328
12172,1,-1.5267873,-1.6393559,0.11256862,0.45505607
12173,1,-1.6321665,-1.722461,0.09029448,0.45471933
12174,1,-1.7130105,-1.8506247,0.13761413,0.45863035
12175,1,-1.8396387,-1.7932246,0.046414137,0.4628335
12176,1,-1.7171192,-1.8218849,0.10476565,0.46699184
12177,1,-1.7457769,-1.7104033,0.03537357,0.4651202
12178,1,-1.58717,-1.5508047,0.03636527,0.46548077
12179,1,-1.3938394,-1.4976175,0.103778124,0.46082002
12180,1,-1.3799301,-1.2824782,0.097451925,0.45429417
12181,1,-1.1135054,-0.967574,0.14593136,0.4528469
12182,1,-0.7213198,-0.5602735,0.16104627,0.4465943
12183,1,-0.22131872,-0.11466437,0.10665435,0.43852243
12184,1,0.281398,0.35958752,0.07818952,0.4257598
12185,1,0.76088035,0.62129164,0.13958871,0.4067704
12186,1,0.92488384,0.9502425,0.025358677,0.3797831
12187,1,1.1802015,1.1056582,0.07454336,0.36199316
12188,1,1.2529066,1.1238023,0.12910426,0.34090734
12189,1,1.2093217,1.0972213,0.11210048,0.33193582
12190,1,1.1397934,0.946125,0.19366843,0.33137074
12191,1,0.9502444,0.9616856,0.011441171,0.33481508
12192,1,0.9564948,0.84008604,0.116408765,0.34333187
12193,1,0.8121989,0.6829333,0.1292656,0.34352323
12194,1,0.6285935,0.51947814,0.10911536,0.35121495
12195,1,0.43959123,0.48698196,0.04739073,0.36024922
12196,1,0.426548,0.31680804,0.10973996,0.3699704
12197,1,0.22492853,0.13646995,0.08845858,0.37043685
12198,1,0.013946898,-0.064268105,0.078215,0.37832087
12199,1,-0.21976015,-0.2365593,0.016799152,0.3857119
12200,1,-0.40537968,-0.39171457,0.01366511,0.39429846
12201,1,-0.5630982,-0.6139731,0.05087489,0.40121856
12202,1,-0.814105,-0.7529458,0.061159194,0.4058072
12203,1,-0.9335996,-0.8564805,0.07711911,0.4156273
12204,1,-1.008411,-1.0114317,0.0030206442,0.4214232
12205,1,-1.1647465,-1.1444345,0.02031207,0.424863
12206,1,-1.2833341,-1.2548246,0.028509498,0.43134618
12207,1,-1.3702782,-1.4516288,0.081350565,0.43699682
12208,1,-1.5730679,-1.4839914,0.08907652,0.441754
12209,1,-1.5408427,-1.6558868,0.11504412,0.45014986
12210,1,-1.717051,-1.6759918,0.041059256,0.45214543
12211,1,-1.6791258,-1.7842588,0.10513306,0.45897657
12212,1,-1.7802161,-1.840738,0.06052196,0.46049917
12213,1,-1.8065596,-1.9521888,0.14562929,0.46496227
12214,1,-1.9074602,-2.025422,0.11796188,0.4681262
12215,1,-1.9505724,-1.9442257,0.0063467026,0.47277504
12216,1,-1.8088653,-1.931979,0.12311363,0.47433794
12217,1,-1.7972653,-1.9091315,0.111866236,0.47145408
12218,1,-1.7741079,-1.7953136,0.021205664,0.47081232
12219,1,-1.6347177,-1.627207,0.007510662,0.46913433
12220,1,-1.4431415,-1.3635325,0.07960892,0.4642326
12221,1,-1.1317388,-0.98447466,0.14726412,0.45797315
12222,1,-0.6680715,-0.5775738,0.09049773,0.4502989
12223,1,-0.20410702,-0.004483681,0.19962333,0.43903986
12224,1,0.47041643,0.47650248,0.0060860515,0.42882228
12225,1,0.9060379,0.71478933,0.1912486,0.40093344
12226,1,1.0213037,0.9058652,0.11543846,0.37264523
12227,1,1.1171094,0.9549859,0.1621235,0.35725534
12228,1,1.0866482,0.9839367,0.1027115,0.34571782
12229,1,1.0618582,0.9261106,0.13574755,0.34254983
12230,1,0.9609828,0.95882016,0.0021626353,0.34154475
12231,1,0.97665,0.8428161,0.13383389,0.34451228
12232,1,0.8312586,0.8041795,0.027079105,0.3436744
12233,1,0.7844335,0.56995344,0.21448004,0.35070884
12234,1,0.5020313,0.32676297,0.17526835,0.35313386
12235,1,0.20808637,0.21948817,0.011401802,0.36546198
12236,1,0.105664544,0.16091092,0.055246376,0.37897152
12237,1,0.068973444,-0.09324848,0.16222192,0.38463664
12238,1,-0.24876663,-0.2946883,0.045921683,0.3836764
12239,1,-0.47630548,-0.3753916,0.10091388,0.39482784
12240,1,-0.5224376,-0.5510971,0.028659523,0.40490967
12241,1,-0.7189429,-0.66466016,0.054282725,0.40602237
12242,1,-0.8176115,-0.90053356,0.08292204,0.4136964
12243,1,-1.0909319,-1.028301,0.06263089,0.4162949
12244,1,-1.1907437,-1.1166811,0.074062586,0.42688859
12245,1,-1.2429159,-1.2170181,0.025897741,0.43235254
12246,1,-1.323981,-1.3232553,0.00072574615,0.43588406
12247,1,-1.4160745,-1.4046596,0.0114148855,0.4400791
12248,1,-1.4740733,-1.5643892,0.09031594,0.44465575
12249,1,-1.638205,-1.7245193,0.0863142,0.44842866
12250,1,-1.7811134,-1.9529762,0.17186284,0.45578796
12251,1,-1.9877689,-2.0316508,0.043881893,0.46413106
12252,1,-1.9942553,-2.0688872,0.07463193,0.47288007
12253,1,-1.9767075,-2.092387,0.1156795,0.47591555
12254,1,-1.9660925,-2.1041627,0.13807023,0.47740775
12255,1,-1.9563847,-2.097743,0.14135838,0.4783035
12256,1,-1.9349003,-2.1277008,0.19280052,0.4785929
12257,1,-1.9667044,-1.919564,0.04714036,0.47878295
12258,1,-1.6915518,-1.7220218,0.030470014,0.47760686
12259,1,-1.4834934,-1.475452,0.008041501,0.46919
12260,1,-1.2219368,-1.169247,0.05268979,0.4614364
12261,1,-0.8841444,-0.76860553,0.115538895,0.45295733
12262,1,-0.41408664,-0.22836138,0.18572526,0.44461483
12263,1,0.23378447,0.1809517,0.052832767,0.4351512
12264,1,0.60242206,0.60317653,0.0007544756,0.41158503
12265,1,0.9671416,0.85931915,0.10782248,0.3902234
12266,1,1.1203228,0.9327728,0.18755001,0.36418384
12267,1,1.0993888,0.9719241,0.12746471,0.3486486
12268,1,1.0734599,0.91782784,0.15563202,0.34397036
12269,1,0.96815515,0.9086001,0.059555054,0.34231907
12270,1,0.93112886,0.82088286,0.110246,0.34553498
12271,1,0.8148738,0.59667057,0.21820325,0.34675094
12272,1,0.5400914,0.5233091,0.016782284,0.35222572
12273,1,0.46384817,0.3544262,0.10942197,0.36549714
12274,1,0.2634824,0.24119042,0.022291973,0.36863586
12275,1,0.1442205,0.08665658,0.057563923,0.37758395
12276,1,-0.031938642,0.027672976,0.05961162,0.38210872
12277,1,-0.0686926,-0.11291108,0.04421848,0.39044213
12278,1,-0.2308129,-0.27803,0.0472171,0.39131215
12279,1,-0.422382,-0.48820633,0.06582433,0.39632303
12280,1,-0.6687422,-0.4927121,0.17603007,0.40170208
12281,1,-0.60390943,-0.64825034,0.04434091,0.41351232
12282,1,-0.78787965,-0.82347983,0.035600185,0.41078675
12283,1,-0.9852811,-0.97532517,0.009955943,0.4164061
12284,1,-1.134996,-1.1153693,0.019626737,0.42357445
12285,1,-1.2624991,-1.1949188,0.06758034,0.42981362
12286,1,-1.3054845,-1.2934928,0.011991739,0.435944
12287,1,-1.3870633,-1.4011782,0.014114976,0.43916237
12288,1,-1.4820491,-1.431283,0.05076611,0.44336423
12289,1,-1.4710766,-1.5681345,0.09705794,0.44800165
12290,1,-1.6186955,-1.7307415,0.112046,0.44953245
12291,1,-1.7766445,-1.8029616,0.02631712,0.45598295
12292,1,-1.8038006,-1.8641163,0.06031573,0.46268114
12293,1,-1.8305961,-1.9237905,0.093194366,0.46585226
12294,1,-1.8649732,-2.0167694,0.15179622,0.46860972
12295,1,-1.943671,-1.8979216,0.045749426,0.47172582
12296,1,-1.7535923,-1.7455258,0.008066416,0.4736491
12297,1,-1.5665007,-1.6554565,0.08895588,0.46847132
12298,1,-1.4973191,-1.387599,0.10972011,0.46236023
12299,1,-1.1657712,-1.0992508,0.06652045,0.45904106
12300,1,-0.8406249,-0.7196046,0.12102032,0.44971633
12301,1,-0.3907419,-0.12828659,0.26245534,0.442001
12302,1,0.3455089,0.4368835,0.091374606,0.4345055
12303,1,0.9048399,0.7780905,0.1267494,0.4079504
12304,1,1.1246394,0.99677825,0.12786114,0.37452373
12305,1,1.2291282,1.1326336,0.096494675,0.35241598
12306,1,1.2765753,1.2120198,0.064555526,0.33781558
12307,1,1.2923156,1.066397,0.22591865,0.3287512
12308,1,1.1023917,1.024533,0.07785869,0.32687926
12309,1,1.0319548,0.96415913,0.067795634,0.33567792
12310,1,0.9522034,0.8126703,0.1395331,0.3388092
12311,1,0.774665,0.6777302,0.096934795,0.34352645
12312,1,0.6199707,0.41071942,0.20925125,0.3528572
12313,1,0.29919374,0.35956252,0.060368776,0.3597371
12314,1,0.27165446,0.13315317,0.13850129,0.3755556
12315,1,-0.0015929639,-0.10880893,0.10721596,0.37564975
12316,1,-0.2879758,-0.33253378,0.04455799,0.3850502
12317,1,-0.5371039,-0.4258645,0.1112394,0.3949796
12318,1,-0.5917724,-0.5193282,0.0724442,0.40604487
12319,1,-0.66235536,-0.6676269,0.005271554,0.40946612
12320,1,-0.82119405,-0.6897373,0.13145673,0.4119102
12321,1,-0.79252803,-0.90003204,0.10750401,0.41958064
12322,1,-1.0538559,-1.1298364,0.075980544,0.41759405
12323,1,-1.3089775,-1.3030282,0.005949259,0.4260975
12324,1,-1.4613819,-1.2968166,0.16456532,0.43619582
12325,1,-1.3695374,-1.4376389,0.068101525,0.4440261
12326,1,-1.5178865,-1.5507307,0.032844186,0.443529
12327,1,-1.6134055,-1.620669,0.007263541,0.44972166
12328,1,-1.6503993,-1.7622124,0.11181307,0.45457968
12329,1,-1.7859912,-1.8211651,0.035173893,0.45824146
12330,1,-1.8038064,-1.964968,0.16116154,0.46398884
12331,1,-1.9367914,-2.1352322,0.19844079,0.4676127
12332,1,-2.0792851,-2.1583962,0.0791111,0.47472915
12333,1,-2.0380461,-2.0333962,0.0046498775,0.48036242
12334,1,-1.846567,-2.0254855,0.17891848,0.47959307
12335,1,-1.8553425,-1.8843066,0.028964043,0.4754448
12336,1,-1.6852113,-1.9331396,0.24792826,0.47384876
12337,1,-1.7947354,-1.7370983,0.057637095,0.46940738
12338,1,-1.5431483,-1.3858958,0.15725243,0.46974432
12339,1,-1.0995758,-0.99624264,0.103333116,0.46254694
12340,1,-0.64601266,-0.6649418,0.018929124,0.45119303
12341,1,-0.31982768,-0.2492945,0.07053317,0.437728
12342,1,0.13657415,0.18773153,0.051157385,0.42886272
12343,1,0.582497,0.50646156,0.07603544,0.41288936
12344,1,0.8319654,0.83404386,0.0020784736,0.3898098
12345,1,1.0909171,0.9534076,0.13750952,0.37000188
12346,1,1.1230061,1.0585598,0.06444633,0.34984583
12347,1,1.1660099,1.0035293,0.1624806,0.34155017
12348,1,1.0597122,0.8565424,0.20316976,0.33639693
12349,1,0.8659659,0.7531188,0.11284709,0.34096992
12350,1,0.7328864,0.5735044,0.15938199,0.350122
12351,1,0.5136165,0.51686496,0.0032484531,0.35624605
12352,1,0.4603982,0.3426896,0.11770859,0.36686563
12353,1,0.25205588,0.11913153,0.13292435,0.36890244
12354,1,-0.017995209,-0.058120463,0.040125255,0.37645388
12355,1,-0.21460423,-0.1988472,0.015757024,0.38687733
12356,1,-0.35511625,-0.36631343,0.01119718,0.3947025
12357,1,-0.5351222,-0.3948108,0.14031142,0.39954805
12358,1,-0.5101,-0.60832524,0.098225236,0.4086253
12359,1,-0.7734948,-0.7624721,0.011022687,0.4060766
12360,1,-0.9305824,-0.78791344,0.14266896,0.41517806
12361,1,-0.8994141,-0.91346204,0.014047921,0.42295945
12362,1,-1.0366633,-1.0303303,0.0063329935,0.42247778
12363,1,-1.1526148,-1.1386129,0.0140019655,0.42750868
12364,1,-1.251985,-1.3532313,0.10124636,0.43228722
12365,1,-1.4899206,-1.4868511,0.00306952,0.43655035
12366,1,-1.5921899,-1.7240378,0.13184786,0.44601926
12367,1,-1.8215561,-1.7589848,0.06257129,0.45281324
12368,1,-1.7762048,-1.8196524,0.043447614,0.46208367
12369,1,-1.7992022,-1.9342917,0.13508952,0.4638582
12370,1,-1.8992938,-1.9701651,0.07087135,0.46718848
12371,1,-1.8949032,-1.9601357,0.065232515,0.47151917
12372,1,-1.850181,-1.9921335,0.14195251,0.4726233
12373,1,-1.8775842,-1.9370797,0.05949545,0.4726372
12374,1,-1.7945598,-1.942466,0.14790618,0.47314063
12375,1,-1.8105981,-1.8874302,0.076832056,0.47131556
12376,1,-1.743613,-1.6613348,0.08227825,0.4709834
12377,1,-1.4546003,-1.5001253,0.045524955,0.46784106
12378,1,-1.3052868,-1.1093178,0.19596899,0.45886555
12379,1,-0.803901,-0.6668272,0.13707381,0.4549001
12380,1,-0.27614942,-0.13661599,0.13953343,0.4436852
12381,1,0.3326738,0.30272204,0.029951751,0.43136603
12382,1,0.7313941,0.73649335,0.005099237,0.40759483
12383,1,1.0897644,1.043159,0.04660535,0.38256696
12384,1,1.2859488,1.1880617,0.09788704,0.3539829
12385,1,1.3358452,1.2091612,0.12668407,0.33414572
12386,1,1.2920537,1.0579381,0.2341156,0.32578704
12387,1,1.0947102,0.9182863,0.1764239,0.32715425
12388,1,0.9159402,0.86548805,0.050452173,0.33733773
12389,1,0.8465215,0.63139963,0.21512187,0.34588462
12390,1,0.56639326,0.4927745,0.07361877,0.34962827
12391,1,0.40945148,0.3095545,0.099897,0.36322308
12392,1,0.1968525,0.13101122,0.06584129,0.36999547
12393,1,-0.005021766,0.07970341,0.08472518,0.37867588
12394,1,-0.023782864,-0.0064127217,0.017370142,0.3886782
12395,1,-0.104485676,-0.2248541,0.12036842,0.390236
12396,1,-0.37610978,-0.3498972,0.026212573,0.3911041
12397,1,-0.49862272,-0.47325262,0.025370091,0.40139312
12398,1,-0.62026846,-0.6778781,0.057609618,0.40608016
12399,1,-0.85730755,-0.82602656,0.031280994,0.4092223
12400,1,-0.9979911,-1.062093,0.064101934,0.41792747
12401,1,-1.2560806,-1.2457485,0.010332108,0.42292956
12402,1,-1.4197007,-1.3717796,0.04792118,0.43323824
12403,1,-1.5025654,-1.5045717,0.0020062923,0.44128674
12404,1,-1.6036645,-1.5887196,0.014944911,0.44684416
12405,1,-1.6446111,-1.6458119,0.0012007952,0.45259136
12406,1,-1.6637485,-1.6092387,0.05450976,0.4562032
12407,1,-1.5733951,-1.8574393,0.28404415,0.45831066
12408,1,-1.8739593,-2.0306988,0.15673947,0.4588189
12409,1,-2.0167599,-2.0068326,0.009927273,0.4697096
12410,1,-1.9147162,-2.1387916,0.22407532,0.47514603
12411,1,-2.0415,-2.0695107,0.028010607,0.47609872
12412,1,-1.9111303,-2.0754383,0.16430795,0.47935185
12413,1,-1.9158833,-1.9765084,0.060625076,0.47721234
12414,1,-1.7896719,-1.8290489,0.039376974,0.47631833
12415,1,-1.6247461,-1.6697373,0.044991255,0.47175872
12416,1,-1.4658041,-1.5130048,0.04720068,0.46561968
12417,1,-1.3217089,-1.1930248,0.12868416,0.4591934
12418,1,-0.93075305,-0.8993761,0.031376958,0.45441276
12419,1,-0.61975247,-0.43450594,0.18524653,0.44329685
12420,1,-0.04698249,0.17473088,0.22171336,0.43771753
12421,1,0.65675294,0.5061171,0.15063584,0.42337754
12422,1,0.8836966,0.76784074,0.11585587,0.39057112
12423,1,1.0454581,0.8237231,0.221735,0.37060234
12424,1,1.0002651,0.9837911,0.016474009,0.3549705
12425,1,1.1059371,0.9688516,0.1370855,0.35002276
12426,1,1.0376908,0.97484976,0.062841,0.34109005
12427,1,1.0108645,0.80636907,0.20449543,0.34187233
12428,1,0.7986049,0.6281827,0.1704222,0.34292507
12429,1,0.5792201,0.570697,0.008523107,0.35318887
12430,1,0.5209271,0.39799437,0.1229327,0.36378142
12431,1,0.31412607,0.25482273,0.059303343,0.3661763
12432,1,0.15257588,0.20402046,0.051444575,0.3751053
12433,1,0.122453116,0.056839626,0.06561349,0.38313094
12434,1,-0.049995404,-0.07669015,0.026694749,0.38385373
12435,1,-0.19767621,-0.34617653,0.14850032,0.39027247
12436,1,-0.53297347,-0.38675895,0.14621451,0.39283028
12437,1,-0.5191643,-0.6724004,0.15323609,0.40763804
12438,1,-0.8743967,-0.68716705,0.18722963,0.40457636
12439,1,-0.8145182,-0.94211686,0.12759864,0.4198854
12440,1,-1.1248853,-1.0805534,0.04433191,0.41700724
12441,1,-1.2413135,-1.3381392,0.09682572,0.42846996
12442,1,-1.5147778,-1.4192543,0.09552348,0.4339533
12443,1,-1.52987,-1.6272845,0.09741449,0.445296
12444,1,-1.7300998,-1.6941826,0.035917163,0.44938055
12445,1,-1.7336228,-1.775673,0.042050242,0.4579782
12446,1,-1.7793863,-1.7573556,0.022030711,0.46110126
12447,1,-1.7071792,-1.7546487,0.047469497,0.46399617
12448,1,-1.6853961,-1.8368163,0.15142024,0.46329632
12449,1,-1.7826974,-1.8769748,0.09427738,0.4638579
12450,1,-1.808777,-1.9101882,0.10141122,0.46717763
12451,1,-1.8280649,-1.8366681,0.008603215,0.46891382
12452,1,-1.7143254,-1.7767174,0.062391996,0.46944368
12453,1,-1.6474861,-1.7233931,0.07590699,0.46637452
12454,1,-1.5997405,-1.5073776,0.09236288,0.46383741
12455,1,-1.3250583,-1.2616687,0.06338966,0.46140292
12456,1,-1.0435643,-0.9783311,0.06523323,0.45345843
12457,1,-0.725877,-0.61963457,0.10624242,0.4453914
12458,1,-0.3070042,-0.16056082,0.1464434,0.43776265
12459,1,0.23149437,0.26593098,0.034436613,0.42820027
12460,1,0.6535259,0.6247412,0.028784692,0.40863273
12461,1,0.9489093,0.9371351,0.011774182,0.38524428
12462,1,1.1779213,1.1105549,0.06736636,0.36198726
12463,1,1.2654309,1.1409619,0.12446904,0.341545
12464,1,1.231417,1.2516202,0.020203233,0.33135802
12465,1,1.2956717,1.1521257,0.14354599,0.32743582
12466,1,1.1666389,1.0058905,0.16074836,0.32335806
12467,1,0.9934443,0.7894259,0.20401841,0.33103666
12468,1,0.7409705,0.6099799,0.13099056,0.34115517
12469,1,0.5322361,0.5652882,0.033052087,0.3541689
12470,1,0.501124,0.3720461,0.12907791,0.3648603
12471,1,0.27304113,0.24073708,0.03230405,0.36625046
12472,1,0.13297638,0.14648515,0.013508767,0.37650165
12473,1,0.044920586,-0.11360071,0.1585213,0.3831205
12474,1,-0.27774104,-0.28166392,0.0039228797,0.3841529
12475,1,-0.45499483,-0.46498775,0.009992927,0.39628935
12476,1,-0.65105116,-0.63732016,0.013731003,0.40235534
12477,1,-0.82562864,-0.84827274,0.022644103,0.4094524
12478,1,-1.0494722,-0.9783909,0.07108134,0.41550344
12479,1,-1.1491543,-1.1231847,0.025969625,0.4247888
12480,1,-1.2768257,-1.2618693,0.014956355,0.42990637
12481,1,-1.395643,-1.408373,0.012730002,0.43599683
12482,1,-1.5236313,-1.4053746,0.11825669,0.44199166
12483,1,-1.4496821,-1.5170484,0.06736624,0.4483385
12484,1,-1.5645409,-1.6923162,0.12777531,0.4482801
12485,1,-1.7461002,-1.7406449,0.0054552555,0.45370635
12486,1,-1.7441558,-1.8358538,0.09169805,0.46076387
12487,1,-1.820148,-1.9866025,0.16645455,0.46334243
12488,1,-1.957893,-1.9563466,0.0015463829,0.46838957
12489,1,-1.861663,-1.9648793,0.10321629,0.47314045
12490,1,-1.8522856,-1.9731687,0.12088311,0.4722064
12491,1,-1.8513881,-1.9044454,0.053057313,0.4725838
12492,1,-1.7570662,-1.7436589,0.01340735,0.47219566
12493,1,-1.5600271,-1.4614172,0.098609924,0.4687053
12494,1,-1.2156972,-1.2848892,0.06919205,0.46238935
12495,1,-1.0728092,-0.8738603,0.19894892,0.45120725
12496,1,-0.54905814,-0.4694855,0.07957265,0.44840336
12497,1,-0.09467425,-0.010244889,0.08442936,0.43550375
12498,1,0.40449196,0.4178237,0.013331741,0.42255056
12499,1,0.8026288,0.87554467,0.07291585,0.4010503
12500,1,1.1897361,1.0383658,0.15137029,0.37456703
12501,1,1.2434216,1.223756,0.019665599,0.3462586
12502,1,1.3457699,1.2844342,0.061335683,0.33362782
12503,1,1.3472835,1.2231874,0.124096036,0.32223192
12504,1,1.2498817,1.0847096,0.1651721,0.32025975
12505,1,1.0834529,1.0888422,0.0053892136,0.32599577
12506,1,1.0746696,0.8618564,0.2128132,0.33369282
12507,1,0.8178666,0.76810557,0.049761057,0.33594248
12508,1,0.7153709,0.5856495,0.1297214,0.34975582
12509,1,0.5056703,0.37505662,0.13061368,0.35538337
12510,1,0.2603316,0.310722,0.050390393,0.3650335
12511,1,0.21699092,0.093782246,0.12320867,0.37719953
12512,1,-0.042898726,-0.14142926,0.09853053,0.37798592
12513,1,-0.32007486,-0.23935145,0.080723405,0.38678044
12514,1,-0.39131063,-0.4766478,0.08533716,0.39879882
12515,1,-0.6710676,-0.62170494,0.04936266,0.39971647
12516,1,-0.8036202,-0.7152773,0.088342905,0.4103703
12517,1,-0.8662609,-0.850534,0.015726864,0.41665548
12518,1,-1.000172,-1.0439515,0.043779492,0.4195443
12519,1,-1.210482,-1.0908799,0.119602084,0.4242775
12520,1,-1.2025244,-1.2075003,0.004975915,0.4333251
12521,1,-1.3144956,-1.4405421,0.12604654,0.43473056
12522,1,-1.5724075,-1.5983166,0.025909066,0.43969232
12523,1,-1.698033,-1.5564333,0.14159966,0.45005688
12524,1,-1.5643876,-1.7352144,0.1708268,0.45628834
12525,1,-1.7655914,-1.7611158,0.0044755936,0.4555757
12526,1,-1.742037,-1.8414654,0.099428296,0.46251562
12527,1,-1.8089671,-1.8351002,0.02613306,0.4641354
12528,1,-1.763806,-1.9469354,0.18312943,0.46697032
12529,1,-1.8865025,-1.9309613,0.044458747,0.46787012
12530,1,-1.8305664,-1.9350471,0.10448074,0.47153696
12531,1,-1.8229138,-1.8650054,0.042091608,0.4710302
12532,1,-1.7264524,-1.7199423,0.0065100193,0.4705398
12533,1,-1.5500379,-1.5102154,0.03982246,0.4671411
12534,1,-1.3076563,-1.2902861,0.017370224,0.46125555
12535,1,-1.0756977,-0.9610042,0.11469346,0.4533493
12536,1,-0.6836754,-0.6175159,0.06615949,0.4470903
12537,1,-0.30148366,-0.11938919,0.18209447,0.43687874
12538,1,0.29402688,0.3636908,0.06966391,0.428923
12539,1,0.7769287,0.69622177,0.080706954,0.4070715
12540,1,1.0192571,0.95926815,0.059988916,0.37930015
12541,1,1.1880443,1.1829334,0.00511086,0.3576138
12542,1,1.3264121,1.0586432,0.26776886,0.33885202
12543,1,1.139358,1.1257563,0.01360178,0.328624
12544,1,1.1682255,0.9245125,0.24371302,0.3345127
12545,1,0.9252788,0.9425626,0.017283797,0.33335692
12546,1,0.93572104,0.7349781,0.20074296,0.34479314
12547,1,0.68979716,0.6189227,0.07087445,0.3450486
12548,1,0.55826503,0.56582546,0.007560432,0.35747054
12549,1,0.5114538,0.3005427,0.2109111,0.3643238
12550,1,0.18580985,0.21849178,0.032681927,0.36539608
12551,1,0.11688902,0.00842376,0.10846526,0.38055554
12552,1,-0.13470736,-0.09086927,0.04383809,0.3821035
12553,1,-0.22044471,-0.2542945,0.033849806,0.3929015
12554,1,-0.40401718,-0.44797766,0.043960482,0.39550912
12555,1,-0.6244048,-0.7261241,0.10171932,0.40112126
12556,1,-0.949396,-0.8031316,0.14626443,0.4071018
12557,1,-0.96886086,-0.93334687,0.035513997,0.42080188
12558,1,-1.0865096,-1.0404721,0.046037436,0.42301407
12559,1,-1.1731961,-1.1812572,0.008061171,0.42839295
12560,1,-1.3105619,-1.3469784,0.03641653,0.4325041
12561,1,-1.4731102,-1.501877,0.028766751,0.43844926
12562,1,-1.6080072,-1.678427,0.07041979,0.44579792
12563,1,-1.7618667,-1.8282632,0.066396475,0.45300972
12564,1,-1.8703082,-1.8527952,0.017512918,0.4610074
12565,1,-1.8263547,-1.9310348,0.10468006,0.46664917
12566,1,-1.8805422,-2.0901067,0.20956457,0.4682974
12567,1,-2.0293043,-2.0735695,0.04426527,0.47296882
12568,1,-1.9513106,-2.1400974,0.18878675,0.4778474
12569,1,-2.0073147,-2.0874639,0.080149174,0.47820142
12570,1,-1.9159219,-2.021272,0.10535002,0.47960186
12571,1,-1.8359733,-1.8624781,0.026504874,0.47716564
12572,1,-1.6503679,-1.6621137,0.0117458105,0.47355148
12573,1,-1.4345329,-1.4576402,0.02310729,0.46688563
12574,1,-1.2329031,-1.1736531,0.059249997,0.45900065
12575,1,-0.9157797,-0.80660415,0.10917556,0.45207965
12576,1,-0.48598105,-0.24794792,0.23803313,0.44406426
12577,1,0.20973831,0.13175459,0.07798372,0.43684313
12578,1,0.540735,0.5338275,0.0069075227,0.412045
12579,1,0.89268476,0.86917627,0.02350849,0.39312333
12580,1,1.1421801,0.94588524,0.19629484,0.36804634
12581,1,1.1206987,0.98124605,0.13945264,0.3479289
12582,1,1.0876632,0.9096693,0.1779939,0.34310353
12583,1,0.9613029,0.92570394,0.035598934,0.34185597
12584,1,0.9521135,0.74576056,0.20635295,0.34583145
12585,1,0.72673404,0.5941775,0.13255656,0.34603363
12586,1,0.5414859,0.57843834,0.036952436,0.35676178
12587,1,0.5384528,0.3067323,0.2317205,0.3658459
12588,1,0.19978255,0.1934787,0.006303847,0.36469683
12589,1,0.08439358,0.07982371,0.004569873,0.37981805
12590,1,-0.031818338,-0.08943658,0.057618245,0.38489395
12591,1,-0.22726494,-0.23720564,0.009940699,0.388641
12592,1,-0.38568032,-0.3317349,0.053945422,0.3957741
12593,1,-0.46509346,-0.54662,0.08152655,0.40248674
12594,1,-0.7225822,-0.6273669,0.09521532,0.40365237
12595,1,-0.7709779,-0.75620455,0.014773369,0.41412184
12596,1,-0.90131974,-0.9490365,0.047716737,0.4162922
12597,1,-1.1170919,-1.0244733,0.092618585,0.42045072
12598,1,-1.1526258,-1.217386,0.06476021,0.42932636
12599,1,-1.3631202,-1.3435158,0.019604445,0.43158898
12600,1,-1.4628959,-1.4888225,0.02592659,0.44005987
12601,1,-1.5892329,-1.635233,0.046000123,0.44561517
12602,1,-1.7105694,-1.7128351,0.0022656918,0.45220113
12603,1,-1.7407805,-1.9268343,0.18605387,0.45840573
12604,1,-1.9484291,-2.0125215,0.0640924,0.4633788
12605,1,-1.9744881,-2.0815976,0.10710943,0.47177312
12606,1,-1.9980123,-2.076592,0.078579664,0.47546747
12607,1,-1.946754,-2.0792441,0.13249016,0.47761276
12608,1,-1.9305521,-2.1000123,0.16946018,0.47748592
12609,1,-1.9464649,-1.9672867,0.02082181,0.47783476
12610,1,-1.7702956,-1.9782399,0.20794427,0.47705254
12611,1,-1.8188218,-1.8410325,0.022210717,0.4727202
12612,1,-1.65414,-1.6367851,0.017354846,0.47189525
12613,1,-1.4216175,-1.4307133,0.009095788,0.46602333
12614,1,-1.2124349,-1.1407529,0.07168198,0.4580321
12615,1,-0.8831138,-0.68256557,0.20054823,0.45121744
12616,1,-0.3063737,-0.22899891,0.07737477,0.44498977
12617,1,0.19417372,0.30394807,0.10977435,0.43030304
12618,1,0.75043565,0.6263383,0.12409735,0.41295084
12619,1,0.97123194,0.8517812,0.11945075,0.38302684
12620,1,1.0962155,1.055847,0.040368438,0.36292943
12621,1,1.2195382,0.96885955,0.25067866,0.3473001
12622,1,1.0600277,0.95870084,0.10132688,0.33696103
12623,1,1.0061858,0.9296181,0.07656765,0.3420641
12624,1,0.94766307,0.7877464,0.15991664,0.34296522
12625,1,0.76996803,0.619196,0.15077204,0.34567368
12626,1,0.56548685,0.54405814,0.021428704,0.35429272
12627,1,0.48677504,0.26419175,0.2225833,0.36422855
12628,1,0.14068943,0.14795214,0.0072627068,0.3662624
12629,1,0.026445061,-0.046347506,0.07279257,0.3817157
12630,1,-0.19857258,-0.15670942,0.04186316,0.38536003
12631,1,-0.29728577,-0.32501122,0.027725458,0.3948586
12632,1,-0.4843579,-0.49542502,0.011067122,0.39793235
12633,1,-0.66823936,-0.5743315,0.09390783,0.40423322
12634,1,-0.71519524,-0.7268243,0.011629045,0.41228876
12635,1,-0.88069654,-0.84780353,0.032893002,0.41391316
12636,1,-0.9935019,-0.95322716,0.04027474,0.42018405
12637,1,-1.0848713,-1.2100729,0.12520158,0.42504758
12638,1,-1.3821929,-1.3300272,0.052165627,0.42828158
12639,1,-1.4617591,-1.4591019,0.002657175,0.43975508
12640,1,-1.5621926,-1.5192481,0.04294443,0.44498038
12641,1,-1.5747868,-1.7472484,0.17246163,0.45051444
12642,1,-1.8149132,-1.7831879,0.031725287,0.45427233
12643,1,-1.7832408,-1.7998652,0.01662445,0.46312624
12644,1,-1.7570627,-1.9126447,0.15558207,0.46457624
12645,1,-1.8703969,-1.9217544,0.051357508,0.4662518
12646,1,-1.8404739,-1.9741439,0.13366997,0.470266
12647,1,-1.8831668,-1.9439013,0.06073451,0.47114095
12648,1,-1.8214631,-1.8610302,0.039567113,0.47259367
12649,1,-1.7123743,-1.7681968,0.05582249,0.47082126
12650,1,-1.6128712,-1.5337989,0.07907224,0.4672204
12651,1,-1.3245653,-1.3799825,0.05541718,0.46317464
12652,1,-1.1939871,-1.0304538,0.16353333,0.45383865
12653,1,-0.7551836,-0.52146447,0.23371911,0.4503496
12654,1,-0.10639053,-0.10961959,0.0032290593,0.4428192
12655,1,0.30563986,0.32641488,0.02077502,0.42364106
12656,1,0.72371614,0.69282037,0.03089577,0.40622854
12657,1,1.0163646,0.9124082,0.1039564,0.38147718
12658,1,1.1389654,1.012507,0.1264584,0.35843483
12659,1,1.1576388,1.230274,0.072635174,0.3445768
12660,1,1.3159153,1.1270847,0.18883061,0.33488327
12661,1,1.170547,1.1330938,0.037453175,0.32495502
12662,1,1.148171,1.0496083,0.0985626,0.33058286
12663,1,1.0424788,0.9430394,0.09943938,0.3315608
12664,1,0.9173206,0.65755045,0.25977015,0.33758962
12665,1,0.58352387,0.50320387,0.08032,0.3450018
12666,1,0.41000247,0.3934654,0.01653707,0.3616976
12667,1,0.29897273,0.23881772,0.060155004,0.37025428
12668,1,0.12651959,0.094980344,0.031539246,0.3751655
12669,1,-0.028776564,-0.083958596,0.055182032,0.3823946
12670,1,-0.23230648,-0.30382964,0.07152316,0.3878351
12671,1,-0.48758864,-0.4052184,0.08237025,0.39409754
12672,1,-0.56257343,-0.5787969,0.01622349,0.40482062
12673,1,-0.75148916,-0.81946677,0.06797761,0.4071815
12674,1,-1.0245757,-0.9228658,0.1017099,0.41280133
12675,1,-1.0866536,-1.1016476,0.014994025,0.42397404
12676,1,-1.2666551,-1.1150402,0.1516149,0.42737612
12677,1,-1.2092682,-1.3567637,0.14749551,0.43588656
12678,1,-1.4928837,-1.4893907,0.0034929514,0.4355031
12679,1,-1.5936493,-1.5557774,0.037871838,0.44617414
12680,1,-1.6110883,-1.710852,0.09976375,0.45185575
12681,1,-1.7580967,-1.6824489,0.07564783,0.4553472
12682,1,-1.6580083,-1.7934016,0.13539326,0.4611279
12683,1,-1.7762461,-1.867373,0.09112692,0.4608195
12684,1,-1.8300693,-1.9008514,0.070782065,0.46554387
12685,1,-1.8341405,-1.7964,0.03774059,0.46848533
12686,1,-1.6721523,-1.8052084,0.13305616,0.4688401
12687,1,-1.700731,-1.7544053,0.05367422,0.46510038
12688,1,-1.640443,-1.6806414,0.040198445,0.46507612
12689,1,-1.5593505,-1.5722578,0.012907267,0.46279258
12690,1,-1.4404362,-1.2763165,0.16411972,0.45962903
12691,1,-1.055356,-0.962996,0.09236002,0.4562375
12692,1,-0.69120157,-0.61029875,0.080902815,0.44636568
12693,1,-0.29127896,-0.23818399,0.05309497,0.43714595
12694,1,0.11090823,0.2386036,0.12769538,0.42600864
12695,1,0.6297602,0.64696807,0.017207861,0.4128477
12696,1,0.9862491,0.8532763,0.13297278,0.38676086
12697,1,1.0920963,0.99905443,0.0930419,0.36172554
12698,1,1.1576257,1.0166986,0.14092708,0.34812498
12699,1,1.1112969,1.117204,0.0059070587,0.33960506
12700,1,1.172921,1.040287,0.13263392,0.33699867
12701,1,1.0616001,0.8817887,0.17981142,0.33258674
12702,1,0.86840785,0.76066935,0.107738495,0.3386519
12703,1,0.72338504,0.68737924,0.036005795,0.3486018
12704,1,0.64304864,0.48597312,0.15707552,0.35595882
12705,1,0.40302014,0.32462943,0.07839072,0.35976923
12706,1,0.2194494,0.20455784,0.014891565,0.37058988
12707,1,0.095766656,0.08931629,0.0064503625,0.37888813
12708,1,-0.021883033,-0.115937226,0.09405419,0.38438296
12709,1,-0.26717827,-0.34524357,0.078065306,0.3875507
12710,1,-0.53529537,-0.3737035,0.16159186,0.3951429
12711,1,-0.5016999,-0.53507763,0.033377707,0.40785915
12712,1,-0.6861739,-0.6415965,0.04457742,0.4062276
12713,1,-0.78241146,-0.8037542,0.021342754,0.413229
12714,1,-0.96076083,-0.957565,0.0031958222,0.41633293
12715,1,-1.1158769,-1.068075,0.04780197,0.42276967
12716,1,-1.2043117,-1.1926636,0.011648178,0.4293287
12717,1,-1.3166827,-1.301982,0.014700651,0.4337407
12718,1,-1.4063926,-1.3828328,0.023559809,0.4390361
12719,1,-1.4595332,-1.5624001,0.10286689,0.4437447
12720,1,-1.6472329,-1.6781698,0.030936956,0.44752595
12721,1,-1.7298523,-1.8106816,0.08082926,0.4553649
12722,1,-1.8345993,-1.9121944,0.077595115,0.46082318
12723,1,-1.8968382,-2.1263642,0.22952604,0.46662474
12724,1,-2.0907235,-2.2453542,0.15463066,0.47292006
12725,1,-2.1475623,-2.1957595,0.04819727,0.48139694
12726,1,-2.023957,-2.2591681,0.23521113,0.48420343
12727,1,-2.0801985,-2.2557797,0.17558122,0.48365608
12728,1,-2.0523145,-2.147285,0.094970465,0.48545185
12729,1,-1.9121903,-2.105973,0.19378269,0.48390326
12730,1,-1.8892485,-1.7909437,0.09830475,0.48005134
12731,1,-1.4950466,-1.4350787,0.059967875,0.4762151
12732,1,-1.093704,-1.2025669,0.10886288,0.46449918
12733,1,-0.91618496,-0.6757718,0.24041319,0.45072484
12734,1,-0.24331683,-0.14025778,0.10305905,0.44838458
12735,1,0.35185814,0.36883622,0.016978085,0.43179664
12736,1,0.8306948,0.61169845,0.21899635,0.40831095
12737,1,0.9433589,0.8465886,0.09677029,0.37925223
12738,1,1.0844477,0.9805139,0.10393387,0.3638247
12739,1,1.137251,0.978261,0.15899003,0.3487695
12740,1,1.0698642,0.95812166,0.1117425,0.3411639
12741,1,1.0054965,0.86085695,0.14463955,0.34153157
12742,1,0.86998886,0.8142825,0.05570638,0.34359533
12743,1,0.8053054,0.5404262,0.26487923,0.34959155
12744,1,0.46977204,0.49060136,0.02082932,0.35237008
12745,1,0.4283151,0.3695211,0.05879399,0.3687253
12746,1,0.29138678,0.28107107,0.010315716,0.37079167
12747,1,0.20195112,-0.050452344,0.25240347,0.37718198
12748,1,-0.22014663,-0.27895132,0.05880469,0.37720215
12749,1,-0.48009154,-0.4212359,0.058855653,0.39262426
12750,1,-0.6071104,-0.4908021,0.11630827,0.40306565
12751,1,-0.63492274,-0.6806666,0.045743883,0.40977302
12752,1,-0.8519845,-0.6957113,0.15627319,0.41013443
12753,1,-0.8050504,-0.94073683,0.13568646,0.42017716
12754,1,-1.1101744,-1.024245,0.085929394,0.4174571
12755,1,-1.1571047,-1.1560168,0.001087904,0.42891818
12756,1,-1.2834904,-1.2289051,0.054585338,0.43188268
12757,1,-1.3245686,-1.3590072,0.03443861,0.43764722
12758,1,-1.4533833,-1.5309907,0.07760739,0.4405533
12759,1,-1.6251973,-1.7784111,0.15321386,0.44640335
12760,1,-1.8660806,-1.8417243,0.024356365,0.45503262
12761,1,-1.8538952,-1.8004735,0.053421736,0.4647609
12762,1,-1.7401924,-1.9231359,0.18294346,0.4667168
12763,1,-1.8745832,-1.9723347,0.0977515,0.46639302
12764,1,-1.8956381,-1.9470588,0.05142069,0.47116682
12765,1,-1.8326441,-2.0169456,0.1843015,0.47256348
12766,1,-1.9106497,-1.9637913,0.053141594,0.47249943
12767,1,-1.8226435,-1.8384176,0.01577413,0.4742381
12768,1,-1.6649127,-1.7433095,0.0783968,0.47136536
12769,1,-1.5777411,-1.4983575,0.07938361,0.4662508
12770,1,-1.2805718,-1.2064943,0.07407749,0.46224275
12771,1,-0.9461827,-0.8365822,0.109600544,0.45359004
12772,1,-0.51237863,-0.3333821,0.17899653,0.44515294
12773,1,0.096855365,-0.020382281,0.11723764,0.4365889
12774,1,0.34876722,0.43330118,0.08453396,0.41449147
12775,1,0.80240625,0.8386353,0.036229074,0.4017105
12776,1,1.1378986,1.0706644,0.06723416,0.3741373
12777,1,1.2703764,1.1262387,0.14413774,0.34777322
12778,1,1.2472521,1.1639007,0.08335137,0.3338365
12779,1,1.2305729,1.1438967,0.08667624,0.33006492
12780,1,1.1734324,0.93541074,0.23802161,0.3283519
12781,1,0.9272977,0.8908982,0.036399484,0.3322164
12782,1,0.86962825,0.69653946,0.17308879,0.3446801
12783,1,0.6405104,0.5844247,0.056085706,0.34816927
12784,1,0.5168962,0.3588994,0.15799677,0.35970366
12785,1,0.24782544,0.24466132,0.0031641275,0.36493734
12786,1,0.13447016,-0.038778964,0.17324913,0.37735787
12787,1,-0.213159,-0.20747128,0.0056877136,0.37963623
12788,1,-0.38633388,-0.3070401,0.07929379,0.39337832
12789,1,-0.46007007,-0.30918396,0.15088612,0.40126753
12790,1,-0.40226072,-0.5002793,0.09801859,0.40701938
12791,1,-0.6433587,-0.5881762,0.055182517,0.40324256
12792,1,-0.7168498,-0.75116426,0.034314454,0.41229478
12793,1,-0.90297836,-0.9148524,0.01187402,0.41427428
12794,1,-1.0761276,-1.0470632,0.029064417,0.42057815
12795,1,-1.195193,-1.2560669,0.060873866,0.42742118
12796,1,-1.4155147,-1.5116751,0.09616041,0.43251646
12797,1,-1.669187,-1.478784,0.19040298,0.4420237
12798,1,-1.5269672,-1.6820955,0.15512836,0.4526648
12799,1,-1.7467387,-1.6765879,0.07015073,0.45213708
12800,1,-1.6709869,-1.808029,0.13704216,0.45999217
12801,1,-1.8050437,-1.9039549,0.098911166,0.4607396
12802,1,-1.8756862,-2.0243502,0.148664,0.46644127
12803,1,-1.9731816,-2.1027331,0.12955153,0.4711663
12804,1,-2.0130808,-2.1726944,0.15961361,0.4761322
12805,1,-2.049747,-2.0967133,0.046966314,0.47957003
12806,1,-1.9193261,-2.0049808,0.085654736,0.4807369
12807,1,-1.8084626,-1.9657248,0.1572622,0.4772997
12808,1,-1.7878082,-1.7074213,0.08038688,0.473855
12809,1,-1.4647708,-1.470362,0.005591154,0.4708794
12810,1,-1.2199761,-1.1396462,0.080329895,0.46084785
12811,1,-0.8420783,-0.7950609,0.047017455,0.45308813
12812,1,-0.46818036,-0.27717105,0.19100931,0.4425423
12813,1,0.16035303,0.24209827,0.08174524,0.43555114
12814,1,0.696647,0.6720869,0.024560094,0.41513652
12815,1,1.0475175,0.8075687,0.23994881,0.38645145
12816,1,1.0573139,1.0335466,0.023767352,0.36066893
12817,1,1.2045788,1.1489301,0.055648685,0.35016257
12818,1,1.2524327,1.054869,0.19756365,0.33546698
12819,1,1.1075472,1.0283794,0.07916772,0.330594
12820,1,1.0488591,0.78077996,0.26807916,0.33627903
12821,1,0.7522303,0.6613635,0.090866804,0.33984783
12822,1,0.6101137,0.5423655,0.06774819,0.35476562
12823,1,0.47496784,0.48589674,0.010928899,0.36167237
12824,1,0.4257632,0.28114417,0.14461902,0.36858052
12825,1,0.17746848,0.05839151,0.11907697,0.3700635
12826,1,-0.08908873,-0.16386652,0.07477779,0.37918207
12827,1,-0.3457073,-0.30743125,0.038276047,0.38845873
12828,1,-0.48141056,-0.39953884,0.08187172,0.39871052
12829,1,-0.54674613,-0.4895112,0.057234943,0.4051444
12830,1,-0.62045676,-0.6871444,0.06668764,0.40857187
12831,1,-0.85447645,-0.8935002,0.039023757,0.40995824
12832,1,-1.0807779,-0.8725241,0.2082538,0.41753674
12833,1,-0.9707484,-1.0080779,0.037329435,0.42846373
12834,1,-1.125535,-1.1756843,0.05014932,0.42569485
12835,1,-1.3090285,-1.3184034,0.009374857,0.43100464
12836,1,-1.4403512,-1.3984809,0.041870356,0.4382353
12837,1,-1.4826968,-1.5923867,0.10968995,0.4444483
12838,1,-1.6825054,-1.7049173,0.022411942,0.44832414
12839,1,-1.7545124,-1.8202827,0.06577027,0.45670888
12840,1,-1.8355783,-1.9768909,0.1413126,0.46189448
12841,1,-1.9654771,-2.0879366,0.12245953,0.4677349
12842,1,-2.0295706,-2.1258304,0.09625983,0.4744116
12843,1,-2.0146089,-2.106651,0.09204221,0.47845152
12844,1,-1.9539607,-2.134106,0.18014526,0.47938713
12845,1,-1.97501,-2.0729752,0.09796512,0.47914708
12846,1,-1.8881537,-1.9471942,0.059040546,0.47924247
12847,1,-1.7405616,-1.7387897,0.0017719269,0.47597098
12848,1,-1.5041187,-1.4833262,0.020792484,0.47027075
12849,1,-1.2264274,-1.1224557,0.10397172,0.46210337
12850,1,-0.8038212,-0.6951284,0.108692825,0.4539252
12851,1,-0.30768546,-0.22830057,0.07938489,0.44374985
12852,1,0.20738679,0.22216846,0.014781669,0.43102688
12853,1,0.645453,0.54410446,0.10134852,0.41208988
12854,1,0.88266706,0.8862318,0.0035647154,0.38785577
12855,1,1.1466196,0.98867786,0.1579417,0.3672528
12856,1,1.1567035,0.9903738,0.16632968,0.34640193
12857,1,1.0896308,1.0158522,0.07377863,0.34054607
12858,1,1.0718242,0.94162667,0.13019753,0.34010926
12859,1,0.9608871,0.9581305,0.0027565956,0.33954883
12860,1,0.9639162,0.759482,0.20443416,0.34363174
12861,1,0.7259816,0.67073834,0.055243254,0.3440742
12862,1,0.6249683,0.5348838,0.09008449,0.35604057
12863,1,0.4681183,0.29893163,0.16918668,0.36106968
12864,1,0.18257168,0.20321368,0.020641997,0.36727965
12865,1,0.09539207,-0.042754445,0.13814652,0.38043582
12866,1,-0.2038013,-0.2032283,0.00057300925,0.38207936
12867,1,-0.3704772,-0.38107565,0.010598451,0.39370066
12868,1,-0.56074446,-0.50378346,0.056961,0.39950454
12869,1,-0.6679777,-0.7455646,0.07758689,0.4072454
12870,1,-0.9477031,-0.73295724,0.21474588,0.40982866
12871,1,-0.8457507,-0.88116574,0.035415053,0.42299616
12872,1,-1.0151944,-1.1615381,0.14634371,0.42005637
12873,1,-1.3466613,-1.2140936,0.13256776,0.42504308
12874,1,-1.3325255,-1.2670425,0.065482974,0.43798393
12875,1,-1.3468393,-1.4253677,0.078528404,0.44013172
12876,1,-1.5173116,-1.543166,0.025854468,0.44223145
12877,1,-1.6143417,-1.6545821,0.040240407,0.44919038
12878,1,-1.700707,-1.803962,0.10325503,0.4544635
12879,1,-1.8322575,-1.8420098,0.009752274,0.4598904
12880,1,-1.8159561,-1.9818794,0.16592324,0.46568227
12881,1,-1.9453378,-2.050134,0.10479617,0.46853712
12882,1,-1.9729292,-2.0877597,0.114830494,0.47406363
12883,1,-1.974627,-1.9653922,0.009234786,0.47675118
12884,1,-1.791859,-1.9323708,0.14051175,0.47662678
12885,1,-1.771567,-1.8300276,0.058460593,0.47218284
12886,1,-1.6585394,-1.7575974,0.09905803,0.47018975
12887,1,-1.6022551,-1.5561383,0.04611683,0.46601555
12888,1,-1.3632016,-1.2963628,0.06683886,0.46271783
12889,1,-1.0646411,-0.98535013,0.079290986,0.45534614
12890,1,-0.7100708,-0.47561532,0.23445547,0.44698772
12891,1,-0.06139472,-0.045799587,0.015595134,0.4414536
12892,1,0.37556502,0.467223,0.09165797,0.4222496
12893,1,0.88286,0.80045956,0.08240044,0.40329587
12894,1,1.1134905,0.8892197,0.22427076,0.3725826
12895,1,1.0915831,0.94003916,0.15154397,0.35250795
12896,1,1.066129,0.9657428,0.10038614,0.34684837
12897,1,1.0400548,0.91701496,0.12303984,0.34363136
12898,1,0.950446,0.844366,0.106079996,0.3426841
12899,1,0.847469,0.7136101,0.13385886,0.34611148
12900,1,0.6848339,0.67383945,0.010994434,0.35093573
12901,1,0.64261943,0.4774723,0.16514713,0.35877705
12902,1,0.40398046,0.30990463,0.09407583,0.36053556
12903,1,0.20825627,0.25694308,0.048686802,0.37093738
12904,1,0.17500192,0.17710586,0.0021039397,0.38050503
12905,1,0.097510315,0.00700505,0.090505265,0.3826068
12906,1,-0.1084324,-0.17019077,0.06175837,0.38459167
12907,1,-0.3156594,-0.28799894,0.02766046,0.39140475
12908,1,-0.4295237,-0.4726086,0.04308489,0.39948162
12909,1,-0.6410043,-0.71897066,0.07796633,0.40256894
12910,1,-0.9262354,-0.80943525,0.11680013,0.4085414
12911,1,-0.97217214,-0.944387,0.027785122,0.42032918
12912,1,-1.0977612,-1.1178412,0.02008009,0.42320573
12913,1,-1.2746608,-1.2761183,0.0014574528,0.42830604
12914,1,-1.4187241,-1.4819871,0.06326306,0.43570995
12915,1,-1.6168735,-1.5135133,0.103360176,0.44274867
12916,1,-1.5739933,-1.7549235,0.18093014,0.4514518
12917,1,-1.8279586,-1.8758626,0.047904015,0.4541305
12918,1,-1.8961061,-2.0642004,0.16809428,0.46426186
12919,1,-2.0487683,-2.0544765,0.0057082176,0.47079778
12920,1,-1.9587457,-1.999443,0.040697336,0.47678605
12921,1,-1.8562078,-2.026615,0.17040706,0.47585195
12922,1,-1.8893408,-1.9877031,0.09836233,0.4743448
12923,1,-1.8341258,-2.033307,0.19918132,0.47480518
12924,1,-1.8982747,-1.8322836,0.065991044,0.47404128
12925,1,-1.6288176,-1.7139326,0.085115075,0.47379562
12926,1,-1.5261841,-1.4489547,0.07722938,0.46588737
12927,1,-1.2118229,-1.0311964,0.18062651,0.4612028
12928,1,-0.6883209,-0.73820525,0.04988438,0.45366842
12929,1,-0.4189192,-0.35989475,0.059024453,0.43803883
12930,1,-0.0057814047,0.24886785,0.25464925,0.43049967
12931,1,0.70418656,0.617835,0.08635157,0.41994917
12932,1,0.9826677,0.92281777,0.059849918,0.38625228
12933,1,1.1868231,1.0343884,0.1524347,0.36257786
12934,1,1.2031504,1.1506017,0.052548647,0.34365776
12935,1,1.2520711,1.0489786,0.20309258,0.33538795
12936,1,1.0996728,1.0865008,0.01317203,0.33058047
12937,1,1.109373,0.96564525,0.14372772,0.3357312
12938,1,0.9597577,0.7986428,0.16111487,0.33523664
12939,1,0.76162994,0.6759845,0.08564544,0.34350115
12940,1,0.6206658,0.5257186,0.09494716,0.35369712
12941,1,0.44847566,0.43517578,0.013299882,0.36070505
12942,1,0.35820973,0.23292956,0.12528017,0.3692406
12943,1,0.11700439,0.10724827,0.009756118,0.37252745
12944,1,-0.012338951,-0.028232949,0.015893998,0.38295895
12945,1,-0.15632601,-0.16940095,0.0130749345,0.38816416
12946,1,-0.30777356,-0.36370224,0.055928677,0.3935225
12947,1,-0.53271616,-0.530871,0.001845181,0.39788985
12948,1,-0.70812005,-0.7673014,0.059181333,0.40574405
12949,1,-0.9745604,-0.8872308,0.08732957,0.41096786
12950,1,-1.0604917,-1.05034,0.010151625,0.4217517
12951,1,-1.2166026,-1.1360848,0.08051777,0.426033
12952,1,-1.262069,-1.2877554,0.025686383,0.4332607
12953,1,-1.4108684,-1.4988029,0.087934494,0.43651095
12954,1,-1.6242868,-1.6383425,0.014055729,0.44330013
12955,1,-1.7230501,-1.8183963,0.09534621,0.45261565
12956,1,-1.8726394,-1.8764753,0.0038359165,0.4594391
12957,1,-1.8650296,-1.935658,0.070628405,0.4665212
12958,1,-1.884476,-1.988173,0.10369706,0.4691651
12959,1,-1.90823,-2.1158323,0.20760238,0.47177178
12960,1,-2.0269768,-2.1491063,0.12212944,0.475171
12961,1,-2.0187387,-2.1006014,0.08186269,0.47963703
12962,1,-1.9295378,-2.174452,0.2449143,0.480043
12963,1,-2.016588,-2.0866818,0.07009387,0.4795306
12964,1,-1.89049,-1.9705222,0.08003211,0.4806765
12965,1,-1.7599652,-1.8533382,0.09337306,0.47663715
12966,1,-1.6493659,-1.5909227,0.05844319,0.4717047
12967,1,-1.340443,-1.2123687,0.12807429,0.4664999
12968,1,-0.8850955,-0.9401364,0.055040896,0.45775053
12969,1,-0.6406609,-0.50214964,0.13851124,0.44356737
12970,1,-0.1205249,0.038429525,0.15895443,0.4383735
12971,1,0.49562854,0.5314245,0.035795987,0.42525995
12972,1,0.94872344,0.7118607,0.23686272,0.39852747
12973,1,0.998863,0.94452745,0.054335535,0.36944807
12974,1,1.1475043,0.9855305,0.16197383,0.35693207
12975,1,1.1108944,1.0112199,0.09967458,0.34312546
12976,1,1.0842977,0.93803096,0.1462667,0.34044835
12977,1,0.96843207,0.8441836,0.124248445,0.3398522
12978,1,0.84205836,0.7362442,0.10581416,0.34488302
12979,1,0.70834196,0.599735,0.108606935,0.35090244
12980,1,0.54577816,0.5181388,0.02763933,0.35735166
12981,1,0.45941633,0.31328893,0.1461274,0.36528653
12982,1,0.21158376,0.12517919,0.08640458,0.36848456
12983,1,-0.0073686317,-0.0070588873,0.00030974438,0.37835252
12984,1,-0.14213797,-0.06278655,0.079351425,0.3874774
12985,1,-0.16850966,-0.2995138,0.13100412,0.3943789
12986,1,-0.46393228,-0.4096236,0.054308683,0.3929391
12987,1,-0.5600713,-0.57202846,0.011957169,0.40448242
12988,1,-0.736653,-0.7103873,0.02626568,0.40755126
12989,1,-0.871922,-0.9619375,0.09001547,0.41405585
12990,1,-1.1608229,-1.1019119,0.058910966,0.41799444
12991,1,-1.2704201,-1.1836433,0.08677673,0.42926592
12992,1,-1.3066168,-1.3158473,0.0092304945,0.43538123
12993,1,-1.4275608,-1.320514,0.10704684,0.43859765
12994,1,-1.3721893,-1.493481,0.12129176,0.44450325
12995,1,-1.570921,-1.6805024,0.10958147,0.44466034
12996,1,-1.7543739,-1.7274464,0.026927471,0.45269796
12997,1,-1.7417626,-1.8879857,0.14622307,0.4602268
12998,1,-1.8924278,-1.8993798,0.0069520473,0.46342003
12999,1,-1.8440828,-1.9377877,0.09370482,0.4691905
13000,1,-1.8586534,-2.0061536,0.14750016,0.4699755
13001,1,-1.9167985,-1.9791361,0.062337637,0.4720585
13002,1,-1.8537583,-1.989562,0.1358037,0.47403258
13003,1,-1.860393,-1.7916049,0.06878817,0.4732427
13004,1,-1.5954727,-1.7109984,0.11552572,0.47202823
13005,1,-1.5443544,-1.4524956,0.091858864,0.46433905
13006,1,-1.2291999,-1.1582034,0.07099652,0.46106502
13007,1,-0.8947017,-0.7683025,0.12639922,0.4520223
13008,1,-0.43064022,-0.38547736,0.045162857,0.44404894
13009,1,-0.018263184,0.09026944,0.10853262,0.4315961
13010,1,0.5026405,0.48716423,0.015476257,0.41939536
13011,1,0.85174584,0.8384136,0.013332248,0.3954598
13012,1,1.1223288,1.0559889,0.06633985,0.37106165
13013,1,1.2460301,1.0865413,0.1594888,0.34804693
13014,1,1.2013153,0.9671118,0.23420346,0.33533812
13015,1,1.0228475,0.8637409,0.15910661,0.33521882
13016,1,0.8763031,0.73211616,0.14418691,0.34304994
13017,1,0.7084099,0.687742,0.02066791,0.34974915
13018,1,0.6576342,0.5840076,0.07362658,0.35765973
13019,1,0.536426,0.39475942,0.14166659,0.36023295
13020,1,0.30800548,0.27966014,0.028345346,0.365331
13021,1,0.18540046,0.10094739,0.08445307,0.37562475
13022,1,-0.023999825,-0.029114172,0.0051143467,0.38000497
13023,1,-0.15893373,-0.18612134,0.027187616,0.38852802
13024,1,-0.33237308,-0.28931847,0.04305461,0.39323652
13025,1,-0.42468458,-0.45316553,0.028480947,0.40038747
13026,1,-0.60921353,-0.5975332,0.011680305,0.403024
13027,1,-0.7577772,-0.83993536,0.08215815,0.40950733
13028,1,-1.0386974,-1.0002785,0.03841889,0.4135247
13029,1,-1.1820242,-1.1260741,0.055950165,0.42414585
13030,1,-1.2778881,-1.3344663,0.05657828,0.4309371
13031,1,-1.4887674,-1.3993409,0.08942652,0.43599284
13032,1,-1.4932058,-1.351095,0.14211082,0.44514546
13033,1,-1.367319,-1.5037129,0.1363939,0.44808903
13034,1,-1.5551997,-1.5968215,0.041621804,0.4459761
13035,1,-1.6333721,-1.6478484,0.014476299,0.45259175
13036,1,-1.6547768,-1.7005533,0.045776486,0.45653152
13037,1,-1.6878699,-1.7062682,0.018398285,0.45880798
13038,1,-1.6645495,-1.744398,0.07984853,0.46085703
13039,1,-1.6978126,-1.7846326,0.08682001,0.46131483
13040,1,-1.7320268,-1.7764928,0.04446602,0.46303225
13041,1,-1.702559,-1.742813,0.040253997,0.46445647
13042,1,-1.6517029,-1.671395,0.019692063,0.4639369
13043,1,-1.5626743,-1.3979176,0.16475666,0.46231097
13044,1,-1.1970674,-1.1453791,0.051688313,0.4596628
13045,1,-0.91636497,-0.79471004,0.12165493,0.44962388
13046,1,-0.4975471,-0.41357943,0.083967656,0.44284546
13047,1,-0.06673618,0.12120483,0.18794101,0.4324205
13048,1,0.5515497,0.56156254,0.010012865,0.42146924
13049,1,0.94307506,0.8080407,0.13503438,0.39373818
13050,1,1.0824338,1.1461065,0.06367266,0.36707556
13051,1,1.3318352,1.1394824,0.19235277,0.347961
13052,1,1.2506204,1.0756145,0.17500591,0.32941547
13053,1,1.1336918,1.0814873,0.05220449,0.33082715
13054,1,1.1068575,1.0042036,0.10265398,0.33432046
13055,1,1.0034692,0.91748154,0.08598769,0.33508253
13056,1,0.89749813,0.76916635,0.12833178,0.34045568
13057,1,0.7247269,0.66383576,0.06089115,0.34645915
13058,1,0.607911,0.54219097,0.06572002,0.35546184
13059,1,0.47296363,0.46812475,0.004838884,0.36152193
13060,1,0.4024465,0.37327427,0.029172242,0.36847937
13061,1,0.30264497,0.038875826,0.26376915,0.37219912
13062,1,-0.120510355,-0.16671203,0.046201676,0.3732002
13063,1,-0.350637,-0.19799486,0.15264213,0.38956994
13064,1,-0.32355973,-0.42975295,0.106193215,0.40114832
13065,1,-0.6063982,-0.4818901,0.12450811,0.39824164
13066,1,-0.61321735,-0.66591805,0.0527007,0.410435
13067,1,-0.82819355,-0.82932925,0.0011357069,0.40989232
13068,1,-0.9981675,-0.9938604,0.0043070912,0.4172537
13069,1,-1.1613846,-1.1157211,0.045663476,0.42367846
13070,1,-1.2591276,-1.2392232,0.019904375,0.4307035
13071,1,-1.3634014,-1.4110844,0.047683,0.43573782
13072,1,-1.5313237,-1.4799864,0.051337242,0.44100997
13073,1,-1.551517,-1.6631778,0.11166084,0.44844216
13074,1,-1.7344116,-1.8123784,0.07796681,0.45203975
13075,1,-1.8511169,-1.899319,0.048202157,0.46028942
13076,1,-1.8876663,-1.9379351,0.05026877,0.46654388
13077,1,-1.8790841,-1.865706,0.013378143,0.46997505
13078,1,-1.7506564,-1.8320692,0.08141279,0.47064707
13079,1,-1.7104605,-1.8684008,0.15794027,0.46781662
13080,1,-1.7684889,-1.8573005,0.088811636,0.46692795
13081,1,-1.7504127,-1.7999074,0.049494743,0.46811825
13082,1,-1.6771375,-1.7302536,0.053116083,0.46727982
13083,1,-1.6018553,-1.6072885,0.005433202,0.46474493
13084,1,-1.4624494,-1.3347704,0.12767899,0.46164852
13085,1,-1.1187046,-0.93915397,0.17955059,0.4573049
13086,1,-0.6204597,-0.42543727,0.1950224,0.4496749
13087,1,0.012051322,-0.016345756,0.028397078,0.44011042
13088,1,0.40458268,0.37580794,0.028774738,0.41990432
13089,1,0.75318146,0.6764406,0.07674086,0.40115988
13090,1,0.9720745,0.9478577,0.02421683,0.37868476
13091,1,1.1630527,1.091669,0.071383715,0.3589
13092,1,1.22944,0.98206884,0.24737114,0.34129465
13093,1,1.0554721,1.0543115,0.0011606216,0.33476195
13094,1,1.0965297,0.9639143,0.13261545,0.3400066
13095,1,0.9735215,0.80598915,0.16753232,0.33710313
13096,1,0.78112066,0.7462498,0.034870863,0.34357184
13097,1,0.71272004,0.5720644,0.14065564,0.3531388
13098,1,0.50610673,0.51844877,0.012342036,0.35665652
13099,1,0.46021885,0.3450624,0.11515644,0.3669603
13100,1,0.25438914,0.13496894,0.1194202,0.3688317
13101,1,0.0032122135,0.0007517125,0.0024605012,0.3765676
13102,1,-0.13440935,-0.15092348,0.016514122,0.38703
13103,1,-0.29752737,-0.34611323,0.048585862,0.39216518
13104,1,-0.5200566,-0.5710792,0.05102259,0.3971673
13105,1,-0.7741619,-0.6927053,0.0814566,0.40401793
13106,1,-0.8686538,-0.8161711,0.052482665,0.41430008
13107,1,-0.9751762,-1.0206041,0.04542792,0.41884762
13108,1,-1.1972442,-1.057735,0.1395092,0.4227726
13109,1,-1.1715863,-1.3030213,0.13143504,0.43250617
13110,1,-1.4546474,-1.4149002,0.03974724,0.43292978
13111,1,-1.5257142,-1.5231087,0.0026054382,0.4437786
13112,1,-1.6013645,-1.6504312,0.049066663,0.44869298
13113,1,-1.7060254,-1.7087033,0.0026779175,0.45364964
13114,1,-1.7201507,-1.7874678,0.06731713,0.45895875
13115,1,-1.7757223,-1.8668163,0.09109402,0.46173754
13116,1,-1.8336977,-2.0167959,0.1830982,0.46532702
13117,1,-1.9746873,-2.0833347,0.10864735,0.46983048
13118,1,-1.9974515,-2.0521116,0.054660082,0.47562766
13119,1,-1.9157646,-1.9321812,0.016416669,0.47737527
13120,1,-1.752344,-2.02124,0.26889598,0.47513747
13121,1,-1.8923922,-1.9158882,0.023496032,0.47206086
13122,1,-1.7493045,-1.7453015,0.004003048,0.4739477
13123,1,-1.5479689,-1.5014348,0.04653406,0.46913564
13124,1,-1.2681658,-1.1799244,0.08824146,0.4623158
13125,1,-0.89530486,-0.7259495,0.16935533,0.45403284
13126,1,-0.33834472,-0.31089148,0.027453244,0.44608137
13127,1,0.098298244,0.16090009,0.06260184,0.43092534
13128,1,0.5862166,0.53691864,0.04929799,0.41610727
13129,1,0.89543146,0.7818691,0.113562346,0.3914288
13130,1,1.0439909,0.9869831,0.05700773,0.36871344
13131,1,1.1678977,1.0775758,0.0903219,0.35235035
13132,1,1.1901089,1.0031983,0.18691063,0.33935148
13133,1,1.0614116,0.9495486,0.11186302,0.3353178
13134,1,0.9715512,0.8419445,0.12960666,0.34019417
13135,1,0.8325138,0.6922546,0.1402592,0.344223
13136,1,0.6507266,0.56151253,0.08921409,0.35110092
13137,1,0.49837106,0.5191379,0.020766854,0.3598836
13138,1,0.46591818,0.28901505,0.17690313,0.36760044
13139,1,0.18323365,0.102113396,0.08112025,0.36812237
13140,1,-0.03349421,0.024067178,0.05756139,0.37945327
13141,1,-0.0909013,-0.08519145,0.0057098493,0.3894437
13142,1,-0.20122659,-0.24132676,0.040100172,0.392075
13143,1,-0.37995863,-0.43046743,0.050508797,0.39543882
13144,1,-0.5986959,-0.5878487,0.010847151,0.4007203
13145,1,-0.76065046,-0.7192601,0.04139036,0.40842295
13146,1,-0.88219076,-0.8507911,0.031399667,0.4147641
13147,1,-1.005696,-1.0301131,0.024417043,0.41974843
13148,1,-1.1945221,-1.1363539,0.058168292,0.42440832
13149,1,-1.2705323,-1.2465389,0.023993373,0.43229282
13150,1,-1.3600311,-1.3461361,0.013895035,0.43665865
13151,1,-1.4378369,-1.6257284,0.18789148,0.44135094
13152,1,-1.7445933,-1.6776516,0.06694162,0.44644102
13153,1,-1.7221024,-1.8215162,0.09941375,0.4578187
13154,1,-1.8441448,-1.9093609,0.065216064,0.4609108
13155,1,-1.8888947,-2.0428338,0.15393913,0.4669721
13156,1,-1.9957972,-2.1618106,0.16601348,0.47159326
13157,1,-2.0758047,-2.1519868,0.07618213,0.47756574
13158,1,-2.007114,-2.0162213,0.009107351,0.48109084
13159,1,-1.8152568,-1.9603182,0.14506137,0.47921637
13160,1,-1.7736162,-1.8012916,0.02767539,0.47417957
13161,1,-1.5945508,-1.6966482,0.10209739,0.4710202
13162,1,-1.5156895,-1.4102404,0.10544908,0.46464583
13163,1,-1.1665518,-1.1319963,0.034555554,0.4606679
13164,1,-0.8683158,-0.6926799,0.17563593,0.4503647
13165,1,-0.32522556,-0.22487006,0.100355506,0.4443051
13166,1,0.20183519,0.21075937,0.008924186,0.43096352
13167,1,0.6240566,0.6603436,0.03628701,0.41175604
13168,1,1.0215056,0.925072,0.09643358,0.38831264
13169,1,1.180124,0.9905016,0.18962246,0.36012754
13170,1,1.1513283,1.1161712,0.035157084,0.3441676
13171,1,1.2153108,1.0673993,0.14791155,0.3384738
13172,1,1.1185462,0.9764507,0.14209557,0.3322597
13173,1,0.9911461,0.87646246,0.11468363,0.33621454
13174,1,0.8636975,0.58446753,0.27923,0.34241176
13175,1,0.51133645,0.53889555,0.027559102,0.3488049
13176,1,0.4757384,0.3265977,0.14914072,0.3663024
13177,1,0.2199465,0.26086846,0.040921956,0.36736828
13178,1,0.17081112,0.08580118,0.08500994,0.3795404
13179,1,-0.035411395,0.017584458,0.052995853,0.38089466
13180,1,-0.08430155,-0.19608147,0.11177992,0.39031053
13181,1,-0.3471539,-0.22741848,0.11973542,0.39025357
13182,1,-0.33363453,-0.38438845,0.05075392,0.40226465
13183,1,-0.52017486,-0.6415074,0.121332526,0.40083817
13184,1,-0.83548975,-0.74384314,0.09164661,0.40493923
13185,1,-0.90625167,-0.8024172,0.10383445,0.41724595
13186,1,-0.9258386,-0.9468264,0.020987809,0.42174608
13187,1,-1.0833826,-1.2040486,0.12066603,0.42282167
13188,1,-1.3793848,-1.3228524,0.056532383,0.4279997
13189,1,-1.4563795,-1.4082329,0.048146605,0.43949917
13190,1,-1.4993094,-1.4768143,0.02249515,0.4446371
13191,1,-1.5336224,-1.6319662,0.09834385,0.44831806
13192,1,-1.6899855,-1.7025512,0.012565732,0.45170426
13193,1,-1.7210362,-1.7666775,0.045641303,0.45821178
13194,1,-1.7555959,-1.7900764,0.034480453,0.4613405
13195,1,-1.7461678,-1.7831684,0.037000656,0.46389496
13196,1,-1.712335,-1.8145794,0.10224438,0.46470416
13197,1,-1.7429597,-1.766328,0.02336824,0.46469414
13198,1,-1.6675092,-1.7883273,0.12081814,0.46549565
13199,1,-1.7036076,-1.7266484,0.02304089,0.46386868
13200,2,-1.6203799,-0.7584691,0.8619108,0.46429136
13201,2,-0.1238608,-0.5682858,0.44442502,0.47297147
13202,2,-0.157738,-0.4382883,0.2805503,0.4269489
13203,2,-0.17410544,-0.32927647,0.15517104,0.41918483
13204,2,-0.15052983,-0.23331618,0.08278635,0.41416636
13205,2,-0.10405087,-0.26399478,0.15994391,0.40993482
13206,2,-0.21898317,-0.16994096,0.04904221,0.40368015
13207,2,-0.11187396,-0.18731327,0.07543931,0.40745738
13208,2,-0.17185198,-0.33128628,0.1594343,0.40156057
13209,2,-0.39620006,-0.36442238,0.03177768,0.39959055
13210,2,-0.4272865,-0.38847566,0.03881085,0.4072507
13211,2,-0.44482982,-0.49153158,0.04670176,0.4086502
13212,2,-0.58020866,-0.46085617,0.11935249,0.40790552
13213,2,-0.50503284,-0.49573138,0.009301454,0.41436502
13214,2,-0.5462922,-0.53887033,0.007421851,0.41190952
13215,2,-0.5972402,-0.4927106,0.10452962,0.41299877
13216,2,-0.5122008,-0.5422249,0.030024111,0.4163615
13217,2,-0.58646137,-0.48995033,0.096511036,0.4127633
13218,2,-0.49890652,-0.4300758,0.06883073,0.41660798
13219,2,-0.41544536,-0.45461535,0.039169997,0.41493058
13220,2,-0.46822488,-0.51022416,0.04199928,0.41101402
13221,2,-0.5547134,-0.43542483,0.11928859,0.4112649
13222,2,-0.43355596,-0.27530062,0.15825534,0.41596496
13223,2,-0.20323116,-0.37732816,0.174097,0.41517985
13224,2,-0.3923406,-0.3153227,0.0770179,0.40375015
13225,2,-0.30383256,-0.26565334,0.03817922,0.4109576
13226,2,-0.24431705,-0.19408163,0.05023542,0.40843058
13227,2,-0.15601233,-0.06106024,0.09495209,0.40704912
13228,2,0.016253665,0.007552612,0.0087010525,0.40554228
13229,2,0.07715265,0.15368092,0.07652827,0.39894107
13230,2,0.25227237,0.26470998,0.012437612,0.3972901
13231,2,0.36352563,0.40091398,0.037388355,0.39003944
13232,2,0.50653994,0.38267964,0.1238603,0.38472047
13233,2,0.43976164,0.56472033,0.124958694,0.37637037
13234,2,0.654711,0.6961501,0.041439116,0.37842813
13235,2,0.7838743,0.77238655,0.011487722,0.3675519
13236,2,0.84192914,0.9054352,0.06350607,0.35949388
13237,2,0.9684191,1.0372362,0.06881714,0.35395336
13238,2,1.0866339,1.0553771,0.031256795,0.34459314
13239,2,1.0822856,1.1530678,0.070782185,0.33688396
13240,2,1.1663097,1.0354494,0.13086033,0.33418122
13241,2,1.0286564,1.1764468,0.14779043,0.33062035
13242,2,1.168928,1.1773522,0.008424163,0.33481064
13243,2,1.161226,1.1371735,0.0240525,0.32704657
13244,2,1.1139004,1.0822098,0.031690598,0.32772404
13245,2,1.0533011,1.0789447,0.025643587,0.33085728
13246,2,1.0500743,0.990652,0.059422314,0.33399093
13247,2,0.9556211,1.128774,0.17315292,0.33539093
13248,2,1.1084123,1.1173409,0.008928657,0.3382288
13249,2,1.0946645,0.9945468,0.10011768,0.33076128
13250,2,0.9620379,0.9267762,0.03526175,0.33315247
13251,2,0.89065266,0.9783904,0.08773774,0.34092563
13252,2,0.9560697,1.0558283,0.099758625,0.3442304
13253,2,1.0430393,1.0023379,0.04070139,0.34018958
13254,2,0.98324466,0.909795,0.07344967,0.33656746
13255,2,0.8806486,0.9401976,0.059548974,0.34063318
13256,2,0.9208237,0.8224171,0.09840661,0.34566522
13257,2,0.7881975,0.7224752,0.06572235,0.34488636
13258,2,0.67800254,0.6184265,0.059576035,0.3522274
13259,2,0.56408656,0.59212446,0.028037906,0.3582216
13260,2,0.5510621,0.48333594,0.067726165,0.36442137
13261,2,0.42758882,0.50228417,0.07469535,0.3655492
13262,2,0.4751078,0.4636417,0.011466086,0.37222943
13263,2,0.43691963,0.40811563,0.028804004,0.37086642
13264,2,0.37551868,0.39201584,0.016497165,0.37279016
13265,2,0.3681708,0.24216914,0.12600166,0.37601742
13266,2,0.17681718,0.11691283,0.05990435,0.37530017
13267,2,0.028862081,0.0013459908,0.027516091,0.38255647
13268,2,-0.099939115,-0.08226199,0.017677128,0.38813317
13269,2,-0.18024078,-0.11692787,0.06331291,0.3934949
13270,2,-0.19236225,-0.025127674,0.16723457,0.39780062
13271,2,-0.029151432,0.051371567,0.080523,0.40165997
13272,2,0.08098482,-0.211381,0.29236582,0.3975796
13273,2,-0.30312458,-0.2908089,0.0123156905,0.3879333
13274,2,-0.38740888,-0.3143665,0.07304239,0.4018343
13275,2,-0.387674,-0.3940665,0.0063925087,0.40596688
13276,2,-0.47974527,-0.4148148,0.06493047,0.40565634
13277,2,-0.48081785,-0.43161395,0.049203902,0.40979406
13278,2,-0.48473135,-0.5038949,0.019163579,0.41062576
13279,2,-0.5761373,-0.47948274,0.096654564,0.4100961
13280,2,-0.51698035,-0.52699214,0.010011792,0.41467124
13281,2,-0.57971114,-0.5881525,0.008441389,0.41232586
13282,2,-0.6561744,-0.56643325,0.08974117,0.41377598
13283,2,-0.6034881,-0.52719295,0.07629514,0.41759244
13284,2,-0.5383569,-0.51562476,0.022732139,0.41718572
13285,2,-0.52635837,-0.5559262,0.029567838,0.4152301
13286,2,-0.5916736,-0.39404607,0.19762754,0.41377127
13287,2,-0.3416616,-0.384621,0.042959392,0.41945818
13288,2,-0.36072725,-0.33049855,0.030228704,0.41043165
13289,2,-0.30087426,-0.2807763,0.020097971,0.41105086
13290,2,-0.24961647,-0.27454695,0.024930477,0.4089889
13291,2,-0.26298448,-0.23264839,0.030336097,0.40622866
13292,2,-0.21488303,-0.23076567,0.015882641,0.40675512
13293,2,-0.22787756,-0.14785995,0.08001761,0.40434146
13294,2,-0.114510134,0.029691549,0.14420168,0.40596253
13295,2,0.12511846,-0.0024755688,0.12759404,0.40450096
13296,2,0.03509841,0.13974279,0.10464438,0.3933202
13297,2,0.21839464,0.29185814,0.0734635,0.3976781
13298,2,0.3954715,0.34336028,0.05211124,0.39118585
13299,2,0.42240822,0.51969117,0.097282946,0.38258842
13300,2,0.6234836,0.6178197,0.0056638718,0.38066164
13301,2,0.70776355,0.698319,0.009444535,0.3703395
13302,2,0.7723644,0.7824745,0.01011014,0.364415
13303,2,0.8445392,0.8809781,0.036438882,0.35930812
13304,2,0.9341457,0.9246576,0.009488106,0.353629
13305,2,0.9610355,1.0042676,0.043232083,0.34749457
13306,2,1.0314088,1.0565953,0.025186539,0.34400094
13307,2,1.0719972,1.1427971,0.07079995,0.33872145
13308,2,1.1488075,1.1489133,0.00010573864,0.3343106
13309,2,1.1431277,1.1546563,0.011528611,0.3294295
13310,2,1.1401479,1.0940659,0.04608202,0.32898676
13311,2,1.0711002,1.1888347,0.11773443,0.32969508
13312,2,1.1662729,1.2286712,0.062398314,0.33134046
13313,2,1.2017447,1.2946353,0.09289062,0.32534254
13314,2,1.2613688,1.2234768,0.037891984,0.3217331
13315,2,1.1877036,1.1673248,0.020378828,0.3196998
13316,2,1.1290383,1.0820794,0.046958923,0.32464492
13317,2,1.0407838,1.0292548,0.011528969,0.32916778
13318,2,0.98815155,1.0114527,0.023301125,0.33472508
13319,2,0.97492313,0.8809642,0.093958914,0.33796158
13320,2,0.83448213,0.9293148,0.09483266,0.34033856
13321,2,0.90198255,0.7118306,0.19015193,0.34744406
13322,2,0.65344536,0.781341,0.12789565,0.3458634
13323,2,0.75758964,0.68145025,0.07613939,0.3585238
13324,2,0.644377,0.7073946,0.06301761,0.3547297
13325,2,0.6900517,0.62254673,0.06750494,0.36062837
13326,2,0.59176683,0.55061835,0.041148484,0.35913402
13327,2,0.5124829,0.52511907,0.012636185,0.3640523
13328,2,0.49502236,0.43630216,0.0587202,0.36828434
13329,2,0.39191604,0.42023906,0.028323025,0.36928585
13330,2,0.3890198,0.4025269,0.013507098,0.37454563
13331,2,0.37918484,0.34894654,0.0302383,0.3753737
13332,2,0.31800917,0.1809331,0.13707606,0.37594572
13333,2,0.10262629,0.10622418,0.0035978928,0.3770514
13334,2,0.028557807,-0.04041317,0.06897098,0.3861014
13335,2,-0.14816284,-0.0071614496,0.14100139,0.38799512
13336,2,-0.057752736,-0.12170868,0.06395595,0.39743567
13337,2,-0.20274404,-0.106521115,0.09622292,0.39322323
13338,2,-0.1501595,-0.22096074,0.07080124,0.4003551
13339,2,-0.3007845,-0.31995896,0.019174457,0.39711767
13340,2,-0.41669536,-0.40735576,0.009339601,0.40178585
13341,2,-0.5097743,-0.4849332,0.02484113,0.40570349
13342,2,-0.58665633,-0.3002903,0.28636605,0.4091061
13343,2,-0.27082568,-0.33149105,0.06066537,0.41747993
13344,2,-0.33670545,-0.39949358,0.06278813,0.40615442
13345,2,-0.44275397,-0.38398868,0.058765292,0.40652835
13346,2,-0.41000378,-0.35671338,0.053290397,0.41075748
13347,2,-0.36692804,-0.3886227,0.02169466,0.41045043
13348,2,-0.41827056,-0.38104457,0.03722599,0.40820438
13349,2,-0.4032058,-0.42209518,0.018889368,0.41019672
13350,2,-0.46314698,-0.50333244,0.04018545,0.40889764
13351,2,-0.57401496,-0.4892315,0.084783465,0.40957052
13352,2,-0.5317236,-0.45531797,0.076405644,0.41443607
13353,2,-0.47194946,-0.42381358,0.048135877,0.41435188
13354,2,-0.4271889,-0.49158087,0.06439197,0.41309667
13355,2,-0.53514487,-0.428366,0.10677886,0.409903
13356,2,-0.43160355,-0.25420338,0.17740017,0.4150598
13357,2,-0.1775158,-0.27757308,0.100057274,0.41523165
13358,2,-0.25341758,-0.21857074,0.034846842,0.40461436
13359,2,-0.18564703,0.07538077,0.2610278,0.40723044
13360,2,0.22656167,0.1726121,0.053949565,0.4094509
13361,2,0.29673517,0.1972461,0.09948906,0.39351058
13362,2,0.27654654,0.27508822,0.001458317,0.38801348
13363,2,0.34856087,0.3917843,0.04322344,0.38754514
13364,2,0.47532707,0.38282976,0.09249732,0.3840288
13365,2,0.4295119,0.41643068,0.013081223,0.37692457
13366,2,0.45470327,0.64970887,0.1950056,0.37774533
13367,2,0.74057543,0.71137255,0.029202878,0.37639534
13368,2,0.78213614,0.780386,0.0017501712,0.36249304
13369,2,0.8376173,0.8416944,0.0040771365,0.3585562
13370,2,0.8866006,0.8861905,0.00041013956,0.3541019
13371,2,0.91867566,1.0547316,0.13605595,0.35015407
13372,2,1.0887074,1.1492352,0.0605278,0.34538892
13373,2,1.1683905,1.1110244,0.057366133,0.3342908
13374,2,1.1130782,1.1159569,0.002878666,0.32972676
13375,2,1.1075437,1.0904644,0.017079353,0.33177298
13376,2,1.0735896,1.096941,0.02335143,0.33191764
13377,2,1.0765287,1.125291,0.04876232,0.33323872
13378,2,1.1035917,1.1487788,0.045187116,0.332394
13379,2,1.1252472,1.2496884,0.12444115,0.3303998
13380,2,1.2233493,1.3085887,0.08523941,0.3270567
13381,2,1.2752111,1.1317849,0.14342618,0.32028407
13382,2,1.0954478,1.09988,0.0044322014,0.32053244
13383,2,1.0624152,0.9897157,0.07269955,0.33088183
13384,2,0.9462092,0.9231592,0.02305001,0.33420557
13385,2,0.8793174,0.925623,0.046305597,0.34123975
13386,2,0.8923482,0.9562538,0.06390566,0.3450552
13387,2,0.93439615,0.9231888,0.011207342,0.34457093
13388,2,0.9007039,0.80688673,0.093817174,0.3431716
13389,2,0.7704457,0.6708992,0.09954649,0.34596774
13390,2,0.6166838,0.56851006,0.048173726,0.35320354
13391,2,0.50690097,0.5937256,0.086824656,0.36119962
13392,2,0.56295806,0.51076615,0.052191913,0.36741295
13393,2,0.46967512,0.37350616,0.096168965,0.36561212
13394,2,0.30621243,0.40400374,0.097791314,0.36960065
13395,2,0.3746761,0.31763113,0.057044983,0.37820983
13396,2,0.2719729,0.18146153,0.09051137,0.37551606
13397,2,0.1045653,0.27000943,0.16544414,0.37897357
13398,2,0.25948924,0.1782305,0.081258744,0.3884342
13399,2,0.13839814,0.1683929,0.029994756,0.3818286
13400,2,0.14047971,0.13018058,0.010299131,0.38725108
13401,2,0.09792661,0.15702651,0.059099905,0.3872524
13402,2,0.14827657,0.038189564,0.11008701,0.38998163
13403,2,-0.015501723,-0.045716647,0.030214924,0.38637546
13404,2,-0.11582051,-0.24201134,0.12619083,0.39199272
13405,2,-0.37065798,-0.38105068,0.010392696,0.39308938
13406,2,-0.52407646,-0.34255832,0.18151814,0.4017499
13407,2,-0.41195416,-0.33205372,0.07990044,0.41058525
13408,2,-0.37263438,-0.36722147,0.0054129064,0.408589
13409,2,-0.41363215,-0.3828498,0.030782342,0.40723595
13410,2,-0.42418548,-0.38453314,0.039652348,0.4089297
13411,2,-0.41671944,-0.48943898,0.072719544,0.4097913
13412,2,-0.56475836,-0.4573306,0.107427746,0.40772384
13413,2,-0.49318907,-0.39787093,0.09531814,0.41432112
13414,2,-0.3976373,-0.44389513,0.046257824,0.41376725
13415,2,-0.4746719,-0.36065727,0.114014626,0.40940505
13416,2,-0.34620735,-0.38572416,0.039516807,0.41380468
13417,2,-0.39862746,-0.37137744,0.027250022,0.40849197
13418,2,-0.38123965,-0.37625453,0.004985124,0.41023642
13419,2,-0.39347917,-0.50616574,0.112686574,0.40930825
13420,2,-0.5850587,-0.4088665,0.1761922,0.40692642
13421,2,-0.41454566,-0.41477236,0.00022670627,0.41630933
13422,2,-0.43015254,-0.29471916,0.13543338,0.4106405
13423,2,-0.25286198,-0.22467338,0.028188601,0.41356573
13424,2,-0.17563057,-0.16552235,0.010108218,0.40810335
13425,2,-0.117550895,-0.1093239,0.008226998,0.40523875
13426,2,-0.06303764,-0.028605081,0.03443256,0.40289652
13427,2,0.02844309,0.16027462,0.13183153,0.401142
13428,2,0.27103662,0.2514107,0.019625932,0.3995419
13429,2,0.34971672,0.36357647,0.013859749,0.3894808
13430,2,0.4608357,0.47568312,0.014847428,0.3852107
13431,2,0.5697464,0.57028216,0.00053578615,0.37927908
13432,2,0.6543462,0.60389954,0.05044669,0.3729137
13433,2,0.6640034,0.66172427,0.0022791028,0.36732027
13434,2,0.71239704,0.90068305,0.188286,0.36531416
13435,2,0.97543263,0.9104002,0.06503242,0.3603568
13436,2,0.9570091,0.9421838,0.0148252845,0.3465077
13437,2,0.9717767,1.05883,0.0870533,0.34560785
13438,2,1.0829616,1.0569723,0.025989294,0.34217635
13439,2,1.0654199,1.1368204,0.07140052,0.33564344
13440,2,1.1378188,1.2092512,0.07143235,0.33440194
13441,2,1.2005146,1.2758837,0.07536912,0.3285808
13442,2,1.2560697,1.2700197,0.01394999,0.3232057
13443,2,1.2421632,1.3408015,0.098638296,0.31975478
13444,2,1.3028438,1.2476327,0.055211067,0.31842873
13445,2,1.2084091,1.2408059,0.032396793,0.31672314
13446,2,1.1989748,1.1221702,0.07680464,0.32189983
13447,2,1.0777402,1.064539,0.013201237,0.3244479
13448,2,1.0201281,1.1420385,0.12191033,0.3319643
13449,2,1.1073239,1.1853431,0.07801926,0.33388534
13450,2,1.1531076,0.9731976,0.17991006,0.32878065
13451,2,0.92873,1.0358498,0.1071198,0.32948482
13452,2,1.0057136,0.9196343,0.0860793,0.34079152
13453,2,0.8805851,0.8491293,0.031455755,0.3386048
13454,2,0.80824965,0.84108955,0.032839894,0.34592578
13455,2,0.81030905,0.8073037,0.0030053258,0.35010076
13456,2,0.7793956,0.71064955,0.06874603,0.35079238
13457,2,0.6717939,0.47771505,0.19407883,0.3531487
13458,2,0.39288762,0.4996611,0.106773466,0.35828906
13459,2,0.45408463,0.4235587,0.030525923,0.3725547
13460,2,0.37305802,0.35774413,0.015313894,0.37073123
13461,2,0.30615443,0.34146637,0.035311937,0.37475702
13462,2,0.30589914,0.37402946,0.068130314,0.3785864
13463,2,0.36580127,0.35942185,0.0063794255,0.37988645
13464,2,0.35128397,0.21061873,0.14066523,0.37778
13465,2,0.15395707,0.15194494,0.0020121336,0.3768503
13466,2,0.09426271,0.028804297,0.06545842,0.3850363
13467,2,-0.05627858,-0.011407827,0.044870753,0.38651463
13468,2,-0.0809433,-0.06688837,0.014054932,0.39320707
13469,2,-0.13408649,-0.039339855,0.094746634,0.39455956
13470,2,-0.06874573,-0.0708481,0.0021023676,0.39840925
13471,2,-0.10451926,-0.1567415,0.052222237,0.3961537
13472,2,-0.21796125,-0.24806422,0.030102968,0.39631644
13473,2,-0.32981607,-0.35084984,0.021033764,0.39951998
13474,2,-0.45101404,-0.4861061,0.035092056,0.4027208
13475,2,-0.6120477,-0.48074728,0.13130039,0.4058804
13476,2,-0.55712986,-0.4375491,0.119580746,0.41364178
13477,2,-0.46710888,-0.51769096,0.05058208,0.4142487
13478,2,-0.5802881,-0.5240971,0.056191027,0.41015577
13479,2,-0.571497,-0.4287675,0.14272952,0.41452467
13480,2,-0.41679007,-0.48860985,0.07181978,0.41689435
13481,2,-0.51968086,-0.48157978,0.038101077,0.4102429
13482,2,-0.505754,-0.4966927,0.009061307,0.41376564
13483,2,-0.5276157,-0.46769428,0.059921443,0.41305733
13484,2,-0.48091882,-0.34431934,0.13659948,0.41451246
13485,2,-0.29957265,-0.391628,0.09205535,0.41552448
13486,2,-0.39814442,-0.30250084,0.09564358,0.40742934
13487,2,-0.27219915,-0.42468762,0.15248847,0.4120608
13488,2,-0.4727682,-0.36342892,0.10933927,0.4043477
13489,2,-0.370724,-0.31096807,0.05975592,0.41264364
13490,2,-0.2987328,-0.2132798,0.08545299,0.4102482
13491,2,-0.16731757,-0.12953359,0.03778398,0.40929416
13492,2,-0.071203604,0.015550904,0.08675451,0.40530828
13493,2,0.10940497,0.13028252,0.020877548,0.40316147
13494,2,0.22936666,0.23404455,0.0046778917,0.3964547
13495,2,0.33039588,0.3026648,0.02773109,0.3910619
13496,2,0.3832153,0.43790352,0.054688215,0.38564563
13497,2,0.5312283,0.5811405,0.049912214,0.38270587
13498,2,0.6794862,0.69404536,0.01455915,0.37517467
13499,2,0.78179747,0.7975986,0.015801132,0.36659124
13500,2,0.87189174,0.91030616,0.03841442,0.35946065
13501,2,0.9720924,0.97944534,0.007352948,0.35244942
13502,2,1.0227708,1.0342072,0.011436462,0.34515592
13503,2,1.0611191,1.0354506,0.025668502,0.34046322
13504,2,1.0458905,1.0232203,0.02267015,0.33734936
13505,2,1.0213497,1.0410604,0.01971078,0.33745074
13506,2,1.0336196,1.1989261,0.16530645,0.33788878
13507,2,1.1915684,1.1768914,0.0146769285,0.33402926
13508,2,1.1608922,1.1449171,0.015975118,0.32582003
13509,2,1.1221409,1.1860566,0.06391573,0.32761493
13510,2,1.1604712,1.2551031,0.09463191,0.32860872
13511,2,1.225278,1.1931261,0.032151937,0.3249218
13512,2,1.1599076,1.1727331,0.012825489,0.32243538
13513,2,1.1375018,1.1075902,0.029911637,0.32621637
13514,2,1.0699642,1.0325875,0.037376642,0.32847175
13515,2,0.99244726,1.0768938,0.08444655,0.33323473
13516,2,1.0456454,1.0157181,0.029927254,0.33680677
13517,2,0.9824133,0.94504267,0.037370622,0.33519834
13518,2,0.90884125,0.9523658,0.043524563,0.3395214
13519,2,0.9245088,0.9117928,0.012715995,0.34350306
13520,2,0.88385653,0.9624394,0.07858288,0.34350744
13521,2,0.9469726,0.7872763,0.15969628,0.34528768
13522,2,0.74723125,0.6474498,0.09978145,0.34373468
13523,2,0.5887902,0.6223784,0.03358823,0.35436663
13524,2,0.5782139,0.5003768,0.07783705,0.36272663
13525,2,0.43943143,0.5850345,0.14560306,0.36381736
13526,2,0.5736761,0.50934047,0.064335644,0.37146586
13527,2,0.48286998,0.46136945,0.021500528,0.3661305
13528,2,0.43175137,0.39288682,0.038864553,0.37042433
13529,2,0.35386416,0.28276172,0.07110244,0.37279475
13530,2,0.22173494,0.2171356,0.0045993477,0.37577787
13531,2,0.15598905,0.11138842,0.04460063,0.3816186
13532,2,0.03339096,0.123003826,0.089612864,0.38398847
13533,2,0.08101878,-0.0093312515,0.09035003,0.39058235
13534,2,-0.08887014,-0.1789432,0.090073064,0.3875667
13535,2,-0.30078414,-0.14442429,0.15635985,0.39220312
13536,2,-0.20320249,-0.14924625,0.05395624,0.40297708
13537,2,-0.18910316,-0.35796025,0.1688571,0.40083653
13538,2,-0.47627768,-0.34173292,0.13454476,0.39683208
13539,2,-0.4086948,-0.46496803,0.056273222,0.40927163
13540,2,-0.566601,-0.43142226,0.13517871,0.4057805
13541,2,-0.4803838,-0.4755279,0.004855901,0.41348338
13542,2,-0.5321411,-0.4330254,0.0991157,0.4106593
13543,2,-0.45257255,-0.4235067,0.029065847,0.41404897
13544,2,-0.43864417,-0.38393915,0.054705024,0.41183394
13545,2,-0.38217342,-0.4412681,0.059094667,0.4121341
13546,2,-0.47657204,-0.44568297,0.030889064,0.40866557
13547,2,-0.4774806,-0.50674266,0.029262066,0.41183585
13548,2,-0.5632557,-0.47818038,0.08507535,0.4108319
13549,2,-0.50577503,-0.4874285,0.018346548,0.41485906
13550,2,-0.51710206,-0.43513337,0.081968695,0.4130564
13551,2,-0.43579283,-0.39548165,0.040311188,0.4146792
13552,2,-0.38612333,-0.39796773,0.011844397,0.41255134
13553,2,-0.40358195,-0.3991557,0.004426241,0.4102304
13554,2,-0.41271847,-0.28458077,0.12813771,0.41034755
13555,2,-0.24484265,-0.27070543,0.025862783,0.41288444
13556,2,-0.25015607,-0.22739509,0.022760987,0.4065322
13557,2,-0.20362945,-0.21141422,0.007784769,0.40664184
13558,2,-0.19835435,-0.17091548,0.027438864,0.40444022
13559,2,-0.15206304,-0.03104856,0.12101448,0.40434626
13560,2,0.038696595,0.07845824,0.039761648,0.40474957
13561,2,0.16225171,0.16145977,0.0007919371,0.39839843
13562,2,0.24131197,0.28788024,0.046568274,0.3931611
13563,2,0.38166022,0.46241263,0.0807524,0.38984174
13564,2,0.5771456,0.5842999,0.0071543455,0.38372636
13565,2,0.68878794,0.7514194,0.06263149,0.3737231
13566,2,0.85366476,0.90450495,0.0508402,0.36615786
13567,2,0.991601,0.9063903,0.08521068,0.3551688
13568,2,0.9588959,0.97363687,0.014740944,0.3463266
13569,2,1.0101016,1.0521729,0.042071342,0.34545496
13570,2,1.0761162,1.2186749,0.1425587,0.34051502
13571,2,1.2299702,1.2378806,0.007910371,0.33299074
13572,2,1.2331333,1.2657287,0.032595396,0.3235297
13573,2,1.2479839,1.1656573,0.08232665,0.32189304
13574,2,1.1395906,1.1331545,0.0064361095,0.3223475
13575,2,1.1019737,1.1515244,0.04955077,0.32844183
13576,2,1.1198055,1.0505408,0.06926465,0.32991475
13577,2,1.013213,1.1693494,0.1561364,0.33050707
13578,2,1.141201,1.2051951,0.06399405,0.33412594
13579,2,1.1760814,1.0923856,0.08369577,0.32688865
13580,2,1.0582565,1.0553766,0.002879858,0.32689184
13581,2,1.0207255,1.0470667,0.0263412,0.333776
13582,2,1.015275,0.9920425,0.02323252,0.33598506
13583,2,0.9586749,0.90817463,0.050500274,0.33719447
13584,2,0.8699872,0.8606091,0.009378076,0.34124404
13585,2,0.8241708,0.85210824,0.027937412,0.34651124
13586,2,0.82417417,0.82827926,0.004105091,0.3493487
13587,2,0.8039612,0.73356205,0.070399165,0.35001606
13588,2,0.6979517,0.5877159,0.11023575,0.3518538
13589,2,0.52935445,0.58136445,0.05201,0.35747892
13590,2,0.5432404,0.5776479,0.034407496,0.3662402
13591,2,0.55411375,0.65087235,0.096758604,0.36661246
13592,2,0.6573125,0.5625561,0.094756424,0.36688375
13593,2,0.5453321,0.47865206,0.066680014,0.3623874
13594,2,0.44436324,0.36496955,0.079393685,0.36731324
13595,2,0.30794433,0.24587914,0.062065184,0.3714747
13596,2,0.16911212,0.13335371,0.035758406,0.37700367
13597,2,0.04358148,0.025469786,0.018111693,0.38259825
13598,2,-0.072976835,0.04343066,0.1164075,0.38758025
13599,2,-0.007980429,0.036260996,0.044241425,0.39440757
13600,2,0.002140902,-0.04769329,0.04983419,0.3932005
13601,2,-0.10504783,-0.11037021,0.005322382,0.39207068
13602,2,-0.17457464,-0.13521475,0.039359897,0.3958713
13603,2,-0.18755415,-0.23421659,0.046662435,0.3991028
13604,2,-0.31330827,-0.30444762,0.008860648,0.39853874
13605,2,-0.38810343,-0.29604876,0.092054665,0.40288234
13606,2,-0.34615704,-0.27564895,0.07050809,0.4071487
13607,2,-0.3007681,-0.39514273,0.09437463,0.40709504
13608,2,-0.47087216,-0.36427483,0.106597334,0.4034046
13609,2,-0.4003519,-0.3750806,0.025271326,0.41092953
13610,2,-0.40858242,-0.46200815,0.05342573,0.4089249
13611,2,-0.52993864,-0.56481344,0.034874797,0.40773755
13612,2,-0.6600294,-0.42632934,0.23370007,0.41060978
13613,2,-0.4185424,-0.48628438,0.06774199,0.41925046
13614,2,-0.5195236,-0.5113419,0.008181691,0.4101522
13615,2,-0.5520356,-0.45257965,0.09945598,0.4130228
13616,2,-0.45623335,-0.3128596,0.14337376,0.4156605
13617,2,-0.25416213,-0.32676634,0.07260421,0.4153464
13618,2,-0.3092235,-0.24374418,0.06547932,0.40698296
13619,2,-0.20282939,-0.30539033,0.10256094,0.40956563
13620,2,-0.3192269,-0.15204294,0.16718395,0.40341803
13621,2,-0.09363787,-0.26023328,0.16659541,0.4102548
13622,2,-0.28242284,-0.19026516,0.09215768,0.3989912
13623,2,-0.17806552,-0.13942593,0.03863959,0.40681154
13624,2,-0.11573863,-0.085369386,0.030369245,0.40374824
13625,2,-0.053125832,0.02306862,0.07619445,0.40182853
13626,2,0.08540114,0.25474238,0.16934124,0.4006722
13627,2,0.38490665,0.31837946,0.06652719,0.3977161
13628,2,0.41769564,0.42536798,0.0076723397,0.38456914
13629,2,0.52002263,0.4638679,0.056154728,0.38168347
13630,2,0.53258395,0.61223155,0.0796476,0.3755079
13631,2,0.6957748,0.71570224,0.019927442,0.3736488
13632,2,0.7912655,0.7883023,0.0029631853,0.3646874
13633,2,0.8488761,0.7698764,0.0789997,0.35825524
13634,2,0.8027877,0.9202095,0.117421806,0.3540907
13635,2,0.96255827,1.034314,0.07175577,0.35392743
13636,2,1.0688212,0.99911755,0.06970364,0.34380603
13637,2,1.0126696,1.0674276,0.054758072,0.3378338
13638,2,1.0746484,0.9965298,0.07811856,0.33883843
13639,2,0.98796916,1.1667218,0.17875266,0.3359781
13640,2,1.1629322,1.2171595,0.054227352,0.3371505
13641,2,1.2045009,1.1690545,0.035446405,0.32678613
13642,2,1.1483119,1.0833414,0.06497049,0.32496148
13643,2,1.054677,1.1677177,0.113040686,0.32905197
13644,2,1.1419578,1.1500344,0.008076668,0.33235353
13645,2,1.1215004,1.1913973,0.06989694,0.32803154
13646,2,1.1621742,1.1280382,0.034136057,0.32822233
13647,2,1.0954666,1.0635512,0.031915426,0.32709932
13648,2,1.028023,1.0204532,0.00756979,0.33164832
13649,2,0.9848188,0.96782446,0.016994357,0.33589405
13650,2,0.9318092,0.8714729,0.06033629,0.33900186
13651,2,0.8292676,0.80250776,0.026759863,0.342952
13652,2,0.7595681,0.78283924,0.023271143,0.34903368
13653,2,0.7494247,0.77088964,0.021464944,0.353192
13654,2,0.7460799,0.7202415,0.025838435,0.3544078
13655,2,0.6932318,0.67512506,0.018106759,0.35529405
13656,2,0.6475211,0.5070363,0.14048475,0.35838068
13657,2,0.44593436,0.42326382,0.022670537,0.3606519
13658,2,0.35948497,0.39966646,0.040181488,0.37028074
13659,2,0.35380962,0.33146748,0.022342145,0.37516624
13660,2,0.28165385,0.26245344,0.019200414,0.3759343
13661,2,0.20844704,0.3029719,0.09452486,0.37926444
13662,2,0.2868948,0.20865875,0.07823604,0.38393617
13663,2,0.16546988,0.20295987,0.03748998,0.38026804
13664,2,0.17502037,0.12828033,0.04674004,0.3859152
13665,2,0.0822232,0.052113086,0.030110113,0.38512576
13666,2,-0.0075248703,0.06997397,0.07749884,0.38836387
13667,2,0.040895134,0.015718857,0.025176277,0.39326996
13668,2,-0.025708675,-0.063211985,0.03750331,0.39123088
13669,2,-0.1239758,-0.14092363,0.016947836,0.3930048
13670,2,-0.21437702,-0.095841624,0.11853539,0.39618254
13671,2,-0.12167263,-0.26708496,0.14541233,0.4017092
13672,2,-0.3607449,-0.27288154,0.087863356,0.3955413
13673,2,-0.33589715,-0.31613994,0.019757211,0.40546554
13674,2,-0.37871903,-0.3781285,0.000590533,0.4048878
13675,2,-0.4497259,-0.2992321,0.1504938,0.40608984
13676,2,-0.30843922,-0.35209844,0.04365921,0.4113515
13677,2,-0.38927233,-0.3956632,0.0063908696,0.4056588
13678,2,-0.44555122,-0.42562214,0.019929081,0.40779164
13679,2,-0.47673228,-0.42301732,0.05371496,0.40965894
13680,2,-0.4593601,-0.44837025,0.010989845,0.41142243
13681,2,-0.48986918,-0.4797819,0.010087281,0.41074285
13682,2,-0.52738756,-0.42895195,0.09843561,0.41153085
13683,2,-0.4400068,-0.3775856,0.062421203,0.4143775
13684,2,-0.36778075,-0.40470082,0.03692007,0.41258252
13685,2,-0.42135423,-0.39745873,0.023895502,0.40906364
13686,2,-0.41300482,-0.34332186,0.069682956,0.41076896
13687,2,-0.3350002,-0.32159966,0.013400525,0.4115137
13688,2,-0.31540522,-0.19671665,0.11868857,0.40885678
13689,2,-0.1406452,-0.2218508,0.08120559,0.4102657
13690,2,-0.20898208,-0.18775986,0.021222219,0.40241846
13691,2,-0.17242162,0.01686708,0.1892887,0.4046098
13692,2,0.11551731,0.12066672,0.005149409,0.40663058
13693,2,0.21814203,0.18552011,0.03262192,0.39622453
13694,2,0.26558736,0.2557322,0.009855151,0.39097694
13695,2,0.32753596,0.4158169,0.088280946,0.38801596
13696,2,0.5141933,0.55669576,0.042502463,0.3853636
13697,2,0.65854806,0.76309305,0.104545,0.37645006
13698,2,0.87351334,0.8232833,0.050230026,0.36769664
13699,2,0.9021657,0.87692785,0.025237858,0.35525066
13700,2,0.93231905,0.93705714,0.0047380924,0.35130692
13701,2,0.9762306,1.0096838,0.033453226,0.34758833
13702,2,1.0370883,1.0103216,0.026766658,0.3432205
13703,2,1.0217319,1.1734676,0.15173578,0.33908874
13704,2,1.1810577,1.2023016,0.02124393,0.33625257
13705,2,1.1969395,1.1086915,0.088248014,0.32672212
13706,2,1.091311,1.2404363,0.14912534,0.32680464
13707,2,1.2194395,1.1948115,0.024628043,0.32943434
13708,2,1.1678748,1.143988,0.0238868,0.32320642
13709,2,1.1124177,1.130185,0.01776731,0.32663924
13710,2,1.0972482,1.0914624,0.005785823,0.3296957
13711,2,1.0571542,1.1318405,0.07468629,0.3311054
13712,2,1.1014957,1.0840597,0.017436028,0.33258128
13713,2,1.0519022,1.0251337,0.026768446,0.33112794
13714,2,0.99081016,1.174209,0.18339884,0.33466798
13715,2,1.1515014,1.051932,0.09956944,0.33542344
13716,2,1.0219059,1.0020586,0.019847274,0.3292072
13717,2,0.9699286,0.8708325,0.09909612,0.33679295
13718,2,0.82665443,0.8363209,0.009666443,0.34095982
13719,2,0.79776204,0.81408924,0.016327202,0.3488667
13720,2,0.7826853,0.67016923,0.112516046,0.35103148
13721,2,0.6185675,0.6451748,0.026607275,0.35277173
13722,2,0.60589796,0.56127435,0.044623613,0.36137974
13723,2,0.51498175,0.39820158,0.11678016,0.36272654
13724,2,0.32123998,0.43099213,0.10975215,0.36675438
13725,2,0.3960091,0.31516528,0.080843806,0.37692678
13726,2,0.25661856,0.2469838,0.009634763,0.37384164
13727,2,0.18736565,0.3417583,0.15439266,0.38005456
13728,2,0.34296557,0.32170758,0.021257997,0.38527343
13729,2,0.3172574,0.22452544,0.09273197,0.37934533
13730,2,0.18744054,0.13959426,0.047846287,0.37935048
13731,2,0.083897166,0.032669146,0.05122802,0.3839971
13732,2,-0.04526069,-0.087767065,0.042506374,0.38733247
13733,2,-0.18732977,-0.13567221,0.051657557,0.39150822
13734,2,-0.2187007,-0.096803606,0.1218971,0.3977502
13735,2,-0.1303995,-0.1743727,0.043973207,0.4013784
13736,2,-0.231908,-0.2730524,0.0411444,0.3974989
13737,2,-0.35596883,-0.22376914,0.13219969,0.4000368
13738,2,-0.25363863,-0.38243672,0.1287981,0.40685588
13739,2,-0.4765309,-0.36279628,0.11373463,0.40066648
13740,2,-0.41460666,-0.46534872,0.05074206,0.41023088
13741,2,-0.54993665,-0.42677742,0.12315923,0.4069715
13742,2,-0.4640417,-0.5117611,0.04771942,0.41360396
13743,2,-0.58108187,-0.49816474,0.082917124,0.40966693
13744,2,-0.539648,-0.49966103,0.039986968,0.4147247
13745,2,-0.5329001,-0.54418457,0.011284471,0.41392946
13746,2,-0.5936425,-0.5936168,2.5689602e-05,0.41311285
13747,2,-0.6547051,-0.45351538,0.20118973,0.4146228
13748,2,-0.42610896,-0.5907551,0.16464615,0.42027885
13749,2,-0.6487088,-0.55019593,0.09851289,0.40965086
13750,2,-0.57355344,-0.5283465,0.045206964,0.41806674
13751,2,-0.54128236,-0.43647853,0.10480383,0.41625544
13752,2,-0.40818715,-0.33230597,0.07588118,0.416968
13753,2,-0.27475804,-0.29739878,0.022640735,0.4139963
13754,2,-0.25778604,-0.26965952,0.011873484,0.40873733
13755,2,-0.24346438,-0.28263986,0.03917548,0.40730146
13756,2,-0.2830011,-0.21705088,0.065950215,0.40540883
13757,2,-0.1945906,-0.052257046,0.14233355,0.407559
13758,2,0.031761713,0.050454002,0.018692289,0.40706855
13759,2,0.13921574,0.20785351,0.06863777,0.39918405
13760,2,0.32122374,0.28142503,0.039798707,0.39549673
13761,2,0.37403184,0.42371133,0.049679488,0.38698122
13762,2,0.52699256,0.6128874,0.08589482,0.38388312
13763,2,0.7297396,0.64270085,0.087038755,0.376021
13764,2,0.72193295,0.8678766,0.14594364,0.3647952
13765,2,0.9592458,0.98013455,0.020888746,0.36182082
13766,2,1.0486593,1.0399284,0.008730888,0.34756356
13767,2,1.0835656,1.1492206,0.06565499,0.34033832
13768,2,1.1744878,1.1686155,0.005872369,0.33510888
13769,2,1.1752257,1.2600949,0.08486915,0.32870966
13770,2,1.2514149,1.3432399,0.09182501,0.32575127
13771,2,1.3182319,1.3023154,0.015916586,0.3188931
13772,2,1.2702796,1.2484771,0.021802545,0.3154419
13773,2,1.2115192,1.2450095,0.0334903,0.31878436
13774,2,1.2044327,1.1298771,0.074555635,0.32176626
13775,2,1.0864052,1.2268445,0.14043939,0.32409158
13776,2,1.1872044,1.2279828,0.0407784,0.32858485
13777,2,1.1881226,1.099803,0.08831966,0.3232923
13778,2,1.0571507,0.9800883,0.07706243,0.32550645
13779,2,0.9318079,1.0425105,0.110702634,0.33431828
13780,2,1.0096494,0.98342544,0.026223958,0.34030166
13781,2,0.9494313,1.0027934,0.05336213,0.33755824
13782,2,0.9767704,0.83292294,0.14384747,0.3406825
13783,2,0.7880879,0.8248192,0.036731303,0.34115115
13784,2,0.79115415,0.8031627,0.012008548,0.35116148
13785,2,0.77552116,0.73557216,0.039949,0.35177118
13786,2,0.7030729,0.72918624,0.026113331,0.353339
13787,2,0.706573,0.62514323,0.08142978,0.3573618
13788,2,0.5864114,0.616379,0.029967606,0.35782897
13789,2,0.5901922,0.4166412,0.173551,0.36405528
13790,2,0.34449387,0.35633516,0.011841297,0.36355406
13791,2,0.29182333,0.36853096,0.07670763,0.3751633
13792,2,0.33485973,0.29515854,0.039701194,0.37893784
13793,2,0.2505743,0.20709746,0.043476835,0.37741417
13794,2,0.1482585,0.2380571,0.0897986,0.38072166
13795,2,0.2154643,0.26066276,0.04519847,0.3864889
13796,2,0.25680876,0.19734497,0.059463784,0.38490793
13797,2,0.17180365,0.0888965,0.082907155,0.38267988
13798,2,0.0303163,0.0855551,0.0552388,0.38481408
13799,2,0.047876112,-0.0002669702,0.04814308,0.39132082
13800,2,-0.059893154,-0.14903201,0.08913886,0.38999712
13801,2,-0.2505304,-0.19340332,0.057127073,0.3922641
13802,2,-0.27718222,-0.1840545,0.09312773,0.40019965
13803,2,-0.23258075,-0.23475347,0.0021727234,0.4030121
13804,2,-0.29069152,-0.3213237,0.030632168,0.40140402
13805,2,-0.39898825,-0.29588005,0.1031082,0.4025609
13806,2,-0.33467552,-0.29391903,0.040756494,0.4081325
13807,2,-0.32169983,-0.2924285,0.029271334,0.40669596
13808,2,-0.3145046,-0.3263205,0.011815906,0.40661365
13809,2,-0.36219376,-0.38477802,0.02258426,0.4058079
13810,2,-0.4405877,-0.3453595,0.095228195,0.4065374
13811,2,-0.36614972,-0.32129472,0.044855,0.41073966
13812,2,-0.3294981,-0.38925266,0.05975455,0.4089812
13813,2,-0.43391877,-0.4708203,0.036901534,0.40615487
13814,2,-0.5433574,-0.46370593,0.079651445,0.40836456
13815,2,-0.510448,-0.441528,0.06891999,0.41313374
13816,2,-0.46609896,-0.44091758,0.025181383,0.41319725
13817,2,-0.463626,-0.35357746,0.11004853,0.41195062
13818,2,-0.33226746,-0.34712502,0.01485756,0.41378787
13819,2,-0.34096098,-0.32155842,0.019402564,0.40890348
13820,2,-0.31492165,-0.2915655,0.02335614,0.4090777
13821,2,-0.28229064,-0.20391265,0.07837799,0.40823844
13822,2,-0.1646645,-0.1297058,0.034958705,0.40835896
13823,2,-0.07969611,-0.1253717,0.045675583,0.4047523
13824,2,-0.10131165,0.08345252,0.18476418,0.40045002
13825,2,0.18718499,0.14010783,0.047077164,0.40408993
13826,2,0.22070348,0.26492852,0.044225037,0.39253533
13827,2,0.3587345,0.38949978,0.030765295,0.39085597
13828,2,0.48834777,0.55355954,0.06521177,0.38461918
13829,2,0.6631528,0.5985963,0.06455654,0.3780064
13830,2,0.67768157,0.7168346,0.03915304,0.36831236
13831,2,0.79278326,0.9491104,0.15632713,0.36548525
13832,2,1.0319972,0.9747132,0.057283998,0.3565861
13833,2,1.0269427,0.9576476,0.06929511,0.34300214
13834,2,0.98403096,1.1072968,0.12326586,0.34174046
13835,2,1.1288804,1.1399174,0.011036992,0.34046495
13836,2,1.146363,1.221499,0.075135946,0.33155745
13837,2,1.2156231,1.2712395,0.05561638,0.32815376
13838,2,1.2530788,1.2373866,0.015692234,0.32265222
13839,2,1.2112608,1.1590912,0.05216956,0.32069176
13840,2,1.126903,1.29451,0.16760695,0.32402402
13841,2,1.258482,1.2935555,0.03507352,0.32545906
13842,2,1.2537938,1.2060076,0.047786236,0.31823757
13843,2,1.1650852,1.2020686,0.03698337,0.32009277
13844,2,1.1607397,1.2031626,0.04242289,0.32494873
13845,2,1.162257,1.1555123,0.006744623,0.3251423
13846,2,1.1146034,1.1256936,0.011090159,0.32597578
13847,2,1.085936,1.0993546,0.0134186745,0.32913256
13848,2,1.061363,1.0311693,0.030193686,0.33123067
13849,2,0.99204457,0.9573019,0.034742653,0.33372033
13850,2,0.9165071,0.9289428,0.012435675,0.33850336
13851,2,0.8931184,0.8511181,0.042000294,0.34305283
13852,2,0.8119402,0.7403719,0.07156831,0.34536797
13853,2,0.6914331,0.69549465,0.0040615797,0.35048017
13854,2,0.6530422,0.62963027,0.02341193,0.35715723
13855,2,0.5866754,0.5126625,0.074012935,0.35985634
13856,2,0.4542997,0.50814,0.05384034,0.36344725
13857,2,0.47175705,0.42572424,0.046032816,0.37049282
13858,2,0.37937343,0.32079092,0.058582515,0.37023365
13859,2,0.25827885,0.20202044,0.05625841,0.37422782
13860,2,0.12120592,0.20242861,0.08122269,0.37908554
13861,2,0.15451053,0.06569095,0.08881958,0.38630944
13862,2,-0.01636079,0.037890445,0.054251235,0.38410562
13863,2,-0.023654155,0.0061791707,0.029833326,0.3918897
13864,2,-0.04493057,-0.034005415,0.010925155,0.3929874
13865,2,-0.08325625,-0.114545345,0.031289093,0.394139
13866,2,-0.18131723,-0.285481,0.10416378,0.39497066
13867,2,-0.4032963,-0.32338056,0.07991573,0.39626706
13868,2,-0.4150213,-0.38401768,0.031003624,0.40546688
13869,2,-0.47101992,-0.2977682,0.17325172,0.406384
13870,2,-0.31134984,-0.25336227,0.05798757,0.41172367
13871,2,-0.24616796,-0.21710294,0.029065013,0.40767056
13872,2,-0.20240687,-0.33776727,0.1353604,0.40584385
13873,2,-0.3910565,-0.46395236,0.072895855,0.4011924
13874,2,-0.5609257,-0.4596078,0.10131791,0.40557492
13875,2,-0.5214558,-0.51458526,0.006870568,0.41283074
13876,2,-0.5843071,-0.48858285,0.095724225,0.4114583
13877,2,-0.5240663,-0.3498912,0.17417514,0.41508284
13878,2,-0.30865502,-0.44555604,0.13690102,0.4165975
13879,2,-0.4757436,-0.37389174,0.10185185,0.40663597
13880,2,-0.36557734,-0.433938,0.06836066,0.41361272
13881,2,-0.46712923,-0.35726303,0.1098662,0.4082436
13882,2,-0.34791946,-0.3659748,0.01805535,0.41330767
13883,2,-0.37408233,-0.33632267,0.03775966,0.40871465
13884,2,-0.33587602,-0.2673532,0.06852281,0.40984997
13885,2,-0.24240705,-0.17106287,0.07134418,0.4096154
13886,2,-0.1185931,-0.15122712,0.03263402,0.40763098
13887,2,-0.1191432,-0.0058561177,0.113287084,0.40237188
13888,2,0.07345209,-0.024372473,0.097824566,0.40405586
13889,2,0.008692279,0.10547235,0.09678007,0.3950436
13890,2,0.1765787,0.04737907,0.12919962,0.39844579
13891,2,0.06184817,0.10127833,0.039430156,0.38965887
13892,2,0.12839994,0.14419398,0.015794039,0.39408153
13893,2,0.17489344,0.18933682,0.014443383,0.39152613
13894,2,0.22341269,0.35920152,0.13578883,0.38961488
13895,2,0.4427985,0.481664,0.038865507,0.38888562
13896,2,0.57230306,0.5405148,0.03178823,0.37956998
13897,2,0.6133175,0.70870614,0.09538865,0.37248263
13898,2,0.7955339,0.7290554,0.06647849,0.36892837
13899,2,0.7872104,0.9407099,0.15349948,0.3589505
13900,2,1.009461,0.95713854,0.052322507,0.35600373
13901,2,0.9995742,1.0382557,0.038681507,0.34369594
13902,2,1.0674706,1.1426613,0.07519078,0.34166157
13903,2,1.1591442,1.149494,0.009650111,0.33532763
13904,2,1.1507109,1.1039513,0.046759605,0.32942647
13905,2,1.092452,1.0888664,0.0035856962,0.3298272
13906,2,1.0702816,1.1088312,0.038549542,0.3326152
13907,2,1.0879043,1.1724793,0.08457494,0.33312878
13908,2,1.1507112,1.1513251,0.00061392784,0.3308576
13909,2,1.1254331,1.0833621,0.042070985,0.3277453
13910,2,1.0525124,0.9657565,0.08675593,0.33004597
13911,2,0.92599416,0.93881327,0.012819111,0.3354157
13912,2,0.90283954,1.0176302,0.11479068,0.34246266
13913,2,0.99767256,1.0940983,0.09642577,0.3430063
13914,2,1.0805603,1.042688,0.037872314,0.3373562
13915,2,1.0231454,0.9822961,0.040849328,0.3338604
13916,2,0.95692205,0.905639,0.05128306,0.33756146
13917,2,0.87366414,0.76899105,0.10467309,0.34183142
13918,2,0.72082675,0.7469465,0.026119769,0.3471613
13919,2,0.70923734,0.67983943,0.029397905,0.3553248
13920,2,0.63994527,0.5905175,0.049427748,0.35678422
13921,2,0.542775,0.5955618,0.052786827,0.360727
13922,2,0.567901,0.43137076,0.13653025,0.36609963
13923,2,0.36809194,0.50838286,0.14029092,0.36495522
13924,2,0.4954493,0.34044003,0.15500927,0.37537473
13925,2,0.28153175,0.31889793,0.03736618,0.36939692
13926,2,0.2759599,0.33278972,0.05682981,0.37939438
13927,2,0.31311184,0.20068388,0.112427965,0.3808482
13928,2,0.1421243,0.1486443,0.006520003,0.37833345
13929,2,0.092670776,0.016514774,0.076156005,0.3855876
13930,2,-0.07100888,-0.012489153,0.05851973,0.3864915
13931,2,-0.0786824,-0.05367481,0.02500759,0.39392507
13932,2,-0.11258639,-0.028548466,0.08403792,0.39488077
13933,2,-0.054123603,-0.20881939,0.15469578,0.397826
13934,2,-0.30363467,-0.30918133,0.005546659,0.3927431
13935,2,-0.4154436,-0.40373358,0.011710018,0.40130168
13936,2,-0.51474494,-0.5313112,0.016566277,0.40515876
13937,2,-0.65999645,-0.49762857,0.16236788,0.40798825
13938,2,-0.56133646,-0.42922953,0.13210693,0.4158341
13939,2,-0.438941,-0.47058046,0.031639457,0.41538432
13940,2,-0.50418496,-0.45257226,0.051612705,0.41063648
13941,2,-0.47192508,-0.53149354,0.059568465,0.41335392
13942,2,-0.5890001,-0.4851084,0.1038917,0.4107274
13943,2,-0.5043772,-0.4911977,0.013179481,0.41610688
13944,2,-0.5147578,-0.47010353,0.04465428,0.4133691
13945,2,-0.48300797,-0.45522523,0.027782738,0.41415155
13946,2,-0.4652366,-0.4688832,0.0036465824,0.41327107
13947,2,-0.49118453,-0.52374387,0.032559335,0.41214347
13948,2,-0.5725797,-0.5625339,0.010045767,0.41179603
13949,2,-0.61878365,-0.48617783,0.13260582,0.4140931
13950,2,-0.48967618,-0.5254956,0.03581941,0.41782814
13951,2,-0.5564096,-0.462824,0.09358561,0.4127311
13952,2,-0.45943704,-0.26996648,0.18947056,0.4162413
13953,2,-0.17978187,-0.1205605,0.059221372,0.4168747
13954,2,-0.006015867,-0.04074624,0.034730375,0.40882576
13955,2,0.053995274,-0.0033456818,0.057340957,0.40157855
13956,2,0.0614124,0.0095531605,0.05185924,0.39752647
13957,2,0.04684771,0.15660836,0.10976065,0.39552537
13958,2,0.23671713,0.19183844,0.04487869,0.39721417
13959,2,0.25027427,0.33120385,0.08092958,0.38890213
13960,2,0.41666883,0.44887695,0.032208115,0.38847733
13961,2,0.53913987,0.6060632,0.06692332,0.38106674
13962,2,0.70600003,0.6483891,0.05761093,0.3745365
13963,2,0.72048,0.7461323,0.02565229,0.36519843
13964,2,0.81154513,0.8008753,0.010669827,0.36243218
13965,2,0.850805,1.004572,0.15376705,0.3563957
13966,2,1.0601146,1.0868058,0.026691198,0.35100752
13967,2,1.1228297,1.1687651,0.045935392,0.33821085
13968,2,1.1863807,1.2227502,0.036369443,0.33214223
13969,2,1.2232456,1.2283686,0.005123019,0.32655796
13970,2,1.2155015,1.3174505,0.10194898,0.3235067
13971,2,1.291223,1.3250842,0.03386116,0.32120767
13972,2,1.2901268,1.2782267,0.011900067,0.31629437
13973,2,1.2392092,1.337588,0.09837878,0.31693667
13974,2,1.2915292,1.1800288,0.11150038,0.3180733
13975,2,1.1348855,1.186696,0.051810503,0.3181497
13976,2,1.1426314,1.1544696,0.011838198,0.3266708
13977,2,1.111449,1.1188663,0.007417321,0.32690364
13978,2,1.0773529,1.0488254,0.028527498,0.32930547
13979,2,1.0068446,1.083365,0.076520324,0.3323752
13980,2,1.0497948,0.94048166,0.10931313,0.3357913
13981,2,0.89722824,0.91388977,0.016661525,0.33566755
13982,2,0.8765504,0.8467833,0.029767096,0.3441742
13983,2,0.8081405,0.84163845,0.03349793,0.3462777
13984,2,0.8131592,0.7536849,0.05947435,0.3502336
13985,2,0.7169974,0.6772657,0.03973168,0.3510033
13986,2,0.63593435,0.64978343,0.01384908,0.35638392
13987,2,0.6169476,0.5101792,0.10676837,0.360956
13988,2,0.45273125,0.51379997,0.061068714,0.36221048
13989,2,0.48024207,0.49667543,0.016433358,0.37066868
13990,2,0.47250676,0.43168578,0.040820986,0.37036645
13991,2,0.3982669,0.23936825,0.15889867,0.37097704
13992,2,0.15498734,0.19357654,0.03858921,0.37283146
13993,2,0.124680854,0.11126364,0.013417214,0.3839187
13994,2,0.03736242,0.04288691,0.00552449,0.38541764
13995,2,-0.029969446,0.070441276,0.10041072,0.38922912
13996,2,0.03842722,-0.032239955,0.07066718,0.39383265
13997,2,-0.09522252,-0.1811075,0.08588499,0.39030868
13998,2,-0.2852718,-0.10095229,0.1843195,0.39352417
13999,2,-0.12783805,-0.17812742,0.050289378,0.40398675
14000,2,-0.23187634,-0.22925179,0.0026245564,0.3976681
14001,2,-0.28884324,-0.3054382,0.016594946,0.40117016
14002,2,-0.38062805,-0.5410646,0.16043657,0.402572
14003,2,-0.6937795,-0.49198598,0.20179355,0.40227285
14004,2,-0.56263924,-0.5160061,0.046633124,0.41649997
14005,2,-0.5754854,-0.46312714,0.11235827,0.41324827
14006,2,-0.47895825,-0.46505815,0.013900101,0.41569945
14007,2,-0.48383766,-0.4985458,0.014708132,0.41267017
14008,2,-0.534649,-0.51111823,0.023530781,0.412089
14009,2,-0.5473239,-0.4898534,0.05747047,0.4137159
14010,2,-0.5096761,-0.5676258,0.05794972,0.41486132
14011,2,-0.6254076,-0.5339464,0.09146118,0.41210765
14012,2,-0.55998856,-0.5324093,0.027579248,0.41711295
14013,2,-0.5564194,-0.497342,0.059077382,0.4152647
14014,2,-0.50383365,-0.38083413,0.12299952,0.41590178
14015,2,-0.33605945,-0.26048082,0.07557863,0.41641873
14016,2,-0.18540213,-0.2539731,0.06857097,0.41234618
14017,2,-0.21727714,-0.13491341,0.082363725,0.40548062
14018,2,-0.065737486,-0.19459885,0.12886137,0.4075934
14019,2,-0.18924531,-0.17220491,0.017040402,0.39934045
14020,2,-0.1669414,-0.095100105,0.0718413,0.4033286
14021,2,-0.06316997,-0.016191602,0.04697837,0.4035772
14022,2,0.032346927,0.11054718,0.07820025,0.40052974
14023,2,0.18970451,0.21825713,0.028552622,0.39803916
14024,2,0.30554095,0.36262068,0.057079732,0.39203897
14025,2,0.4661646,0.36850157,0.097663015,0.3871877
14026,2,0.43212765,0.577783,0.14565533,0.37855747
14027,2,0.6803765,0.7092517,0.028875172,0.37927845
14028,2,0.80406946,0.7021767,0.10189277,0.3667379
14029,2,0.7592427,0.76594067,0.0066979527,0.35899353
14030,2,0.8130566,0.8253068,0.012250185,0.3591753
14031,2,0.863718,0.9264255,0.06270754,0.3550697
14032,2,0.9628842,0.95188636,0.010997832,0.35067448
14033,2,0.9743333,1.0251422,0.050808907,0.3445764
14034,2,1.041559,1.1425443,0.10098529,0.34215593
14035,2,1.1523831,1.1393927,0.0129903555,0.3360552
14036,2,1.136444,1.1524163,0.015972376,0.32961437
14037,2,1.1404114,1.0698781,0.070533276,0.32955372
14038,2,1.0475544,1.2364522,0.18889785,0.3301846
14039,2,1.2155589,1.1786569,0.03690195,0.33162838
14040,2,1.1523426,1.1762869,0.023944378,0.32372576
14041,2,1.1466784,1.1145893,0.032089114,0.32694528
14042,2,1.0812149,1.0864869,0.005272031,0.32816094
14043,2,1.0525208,1.0665119,0.0139911175,0.33205703
14044,2,1.033551,0.9608067,0.07274425,0.33394277
14045,2,0.9211489,1.0227455,0.101596594,0.3364356
14046,2,0.99717224,0.9417522,0.05542004,0.34168643
14047,2,0.91036975,0.97248983,0.06212008,0.33915043
14048,2,0.95082164,0.87455165,0.076269984,0.34345025
14049,2,0.842878,0.9100049,0.06712693,0.342657
14050,2,0.8913189,0.8537989,0.03751999,0.34802
14051,2,0.83003235,0.7962071,0.03382528,0.34645504
14052,2,0.7682141,0.67608464,0.09212947,0.35010615
14053,2,0.6312052,0.6729402,0.041734993,0.35384282
14054,2,0.64329314,0.62419915,0.01909399,0.3610124
14055,2,0.5938058,0.5964975,0.0026916862,0.3612023
14056,2,0.57096446,0.4355613,0.13540316,0.3640836
14057,2,0.37439796,0.42004836,0.045650393,0.36493295
14058,2,0.3780825,0.3633546,0.01472792,0.37458903
14059,2,0.320054,0.37231773,0.052263737,0.3750264
14060,2,0.35062703,0.24436803,0.106259,0.3785486
14061,2,0.18759084,0.07213547,0.11545537,0.3765344
14062,2,-0.028377473,-0.00834061,0.020036863,0.38166523
14063,2,-0.103766814,-0.08245824,0.021308571,0.39065635
14064,2,-0.1729325,-0.17842285,0.0054903477,0.39407137
14065,2,-0.27667314,-0.25700203,0.019671112,0.39656454
14066,2,-0.35379875,-0.2411091,0.112689644,0.4006087
14067,2,-0.29405853,-0.25262308,0.04143545,0.40554965
14068,2,-0.2934296,-0.28604135,0.007388264,0.4043761
14069,2,-0.33081365,-0.31308445,0.017729193,0.40434322
14070,2,-0.35798126,-0.3979035,0.039922237,0.40571713
14071,2,-0.4701379,-0.33866525,0.13147265,0.40550327
14072,2,-0.35852647,-0.4722789,0.113752425,0.41163978
14073,2,-0.55258685,-0.5144251,0.038161755,0.40546077
14074,2,-0.58897805,-0.42222726,0.16675079,0.41217363
14075,2,-0.42697322,-0.46169028,0.034717053,0.41648805
14076,2,-0.4921533,-0.44516954,0.04698375,0.41042233
14077,2,-0.4638304,-0.40960303,0.054227382,0.41300598
14078,2,-0.41221827,-0.47808746,0.06586918,0.4128219
14079,2,-0.52145886,-0.44228923,0.07916963,0.40937155
14080,2,-0.4591526,-0.3182214,0.14093122,0.41399693
14081,2,-0.27506807,-0.37748966,0.10242158,0.41463774
14082,2,-0.38988736,-0.37231845,0.017568916,0.40622318
14083,2,-0.38672164,-0.37656632,0.01015532,0.40974325
14084,2,-0.39626426,-0.28359705,0.1126672,0.40935573
14085,2,-0.25809473,-0.20190099,0.05619374,0.41159928
14086,2,-0.15622452,-0.12283188,0.033392638,0.40793538
14087,2,-0.06689612,-0.037629444,0.029266674,0.40477347
14088,2,0.027106851,-0.046095043,0.073201895,0.40177315
14089,2,-0.01786808,0.07172241,0.08959049,0.39653167
14090,2,0.13504082,0.19737537,0.062334552,0.39918256
14091,2,0.28319612,0.2347229,0.048473224,0.39408207
14092,2,0.29786652,0.29198343,0.0058830976,0.38703212
14093,2,0.34911478,0.4017248,0.05261001,0.38548455
14094,2,0.47357583,0.569359,0.095783174,0.38309374
14095,2,0.66397715,0.73406863,0.070091486,0.37730613
14096,2,0.8316713,0.7514594,0.08021188,0.36712396
14097,2,0.8154835,0.8685547,0.0530712,0.35736793
14098,2,0.9270178,0.97818196,0.05116415,0.3555426
14099,2,1.0255079,1.0623411,0.036833167,0.34755152
14100,2,1.0940826,1.1876965,0.09361386,0.3400967
14101,2,1.2040455,1.1354815,0.06856406,0.33310235
14102,2,1.1347466,1.1412463,0.0064997673,0.32717946
14103,2,1.129885,1.137608,0.007723093,0.32997254
14104,2,1.1187991,1.1343639,0.015564799,0.32971787
14105,2,1.1107833,1.0487915,0.06199181,0.32997686
14106,2,1.0179238,1.183218,0.16529417,0.33150035
14107,2,1.159533,1.2356888,0.07615578,0.33393827
14108,2,1.2086014,1.1142756,0.09432578,0.32549846
14109,2,1.0818743,1.1103933,0.028519034,0.3248562
14110,2,1.0781591,1.0542778,0.023881316,0.33168602
14111,2,1.0197599,1.0810422,0.061282277,0.3327764
14112,2,1.0517259,1.0547056,0.0029797554,0.33552352
14113,2,1.0253599,0.9942862,0.03107369,0.33442536
14114,2,0.9621353,0.9884779,0.02634257,0.3367312
14115,2,0.96050453,0.88227725,0.07822728,0.34025028
14116,2,0.844962,0.7662076,0.078754425,0.3416667
14117,2,0.71777606,0.61925083,0.098525226,0.34855437
14118,2,0.55274284,0.51341987,0.039322972,0.35559118
14119,2,0.4416771,0.50843847,0.066761374,0.3640805
14120,2,0.46337956,0.4255519,0.03782767,0.37044865
14121,2,0.37368226,0.4212124,0.047530144,0.37021413
14122,2,0.38978273,0.41619593,0.026413202,0.37520328
14123,2,0.3974095,0.26500106,0.13240844,0.37542638
14124,2,0.20370895,0.29721,0.09350106,0.3741262
14125,2,0.27290794,0.13906746,0.13384049,0.3837172
14126,2,0.06656452,0.12686962,0.060305096,0.37956023
14127,2,0.07781563,0.08183507,0.004019439,0.38897336
14128,2,0.033635683,-0.024066234,0.057701916,0.38896507
14129,2,-0.09812356,-0.0011359013,0.09698766,0.38977656
14130,2,-0.036764443,-0.10912262,0.072358176,0.39656958
14131,2,-0.17885813,-0.084024936,0.094833195,0.3931132
14132,2,-0.116859555,-0.09905041,0.017809145,0.40005517
14133,2,-0.12836133,-0.22042732,0.09206599,0.3982632
14134,2,-0.2953662,-0.26581916,0.029547036,0.39668682
14135,2,-0.33600783,-0.29198545,0.04402238,0.40288734
14136,2,-0.3507244,-0.35541844,0.0046940446,0.40498704
14137,2,-0.42518616,-0.32909405,0.096092105,0.40516996
14138,2,-0.36328834,-0.44160637,0.07831803,0.40939558
14139,2,-0.5203263,-0.52007645,0.00024986267,0.4055282
14140,2,-0.61003643,-0.49277902,0.117257416,0.41033682
14141,2,-0.53879815,-0.6014676,0.062669456,0.41530418
14142,2,-0.686693,-0.5227549,0.1639381,0.41163036
14143,2,-0.5405129,-0.56903034,0.028517425,0.41923237
14144,2,-0.6107343,-0.5576636,0.053070664,0.41391075
14145,2,-0.5855302,-0.51074517,0.074785054,0.41670802
14146,2,-0.513326,-0.396713,0.116613,0.4170374
14147,2,-0.35097566,-0.2862826,0.06469306,0.41683447
14148,2,-0.21574521,-0.29534522,0.07960001,0.4127063
14149,2,-0.26903114,-0.2110337,0.057997435,0.40610737
14150,2,-0.16484876,-0.2300792,0.065230444,0.40842927
14151,2,-0.22091928,-0.23453163,0.013612345,0.40308738
14152,2,-0.23989785,-0.06814726,0.17175059,0.40411142
14153,2,0.0011058152,-0.029045029,0.030150844,0.40778935
14154,2,0.022875227,0.103544965,0.08066974,0.39868072
14155,2,0.18693447,0.18251725,0.0044172257,0.39869338
14156,2,0.260431,0.27074772,0.01031673,0.39196324
14157,2,0.3485336,0.3249048,0.023628801,0.3883795
14158,2,0.38948575,0.48691517,0.097429425,0.3836733
14159,2,0.5789991,0.48230714,0.096691966,0.38163844
14160,2,0.53722155,0.6871016,0.14988005,0.37190896
14161,2,0.7752553,0.8078381,0.03258276,0.37242296
14162,2,0.8863861,0.964386,0.07799989,0.3597929
14163,2,1.0332842,0.9615465,0.07173771,0.3511964
14164,2,1.0013616,1.0322248,0.030863166,0.34228748
14165,2,1.0584451,1.1255045,0.0670594,0.34150425
14166,2,1.140037,1.1951865,0.055149555,0.335984
14167,2,1.1960562,1.1457098,0.050346494,0.32948902
14168,2,1.1339759,1.06072,0.0732559,0.32658863
14169,2,1.0376924,1.1732374,0.13554502,0.33069354
14170,2,1.1529577,1.2250755,0.072117805,0.33348775
14171,2,1.2003288,1.2956946,0.09536576,0.32626575
14172,2,1.263984,1.2853552,0.021371245,0.32190073
14173,2,1.2490706,1.1817929,0.06727779,0.3183565
14174,2,1.1431239,1.1994855,0.056361675,0.32098454
14175,2,1.1605146,1.0353491,0.12516546,0.3263234
14176,2,0.98953915,1.1175785,0.12803936,0.32799122
14177,2,1.0835321,0.92956793,0.15396416,0.33595493
14178,2,0.88194156,0.8943106,0.012369037,0.33378816
14179,2,0.8523334,0.7982357,0.054097712,0.3449889
14180,2,0.75087875,0.798471,0.047592223,0.34771085
14181,2,0.76598585,0.79856837,0.03258252,0.35335824
14182,2,0.7765987,0.6449632,0.13163549,0.35334384
14183,2,0.59729826,0.6725602,0.07526195,0.35368532
14184,2,0.649354,0.5281374,0.121216595,0.36286253
14185,2,0.4766913,0.48578522,0.00909391,0.36092544
14186,2,0.44178903,0.53692156,0.09513253,0.36944032
14187,2,0.5269622,0.4456611,0.08130112,0.37222424
14188,2,0.41406342,0.405072,0.00899142,0.3686403
14189,2,0.3736827,0.3592176,0.014465094,0.37385502
14190,2,0.32576758,0.37500653,0.04923895,0.3758951
14191,2,0.36150882,0.29068673,0.07082209,0.37882334
14192,2,0.25439203,0.2325425,0.021849528,0.37696585
14193,2,0.18940133,0.11772317,0.07167816,0.3813496
14194,2,0.047249727,-0.045528483,0.092778206,0.38315582
14195,2,-0.15562154,-0.12397375,0.031647794,0.38720322
14196,2,-0.2262778,-0.15121032,0.075067475,0.39546978
14197,2,-0.226506,-0.096001744,0.13050425,0.3995844
14198,2,-0.117246464,-0.19687456,0.079628095,0.40231586
14199,2,-0.2574323,-0.34835455,0.09092224,0.39699006
14200,2,-0.45656693,-0.24711181,0.20945512,0.39979833
14201,2,-0.2659228,-0.27477732,0.008854508,0.41074926
14202,2,-0.30452728,-0.3300097,0.025482416,0.40425923
14203,2,-0.37969217,-0.45240432,0.07271215,0.40470585
14204,2,-0.5446689,-0.5363866,0.008282304,0.4053633
14205,2,-0.63655096,-0.5520992,0.084451735,0.41062206
14206,2,-0.62468255,-0.48856357,0.13611898,0.41500384
14207,2,-0.5064525,-0.47961682,0.02683568,0.41719174
14208,2,-0.49443352,-0.46637908,0.028054446,0.413804
14209,2,-0.47787452,-0.39994016,0.077934355,0.41357526
14210,2,-0.38329494,-0.3742434,0.009051532,0.41423857
14211,2,-0.3620186,-0.3102106,0.051808,0.4109913
14212,2,-0.28155673,-0.28047326,0.0010834634,0.41088971
14213,2,-0.25900853,-0.30102944,0.042020917,0.40781623
14214,2,-0.307385,-0.25944752,0.047937483,0.4056488
14215,2,-0.25196674,-0.20759024,0.044376507,0.4077308
14216,2,-0.18666688,-0.122403964,0.06426291,0.40640107
14217,2,-0.077441044,-0.12925418,0.051813133,0.40511793
14218,2,-0.11285533,-0.13486926,0.022013932,0.3999381
14219,2,-0.13461365,0.05369954,0.18831319,0.40023053
14220,2,0.1353041,0.14442506,0.009120971,0.4041513
14221,2,0.22679967,0.14032894,0.08647072,0.39438882
14222,2,0.18439877,0.14224194,0.04215683,0.38886333
14223,2,0.16579857,0.24789248,0.08209391,0.38914078
14224,2,0.30150768,0.4028279,0.10132021,0.39051998
14225,2,0.49007964,0.458237,0.03184265,0.3857396
14226,2,0.52898514,0.6335963,0.10461116,0.376829
14227,2,0.7262444,0.7449453,0.018700898,0.37396595
14228,2,0.82717365,0.79720116,0.029972494,0.36330608
14229,2,0.85757077,0.85139,0.0061807632,0.35648847
14230,2,0.89633274,0.97994304,0.083610296,0.35304478
14231,2,1.0215142,0.99306154,0.028452635,0.3485043
14232,2,1.0161254,1.0301746,0.014049172,0.34100923
14233,2,1.0420595,1.1082152,0.06615567,0.33975288
14234,2,1.1132607,1.1284463,0.015185595,0.33641022
14235,2,1.1235343,1.0459077,0.077626586,0.33171213
14236,2,1.0285051,1.1626399,0.13413477,0.33187428
14237,2,1.1477567,1.1765858,0.028829098,0.33451533
14238,2,1.1563518,1.2476807,0.09132886,0.32781988
14239,2,1.2221932,1.1731588,0.049034476,0.32559752
14240,2,1.1429644,1.1202691,0.022695303,0.32320824
14241,2,1.0864555,0.969563,0.11689246,0.32824215
14242,2,0.9250871,0.9166846,0.008402467,0.33325708
14243,2,0.87360346,0.96151334,0.08790988,0.3424665
14244,2,0.9342551,0.8419932,0.09226191,0.3450192
14245,2,0.8028767,0.78951705,0.013359666,0.34352165
14246,2,0.7518028,0.84009874,0.08829594,0.35083467
14247,2,0.82362354,0.7969878,0.026635766,0.35358316
14248,2,0.77730167,0.79309434,0.015792668,0.35090786
14249,2,0.7785653,0.73208094,0.04648435,0.35346204
14250,2,0.7095628,0.6938619,0.015700877,0.35394582
14251,2,0.6704755,0.64993596,0.020539522,0.35765296
14252,2,0.62462175,0.58775854,0.036863208,0.35996482
14253,2,0.5561788,0.517372,0.038806796,0.36251938
14254,2,0.47852892,0.40726736,0.071261555,0.36600688
14255,2,0.3500079,0.32609344,0.023914456,0.3695159
14256,2,0.2640369,0.32679066,0.06275377,0.37541252
14257,2,0.290528,0.28571272,0.0048152804,0.3803494
14258,2,0.25036925,0.20023894,0.050130308,0.379839
14259,2,0.14783931,0.06483541,0.0830039,0.38119784
14260,2,-0.02014701,0.016514271,0.036661282,0.38422376
14261,2,-0.055876166,-0.04630253,0.009573635,0.39155513
14262,2,-0.11781345,-0.16223036,0.044416904,0.3932835
14263,2,-0.2574475,-0.17743759,0.08000992,0.3947441
14264,2,-0.2437264,-0.37372383,0.12999743,0.4013098
14265,2,-0.502737,-0.35843116,0.14430583,0.39815614
14266,2,-0.4315612,-0.48380077,0.052239567,0.40982297
14267,2,-0.58972377,-0.4208814,0.16884238,0.40635595
14268,2,-0.45737037,-0.46215364,0.0047832727,0.41477895
14269,2,-0.51030695,-0.5249878,0.014680862,0.41033638
14270,2,-0.59055567,-0.47046828,0.120087385,0.41139367
14271,2,-0.48943517,-0.42104107,0.068394095,0.4160501
14272,2,-0.41651404,-0.54075766,0.12424362,0.41401765
14273,2,-0.60314417,-0.5042225,0.09892166,0.40877858
14274,2,-0.53155786,-0.557968,0.026410162,0.4162265
14275,2,-0.6089013,-0.6077568,0.0011445284,0.41309565
14276,2,-0.6701244,-0.5965925,0.073531926,0.41511387
14277,2,-0.6360425,-0.5999814,0.03606105,0.4180748
14278,2,-0.6337713,-0.47476676,0.15900454,0.41739294
14279,2,-0.4403174,-0.41925934,0.021058053,0.420174
14280,2,-0.383071,-0.4822818,0.0992108,0.41430026
14281,2,-0.50247854,-0.40149227,0.10098627,0.40983334
14282,2,-0.3836336,-0.31878293,0.06485069,0.41511098
14283,2,-0.27806282,-0.3777835,0.09972069,0.41227695
14284,2,-0.39202282,-0.3344358,0.057587028,0.4062494
14285,2,-0.3314996,-0.124113634,0.20738597,0.4105717
14286,2,-0.026881397,-0.11723916,0.090357766,0.41252685
14287,2,-0.0651193,-0.08035927,0.015239976,0.40028238
14288,2,-0.04070662,0.00031489777,0.04102152,0.40061012
14289,2,0.053379484,0.15433136,0.10095187,0.39995885
14290,2,0.24718356,0.32181147,0.074627906,0.3977317
14291,2,0.4389342,0.36680505,0.07212916,0.39062697
14292,2,0.45150036,0.54716027,0.09565991,0.3810062
14293,2,0.65392673,0.5935037,0.060423017,0.37933958
14294,2,0.6712722,0.7294772,0.05820501,0.3686878
14295,2,0.80865276,0.87813854,0.06948578,0.36573103
14296,2,0.95219004,0.8878028,0.06438726,0.3567165
14297,2,0.9335202,0.8530608,0.080459416,0.34802866
14298,2,0.8731511,0.8942774,0.02112627,0.34775597
14299,2,0.90914595,1.0246396,0.115493655,0.34941873
14300,2,1.0441968,1.030446,0.013750792,0.34541976
14301,2,1.0376369,1.1837589,0.14612198,0.33796212
14302,2,1.1872061,1.2177551,0.03054893,0.33493295
14303,2,1.2093283,1.289363,0.08003473,0.32584602
14304,2,1.2689153,1.2991936,0.030278325,0.32243985
14305,2,1.2696841,1.1817967,0.08788741,0.3183853
14306,2,1.1479177,1.1750083,0.02709055,0.32022524
14307,2,1.1387118,1.0944101,0.04430175,0.32679683
14308,2,1.0548126,1.1225617,0.06774914,0.3285509
14309,2,1.0873961,1.0734345,0.013961673,0.33258274
14310,2,1.0375853,0.9533477,0.084237576,0.33181038
14311,2,0.91008544,0.9112747,0.0011892319,0.33611447
14312,2,0.8714383,0.9313871,0.059948802,0.34345555
14313,2,0.903909,0.6696413,0.23426771,0.3456779
14314,2,0.6022296,0.7447158,0.14248621,0.34572345
14315,2,0.71793115,0.7587932,0.040862024,0.36119026
14316,2,0.744454,0.66532344,0.07913059,0.35670862
14317,2,0.6355585,0.71037996,0.07482147,0.35608268
14318,2,0.70248675,0.6060681,0.09641868,0.3615737
14319,2,0.5765993,0.48341516,0.09318414,0.35892525
14320,2,0.4308641,0.52428514,0.09342104,0.36470285
14321,2,0.50526786,0.50465405,0.00061380863,0.3723205
14322,2,0.48876065,0.40977883,0.07898182,0.36977538
14323,2,0.37194458,0.33853364,0.033410937,0.37031215
14324,2,0.29206866,0.19688332,0.09518534,0.37539536
14325,2,0.11790947,0.09002953,0.027879938,0.37792674
14326,2,-0.00027780235,-0.020999607,0.020721804,0.38486132
14327,2,-0.12217061,0.040114142,0.16228476,0.38934004
14328,2,0.0062687397,-0.072681844,0.078950584,0.39713442
14329,2,-0.1416768,-0.04323375,0.098443046,0.39135587
14330,2,-0.07309689,-0.11384863,0.04075174,0.3986802
14331,2,-0.1651777,-0.07300171,0.09217599,0.39553562
14332,2,-0.08792734,-0.08370578,0.0042215586,0.40055352
14333,2,-0.100737825,-0.21220896,0.11147113,0.39791068
14334,2,-0.2829514,-0.34039792,0.05744651,0.395947
14335,2,-0.44544733,-0.37064442,0.074802905,0.40085348
14336,2,-0.45225108,-0.3895771,0.062673986,0.40764466
14337,2,-0.45218968,-0.45358384,0.0013941526,0.40898407
14338,2,-0.52679205,-0.39859918,0.12819287,0.40873367
14339,2,-0.42097798,-0.4297689,0.00879091,0.41353786
14340,2,-0.46552604,-0.5061668,0.04064077,0.4097399
14341,2,-0.5712377,-0.51010275,0.061134934,0.4099467
14342,2,-0.5580172,-0.60144866,0.04343146,0.41416448
14343,2,-0.68051785,-0.51239467,0.16812319,0.41258928
14344,2,-0.521634,-0.65689796,0.13526398,0.41944987
14345,2,-0.7380984,-0.5211897,0.2169087,0.4117158
14346,2,-0.5076616,-0.4551253,0.05253628,0.42235038
14347,2,-0.4252236,-0.41188878,0.013334811,0.41616252
14348,2,-0.3844619,-0.42182487,0.037362963,0.4133404
14349,2,-0.42173058,-0.41864663,0.0030839443,0.41066444
14350,2,-0.42763817,-0.17040399,0.2572342,0.41129825
14351,2,-0.058961276,-0.20777343,0.14881216,0.41646415
14352,2,-0.16900992,-0.15201098,0.016998947,0.40116283
14353,2,-0.11242077,-0.024788486,0.08763228,0.40452272
14354,2,0.049758546,0.12163272,0.07187417,0.4037485
14355,2,0.2236802,0.290073,0.06639281,0.39872843
14356,2,0.41350746,0.457718,0.044210553,0.3922484
14357,2,0.5870593,0.586673,0.0003862977,0.38357142
14358,2,0.7014222,0.7346269,0.033204675,0.37400424
14359,2,0.8387445,0.77600044,0.06274408,0.3661073
14360,2,0.8476867,0.98133534,0.13364863,0.35721707
14361,2,1.0521402,1.0667083,0.01456809,0.35276654
14362,2,1.1134322,1.1294262,0.015994072,0.3398484
14363,2,1.1545537,1.1542325,0.00032114983,0.33399838
14364,2,1.1612642,1.157784,0.003480196,0.33007067
14365,2,1.1511892,1.1717883,0.020599127,0.3286357
14366,2,1.1558616,1.213322,0.057460427,0.32817823
14367,2,1.1906673,1.2493681,0.0587008,0.32658952
14368,2,1.2204623,1.359858,0.13939571,0.32357436
14369,2,1.3200517,1.2774006,0.042651057,0.3190401
14370,2,1.2372129,1.2661823,0.028969407,0.31509027
14371,2,1.2231305,1.2148924,0.008238077,0.31975606
14372,2,1.1709405,1.2551483,0.08420777,0.3214149
14373,2,1.2109156,1.2257651,0.014849544,0.32336405
14374,2,1.1817862,1.107563,0.07422316,0.32179987
14375,2,1.061881,0.9859713,0.075909674,0.3255129
14376,2,0.9354491,0.9935991,0.058149993,0.3338087
14377,2,0.953863,0.9567188,0.0028557777,0.34065878
14378,2,0.9204731,0.9002769,0.0201962,0.34066728
14379,2,0.86427325,0.78073585,0.0835374,0.3433616
14380,2,0.73362494,0.82211125,0.088486314,0.34743565
14381,2,0.79796046,0.7790796,0.018880844,0.35422972
14382,2,0.7542865,0.67586946,0.07841706,0.35205597
14383,2,0.6370661,0.5363238,0.10074234,0.35486737
14384,2,0.47539157,0.6451726,0.16978103,0.3607656
14385,2,0.63843143,0.59360796,0.044823468,0.36933857
14386,2,0.5776731,0.53203875,0.04563433,0.36281908
14387,2,0.50615567,0.4133734,0.09278226,0.36572215
14388,2,0.36214203,0.29593417,0.066207856,0.36867592
14389,2,0.22492802,0.20573883,0.019189194,0.37468922
14390,2,0.12933472,0.27285463,0.14351991,0.3806549
14391,2,0.2540447,0.09520264,0.15884207,0.3870073
14392,2,0.018135391,-0.013205407,0.0313408,0.38032335
14393,2,-0.10573286,-0.045124702,0.060608156,0.38917407
14394,2,-0.115814105,0.025426378,0.14124048,0.39508837
14395,2,0.013787709,-0.17812902,0.19191673,0.39831436
14396,2,-0.2719154,-0.14365101,0.1282644,0.39014545
14397,2,-0.18696749,-0.2929759,0.10600841,0.40294486
14398,2,-0.3889083,-0.29034272,0.09856558,0.3978229
14399,2,-0.35055697,-0.296992,0.053564966,0.40660313
14400,0,-0.34079987,-0.18095982,0.15984005,0.40630856
14401,0,-0.1556354,-0.09100313,0.064632274,0.40915996
14402,0,-0.039727353,-0.025236057,0.014491295,0.40417683
14403,0,0.029175527,0.019562045,0.009613482,0.4001154
14404,0,0.06629757,0.17090765,0.10461008,0.39701918
14405,0,0.25909048,0.34489384,0.08580336,0.39682618
14406,0,0.46151972,0.40759695,0.053922772,0.38985765
14407,0,0.49817574,0.59575933,0.09758359,0.37996182
14408,0,0.705937,0.7954368,0.08949977,0.3769763
14409,0,0.90640795,0.8798636,0.026544333,0.36519712
14410,0,0.9613819,1.0020776,0.040695667,0.35289067
14411,0,1.06373,1.141811,0.07808101,0.34657338
14412,0,1.1821954,1.203624,0.021428585,0.33734486
14413,0,1.2206157,1.383978,0.16336226,0.32842478
14414,0,1.3720315,1.3665831,0.0054483414,0.32080773
14415,0,1.341575,1.3014498,0.04012525,0.31180078
14416,0,1.2693558,1.4581361,0.18878031,0.31421733
14417,0,1.4037592,1.4789497,0.075190425,0.31366473
14418,0,1.415926,1.5706403,0.15471435,0.3050767
14419,0,1.4879284,1.5467945,0.058866143,0.30139416
14420,0,1.4646151,1.5595717,0.09495664,0.29754332
14421,0,1.471668,1.5948837,0.123215675,0.2983604
14422,0,1.4978925,1.6222827,0.124390244,0.29669306
14423,0,1.5180907,1.7769643,0.25887358,0.29414716
14424,0,1.6339898,1.7184304,0.08444059,0.287852
14425,0,1.591618,1.6245099,0.03289199,0.28255785
14426,0,1.5168304,1.6329236,0.11609316,0.28811288
14427,0,1.5211239,1.6339747,0.112850785,0.2923913
14428,0,1.520839,1.6006501,0.079811096,0.29195344
14429,0,1.493438,1.5694568,0.07601881,0.2928884
14430,0,1.4673288,1.6288432,0.1615144,0.29541796
14431,0,1.5154359,1.7203484,0.20491242,0.29518095
14432,0,1.5871042,1.6622537,0.075149536,0.28943706
14433,0,1.5438123,1.5827804,0.038968086,0.2869185
14434,0,1.4794259,1.5748241,0.09539819,0.29202014
14435,0,1.4719167,1.5471123,0.07519567,0.2961432
14436,0,1.4486997,1.43794,0.010759711,0.29732686
14437,0,1.3541996,1.4188358,0.06463611,0.30160928
14438,0,1.3379886,1.3891143,0.051125646,0.3076979
14439,0,1.3129091,1.4362992,0.12339008,0.3094314
14440,0,1.3578827,1.325665,0.03221774,0.30976003
14441,0,1.2580614,1.1687169,0.0893445,0.30998918
14442,0,1.1062045,1.0057844,0.10042012,0.31899613
14443,0,0.94014525,0.8855858,0.05455947,0.33009195
14444,0,0.8182225,0.8694822,0.051259696,0.3406337
14445,0,0.81824017,0.774597,0.043643177,0.3477562
14446,0,0.7215052,0.79866695,0.07716173,0.34927994
14447,0,0.7682605,0.82070583,0.052445352,0.35474303
14448,0,0.8047254,0.77303344,0.03169197,0.35319215
14449,0,0.7531596,0.65930325,0.093856335,0.35216618
14450,0,0.6212703,0.64417136,0.022901058,0.35522917
14451,0,0.61644167,0.6305825,0.014140844,0.36202836
14452,0,0.61046314,0.44218114,0.168282,0.36292836
14453,0,0.37818995,0.483402,0.10521206,0.36290595
14454,0,0.45799506,0.35891864,0.09907642,0.37460768
14455,0,0.3049384,0.3526627,0.047724307,0.3711228
14456,0,0.31860393,0.25858054,0.060023397,0.37862864
14457,0,0.20556733,0.18185566,0.023711666,0.37792307
14458,0,0.12103773,0.093742706,0.027295023,0.38257837
14459,0,0.02197726,0.0023067584,0.019670501,0.38583654
14460,0,-0.07948085,-0.06465557,0.014825277,0.3895507
14461,0,-0.14385001,-0.08029571,0.0635543,0.39378121
14462,0,-0.13613793,-0.04127448,0.09486345,0.39748007
14463,0,-0.058742616,-0.053931262,0.004811354,0.3991719
14464,0,-0.07235551,-0.06325007,0.0091054365,0.39659846
14465,0,-0.08145969,-0.18870103,0.10724134,0.39717382
14466,0,-0.25821823,-0.29300913,0.034790903,0.39521396
14467,0,-0.38642037,-0.35965252,0.02676785,0.4004618
14468,0,-0.45100203,-0.31720588,0.13379616,0.40514058
14469,0,-0.35552996,-0.33152434,0.024005622,0.40989557
14470,0,-0.36692405,-0.38274375,0.015819699,0.40713364
14471,0,-0.43443954,-0.4773698,0.042930245,0.40687943
14472,0,-0.55899113,-0.46720022,0.091790915,0.40786332
14473,0,-0.51711357,-0.6522936,0.13518006,0.41343105
14474,0,-0.7721631,-0.7262951,0.04586798,0.409317
14475,0,-0.83679676,-0.7331421,0.10365468,0.4181152
14476,0,-0.80626905,-0.6859927,0.12027633,0.421963
14477,0,-0.71218705,-0.71682507,0.004638016,0.42318758
14478,0,-0.7558364,-0.79291207,0.03707564,0.42008847
14479,0,-0.8597939,-0.9397038,0.07990992,0.42046967
14480,0,-1.0498976,-0.9618187,0.08807886,0.42241994
14481,0,-1.0386952,-0.9836452,0.055050015,0.42957896
14482,0,-1.0415238,-0.8973474,0.14417642,0.43041918
14483,0,-0.893734,-0.93582714,0.042093158,0.43270642
14484,0,-0.9606712,-0.9657665,0.005095303,0.4277714
14485,0,-1.0014728,-0.95432246,0.047150373,0.42933485
14486,0,-0.97629,-0.9851527,0.008862734,0.4309869
14487,0,-1.0192938,-0.9150966,0.104197204,0.43002653
14488,0,-0.9079032,-0.92234,0.014436781,0.43251565
14489,0,-0.9314744,-0.9466066,0.015132189,0.4288523
14490,0,-0.97226834,-1.0749996,0.10273123,0.42889726
14491,0,-1.1523182,-1.1790377,0.026719451,0.42873448
14492,0,-1.2676349,-1.1460485,0.12158632,0.43414336
14493,0,-1.1793165,-1.120482,0.058834553,0.43930024
14494,0,-1.1289444,-1.159817,0.030872583,0.43796197
14495,0,-1.1846745,-1.2064322,0.021757722,0.43641818
14496,0,-1.2411429,-1.2014711,0.03967178,0.4379494
14497,0,-1.2177713,-1.1024292,0.11534214,0.44015104
14498,0,-1.0667367,-1.1315017,0.06476498,0.44079486
14499,0,-1.1307478,-1.1267,0.0040477514,0.43578255
14500,0,-1.1285673,-1.2036259,0.07505858,0.43721086
14501,0,-1.2409348,-1.1163845,0.12455034,0.43642268
14502,0,-1.0979443,-1.1550573,0.05711305,0.4407512
14503,0,-1.1667695,-1.0941371,0.07263243,0.4362598
14504,0,-1.0761715,-1.0520382,0.024133325,0.4386542
14505,0,-1.0290864,-0.8707506,0.15833575,0.4361583
14506,0,-0.7756443,-0.86626714,0.09062284,0.43663108
14507,0,-0.8256172,-0.84222984,0.016612649,0.42738485
14508,0,-0.8213388,-0.7341212,0.08721757,0.427523
14509,0,-0.6812327,-0.5882619,0.09297079,0.4281271
14510,0,-0.49806648,-0.5100306,0.011964142,0.4251899
14511,0,-0.43496418,-0.37003803,0.06492615,0.4187634
14512,0,-0.27082518,-0.24801329,0.02281189,0.4173787
14513,0,-0.14421618,-0.1423643,0.0018518865,0.41198915
14514,0,-0.043542616,-0.08412587,0.040583253,0.40709013
14515,0,-0.009594493,0.097094655,0.10668915,0.4020275
14516,0,0.21414438,0.1684293,0.04571508,0.40186745
14517,0,0.26156703,0.2959112,0.034344167,0.3921451
14518,0,0.39663616,0.34453392,0.052102238,0.38951308
14519,0,0.42003644,0.55918074,0.1391443,0.38235572
14520,0,0.6715025,0.7653294,0.09382695,0.3806763
14521,0,0.8816582,0.8924047,0.010746479,0.36753747
14522,0,0.98422384,0.942691,0.041532815,0.35450116
14523,0,1.0038149,1.1234969,0.119681954,0.34663492
14524,0,1.1692268,1.1488814,0.02034533,0.34098917
14525,0,1.1704993,1.2642071,0.0937078,0.3304971
14526,0,1.2659758,1.3674827,0.10150683,0.32672155
14527,0,1.3473847,1.4464453,0.099060655,0.3180638
14528,0,1.4056973,1.5240039,0.11830652,0.3105986
14529,0,1.462513,1.6457182,0.18320525,0.30439684
14530,0,1.5534639,1.5393462,0.014117718,0.29685616
14531,0,1.462326,1.4543377,0.007988334,0.29402834
14532,0,1.383573,1.4700282,0.08645511,0.30159497
14533,0,1.3934522,1.4491518,0.055699587,0.30551267
14534,0,1.3731468,1.4878047,0.11465788,0.3052672
14535,0,1.4059979,1.4768306,0.07083273,0.30528867
14536,0,1.3961315,1.4583219,0.062190413,0.30362767
14537,0,1.3796599,1.5628818,0.18322194,0.30467892
14538,0,1.4685475,1.5506754,0.08212793,0.302652
14539,0,1.4586847,1.5109633,0.052278638,0.29781836
14540,0,1.4246011,1.5817709,0.15716982,0.299532
14541,0,1.4830061,1.5239763,0.040970206,0.29947612
14542,0,1.4346528,1.4909356,0.05628276,0.29762214
14543,0,1.4056447,1.5321414,0.12649679,0.30141735
14544,0,1.4405441,1.6058102,0.16526604,0.30193126
14545,0,1.5014474,1.5857116,0.08426416,0.2977063
14546,0,1.485527,1.5049735,0.019446492,0.29469737
14547,0,1.4172804,1.4875586,0.07027817,0.29793644
14548,0,1.4015688,1.4047366,0.0031678677,0.3024686
14549,0,1.3280494,1.4177843,0.08973491,0.30548444
14550,0,1.3408692,1.4577745,0.11690533,0.30944028
14551,0,1.3779083,1.414467,0.036558628,0.3077105
14552,0,1.3404555,1.3862933,0.04583776,0.3067839
14553,0,1.3158321,1.3259902,0.010158062,0.30972806
14554,0,1.2609315,1.2009655,0.059965968,0.31262672
14555,0,1.140975,1.0986885,0.042286515,0.3184156
14556,0,1.0406139,1.0117468,0.028867126,0.32703364
14557,0,0.9556848,0.9654139,0.009729147,0.3340095
14558,0,0.9158723,0.85115373,0.064718544,0.33952832
14559,0,0.79706186,0.7181856,0.07887626,0.34323514
14560,0,0.6543158,0.80678034,0.15246451,0.35052422
14561,0,0.78380954,0.76221067,0.021598876,0.35798854
14562,0,0.7384652,0.8174741,0.07900894,0.3530336
14563,0,0.8127163,0.837949,0.025232673,0.355344
14564,0,0.8377707,0.71088,0.12689072,0.3519707
14565,0,0.68528175,0.7419551,0.056673348,0.35132214
14566,0,0.73174524,0.5776399,0.15410537,0.35877413
14567,0,0.5322146,0.48620778,0.0460068,0.35693747
14568,0,0.4312243,0.45408365,0.022859365,0.366446
14569,0,0.4107543,0.3484783,0.062276006,0.3717749
14570,0,0.28833944,0.20958152,0.07875791,0.3728022
14571,0,0.12363627,0.15609305,0.032456778,0.3775043
14572,0,0.083395086,0.10478207,0.021386981,0.3851636
14573,0,0.040679313,0.1429002,0.102220885,0.3875829
14574,0,0.120793395,0.055451084,0.06534231,0.39129514
14575,0,0.006755151,0.14296304,0.13620788,0.38753778
14576,0,0.15051192,-0.0013190131,0.15183093,0.3942613
14577,0,-0.055686224,-0.01884467,0.036841556,0.38650772
14578,0,-0.06153837,-0.02252744,0.039010927,0.39487585
14579,0,-0.052003335,-0.026433567,0.025569769,0.3958567
14580,0,-0.048251133,-0.12220605,0.07395491,0.3960033
14581,0,-0.17996499,-0.2116632,0.031698212,0.39436525
14582,0,-0.29019198,-0.27270326,0.017488718,0.39823672
14583,0,-0.3518526,-0.24946009,0.10239251,0.40222973
14584,0,-0.28977814,-0.37830213,0.088523984,0.40629062
14585,0,-0.46607268,-0.43771473,0.028357953,0.40223673
14586,0,-0.5233708,-0.3837333,0.1396375,0.4084174
14587,0,-0.4135246,-0.43804234,0.024517745,0.41295147
14588,0,-0.48849136,-0.4564425,0.03204885,0.40872034
14589,0,-0.502458,-0.5379121,0.035454094,0.4114282
14590,0,-0.6111078,-0.5843066,0.026801229,0.41081846
14591,0,-0.65687007,-0.533616,0.12325406,0.41445497
14592,0,-0.5585535,-0.59338236,0.03482884,0.41804942
14593,0,-0.6454062,-0.6590334,0.013627231,0.41404262
14594,0,-0.7290733,-0.6148349,0.11423838,0.41610414
14595,0,-0.6419989,-0.71641994,0.07442105,0.42053264
14596,0,-0.78886074,-0.74176055,0.047100186,0.416266
14597,0,-0.80389136,-0.79894245,0.004948914,0.42128614
14598,0,-0.86953187,-0.9542735,0.08474165,0.4216908
14599,0,-1.0693941,-1.0104189,0.05897522,0.42256227
14600,0,-1.1040204,-1.0614746,0.042545795,0.42973542
14601,0,-1.1390343,-1.1011232,0.037911057,0.43197158
14602,0,-1.1634566,-1.2121294,0.048672795,0.4340793
14603,0,-1.2927909,-1.229959,0.06283188,0.43518478
14604,0,-1.2782755,-1.1976475,0.08062804,0.44023234
14605,0,-1.2072645,-1.137157,0.07010758,0.4412732
14606,0,-1.1156086,-1.1132517,0.0023568869,0.44026297
14607,0,-1.0948405,-1.1746193,0.07977879,0.43760443
14608,0,-1.195832,-1.1706514,0.025180578,0.43597266
14609,0,-1.182438,-1.1829593,0.0005213022,0.4388889
14610,0,-1.196749,-1.1856356,0.011113405,0.438611
14611,0,-1.1957961,-1.1209426,0.07485354,0.43916798
14612,0,-1.0991312,-1.0586562,0.04047501,0.43984723
14613,0,-1.023339,-1.0523162,0.028977156,0.43738994
14614,0,-1.0380328,-1.0728824,0.034849644,0.43442225
14615,0,-1.0819124,-1.147335,0.065422654,0.43390107
14616,0,-1.1901355,-1.0866884,0.10344708,0.43425265
14617,0,-1.0854492,-1.0350827,0.05036652,0.43836066
14618,0,-1.0163532,-1.0017791,0.01457417,0.43598887
14619,0,-0.98397505,-0.8925568,0.09141827,0.43384522
14620,0,-0.8386515,-0.7736133,0.065038204,0.43370602
14621,0,-0.6966504,-0.6530918,0.043558598,0.43006244
14622,0,-0.5636348,-0.5538764,0.009758413,0.42601344
14623,0,-0.46894717,-0.5697503,0.10080314,0.42144698
14624,0,-0.5445971,-0.49541083,0.04918626,0.41562513
14625,0,-0.45796755,-0.28977835,0.1681892,0.41803694
14626,0,-0.17593782,-0.1636153,0.012322515,0.41831216
14627,0,-0.048877224,-0.05956609,0.010688867,0.4091005
14628,0,0.045204766,-0.03380608,0.079010844,0.40376934
14629,0,0.030602932,0.15420862,0.12360568,0.39807785
14630,0,0.2674116,0.26627693,0.0011346638,0.39976227
14631,0,0.37325126,0.38015378,0.006902516,0.3900265
14632,0,0.4823073,0.4342142,0.04809311,0.3844622
14633,0,0.5121976,0.53195393,0.019756317,0.378036
14634,0,0.6079773,0.6081381,0.00016081333,0.37529135
14635,0,0.67492366,0.67183036,0.0030933022,0.36960796
14636,0,0.72814333,0.73530334,0.007160008,0.36504787
14637,0,0.78345823,0.81135005,0.027891815,0.361102
14638,0,0.8547452,0.9847727,0.13002747,0.35695764
14639,0,1.033203,1.0536985,0.020495534,0.35071105
14640,0,1.085686,1.2517817,0.16609573,0.3398641
14641,0,1.2673233,1.3277603,0.060437083,0.3321486
14642,0,1.321463,1.4199907,0.09852767,0.31971365
14643,0,1.3905696,1.5502536,0.15968406,0.31336612
14644,0,1.4900718,1.6165084,0.12643659,0.30494392
14645,0,1.5352559,1.708293,0.17303705,0.29649398
14646,0,1.5996093,1.679421,0.07981169,0.29041195
14647,0,1.5732255,1.7285109,0.15528536,0.286974
14648,0,1.6057382,1.7600397,0.15430152,0.28679672
14649,0,1.6261451,1.7190243,0.092879176,0.28349566
14650,0,1.5933516,1.8798798,0.28652823,0.28332832
14651,0,1.7055929,1.8325555,0.12696266,0.27986595
14652,0,1.67428,1.8585752,0.18429518,0.27428463
14653,0,1.6916423,1.8628794,0.17123711,0.2755389
14654,0,1.6942881,1.8334869,0.13919878,0.27424186
14655,0,1.6731447,1.7288964,0.05575168,0.2750129
14656,0,1.5950347,1.639622,0.044587255,0.27961844
14657,0,1.5227683,1.5914669,0.068698645,0.2871755
14658,0,1.481595,1.4808137,0.0007812977,0.29287827
14659,0,1.3869927,1.4071995,0.020206809,0.29827756
14660,0,1.3219304,1.3370826,0.015152216,0.30577323
14661,0,1.259542,1.2545832,0.004958749,0.31127116
14662,0,1.184379,1.2570701,0.07269108,0.31678408
14663,0,1.1930082,1.1961192,0.0031110048,0.32118082
14664,0,1.1378806,1.2297605,0.091879964,0.32227162
14665,0,1.1776056,1.2652273,0.08762169,0.32492402
14666,0,1.2162024,1.1134568,0.10274553,0.32234126
14667,0,1.0649657,1.2151897,0.15022397,0.32322264
14668,0,1.1744211,1.2069067,0.032485604,0.32972926
14669,0,1.167429,1.2340828,0.06665385,0.32435182
14670,0,1.1951236,1.2074146,0.012291074,0.32424772
14671,0,1.1683238,1.1107439,0.057579875,0.32331076
14672,0,1.0696847,0.99132234,0.078362405,0.32648733
14673,0,0.944808,0.8698376,0.074970424,0.33356628
14674,0,0.8161401,0.77378803,0.04235208,0.34159347
14675,0,0.7174106,0.8207048,0.103294194,0.34926212
14676,0,0.7917811,0.7518511,0.039930046,0.35464528
14677,0,0.718892,0.7289113,0.010019302,0.35224885
14678,0,0.70249534,0.6043143,0.09818101,0.35639912
14679,0,0.5579868,0.5217634,0.03622341,0.35780525
14680,0,0.47007358,0.53400016,0.06392658,0.36502752
14681,0,0.5067984,0.589153,0.082354605,0.37005612
14682,0,0.5899428,0.61728656,0.02734375,0.36946714
14683,0,0.62717354,0.5124267,0.11474687,0.3662055
14684,0,0.4915018,0.46370286,0.02779895,0.3641942
14685,0,0.43661153,0.29239282,0.14421871,0.3702531
14686,0,0.22015515,0.28294614,0.06279099,0.37156707
14687,0,0.23564768,0.2095818,0.026065871,0.3818927
14688,0,0.15416807,0.16517356,0.011005491,0.38150054
14689,0,0.11470323,-0.021488722,0.13619195,0.385303
14690,0,-0.12642227,-0.068281345,0.058140926,0.3847865
14691,0,-0.15332328,-0.1173939,0.035929374,0.39513603
14692,0,-0.19173098,-0.17330353,0.018427446,0.39695856
14693,0,-0.24513867,-0.14641118,0.098727494,0.39874184
14694,0,-0.17942551,-0.09280094,0.08662457,0.40260315
14695,0,-0.09089823,-0.1892234,0.09832516,0.4020952
14696,0,-0.23500282,-0.2560203,0.021017492,0.39695725
14697,0,-0.3189787,-0.3017145,0.017264187,0.4012633
14698,0,-0.36574027,-0.3452187,0.020521581,0.4042107
14699,0,-0.4091965,-0.3804026,0.028793901,0.40594712
14700,0,-0.44086283,-0.5072529,0.06639004,0.40771657
14701,0,-0.60773873,-0.55910695,0.048631787,0.4071396
14702,0,-0.64903206,-0.5339913,0.11504078,0.41324222
14703,0,-0.58084047,-0.6379594,0.057118952,0.41663697
14704,0,-0.7215431,-0.6017129,0.11983019,0.41323483
14705,0,-0.6399437,-0.64304686,0.003103137,0.41963595
14706,0,-0.693795,-0.7054274,0.011632383,0.41685247
14707,0,-0.77294403,-0.76840806,0.004535973,0.417975
14708,0,-0.8449012,-0.77737975,0.06752145,0.42025587
14709,0,-0.83311653,-0.8112404,0.021876156,0.4234466
14710,0,-0.86714023,-0.89369,0.026549757,0.42337072
14711,0,-0.9708549,-0.9367804,0.034074485,0.4239291
14712,0,-1.0063752,-0.9030299,0.103345275,0.4275736
14713,0,-0.93231106,-0.86894816,0.0633629,0.4302299
14714,0,-0.87716603,-0.9752019,0.09803587,0.42900908
14715,0,-1.0363772,-1.011311,0.025066137,0.4258628
14716,0,-1.067881,-0.9867389,0.08114207,0.43076375
14717,0,-1.0123117,-1.013191,0.0008792877,0.43285084
14718,0,-1.0461031,-1.0736219,0.02751875,0.4313144
14719,0,-1.1242869,-0.9350784,0.18920851,0.43199095
14720,0,-0.9006423,-1.030434,0.12979174,0.43669024
14721,0,-1.0636276,-1.1048523,0.041224718,0.42857596
14722,0,-1.1615796,-0.96282345,0.19875616,0.43255076
14723,0,-0.92977476,-0.9753877,0.04561293,0.4378429
14724,0,-0.97268224,-0.9926863,0.020004034,0.43057021
14725,0,-1.0080937,-0.95290756,0.055186152,0.43098795
14726,0,-0.9509367,-0.9661206,0.015183926,0.4323605
14727,0,-0.9804169,-0.95305663,0.02736026,0.4301885
14728,0,-0.9635651,-0.96315014,0.00041496754,0.43102145
14729,0,-0.98251784,-0.89806426,0.08445358,0.43023354
14730,0,-0.8862247,-0.86338514,0.022839546,0.43164966
14731,0,-0.85076153,-0.78613204,0.064629495,0.42883864
14732,0,-0.75244665,-0.6874786,0.06496805,0.4283052
14733,0,-0.6319685,-0.5886898,0.043278694,0.42601332
14734,0,-0.521581,-0.5866666,0.06508559,0.42262134
14735,0,-0.56205785,-0.57220674,0.010148883,0.41721845
14736,0,-0.56469256,-0.50994784,0.05474472,0.4173941
14737,0,-0.48739225,-0.45921445,0.028177798,0.41786772
14738,0,-0.43355334,-0.31338957,0.12016377,0.41544044
14739,0,-0.23684525,-0.23216592,0.004679337,0.41571596
14740,0,-0.1596941,-0.09986128,0.059832826,0.40903348
14741,0,-0.004605569,-0.025328662,0.020723093,0.4070215
14742,0,0.055908106,0.07006548,0.014157377,0.40064102
14743,0,0.1528295,0.17802483,0.02519533,0.3979144
14744,0,0.26678616,0.18445446,0.0823317,0.39390787
14745,0,0.23632944,0.35424086,0.11791143,0.38750196
14746,0,0.4468915,0.43030092,0.016590565,0.3891334
14747,0,0.510723,0.49247,0.018252999,0.37956637
14748,0,0.56004375,0.53556013,0.024483621,0.37536702
14749,0,0.5890286,0.61381894,0.024790347,0.37181914
14750,0,0.66758907,0.67348605,0.0058969855,0.36939597
14751,0,0.72112656,0.7345279,0.0134013295,0.36470842
14752,0,0.77711785,0.90045184,0.12333399,0.36100763
14753,0,0.9544518,0.98361707,0.029165268,0.356185
14754,0,1.024756,1.0822052,0.05744922,0.3456619
14755,0,1.1106727,1.1663815,0.055708766,0.33946157
14756,0,1.1795645,1.3393376,0.15977311,0.3324424
14757,0,1.3308786,1.4224417,0.091563106,0.3239513
14758,0,1.3923169,1.5371379,0.14482093,0.31270075
14759,0,1.4792792,1.4924191,0.013139963,0.3052151
14760,0,1.4331014,1.4956117,0.06251025,0.30071348
14761,0,1.4283588,1.5308462,0.102487445,0.3028836
14762,0,1.452687,1.5732472,0.12056017,0.3017345
14763,0,1.4839898,1.5571035,0.07311368,0.29874915
14764,0,1.4678868,1.4915316,0.023644805,0.29712215
14765,0,1.409814,1.5471134,0.13729942,0.29973072
14766,0,1.4551086,1.5555718,0.10046315,0.30146757
14767,0,1.4614518,1.6610267,0.19957495,0.29846
14768,0,1.5456369,1.7611129,0.21547604,0.29484296
14769,0,1.6216894,1.7600546,0.13836515,0.2865876
14770,0,1.6220374,1.7253577,0.10332024,0.2819909
14771,0,1.5957695,1.721411,0.12564147,0.28313175
14772,0,1.591297,1.6320423,0.04074526,0.28487325
14773,0,1.5202959,1.5430613,0.022765398,0.28775322
14774,0,1.4450881,1.4690458,0.02395761,0.29460454
14775,0,1.3801141,1.437863,0.057748914,0.30102915
14776,0,1.3529058,1.4120554,0.059149623,0.30561018
14777,0,1.331446,1.405784,0.07433796,0.30787346
14778,0,1.3281473,1.3957895,0.06764221,0.30936804
14779,0,1.3214709,1.2328244,0.08864641,0.30994487
14780,0,1.1685517,1.1798708,0.01131916,0.31403586
14781,0,1.1202737,1.2094162,0.08914244,0.3239027
14782,0,1.156556,1.0890304,0.067525625,0.32622868
14783,0,1.0371623,0.98211426,0.05504805,0.32670504
14784,0,0.9290149,0.9426564,0.013641477,0.33491242
14785,0,0.8964374,0.8441526,0.052284777,0.34148046
14786,0,0.79462963,0.7516444,0.04298526,0.34461245
14787,0,0.6993625,0.67875475,0.02060777,0.3508609
14788,0,0.6279619,0.67830503,0.050343156,0.35650474
14789,0,0.6463088,0.65828687,0.01197809,0.360847
14790,0,0.63415813,0.6778337,0.043675542,0.36089182
14791,0,0.66850996,0.5615596,0.10695034,0.36206365
14792,0,0.52727896,0.520729,0.0065499544,0.36075565
14793,0,0.48841536,0.3887872,0.09962815,0.36760506
14794,0,0.32895842,0.37611726,0.047158837,0.3691417
14795,0,0.33608693,0.31735462,0.01873231,0.37704477
14796,0,0.27386087,0.30548927,0.0316284,0.37721044
14797,0,0.27607316,0.35963383,0.083560675,0.38064378
14798,0,0.36294645,0.41287398,0.049927533,0.3819236
14799,0,0.43492806,0.24922311,0.18570495,0.3791154
14800,0,0.20856178,0.14863773,0.05992405,0.3741194
14801,0,0.08462613,0.13194776,0.047321625,0.3826381
14802,0,0.08582502,0.04487859,0.040946428,0.38847607
14803,0,-0.019112729,0.05222782,0.071340546,0.38801378
14804,0,0.01598256,0.02046416,0.0044815987,0.39339647
14805,0,-0.01592137,-0.0032452762,0.012676093,0.3923863
14806,0,-0.03696185,-0.055586092,0.018624242,0.39386028
14807,0,-0.10075508,-0.0065493835,0.0942057,0.39428988
14808,0,-0.014044918,0.0048917746,0.018936694,0.39835364
14809,0,0.002857618,-0.07448259,0.07734021,0.39563167
14810,0,-0.113009766,-0.1379829,0.02497314,0.39343476
14811,0,-0.1931659,-0.2654043,0.072238415,0.39691302
14812,0,-0.35944822,-0.3602666,0.0008183718,0.3980573
14813,0,-0.46455818,-0.40144765,0.06311053,0.4035307
14814,0,-0.48749065,-0.4408403,0.04665035,0.40813923
14815,0,-0.51569533,-0.55480486,0.039109528,0.409672
14816,0,-0.6576749,-0.61402017,0.04365474,0.40961856
14817,0,-0.70824564,-0.68354857,0.024697065,0.41482097
14818,0,-0.7773152,-0.71980155,0.057513654,0.4167881
14819,0,-0.79765964,-0.8080929,0.010433257,0.41990516
14820,0,-0.90033233,-0.72643894,0.17389339,0.42039323
14821,0,-0.7454329,-0.8711274,0.12569451,0.4264521
14822,0,-0.9560021,-0.8527366,0.103265524,0.41984898
14823,0,-0.89905775,-0.7884911,0.110566676,0.4276108
14824,0,-0.7915598,-0.6732332,0.118326604,0.42770445
14825,0,-0.6273513,-0.7109043,0.083553016,0.42641783
14826,0,-0.7157668,-0.79987514,0.08410835,0.4195061
14827,0,-0.8556711,-0.8199536,0.035717487,0.42004952
14828,0,-0.8707654,-0.7834361,0.08732927,0.42441264
14829,0,-0.8037803,-0.8311318,0.027351499,0.42606574
14830,0,-0.8751006,-0.85244936,0.022651255,0.42338082
14831,0,-0.89644355,-0.8715364,0.024907172,0.42554203
14832,0,-0.9140333,-0.9328522,0.018818915,0.42636204
14833,0,-0.99301416,-0.85055447,0.14245969,0.42649955
14834,0,-0.85169154,-0.8702564,0.01856488,0.43083885
14835,0,-0.8902215,-0.80039245,0.08982903,0.4262829
14836,0,-0.78724486,-0.7802688,0.006976068,0.4284193
14837,0,-0.77471006,-0.78878963,0.014079571,0.42508787
14838,0,-0.80147743,-0.89514923,0.0936718,0.42388397
14839,0,-0.9614177,-0.9040457,0.057371974,0.42275527
14840,0,-0.9536512,-0.98368645,0.030035257,0.42808878
14841,0,-1.0547476,-0.9565567,0.0981909,0.42752844
14842,0,-0.98939,-0.8538852,0.13550484,0.43185887
14843,0,-0.8295529,-0.76872253,0.060830355,0.4320082
14844,0,-0.7240608,-0.8048746,0.080813825,0.4281122
14845,0,-0.8098755,-0.6694101,0.14046538,0.42301643
14846,0,-0.61538196,-0.7607376,0.14535564,0.42737663
14847,0,-0.7866614,-0.7544418,0.03221959,0.41846338
14848,0,-0.7778909,-0.72637445,0.051516473,0.42342904
14849,0,-0.73727643,-0.5984362,0.13884026,0.4235881
14850,0,-0.55112356,-0.63887334,0.08774978,0.42455372
14851,0,-0.64450735,-0.525103,0.119404376,0.41675094
14852,0,-0.48295176,-0.4451361,0.03781566,0.421265
14853,0,-0.39380807,-0.29565346,0.098154604,0.4165979
14854,0,-0.20320645,-0.165638,0.03756845,0.41529495
14855,0,-0.060424987,-0.076054595,0.015629608,0.40940228
14856,0,0.017029405,-0.04221601,0.059245415,0.40356627
14857,0,0.019209921,0.05181122,0.032601297,0.39890087
14858,0,0.12248165,0.21849933,0.09601768,0.39860836
14859,0,0.32486147,0.25622687,0.0686346,0.39555663
14860,0,0.33119667,0.32330692,0.007889748,0.38603377
14861,0,0.39040285,0.43751568,0.047112823,0.38453162
14862,0,0.5155451,0.6905163,0.17497116,0.38146898
14863,0,0.8071053,0.68485624,0.12224907,0.3750299
14864,0,0.7564422,0.81975317,0.06331098,0.36013836
14865,0,0.8894731,0.93585414,0.046381056,0.35983226
14866,0,0.9939337,1.1409551,0.14702141,0.35088143
14867,0,1.1866221,1.2818623,0.095240116,0.34102198
14868,0,1.3000646,1.3705225,0.070457935,0.32673448
14869,0,1.36203,1.4426419,0.080611825,0.3170586
14870,0,1.4104388,1.5180931,0.10765433,0.31054604
14871,0,1.4629347,1.5273334,0.06439865,0.3047593
14872,0,1.4616063,1.6100029,0.14839661,0.30070978
14873,0,1.521986,1.6607404,0.13875437,0.297813
14874,0,1.5571756,1.598227,0.041051388,0.2922358
14875,0,1.5038085,1.5997835,0.09597504,0.29165566
14876,0,1.501141,1.7197831,0.21864212,0.29465675
14877,0,1.5919449,1.7521355,0.16019058,0.29082665
14878,0,1.6159285,1.793588,0.17765951,0.28415495
14879,0,1.6458657,1.831592,0.18572628,0.2813158
14880,0,1.6728821,1.814883,0.14200091,0.27817997
14881,0,1.6610868,1.752861,0.091774225,0.27701774
14882,0,1.6148244,1.698548,0.083723545,0.2797432
14883,0,1.5715863,1.6841425,0.11255622,0.28429085
14884,0,1.5584624,1.6637077,0.10524535,0.28729123
14885,0,1.5415072,1.665841,0.12433374,0.28859878
14886,0,1.5427294,1.6935194,0.15078998,0.28950846
14887,0,1.5643749,1.6654919,0.101117015,0.28854853
14888,0,1.5432574,1.6797744,0.13651705,0.2880981
14889,0,1.554498,1.5445867,0.009911299,0.288994
14890,0,1.4451355,1.5884005,0.14326501,0.2922058
14891,0,1.4809206,1.5218335,0.040912986,0.29762214
14892,0,1.425987,1.466492,0.04050505,0.29734957
14893,0,1.378695,1.4428456,0.06415057,0.3021732
14894,0,1.3590361,1.4413233,0.08228719,0.3056124
14895,0,1.3594912,1.382262,0.022770762,0.30686486
14896,0,1.3079296,1.3103389,0.0024092197,0.30842674
14897,0,1.2427657,1.2228005,0.019965172,0.3131887
14898,0,1.1606884,1.2479434,0.087255,0.31885967
14899,0,1.190889,1.1562368,0.034652233,0.32309264
14900,0,1.1027858,1.0791116,0.02367425,0.32349092
14901,0,1.0280538,0.9292279,0.09882587,0.32983422
14902,0,0.8715718,0.861582,0.009989798,0.33601624
14903,0,0.80812305,0.88974416,0.08162111,0.34527636
14904,0,0.8563329,0.8182734,0.038059473,0.3489694
14905,0,0.7823507,0.7723934,0.009957314,0.3478729
14906,0,0.7389479,0.70261586,0.03633207,0.35231248
14907,0,0.6655799,0.6368317,0.028748214,0.3552403
14908,0,0.59751457,0.59427476,0.0032398105,0.35943592
14909,0,0.5590588,0.46964908,0.08940971,0.36332133
14910,0,0.41306585,0.43736455,0.024298698,0.36532742
14911,0,0.39324644,0.51901853,0.12577209,0.37265807
14912,0,0.51981044,0.43372256,0.08608788,0.37505826
14913,0,0.41046208,0.33558673,0.074875355,0.36963636
14914,0,0.28971946,0.15809,0.13162947,0.37390506
14915,0,0.066100515,-0.0127393985,0.07883991,0.37751636
14916,0,-0.13779598,-0.064833485,0.0729625,0.3853793
14917,0,-0.16381395,-0.032675084,0.13113886,0.39467937
14918,0,-0.07804267,-0.10906086,0.03101819,0.39841384
14919,0,-0.17103767,-0.19009744,0.019059762,0.39500058
14920,0,-0.2660075,-0.2018251,0.064182416,0.397903
14921,0,-0.25573573,-0.122353494,0.13338223,0.40244728
14922,0,-0.12036182,-0.1931622,0.07280038,0.40477878
14923,0,-0.22827217,-0.31183055,0.08355838,0.39862698
14924,0,-0.39174372,-0.31895077,0.07279295,0.40033257
14925,0,-0.37531912,-0.37993386,0.0046147406,0.40708947
14926,0,-0.44783995,-0.34869146,0.09914848,0.40621412
14927,0,-0.37975827,-0.33536392,0.044394344,0.41038918
14928,0,-0.3541676,-0.40461633,0.050448716,0.40887266
14929,0,-0.45570874,-0.36672232,0.08898643,0.40664452
14930,0,-0.3858314,-0.30486295,0.08096844,0.41142103
14931,0,-0.29377735,-0.345862,0.052084655,0.4105703
14932,0,-0.36704773,-0.52725637,0.16020864,0.40611574
14933,0,-0.62976354,-0.66608435,0.036320806,0.40480676
14934,0,-0.7969285,-0.6724185,0.12451005,0.41236976
14935,0,-0.75768363,-0.59661347,0.16107017,0.4198138
14936,0,-0.61532116,-0.6528431,0.03752196,0.42163208
14937,0,-0.6997596,-0.714388,0.01462841,0.4163931
14938,0,-0.7795278,-0.6913005,0.08822727,0.41834784
14939,0,-0.72608835,-0.65939116,0.06669718,0.42207703
14940,0,-0.673301,-0.664383,0.008917987,0.42142713
14941,0,-0.68529767,-0.6798225,0.0054751635,0.41959962
14942,0,-0.70983535,-0.72738993,0.017554581,0.41958538
14943,0,-0.77744037,-0.8687822,0.09134185,0.41957396
14944,0,-0.96981287,-0.91845316,0.051359713,0.41992915
14945,0,-1.0047814,-0.8783247,0.12645668,0.42654622
14946,0,-0.9139067,-0.78344995,0.13045675,0.4296595
14947,0,-0.76489407,-0.88678193,0.12188786,0.42913762
14948,0,-0.9344623,-0.9851831,0.05072081,0.42259035
14949,0,-1.0639002,-0.9447206,0.11917961,0.4266471
14950,0,-0.97553587,-0.94020104,0.035334826,0.43209445
14951,0,-0.96284914,-0.99878484,0.0359357,0.43011266
14952,0,-1.0456022,-0.8807289,0.1648733,0.42916456
14953,0,-0.85588723,-0.93367416,0.07778692,0.43374124
14954,0,-0.9548788,-0.9047338,0.05014503,0.42695582
14955,0,-0.91196465,-0.85486925,0.05709541,0.43004653
14956,0,-0.84479,-0.75930876,0.08548123,0.4293163
14957,0,-0.7174385,-0.7807178,0.06327927,0.42833364
14958,0,-0.7805379,-0.7688756,0.011662304,0.42291006
14959,0,-0.7752203,-0.73272544,0.042494833,0.42424142
14960,0,-0.73049897,-0.7850222,0.05452323,0.42424494
14961,0,-0.8203777,-0.75453067,0.06584704,0.4214347
14962,0,-0.77043164,-0.7132868,0.05714482,0.4247177
14963,0,-0.7132057,-0.5836004,0.1296053,0.42383048
14964,0,-0.5292902,-0.47466782,0.054622382,0.42414442
14965,0,-0.40187204,-0.42562744,0.023755401,0.41925704
14966,0,-0.37310624,-0.37993386,0.0068276227,0.41415814
14967,0,-0.3400023,-0.31629944,0.02370286,0.41234154
14968,0,-0.27385488,-0.31183344,0.03797856,0.41108692
14969,0,-0.29595172,-0.25576377,0.040187955,0.40750018
14970,0,-0.22952938,-0.08945393,0.14007545,0.40843898
14971,0,-0.0026624426,0.046371467,0.04903391,0.40861773
14972,0,0.15136462,0.18903232,0.03766769,0.40132868
14973,0,0.30539978,0.24073626,0.064663514,0.39548257
14974,0,0.32646984,0.37900224,0.052532405,0.387614
14975,0,0.4778902,0.49088356,0.0129933655,0.38598207
14976,0,0.585348,0.5851998,0.00014823675,0.3784303
14977,0,0.66893995,0.709635,0.04069507,0.3720313
14978,0,0.79058725,0.8110018,0.020414531,0.36630034
14979,0,0.8800553,0.8753961,0.0046592355,0.35845697
14980,0,0.9269552,1.098072,0.17111683,0.3520325
14981,0,1.1469378,1.1720582,0.025120378,0.34521464
14982,0,1.1980014,1.2781074,0.08010602,0.33145756
14983,0,1.2819848,1.2206489,0.06133592,0.32515264
14984,0,1.2104235,1.3978701,0.1874466,0.32065344
14985,0,1.3657346,1.4466498,0.08091521,0.31953853
14986,0,1.3996392,1.4062047,0.0065654516,0.309032
14987,0,1.3560231,1.3993658,0.04334271,0.30756518
14988,0,1.3437968,1.4377143,0.09391749,0.3098334
14989,0,1.3738763,1.498854,0.12497771,0.3091946
14990,0,1.4240116,1.5314356,0.10742402,0.30555815
14991,0,1.4492781,1.5403914,0.09111333,0.30155545
14992,0,1.4547101,1.561303,0.10659289,0.29967362
14993,0,1.4702085,1.6911051,0.2208966,0.29862726
14994,0,1.5716227,1.7102232,0.13860047,0.29359615
14995,0,1.5862817,1.6376295,0.05134785,0.286831
14996,0,1.5290365,1.5471916,0.018155098,0.28812757
14997,0,1.4528584,1.5900753,0.1372168,0.29421568
14998,0,1.4863732,1.5598574,0.07348418,0.29744408
14999,0,1.4610431,1.549916,0.08887291,0.29621223
15000,0,1.4524705,1.5301763,0.07770574,0.2979899
15001,0,1.4359367,1.5173473,0.08141065,0.2990403
15002,0,1.4253232,1.5236506,0.0983274,0.30038416
15003,0,1.4311818,1.5675235,0.13634169,0.3008508
15004,0,1.4685221,1.5914074,0.12288535,0.2992738
15005,0,1.4887838,1.5637649,0.07498109,0.29640678
15006,0,1.4663339,1.491556,0.025222182,0.2960355
15007,0,1.4047832,1.4852406,0.08045733,0.29939443
15008,0,1.3990848,1.4243987,0.025313854,0.30321038
15009,0,1.3457322,1.3725305,0.026798248,0.30511963
15010,0,1.2994788,1.2548707,0.044608116,0.3095428
15011,0,1.189318,1.1925551,0.0032371283,0.31486827
15012,0,1.1316545,1.1247306,0.006923914,0.32245874
15013,0,1.0681946,1.2500666,0.18187201,0.3270898
15014,0,1.2026472,1.1295928,0.07305443,0.32834846
15015,0,1.0835648,1.0033073,0.080257416,0.32381532
15016,0,0.95354974,0.7974264,0.15612334,0.33235154
15017,0,0.72835195,0.77384603,0.04549408,0.3412802
15018,0,0.72108674,0.7184694,0.0026173592,0.35353476
15019,0,0.6715361,0.7181102,0.046574116,0.35512272
15020,0,0.68812263,0.675123,0.012999654,0.35840732
15021,0,0.6467109,0.67569965,0.028988779,0.35850766
15022,0,0.65868855,0.50264806,0.15604049,0.36106628
15023,0,0.44767714,0.47357726,0.025900126,0.36059025
15024,0,0.43117166,0.49507514,0.06390348,0.37090757
15025,0,0.47725332,0.4187811,0.058472216,0.3727807
15026,0,0.38578784,0.39235288,0.0065650344,0.37097073
15027,0,0.36471558,0.35283557,0.01188001,0.37537435
15028,0,0.3238477,0.33181152,0.007963806,0.37660334
15029,0,0.30801272,0.23910344,0.06890929,0.3787827
15030,0,0.19207412,0.18036918,0.011704937,0.3789351
15031,0,0.12946877,-0.0014825341,0.1309513,0.38374013
15032,0,-0.10452463,-0.09387133,0.010653295,0.3842373
15033,0,-0.19743976,-0.057977952,0.13946182,0.39343584
15034,0,-0.10491101,-0.14309137,0.03818036,0.39965826
15035,0,-0.21063343,-0.04506773,0.1655657,0.39582694
15036,0,-0.042135462,-0.076025754,0.033890292,0.40283328
15037,0,-0.090982705,-0.15919095,0.06820825,0.39639455
15038,0,-0.20893171,-0.14950243,0.059429288,0.39657456
15039,0,-0.1790688,-0.24515913,0.06609033,0.40170527
15040,0,-0.31060728,-0.32579985,0.015192568,0.39915413
15041,0,-0.40715396,-0.3471849,0.059969068,0.403073
15042,0,-0.4109158,-0.4401644,0.029248595,0.40729845
15043,0,-0.52698344,-0.54401803,0.01703459,0.406591
15044,0,-0.6495339,-0.56641364,0.08312029,0.40978777
15045,0,-0.6450144,-0.51896816,0.12604624,0.41514376
15046,0,-0.5482199,-0.58036035,0.032140434,0.41735527
15047,0,-0.63501894,-0.6493816,0.014362633,0.41348076
15048,0,-0.72213,-0.7072431,0.014886916,0.41556826
15049,0,-0.78459775,-0.6676023,0.116995454,0.41828513
15050,0,-0.7005862,-0.66784936,0.032736838,0.42213553
15051,0,-0.6962979,-0.71634805,0.020050168,0.41998097
15052,0,-0.7654895,-0.6916855,0.07380402,0.41912144
15053,0,-0.7172172,-0.6835327,0.033684492,0.4221756
15054,0,-0.70437086,-0.8029685,0.098597646,0.4209947
15055,0,-0.87978506,-0.82369447,0.056090593,0.41855878
15056,0,-0.88546455,-0.85159385,0.033870697,0.42451593
15057,0,-0.90776175,-0.97744507,0.06968331,0.42516887
15058,0,-1.071934,-1.0795457,0.0076117516,0.42496592
15059,0,-1.1801802,-0.93924224,0.24093795,0.4301983
15060,0,-0.9300089,-0.91830033,0.011708558,0.43692526
15061,0,-0.91191417,-0.8949732,0.016940951,0.4301361
15062,0,-0.8899435,-0.8892624,0.0006811023,0.42940313
15063,0,-0.8940073,-0.8680271,0.025980234,0.4282912
15064,0,-0.8708146,-0.89045256,0.019637942,0.4283135
15065,0,-0.9130304,-0.8684654,0.044564962,0.4268912
15066,0,-0.8803861,-0.8920179,0.011631787,0.42836815
15067,0,-0.9198019,-0.89997405,0.019827843,0.42689157
15068,0,-0.9285717,-0.88638365,0.04218805,0.42798603
15069,0,-0.9050591,-0.83473057,0.07032853,0.42858994
15070,0,-0.8298476,-0.8699825,0.040134907,0.42868808
15071,0,-0.8946451,-0.99111193,0.09646684,0.42546976
15072,0,-1.0677134,-0.9479989,0.1197145,0.42574194
15073,0,-0.97669846,-0.858145,0.11855346,0.43234825
15074,0,-0.83850145,-0.8433319,0.00483042,0.43149734
15075,0,-0.8362572,-0.85392785,0.017670631,0.42708394
15076,0,-0.86615694,-0.78340715,0.082749784,0.42615238
15077,0,-0.7664099,-0.81089634,0.044486463,0.42785534
15078,0,-0.8264367,-0.7121225,0.1143142,0.42369246
15079,0,-0.68281054,-0.5271518,0.15565872,0.42687005
15080,0,-0.42749262,-0.50127995,0.07378733,0.42528376
15081,0,-0.44637716,-0.45709,0.010712832,0.4155245
15082,0,-0.41772163,-0.3637953,0.05392632,0.41499573
15083,0,-0.3075409,-0.29131883,0.01622206,0.41449198
15084,0,-0.23529923,-0.26663578,0.031336546,0.4106931
15085,0,-0.23325264,-0.275547,0.042294353,0.4070116
15086,0,-0.2704087,-0.17124459,0.0991641,0.4053828
15087,0,-0.12701792,0.042775895,0.16979381,0.40810764
15088,0,0.16128466,0.25873703,0.09745237,0.40611356
15089,0,0.41272795,0.41516787,0.0024399161,0.39659232
15090,0,0.55952775,0.40643278,0.15309498,0.38517994
15091,0,0.48970294,0.38967398,0.10002896,0.37571314
15092,0,0.4324577,0.53641856,0.10396087,0.3760987
15093,0,0.6070742,0.61569715,0.008622944,0.37795758
15094,0,0.6802297,0.7162578,0.036028087,0.36934552
15095,0,0.7794378,0.8579342,0.0784964,0.3644814
15096,0,0.92241323,1.0351359,0.112722635,0.35767934
15097,0,1.0926607,1.1027938,0.010133147,0.34730268
15098,0,1.1378248,1.2366748,0.09885001,0.33622873
15099,0,1.2512829,1.2195698,0.031713128,0.32983842
15100,0,1.216955,1.3071374,0.09018242,0.32292867
15101,0,1.288429,1.4033796,0.11495054,0.32192436
15102,0,1.3663635,1.4591566,0.09279311,0.31488073
15103,0,1.4071198,1.5362443,0.12912452,0.30840987
15104,0,1.465864,1.5240934,0.058229446,0.30340236
15105,0,1.4503433,1.570772,0.1204288,0.2998928
15106,0,1.4844615,1.5530831,0.068621516,0.29915598
15107,0,1.4664433,1.5123092,0.045865893,0.297359
15108,0,1.4290935,1.4442493,0.015155792,0.29937458
15109,0,1.3675185,1.499287,0.13176847,0.30323082
15110,0,1.4144197,1.5093905,0.09497082,0.30521542
15111,0,1.4229028,1.5082422,0.08533943,0.30215627
15112,0,1.4217966,1.4306986,0.008902073,0.30167997
15113,0,1.3537256,1.4530637,0.099338174,0.3037802
15114,0,1.3737676,1.4989101,0.12514246,0.3071765
15115,0,1.4142324,1.5079548,0.09372246,0.30478033
15116,0,1.4224265,1.5438555,0.121429086,0.30221516
15117,0,1.4528129,1.5004437,0.047630787,0.30074394
15118,0,1.415823,1.4211369,0.0053138733,0.30015954
15119,0,1.345501,1.3771342,0.031633258,0.3044183
15120,0,1.3055801,1.403092,0.09751189,0.30960283
15121,0,1.3305371,1.3478389,0.017301798,0.31124872
15122,0,1.2809572,1.139053,0.14190423,0.31124082
15123,0,1.0771785,1.1337726,0.056594133,0.31824598
15124,0,1.0789502,1.1040791,0.02512896,0.329907
15125,0,1.0549539,1.0807276,0.025773644,0.3307028
15126,0,1.0371877,1.116164,0.07897627,0.33273634
15127,0,1.08077,1.0557036,0.025066376,0.3334557
15128,0,1.019967,0.9651715,0.054795444,0.3324305
15129,0,0.92555404,0.85220075,0.07335329,0.3370096
15130,0,0.80486083,0.8635725,0.058711648,0.3432424
15131,0,0.83146954,0.9373487,0.10587919,0.34974626
15132,0,0.92482233,0.8809817,0.043840647,0.34835142
15133,0,0.86207217,0.69729835,0.16477382,0.34465164
15134,0,0.6485219,0.68681175,0.038289845,0.34876284
15135,0,0.65209615,0.6030119,0.049084246,0.35973224
15136,0,0.56021607,0.5646543,0.0044382215,0.36033657
15137,0,0.52800524,0.40989515,0.11811009,0.36527747
15138,0,0.34203598,0.37869924,0.036663264,0.36665553
15139,0,0.32737553,0.27127975,0.05609578,0.37578967
15140,0,0.20354658,0.36662722,0.16308063,0.37649894
15141,0,0.36246553,0.24257015,0.11989538,0.38404545
15142,0,0.1982041,0.22321565,0.025011554,0.37685767
15143,0,0.18937385,0.2092692,0.019895345,0.3841434
15144,0,0.18396702,0.15626256,0.027704462,0.38512272
15145,0,0.12048044,0.102187894,0.018292546,0.38518524
15146,0,0.05837924,0.07229305,0.01391381,0.38752958
15147,0,0.032699667,0.06220914,0.029509474,0.39029267
15148,0,0.033161752,0.097659945,0.06449819,0.39192092
15149,0,0.094208576,0.08707646,0.007132113,0.39313045
15150,0,0.07937894,-0.029676124,0.109055065,0.39081806
15151,0,-0.08472028,-0.10167242,0.016952142,0.38935438
15152,0,-0.16926757,-0.112718895,0.05654867,0.3949684
15153,0,-0.1612308,-0.23565412,0.07442331,0.39904007
15154,0,-0.32271603,-0.32301083,0.00029480457,0.3971815
15155,0,-0.41925645,-0.34086418,0.07839227,0.40257812
15156,0,-0.4109258,-0.2861319,0.12479392,0.40727127
15157,0,-0.30598727,-0.30997708,0.0039898157,0.4094756
15158,0,-0.33912396,-0.47926295,0.14013898,0.40578818
15159,0,-0.5796664,-0.6049855,0.0253191,0.40369165
15160,0,-0.728487,-0.59459424,0.13389277,0.4108174
15161,0,-0.6676343,-0.7057909,0.03815657,0.4179614
15162,0,-0.8065837,-0.7385375,0.06804621,0.41535217
15163,0,-0.8186904,-0.8693773,0.050686896,0.42077348
15164,0,-0.98056,-0.88458186,0.09597814,0.4204994
15165,0,-0.9598979,-0.97939754,0.01949966,0.4270445
15166,0,-1.0694993,-0.9411394,0.12835985,0.42660102
15167,0,-0.97800666,-0.9850481,0.0070414543,0.43185186
15168,0,-1.0320166,-0.9858572,0.046159446,0.42936888
15169,0,-1.0182352,-0.8607551,0.15748012,0.4315522
15170,0,-0.8241867,-0.7841003,0.04008639,0.43340412
15171,0,-0.73724425,-0.85353154,0.11628729,0.42820236
15172,0,-0.87249446,-0.8503175,0.022176981,0.4230842
15173,0,-0.8703151,-0.81276745,0.05754763,0.42673627
15174,0,-0.81639576,-0.8380453,0.02164954,0.42716742
15175,0,-0.8631115,-0.9202445,0.05713302,0.42480552
15176,0,-0.9816736,-0.9544018,0.027271807,0.42495513
15177,0,-1.0120366,-0.9113228,0.10071379,0.4286922
15178,0,-0.9301264,-0.87535554,0.054770887,0.43100733
15179,0,-0.8774861,-0.88746816,0.009982049,0.42933813
15180,0,-0.9043474,-0.87184215,0.032505274,0.4273102
15181,0,-0.88356507,-0.79736006,0.086205006,0.42816323
15182,0,-0.77762103,-0.977744,0.20012295,0.42855442
15183,0,-1.0565369,-0.93701077,0.11952615,0.42223442
15184,0,-0.96892476,-0.9094059,0.059518874,0.4318256
15185,0,-0.9224528,-1.0099958,0.08754301,0.43014926
15186,0,-1.0706235,-0.8598146,0.21080893,0.427511
15187,0,-0.82587993,-0.7760022,0.049877703,0.4346608
15188,0,-0.72716945,-0.7172155,0.009953976,0.42829543
15189,0,-0.6740302,-0.67611486,0.0020846725,0.42490825
15190,0,-0.6452601,-0.65906143,0.013801336,0.42251387
15191,0,-0.6468511,-0.5647882,0.0820629,0.42060843
15192,0,-0.5234054,-0.5163339,0.007071495,0.42154968
15193,0,-0.48202366,-0.5435678,0.06154412,0.41731936
15194,0,-0.54999626,-0.42068607,0.12931019,0.4140562
15195,0,-0.37415528,-0.30961072,0.06454456,0.4181726
15196,0,-0.23932645,-0.32541808,0.08609164,0.4135824
15197,0,-0.30340698,-0.19959036,0.10381663,0.40682328
15198,0,-0.13559824,-0.1129895,0.022608742,0.41042772
15199,0,-0.04399988,-0.12317275,0.07917287,0.4048366
15200,0,-0.095308594,-0.04358629,0.051722303,0.3995021
15201,0,0.0018687323,0.09499101,0.09312228,0.40167928
15202,0,0.17740852,0.24402481,0.0666163,0.39942116
15203,0,0.34965974,0.491193,0.14153326,0.39330256
15204,0,0.63801134,0.60610116,0.03191018,0.38645065
15205,0,0.72690994,0.63734007,0.08956987,0.3720292
15206,0,0.7188369,0.65808225,0.060754657,0.36520046
15207,0,0.7120466,0.7336708,0.021624148,0.36333153
15208,0,0.7824658,0.8544952,0.07202941,0.36191815
15209,0,0.9053489,0.85802084,0.047328055,0.35670364
15210,0,0.8883484,0.9948444,0.10649598,0.34965822
15211,0,1.0275052,1.0542632,0.026758075,0.34791714
15212,0,1.0746442,1.1376708,0.06302655,0.3392883
15213,0,1.1472853,1.1985649,0.051279545,0.33453614
15214,0,1.1957755,1.2217294,0.025953889,0.3287546
15215,0,1.2077265,1.2388391,0.03111267,0.32495818
15216,0,1.2159252,1.320824,0.10489881,0.323344
15217,0,1.2878356,1.352276,0.06444037,0.32056925
15218,0,1.3110344,1.4409444,0.12990999,0.31546628
15219,0,1.3857331,1.498823,0.11308992,0.31153145
15220,0,1.431284,1.5669926,0.13570869,0.3053956
15221,0,1.4842687,1.4987663,0.014497638,0.30051872
15222,0,1.4235691,1.4406661,0.017096996,0.29904106
15223,0,1.3693628,1.5028294,0.1334666,0.30401492
15224,0,1.4212673,1.4873284,0.06606114,0.30529618
15225,0,1.4067765,1.5891156,0.18233907,0.30258328
15226,0,1.4910165,1.556058,0.06504154,0.30041847
15227,0,1.4635544,1.5035324,0.039978027,0.29636708
15228,0,1.4180726,1.4385325,0.02045989,0.29946294
15229,0,1.3602047,1.4632457,0.10304105,0.30382493
15230,0,1.3819566,1.3887154,0.006758809,0.306502
15231,0,1.3156073,1.274051,0.04155636,0.3071312
15232,0,1.2085454,1.1869544,0.021591067,0.313613
15233,0,1.1255724,1.2711525,0.14558005,0.3215114
15234,0,1.215286,1.3770866,0.16180062,0.32451218
15235,0,1.3181021,1.3452632,0.027161121,0.31745097
15236,0,1.289152,1.2221079,0.06704414,0.31267
15237,0,1.1703999,1.1366873,0.033712626,0.3169757
15238,0,1.0859358,1.120669,0.034733176,0.32525092
15239,0,1.0744803,1.1291305,0.054650187,0.33026457
15240,0,1.0884879,1.1237912,0.035303354,0.3310087
15241,0,1.0867095,1.0751888,0.011520743,0.33063138
15242,0,1.0385432,1.0295616,0.0089815855,0.33171487
15243,0,0.99358726,1.0072175,0.013630271,0.3351115
15244,0,0.9744247,0.9718849,0.0025398135,0.338
15245,0,0.940506,0.81993955,0.12056643,0.33971322
15246,0,0.7725773,0.7794443,0.0068669915,0.34303594
15247,0,0.7382407,0.79143196,0.053191245,0.35218218
15248,0,0.7659744,0.80059254,0.03461814,0.35450125
15249,0,0.78520125,0.80186135,0.016660094,0.35374472
15250,0,0.7914446,0.73419255,0.05725205,0.35320008
15251,0,0.7132653,0.73960185,0.02633655,0.35342002
15252,0,0.726883,0.5961,0.13078302,0.3574075
15253,0,0.5542078,0.4563953,0.0978125,0.35713917
15254,0,0.38995293,0.44878402,0.058831096,0.36512095
15255,0,0.4059539,0.42068303,0.014729112,0.37354073
15256,0,0.3868208,0.36951178,0.01730901,0.37379372
15257,0,0.33330345,0.32903793,0.004265517,0.37504807
15258,0,0.29424405,0.2691376,0.02510646,0.37774092
15259,0,0.22748923,0.25453648,0.027047247,0.3794974
15260,0,0.22471434,0.13181871,0.09289563,0.38294888
15261,0,0.067506425,0.050284687,0.017221738,0.38204628
15262,0,-0.02251143,-0.06523126,0.042719834,0.38811746
15263,0,-0.15896553,-0.03321047,0.12575506,0.39088923
15264,0,-0.076259464,-0.08008828,0.003828816,0.39842743
15265,0,-0.12822664,-0.1027606,0.02546604,0.39560604
15266,0,-0.1442351,-0.14193738,0.0022977293,0.39795476
15267,0,-0.18751332,-0.17961365,0.007899672,0.39851436
15268,0,-0.22774506,-0.23580942,0.008064359,0.40006515
15269,0,-0.29457927,-0.29916832,0.004589051,0.40112075
15270,0,-0.36830637,-0.36415207,0.0041542947,0.40308595
15271,0,-0.44082117,-0.39099738,0.04982379,0.40540257
15272,0,-0.4547705,-0.32123387,0.13353664,0.40858153
15273,0,-0.3306157,-0.3245363,0.0060794055,0.4116187
15274,0,-0.3388326,-0.4255435,0.0867109,0.40751547
15275,0,-0.4885141,-0.5344222,0.045908123,0.4055934
15276,0,-0.6296667,-0.61625624,0.013410449,0.40915343
15277,0,-0.71738124,-0.6058061,0.11157513,0.41365612
15278,0,-0.66633976,-0.6420901,0.024249673,0.41836163
15279,0,-0.7024025,-0.78132236,0.07891989,0.41709423
15280,0,-0.8871949,-0.7668161,0.12037879,0.41668946
15281,0,-0.8271724,-0.8891328,0.0619604,0.42430863
15282,0,-0.9859573,-0.7982621,0.1876952,0.4217019
15283,0,-0.81477034,-0.84427214,0.029501796,0.42944485
15284,0,-0.8844598,-0.91985565,0.03539586,0.42395636
15285,0,-0.9853749,-1.0345942,0.04921925,0.42527774
15286,0,-1.1274948,-0.9688272,0.15866762,0.4277836
15287,0,-0.99359596,-0.8454068,0.14818919,0.43424708
15288,0,-0.8056442,-0.872613,0.0669688,0.4327828
15289,0,-0.8746893,-0.896772,0.022082746,0.4259829
15290,0,-0.9197619,-0.8951301,0.024631798,0.4270373
15291,0,-0.9168005,-0.9775474,0.06074691,0.42829853
15292,0,-1.0357797,-0.9698264,0.065953314,0.42715117
15293,0,-1.0054471,-0.854937,0.15051013,0.4313777
15294,0,-0.82602805,-0.84914196,0.023113906,0.4326751
15295,0,-0.84157485,-0.8244912,0.017083645,0.42682722
15296,0,-0.8196986,-0.8800022,0.06030363,0.42691466
15297,0,-0.9144355,-0.9898596,0.075424075,0.42479864
15298,0,-1.066915,-1.0582868,0.008628249,0.42625678
15299,0,-1.1366528,-0.9929786,0.14367425,0.4309974
15300,0,-1.0098801,-0.8318202,0.17805988,0.43510804
15301,0,-0.76801527,-0.7728312,0.004815936,0.43426496
15302,0,-0.7209498,-0.8029963,0.08204645,0.42687497
15303,0,-0.8018302,-0.8019979,0.00016772747,0.42326227
15304,0,-0.81309146,-0.7364354,0.07665604,0.4248638
15305,0,-0.72200745,-0.6677846,0.05422288,0.42594364
15306,0,-0.63801897,-0.6276277,0.010391295,0.42371267
15307,0,-0.60406506,-0.5416539,0.06241119,0.42075977
15308,0,-0.49809515,-0.44793883,0.050156325,0.42029127
15309,0,-0.389117,-0.44026917,0.05115217,0.4174724
15310,0,-0.4156524,-0.3268142,0.08883819,0.41232854
15311,0,-0.26798978,-0.26378965,0.0042001307,0.4143339
15312,0,-0.21038559,-0.16997495,0.040410638,0.40913898
15313,0,-0.104047395,-0.09012054,0.013926856,0.40744463
15314,0,-0.023236819,0.050970446,0.07420726,0.4035445
15315,0,0.14667636,0.08368616,0.0629902,0.4014485
15316,0,0.14863327,0.15044078,0.0018075109,0.39357236
15317,0,0.21188855,0.21754977,0.0056612194,0.3926806
15318,0,0.2774138,0.32698858,0.049574792,0.38963205
15319,0,0.40174174,0.3775605,0.024181247,0.38689458
15320,0,0.4391505,0.5771371,0.1379866,0.380791
15321,0,0.67575574,0.751174,0.075418234,0.37874317
15322,0,0.8525121,0.9052998,0.05278766,0.36657766
15323,0,0.9924718,1.0187218,0.026250005,0.35517386
15324,0,1.0822344,1.2571065,0.17487216,0.34488693
15325,0,1.2943597,1.3738194,0.07945967,0.33391032
15326,0,1.3775595,1.3875368,0.0099772215,0.31827274
15327,0,1.3705869,1.4125211,0.04193425,0.3118158
15328,0,1.3780923,1.3589896,0.019102693,0.3104664
15329,0,1.3184574,1.3946592,0.0762018,0.31048524
15330,0,1.3433434,1.5018681,0.15852475,0.31240827
15331,0,1.432075,1.6301386,0.19806361,0.30765104
15332,0,1.5332837,1.5723131,0.03902936,0.298427
15333,0,1.4842281,1.6775107,0.1932826,0.29388744
15334,0,1.5643774,1.642613,0.078235626,0.29351074
15335,0,1.535626,1.6306305,0.09500444,0.28954947
15336,0,1.5237994,1.6098459,0.08604646,0.29158613
15337,0,1.5051231,1.6414503,0.13632715,0.29278225
15338,0,1.528806,1.7723863,0.24358034,0.29283974
15339,0,1.6273783,1.8322117,0.20483339,0.2871183
15340,0,1.6718044,1.8929278,0.22112334,0.2791138
15341,0,1.7151283,1.8264527,0.11132443,0.27439502
15342,0,1.6702838,1.8161693,0.14588547,0.27389792
15343,0,1.6615865,1.7250713,0.06348479,0.27720746
15344,0,1.5929333,1.5547729,0.038160443,0.28053492
15345,0,1.4539573,1.5156267,0.06166935,0.2897092
15346,0,1.4181511,1.485797,0.06764591,0.2991994
15347,0,1.3923465,1.2561734,0.13617313,0.3019773
15348,0,1.1808393,1.2411836,0.06034434,0.3087518
15349,0,1.1714698,1.2513751,0.07990527,0.3214296
15350,0,1.188141,1.0944957,0.093645334,0.32202584
15351,0,1.033809,1.0684935,0.03468454,0.3242759
15352,0,1.0159516,1.0321827,0.01623106,0.33346242
15353,0,0.98604226,1.0791438,0.0931015,0.3354549
15354,0,1.0452172,0.91886103,0.12635612,0.3367928
15355,0,0.8737428,0.94135636,0.06761354,0.33610433
15356,0,0.9102055,0.91996926,0.009763777,0.34513134
15357,0,0.89280784,0.9472257,0.05441785,0.34406367
15358,0,0.9295244,0.9435819,0.014057457,0.3450008
15359,0,0.9278319,0.8102048,0.117627084,0.3434767
15360,0,0.77623045,0.63567793,0.14055252,0.34475046
15361,0,0.5741674,0.4617129,0.112454474,0.3529716
15362,0,0.3734,0.4863338,0.112933785,0.36274835
15363,0,0.44004,0.3538136,0.0862264,0.37344897
15364,0,0.28425762,0.39790875,0.11365113,0.37089038
15365,0,0.37252995,0.46766442,0.09513447,0.3793475
15366,0,0.47765678,0.44055146,0.037105322,0.3771798
15367,0,0.4404689,0.5139248,0.07345587,0.37280148
15368,0,0.5385387,0.45150036,0.08703834,0.3748478
15369,0,0.44945365,0.5599307,0.11047703,0.3700785
15370,0,0.59267354,0.4847599,0.10791364,0.37433404
15371,0,0.48480284,0.28848827,0.19631457,0.36751038
15372,0,0.22566715,0.177208,0.048459142,0.37022698
15373,0,0.09609362,0.00029643,0.09579719,0.3806874
15374,0,-0.120076664,-0.07636982,0.04370684,0.38446194
15375,0,-0.18340081,0.045909803,0.22931062,0.39367327
15376,0,0.03713285,-0.09067564,0.12780848,0.4005419
15377,0,-0.15460917,-0.12142597,0.033183202,0.39065605
15378,0,-0.176307,-0.17846777,0.0021607727,0.39821088
15379,0,-0.2401968,-0.16302669,0.077170104,0.39887464
15380,0,-0.19620228,-0.24693204,0.050729766,0.4025665
15381,0,-0.3090213,-0.27911344,0.029907852,0.3999133
15382,0,-0.33597967,-0.28959036,0.04638931,0.40415728
15383,0,-0.3335498,-0.38822845,0.05467865,0.4058122
15384,0,-0.46572515,-0.39960662,0.06611854,0.40435004
15385,0,-0.45698786,-0.49659696,0.039609104,0.40978038
15386,0,-0.58233196,-0.5284376,0.05389434,0.40843454
15387,0,-0.60072076,-0.5735906,0.027130187,0.41325578
15388,0,-0.64454085,-0.52815205,0.1163888,0.4141375
15389,0,-0.55455524,-0.5189443,0.035610914,0.4175653
15390,0,-0.5387132,-0.56551987,0.026806653,0.4152156
15391,0,-0.60876906,-0.65284336,0.044074297,0.4137675
15392,0,-0.72809815,-0.6919981,0.03610003,0.4146941
15393,0,-0.7624911,-0.69438905,0.06810206,0.41874078
15394,0,-0.7444012,-0.8172769,0.07287568,0.42081255
15395,0,-0.9104221,-0.89625776,0.014164329,0.41892004
15396,0,-0.99180853,-0.9137327,0.078075826,0.42420498
15397,0,-0.98137724,-0.9153955,0.065981746,0.42801082
15398,0,-0.9603549,-0.8972999,0.06305504,0.42887846
15399,0,-0.9211016,-0.9073238,0.013777852,0.42922056
15400,0,-0.9336699,-0.9367193,0.0030493736,0.42815274
15401,0,-0.9733765,-0.9835356,0.010159075,0.42826557
15402,0,-1.0327759,-0.9630803,0.06969559,0.42916554
15403,0,-0.9874883,-1.0368898,0.049401462,0.4317652
15404,0,-1.0903845,-1.0372658,0.053118706,0.42989287
15405,0,-1.072079,-1.002185,0.069893956,0.43351978
15406,0,-1.0107763,-1.0611125,0.05033624,0.4339485
15407,0,-1.0989752,-1.0940058,0.0049693584,0.43157285
15408,0,-1.1341789,-0.92990565,0.20427322,0.43412614
15409,0,-0.8763555,-0.8311798,0.04517573,0.43779635
15410,0,-0.7639925,-0.783102,0.019109488,0.43100724
15411,0,-0.7357243,-0.6943569,0.041367352,0.42666295
15412,0,-0.63732404,-0.70842147,0.07109743,0.42571834
15413,0,-0.6976179,-0.6177879,0.07982999,0.4206868
15414,0,-0.5795757,-0.6278599,0.048284173,0.42317638
15415,0,-0.6247592,-0.5841922,0.04056698,0.41801882
15416,0,-0.57365197,-0.59131974,0.01766777,0.41943035
15417,0,-0.601287,-0.64676017,0.04547316,0.41687837
15418,0,-0.69065356,-0.6230372,0.06761634,0.41621548
15419,0,-0.6473336,-0.53523856,0.11209506,0.41969913
15420,0,-0.51591295,-0.51239514,0.0035178065,0.4201707
15421,0,-0.50175095,-0.42818528,0.07356566,0.4157475
15422,0,-0.39147723,-0.5344941,0.14301687,0.41624403
15423,0,-0.5744771,-0.5041973,0.07027978,0.4093004
15424,0,-0.52324283,-0.43337488,0.08986795,0.4158758
15425,0,-0.419621,-0.42643324,0.0068122447,0.41566762
15426,0,-0.4257277,-0.2572971,0.1684306,0.411792
15427,0,-0.18173096,-0.10761053,0.074120425,0.41505286
15428,0,-0.0012124777,0.032196727,0.033409204,0.40834397
15429,0,0.14986062,0.087057434,0.06280319,0.40215826
15430,0,0.17353177,0.36514288,0.19161111,0.39475676
15431,0,0.5214199,0.45531228,0.0661076,0.3950076
15432,0,0.5772501,0.55303806,0.024212062,0.37907305
15433,0,0.6543925,0.6991103,0.04471785,0.3740915
15434,0,0.7963428,0.7894602,0.006882608,0.36822915
15435,0,0.8666707,0.9319749,0.06530416,0.3592185
15436,0,0.99919915,1.0930529,0.09385371,0.3526636
15437,0,1.1439018,1.1614118,0.017509937,0.3421559
15438,0,1.1883285,1.1402291,0.0480994,0.33194157
15439,0,1.1469798,1.1892278,0.04224801,0.32855436
15440,0,1.1829622,1.2825108,0.09954858,0.32880276
15441,0,1.2636114,1.4141444,0.15053296,0.32412833
15442,0,1.3756,1.4631469,0.087546945,0.31587172
15443,0,1.4107134,1.5317982,0.12108481,0.30775025
15444,0,1.4624202,1.6392479,0.17682767,0.30333233
15445,0,1.5439818,1.7920653,0.24808347,0.2966837
15446,0,1.6545773,1.8792905,0.2247132,0.28654948
15447,0,1.7145728,1.870079,0.15550625,0.2766352
15448,0,1.708197,1.9666989,0.2585019,0.273089
15449,0,1.7706221,1.9331816,0.16255951,0.2701966
15450,0,1.7492344,1.819231,0.069996595,0.2672047
15451,0,1.6688671,1.7442857,0.07541859,0.27233168
15452,0,1.6096492,1.7936337,0.18398452,0.27980784
15453,0,1.6420705,1.7569934,0.11492288,0.28167287
15454,0,1.6141646,1.6942071,0.08004248,0.2805909
15455,0,1.5653632,1.6539879,0.088624716,0.28422827
15456,0,1.5325776,1.6243334,0.09175575,0.28841096
15457,0,1.5082467,1.5050833,0.0031633377,0.2912239
15458,0,1.4086577,1.5329211,0.124263406,0.29599962
15459,0,1.4328433,1.4975653,0.06472194,0.30120152
15460,0,1.4041822,1.414676,0.010493755,0.30078763
15461,0,1.3324935,1.3186079,0.013885617,0.3047255
15462,0,1.2455426,1.3102528,0.06471014,0.3112877
15463,0,1.2415371,1.2773194,0.035782337,0.31657523
15464,0,1.2140017,1.2422185,0.028216839,0.31775147
15465,0,1.1839281,1.328473,0.14454484,0.3202638
15466,0,1.2712309,1.3266419,0.05541098,0.32020366
15467,0,1.2711564,1.1082562,0.16290021,0.31567377
15468,0,1.0548153,1.0597337,0.004918456,0.31987464
15469,0,1.0095786,0.97542363,0.03415495,0.3328181
15470,0,0.9254731,0.88711196,0.038361132,0.33666518
15471,0,0.836405,0.83743733,0.0010323524,0.34238786
15472,0,0.7924688,0.82975245,0.03728366,0.3479071
15473,0,0.79710245,0.769867,0.027235448,0.35086402
15474,0,0.73612666,0.8124283,0.076301634,0.35164583
15475,0,0.798339,0.7775945,0.020744503,0.3549317
15476,0,0.7612788,0.83263654,0.07135773,0.35263342
15477,0,0.8316924,0.8086199,0.023072481,0.35433537
15478,0,0.8026656,0.62894905,0.17371655,0.35128057
15479,0,0.5859712,0.5754983,0.010472894,0.35305467
15480,0,0.53351,0.50602734,0.027482688,0.36374927
15481,0,0.46030468,0.41724825,0.04305643,0.36668977
15482,0,0.3621691,0.34485942,0.017309666,0.37029228
15483,0,0.28764206,0.3261163,0.038474232,0.37500793
15484,0,0.28593463,0.24805935,0.03787528,0.3792052
15485,0,0.19664466,0.086198255,0.11044641,0.37940222
15486,0,-0.006461136,-0.010349195,0.0038880594,0.38168234
15487,0,-0.10728234,-0.030663367,0.07661897,0.38977084
15488,0,-0.0984636,-0.02484776,0.07361584,0.3951936
15489,0,-0.06375006,0.0119836675,0.07573373,0.39652044
15490,0,0.003711626,0.021959519,0.018247893,0.39685792
15491,0,0.019545496,-0.047203287,0.06674878,0.3948322
15492,0,-0.08082255,-0.07765089,0.00317166,0.39293927
15493,0,-0.114560544,-0.17941904,0.064858496,0.39649028
15494,0,-0.25015482,-0.25116202,0.0010071993,0.39625874
15495,0,-0.33038333,-0.21853344,0.11184989,0.40078896
15496,0,-0.2544137,-0.32263947,0.06822577,0.4056847
15497,0,-0.39649022,-0.25729296,0.13919726,0.40158877
15498,0,-0.27466735,-0.30110162,0.026434273,0.40903538
15499,0,-0.33804548,-0.37199494,0.033949465,0.40429774
15500,0,-0.43360287,-0.50467074,0.07106787,0.40535045
15501,0,-0.60873806,-0.5288625,0.07987559,0.40671477
15502,0,-0.6080497,-0.57721704,0.030832648,0.41369933
15503,0,-0.65345097,-0.60556746,0.04788351,0.4140906
15504,0,-0.67080915,-0.6170381,0.05377108,0.4162168
15505,0,-0.668237,-0.63248706,0.035749912,0.4175559
15506,0,-0.67804724,-0.60302985,0.07501739,0.41788962
15507,0,-0.6238532,-0.70187604,0.07802284,0.41930896
15508,0,-0.7697547,-0.7167926,0.052962124,0.4158746
15509,0,-0.7717389,-0.8149247,0.04318583,0.4209422
15510,0,-0.9000999,-0.9099441,0.0098442435,0.42013234
15511,0,-1.0081241,-0.91780484,0.090319276,0.42390516
15512,0,-0.98230827,-0.9028986,0.07940966,0.42865226
15513,0,-0.9384521,-0.83078265,0.10766947,0.42926282
15514,0,-0.8235087,-1.0228422,0.19933349,0.42961112
15515,0,-1.1107024,-1.1302584,0.019556046,0.4234795
15516,0,-1.2283107,-1.0492405,0.17907023,0.43198854
15517,0,-1.0672026,-1.0418901,0.025312424,0.43795288
15518,0,-1.0536538,-0.9847457,0.068908155,0.4340749
15519,0,-0.9706067,-1.0214136,0.05080688,0.43439972
15520,0,-1.03864,-0.9766246,0.062015414,0.4311245
15521,0,-0.97242033,-0.8974585,0.07496184,0.4334846
15522,0,-0.8658902,-1.0385288,0.1726386,0.4323465
15523,0,-1.0933392,-1.1213665,0.028027296,0.42664117
15524,0,-1.192682,-1.1390011,0.053680897,0.43280697
15525,0,-1.1878903,-1.0644174,0.12347293,0.4366228
15526,0,-1.0591487,-1.0065727,0.052575946,0.43820232
15527,0,-0.982767,-0.91448385,0.06828314,0.43523857
15528,0,-0.8655762,-0.89624286,0.03066665,0.43361232
15529,0,-0.87217826,-0.88141036,0.009232104,0.4291892
15530,0,-0.87264335,-0.84104747,0.031595886,0.42847177
15531,0,-0.828161,-0.8048876,0.023273408,0.42832792
15532,0,-0.7921144,-0.7970229,0.004908502,0.42681277
15533,0,-0.79830956,-0.776887,0.021422565,0.42504472
15534,0,-0.7797489,-0.70277643,0.076972485,0.42496735
15535,0,-0.67949647,-0.680795,0.0012985468,0.42522487
15536,0,-0.6697117,-0.532349,0.13736272,0.4216452
15537,0,-0.4626081,-0.4073233,0.0552848,0.42343703
15538,0,-0.31789836,-0.3908075,0.07290915,0.41782922
15539,0,-0.34475386,-0.3642666,0.019512743,0.41106063
15540,0,-0.33729756,-0.14215237,0.19514519,0.4106806
15541,0,-0.026466243,-0.12759379,0.10112754,0.41389537
15542,0,-0.06280716,-0.008886222,0.053920936,0.401143
15543,0,0.07496133,0.13105322,0.056091897,0.40259802
15544,0,0.23468196,0.25700837,0.02232641,0.39792693
15545,0,0.36431375,0.4466525,0.08233875,0.39130333
15546,0,0.5749237,0.4224086,0.15251508,0.38547865
15547,0,0.4920863,0.46070534,0.03138095,0.37393633
15548,0,0.51345676,0.51552653,0.0020697713,0.37566674
15549,0,0.5633127,0.6934185,0.1301058,0.37364712
15550,0,0.7689775,0.8128605,0.043882966,0.37045237
15551,0,0.8832003,0.85959905,0.023601234,0.3593877
15552,0,0.90990764,0.902745,0.0071626306,0.35206577
15553,0,0.9378375,1.0298722,0.0920347,0.34895688
15554,0,1.0613239,1.1293399,0.06801605,0.3448607
15555,0,1.1483166,1.2535937,0.10527706,0.33604342
15556,0,1.2561119,1.4238911,0.1677792,0.32801905
15557,0,1.3985798,1.4379094,0.03932953,0.31710362
15558,0,1.3991077,1.4672635,0.068155766,0.30792806
15559,0,1.4148659,1.537777,0.122911096,0.3064249
15560,0,1.4670423,1.5601656,0.09312332,0.30295193
15561,0,1.4799359,1.5526135,0.07267761,0.2987898
15562,0,1.4690821,1.5179877,0.04890561,0.2978978
15563,0,1.4361702,1.4914063,0.0552361,0.29924285
15564,0,1.4104501,1.5214723,0.111022234,0.30170703
15565,0,1.4343295,1.4797249,0.045395374,0.3022124
15566,0,1.3975332,1.3619698,0.03556335,0.30184346
15567,0,1.2909417,1.564356,0.27341425,0.30689654
15568,0,1.468229,1.5557951,0.08756602,0.30740684
15569,0,1.4625046,1.5458778,0.08337319,0.2975995
15570,0,1.4542212,1.6033309,0.1491096,0.29830617
15571,0,1.5009022,1.5434238,0.042521596,0.29710948
15572,0,1.4512492,1.469966,0.018716812,0.29601634
15573,0,1.387223,1.4916639,0.10444093,0.30098698
15574,0,1.4056361,1.4260647,0.020428658,0.30412742
15575,0,1.3481079,1.4609575,0.11284959,0.30474758
15576,0,1.3798211,1.4828943,0.10307324,0.30720076
15577,0,1.399905,1.3956814,0.004223585,0.30482543
15578,0,1.3229023,1.3084481,0.014454246,0.3059443
15579,0,1.2423804,1.160217,0.082163334,0.31251693
15580,0,1.0980936,1.0532707,0.04482293,0.32008594
15581,0,0.9924216,1.0950735,0.102651834,0.32997906
15582,0,1.0481017,1.0195873,0.028514385,0.33534837
15583,0,0.97412825,1.0320848,0.057956576,0.33411542
15584,0,0.99639904,1.0430717,0.0466727,0.33822465
15585,0,1.0140327,0.9633384,0.050694346,0.33735862
15586,0,0.9301387,0.97573256,0.045593858,0.33775452
15587,0,0.95024955,0.91686255,0.033387005,0.34217656
15588,0,0.88815594,0.9378807,0.049724758,0.34210813
15589,0,0.9180403,0.8316463,0.08639395,0.3452851
15590,0,0.7992927,0.74844015,0.050852537,0.34496978
15591,0,0.7091614,0.6731395,0.03602189,0.3516121
15592,0,0.62997115,0.6160833,0.013887823,0.3566994
15593,0,0.5743867,0.5250884,0.049298286,0.36118048
15594,0,0.47453135,0.50891244,0.03438109,0.3643319
15595,0,0.4738987,0.50641096,0.032512248,0.369748
15596,0,0.48580134,0.50568444,0.019883096,0.3707103
15597,0,0.49468148,0.47652882,0.018152654,0.3708574
15598,0,0.4626649,0.39165914,0.07100576,0.37074208
15599,0,0.35744393,0.26447266,0.092971265,0.37186182
15600,1,0.20006841,0.77014124,0.5700728,0.3756197
15601,1,0.8837855,1.0246644,0.14087892,0.38447022
15602,1,1.128894,1.1627247,0.033830762,0.3524161
15603,1,1.2308373,1.2403367,0.009499311,0.33568364
15604,1,1.274853,1.2766685,0.0018155575,0.3265088
15605,1,1.2851341,1.2820933,0.0030407906,0.3215182
15606,1,1.2720277,1.1877007,0.08432698,0.319448
15607,1,1.1664124,1.0599906,0.10642171,0.32105717
15608,1,1.0269027,0.8649994,0.16190326,0.32833678
15609,1,0.8107129,0.77599174,0.034721136,0.33761293
15610,1,0.71844864,0.57050425,0.14794439,0.34953913
15611,1,0.48273742,0.48005563,0.0026817918,0.35484737
15612,1,0.3972914,0.30437657,0.09291482,0.36684012
15613,1,0.19606233,0.12619896,0.069863364,0.37071246
15614,1,-0.0059194937,-0.0315042,0.025584705,0.37891403
15615,1,-0.17569152,-0.3028412,0.12714967,0.38695726
15616,1,-0.5025051,-0.25953415,0.24297097,0.3910312
15617,1,-0.3586282,-0.44837254,0.08974433,0.40783453
15618,1,-0.59338975,-0.570509,0.022880733,0.40141374
15619,1,-0.7152679,-0.818718,0.10345012,0.40974146
15620,1,-1.0118803,-0.90754503,0.10433525,0.4123737
15621,1,-1.0594249,-1.0578662,0.0015586615,0.42413035
15622,1,-1.2076168,-1.1904281,0.017188668,0.4269675
15623,1,-1.3248129,-1.1924069,0.132406,0.43327338
15624,1,-1.2618445,-1.2274723,0.03437221,0.4394686
15625,1,-1.2764719,-1.3678516,0.09137976,0.43933657
15626,1,-1.4428406,-1.5108541,0.06801355,0.44048384
15627,1,-1.587359,-1.6796417,0.09228277,0.4466989
15628,1,-1.746904,-1.6876633,0.0592407,0.4533689
15629,1,-1.6880033,-1.7713931,0.08338976,0.45995408
15630,1,-1.7586073,-1.8630275,0.104420185,0.46082366
15631,1,-1.8347468,-1.8200148,0.014732003,0.46471557
15632,1,-1.7378259,-1.878308,0.14048219,0.46762916
15633,1,-1.803278,-1.8024002,0.000877738,0.46659663
15634,1,-1.6862081,-1.6918465,0.005638361,0.4680596
15635,1,-1.5510514,-1.4967773,0.054274082,0.46466985
15636,1,-1.3167105,-1.1593214,0.15738904,0.46012956
15637,1,-0.8917849,-0.82938623,0.062398672,0.4540688
15638,1,-0.5250416,-0.34981927,0.1752223,0.44287962
15639,1,0.057212688,0.044562187,0.012650501,0.43581304
15640,1,0.43962663,0.44530484,0.0056782067,0.41659692
15641,1,0.8062607,0.6574385,0.14882219,0.39798313
15642,1,0.9220598,0.98161054,0.059550762,0.3746826
15643,1,1.183968,1.0451349,0.13883305,0.35946858
15644,1,1.1717334,1.1625736,0.009159803,0.3401755
15645,1,1.2372041,1.129787,0.10741711,0.33455923
15646,1,1.1657171,1.1569847,0.008732438,0.32867068
15647,1,1.1680967,0.9591255,0.20897114,0.32999957
15648,1,0.9414127,0.8635452,0.07786751,0.33124948
15649,1,0.8295726,0.7043016,0.12527102,0.3435175
15650,1,0.6459953,0.5131721,0.13282323,0.34980154
15651,1,0.4238509,0.42808786,0.0042369664,0.3589132
15652,1,0.34460956,0.22965059,0.11495897,0.3699469
15653,1,0.110608734,0.015677636,0.094931096,0.3729161
15654,1,-0.13965538,-0.13058499,0.009070396,0.38155705
15655,1,-0.28712672,-0.40327093,0.11614421,0.3916795
15656,1,-0.6127311,-0.4748515,0.13787961,0.39485884
15657,1,-0.6339675,-0.512105,0.12186253,0.40907827
15658,1,-0.6256403,-0.72432244,0.098682165,0.41236502
15659,1,-0.8874237,-0.8525562,0.034867465,0.41059595
15660,1,-1.0066128,-0.9204741,0.086138666,0.419988
15661,1,-1.0410031,-1.1180811,0.077077985,0.42569235
15662,1,-1.2677046,-1.250856,0.016848564,0.42715162
15663,1,-1.3818766,-1.3497097,0.03216684,0.43580115
15664,1,-1.449925,-1.5101455,0.0602206,0.44153655
15665,1,-1.6047267,-1.7315118,0.12678516,0.44593894
15666,1,-1.8176923,-1.7722197,0.045472622,0.4537758
15667,1,-1.7843888,-1.9167614,0.13237262,0.4624598
15668,1,-1.9097627,-1.8781376,0.03162515,0.46533257
15669,1,-1.8005393,-2.031873,0.23133373,0.4700044
15670,1,-1.9681597,-2.135773,0.16761327,0.47041237
15671,1,-2.043088,-2.1451018,0.10201383,0.47683826
15672,1,-2.0054028,-2.1665058,0.16110301,0.48019758
15673,1,-2.0055802,-2.1336536,0.12807345,0.480777
15674,1,-1.9492476,-2.0557876,0.106539965,0.48099622
15675,1,-1.8551393,-1.9925377,0.13739848,0.47903395
15676,1,-1.7994244,-1.8200848,0.0206604,0.4758238
15677,1,-1.6026313,-1.407072,0.19555938,0.47227886
15678,1,-1.0726936,-0.94646037,0.12623322,0.4659141
15679,1,-0.52860576,-0.42497686,0.1036289,0.45311344
15680,1,0.06469264,0.014375939,0.0503167,0.44052097
15681,1,0.47381276,0.3952778,0.07853496,0.42042527
15682,1,0.78560674,0.7859036,0.00029683113,0.39948934
15683,1,1.0992432,0.9034048,0.19583839,0.37684757
15684,1,1.1089916,1.0144355,0.09455609,0.35319817
15685,1,1.1464984,0.88190216,0.26459628,0.34505814
15686,1,0.9447861,0.89931333,0.04547274,0.34015775
15687,1,0.9327712,0.71171117,0.22106004,0.34770218
15688,1,0.6937422,0.6568876,0.036854625,0.34765762
15689,1,0.6274686,0.5128064,0.11466217,0.35889822
15690,1,0.45328027,0.24220464,0.21107563,0.36179405
15691,1,0.11745461,0.25785902,0.1404044,0.367885
15692,1,0.18671444,-0.009137532,0.19585197,0.38462192
15693,1,-0.15273163,-0.13463749,0.018094137,0.37938434
15694,1,-0.27686477,-0.31450036,0.037635595,0.39308286
15695,1,-0.47981787,-0.45244804,0.027369827,0.396855
15696,1,-0.6152559,-0.613083,0.0021728873,0.4044771
15697,1,-0.78371763,-0.77867436,0.005043268,0.40918696
15698,1,-0.9537693,-0.8184326,0.1353367,0.4151874
15699,1,-0.9396707,-0.9590071,0.019336402,0.4233264
15700,1,-1.0922456,-1.041776,0.050469637,0.42349634
15701,1,-1.1539018,-1.2475504,0.09364855,0.4296438
15702,1,-1.388312,-1.3931234,0.004811406,0.43229473
15703,1,-1.5138401,-1.4804016,0.033438444,0.44136143
15704,1,-1.5597396,-1.5337697,0.025969863,0.44768652
15705,1,-1.5734758,-1.6885271,0.11505127,0.45142663
15706,1,-1.7314067,-1.8946644,0.16325772,0.4543261
15707,1,-1.9265807,-2.0422075,0.11562681,0.46211734
15708,1,-2.0241222,-2.1506896,0.12656736,0.471101
15709,1,-2.0765052,-2.1487465,0.07224131,0.47737983
15710,1,-2.0123992,-2.278655,0.26625586,0.48070598
15711,1,-2.1323621,-2.2618341,0.12947202,0.48259753
15712,1,-2.0675077,-2.1324046,0.06489682,0.48610502
15713,1,-1.8952239,-2.01285,0.11762619,0.4839135
15714,1,-1.7759585,-1.7468423,0.029116273,0.47854584
15715,1,-1.4682847,-1.5060978,0.037813067,0.4727155
15716,1,-1.234878,-1.1726131,0.0622648,0.46236652
15717,1,-0.86302006,-0.7218912,0.14112884,0.4543363
15718,1,-0.3246858,-0.22963935,0.09504646,0.44578898
15719,1,0.2253246,0.25114092,0.025816321,0.43250418
15720,1,0.6951435,0.6976302,0.0024867058,0.41248763
15721,1,1.0682524,0.91374296,0.15450948,0.38579184
15722,1,1.1672455,1.0262475,0.140998,0.3581432
15723,1,1.1880708,1.1544836,0.033587217,0.3442956
15724,1,1.2516756,1.0772555,0.17442012,0.33576095
15725,1,1.1262451,1.0566224,0.069622755,0.32996023
15726,1,1.074889,0.91090596,0.16398299,0.33461055
15727,1,0.8974931,0.8092162,0.08827692,0.33747664
15728,1,0.7762207,0.6248345,0.1513862,0.346679
15729,1,0.5589075,0.3680925,0.190815,0.35301015
15730,1,0.25003636,0.2878807,0.03784433,0.362554
15731,1,0.18499431,0.1593382,0.025656104,0.37735286
15732,1,0.04834684,-0.12560223,0.17394906,0.38045013
15733,1,-0.30439937,-0.27493683,0.029462546,0.38314432
15734,1,-0.4495384,-0.3392808,0.110257596,0.39713293
15735,1,-0.4743343,-0.43312484,0.04120946,0.40452057
15736,1,-0.55863804,-0.60134965,0.042711616,0.40628278
15737,1,-0.75411665,-0.79943967,0.045323014,0.40832627
15738,1,-0.9779139,-0.98273534,0.0048214197,0.41426495
15739,1,-1.1636562,-1.1718699,0.008213639,0.422289
15740,1,-1.3462529,-1.3395774,0.006675482,0.42982492
15741,1,-1.4896909,-1.4499484,0.03974247,0.4380367
15742,1,-1.5554876,-1.5509927,0.0044949055,0.44537467
15743,1,-1.6206057,-1.6876055,0.06699979,0.45022714
15744,1,-1.7377081,-1.7734942,0.035786152,0.45498723
15745,1,-1.78461,-1.9013159,0.116705894,0.4608388
15746,1,-1.8907274,-2.0193605,0.12863314,0.46519923
15747,1,-1.9760509,-2.0648232,0.0887723,0.471013
15748,1,-1.9738586,-2.1044652,0.13060665,0.47546762
15749,1,-1.9826983,-2.1881077,0.20540941,0.47743756
15750,1,-2.0524173,-2.1952055,0.14278817,0.47985086
15751,1,-2.0262203,-2.1672153,0.14099503,0.48248163
15752,1,-1.9753513,-2.033507,0.058155775,0.48231292
15753,1,-1.8095005,-1.9552666,0.14576614,0.4798786
15754,1,-1.7499268,-1.6869587,0.062968135,0.47471347
15755,1,-1.4271269,-1.4010872,0.02603972,0.47045404
15756,1,-1.1184902,-0.93598706,0.18250316,0.46030837
15757,1,-0.5417008,-0.41721535,0.12448543,0.45301417
15758,1,0.059165873,0.08026862,0.021102749,0.44012925
15759,1,0.5580615,0.5093249,0.048736572,0.42106694
15760,1,0.91615146,0.74763125,0.16852021,0.39608717
15761,1,1.0380391,1.069363,0.03132391,0.37055114
15762,1,1.2729447,1.1326617,0.14028299,0.35287592
15763,1,1.2560425,0.9983084,0.25773406,0.33379206
15764,1,1.0608857,0.99607,0.06481564,0.33223447
15765,1,1.0246875,0.82959586,0.19509166,0.33992404
15766,1,0.81704426,0.822356,0.0053117275,0.34156382
15767,1,0.8059,0.53309375,0.27280623,0.3513725
15768,1,0.45477003,0.42283893,0.031931102,0.35183465
15769,1,0.33677948,0.22626184,0.110517636,0.36869228
15770,1,0.1046614,0.12537374,0.020712338,0.37319013
15771,1,0.011358522,-0.10072046,0.11207898,0.38366285
15772,1,-0.260845,-0.13528773,0.12555727,0.38567674
15773,1,-0.24770948,-0.35034263,0.10263315,0.39852813
15774,1,-0.5118037,-0.46253332,0.04927036,0.39617068
15775,1,-0.6122475,-0.5248788,0.08736873,0.40631935
15776,1,-0.64529824,-0.65716004,0.011861801,0.4114171
15777,1,-0.7919598,-0.7783544,0.013605416,0.41239452
15778,1,-0.9153903,-0.96105564,0.045665324,0.41753495
15779,1,-1.1206094,-1.1357262,0.015116811,0.42144686
15780,1,-1.2959752,-1.2253419,0.07063329,0.42899293
15781,1,-1.345443,-1.2688091,0.07663393,0.43672618
15782,1,-1.3452363,-1.3698881,0.024651766,0.44063625
15783,1,-1.4418459,-1.5329971,0.09115124,0.44230282
15784,1,-1.6128492,-1.6697544,0.05690515,0.44686222
15785,1,-1.7280024,-1.6391068,0.08889568,0.4541627
15786,1,-1.6237051,-1.8493564,0.22565126,0.45935228
15787,1,-1.86355,-1.9646496,0.10109961,0.4598065
15788,1,-1.941896,-1.9040802,0.03781581,0.46857142
15789,1,-1.8072975,-1.9180804,0.11078298,0.47189778
15790,1,-1.813254,-1.8818898,0.06863582,0.46993336
15791,1,-1.7585247,-1.7499176,0.00860703,0.4700829
15792,1,-1.5906341,-1.6853309,0.09469676,0.4678971
15793,1,-1.5458696,-1.3613819,0.1844877,0.46263975
15794,1,-1.1187449,-1.1023395,0.016405344,0.46050212
15795,1,-0.8499941,-0.7241037,0.12589043,0.44842952
15796,1,-0.3993621,-0.2997358,0.09962627,0.4420671
15797,1,0.0833919,0.11747389,0.034081995,0.4310732
15798,1,0.5071026,0.6529957,0.1458931,0.41484755
15799,1,1.0317295,0.99156004,0.040169418,0.3937017
15800,1,1.2614946,1.0367328,0.22476184,0.35955805
15801,1,1.205498,1.1240079,0.08149004,0.33974117
15802,1,1.2250775,1.1780496,0.047027946,0.33576122
15803,1,1.2315173,1.023196,0.20832133,0.3299141
15804,1,1.0387881,0.81832755,0.22046053,0.32935637
15805,1,0.7916923,0.7350274,0.056664944,0.34002125
15806,1,0.6939503,0.54292816,0.15102214,0.3524408
15807,1,0.46569622,0.36159897,0.10409725,0.35720778
15808,1,0.25506836,0.28340787,0.028339505,0.367511
15809,1,0.1893473,0.13632317,0.053024128,0.37769356
15810,1,0.023971282,-0.098233335,0.12220462,0.3803587
15811,1,-0.2601768,-0.2265646,0.033612207,0.38506466
15812,1,-0.38151413,-0.41824737,0.03673324,0.39651245
15813,1,-0.59652895,-0.5306486,0.06588036,0.40011188
15814,1,-0.6896888,-0.70885336,0.019164562,0.4088168
15815,1,-0.88359463,-0.75211394,0.1314807,0.41184202
15816,1,-0.8759195,-0.87261915,0.0033003688,0.42070693
15817,1,-1.0010104,-0.97550374,0.025506675,0.4211597
15818,1,-1.0962133,-1.1626838,0.066470504,0.4260439
15819,1,-1.3060911,-1.2321317,0.07395935,0.42952883
15820,1,-1.3347418,-1.2789356,0.05580628,0.43793875
15821,1,-1.3474672,-1.3601681,0.012700915,0.44090095
15822,1,-1.420884,-1.4316639,0.010779858,0.44276148
15823,1,-1.4791886,-1.5927578,0.11356926,0.44624403
15824,1,-1.6538851,-1.6840247,0.030139565,0.4496685
15825,1,-1.7147431,-1.6842991,0.030444026,0.45658088
15826,1,-1.6637106,-1.7906408,0.12693024,0.46010515
15827,1,-1.7742908,-1.8542795,0.07998872,0.46086308
15828,1,-1.8155136,-1.9169071,0.10139346,0.46531796
15829,1,-1.8582083,-1.8034185,0.05478978,0.46819487
15830,1,-1.6786289,-1.579613,0.09901595,0.4694642
15831,1,-1.3875363,-1.475634,0.08809769,0.46453235
15832,1,-1.3174769,-1.2140049,0.103471994,0.4555092
15833,1,-1.0007466,-0.8307859,0.16996074,0.4524703
15834,1,-0.5217811,-0.400273,0.12150809,0.44565073
15835,1,-0.018512227,0.053035263,0.07154749,0.43472803
15836,1,0.4645884,0.5408425,0.07625407,0.41965586
15837,1,0.93189955,0.87341136,0.05848819,0.39768544
15838,1,1.164189,1.0620403,0.10214865,0.3675955
15839,1,1.2526469,1.0992372,0.15340972,0.34598038
15840,1,1.213917,1.1480914,0.06582558,0.33478832
15841,1,1.2113223,1.0568417,0.15448058,0.33185288
15842,1,1.0816941,1.0357789,0.045915246,0.33061382
15843,1,1.0385404,0.9471692,0.09137118,0.3360643
15844,1,0.93004584,0.8930859,0.036959946,0.33834466
15845,1,0.8669029,0.613104,0.2537989,0.34397882
15846,1,0.5367992,0.53580886,0.0009903312,0.3479063
15847,1,0.46307242,0.47264314,0.009570718,0.3645615
15848,1,0.40776068,0.35429737,0.05346331,0.3688956
15849,1,0.27639565,0.111436084,0.16495956,0.37173134
15850,1,-0.022706836,-0.075088836,0.052382,0.375615
15851,1,-0.2332718,-0.24423374,0.010961935,0.38701499
15852,1,-0.41353342,-0.37796953,0.035563886,0.3947823
15853,1,-0.5405154,-0.55059516,0.0100797415,0.40194124
15854,1,-0.72592396,-0.65891093,0.067013025,0.4061764
15855,1,-0.8136027,-0.83573014,0.02212745,0.4137701
15856,1,-1.0052751,-1.0500978,0.044822693,0.41679883
15857,1,-1.2351189,-1.1100205,0.12509835,0.42349753
15858,1,-1.2363771,-1.3326057,0.0962286,0.4334545
15859,1,-1.4796506,-1.4553074,0.024343252,0.435274
15860,1,-1.564134,-1.578714,0.014580011,0.44508433
15861,1,-1.6558853,-1.5671717,0.088713646,0.45055646
15862,1,-1.5754135,-1.7077962,0.13238275,0.45551503
15863,1,-1.7280092,-1.8244594,0.09645021,0.45576134
15864,1,-1.8262874,-1.8443677,0.018080354,0.4620398
15865,1,-1.7985747,-1.9269105,0.12833583,0.46643853
15866,1,-1.8703585,-2.0113301,0.14097166,0.46796
15867,1,-1.9373369,-2.0280483,0.090711355,0.47176072
15868,1,-1.9190507,-1.9329067,0.013856053,0.47475183
15869,1,-1.7768273,-1.9597838,0.18295646,0.47432563
15870,1,-1.8274467,-1.8514676,0.02402091,0.47135746
15871,1,-1.6888337,-1.7063783,0.017544627,0.47131208
15872,1,-1.5262636,-1.5056988,0.020564795,0.46658215
15873,1,-1.3034332,-1.1578486,0.14558458,0.46070868
15874,1,-0.8736236,-0.6769492,0.1966744,0.45450187
15875,1,-0.27275687,-0.16086157,0.11189531,0.44601384
15876,1,0.30862162,0.28689504,0.021726578,0.4314387
15877,1,0.7206708,0.62036914,0.10030168,0.4088576
15878,1,0.96142566,0.95888525,0.0025404096,0.38403374
15879,1,1.2101923,1.0944046,0.115787745,0.36191568
15880,1,1.2537558,1.167099,0.08665681,0.3406304
15881,1,1.259959,1.0732485,0.18671048,0.33175665
15882,1,1.1185842,1.0142499,0.104334235,0.32931015
15883,1,1.0271394,0.8480717,0.17906773,0.33542448
15884,1,0.8257308,0.88486487,0.059134066,0.34039396
15885,1,0.86909026,0.6046848,0.26440543,0.34979743
15886,1,0.53502834,0.47808155,0.056946784,0.34837547
15887,1,0.39486873,0.21494786,0.17992087,0.36475185
15888,1,0.07556624,0.14084749,0.06528125,0.3696328
15889,1,0.02571281,-0.004456792,0.030169602,0.38459894
15890,1,-0.13301697,-0.24092549,0.10790852,0.3865777
15891,1,-0.41755608,-0.35096392,0.06659216,0.3906653
15892,1,-0.5079055,-0.54410535,0.036199868,0.40230426
15893,1,-0.7246669,-0.7162425,0.008424401,0.4047799
15894,1,-0.90057325,-0.7833826,0.11719066,0.41245162
15895,1,-0.9228773,-0.96357495,0.040697634,0.42058888
15896,1,-1.1225501,-1.0192393,0.10331082,0.42167485
15897,1,-1.1336346,-1.1677613,0.03412676,0.43010092
15898,1,-1.2917385,-1.2687812,0.022957325,0.43157572
15899,1,-1.3721943,-1.4582087,0.08601439,0.43801147
15900,1,-1.5706874,-1.543266,0.027421355,0.4423673
15901,1,-1.6117408,-1.5728984,0.03884244,0.45054048
15902,1,-1.5938002,-1.6834736,0.0896734,0.45409667
15903,1,-1.7015796,-1.8475604,0.14598083,0.45580783
15904,1,-1.8617346,-1.8792768,0.017542124,0.46139365
15905,1,-1.8393402,-1.9616269,0.12228668,0.46757916
15906,1,-1.9022355,-1.983468,0.08123255,0.46955508
15907,1,-1.8898036,-1.9887162,0.0989126,0.4725885
15908,1,-1.8720958,-1.9660894,0.093993545,0.47337797
15909,1,-1.8314722,-1.8655748,0.03410268,0.47331122
15910,1,-1.7031282,-1.7302659,0.027137637,0.47163665
15911,1,-1.5525173,-1.4583644,0.09415293,0.46720362
15912,1,-1.2215772,-1.1900287,0.0315485,0.46184468
15913,1,-0.9339836,-0.763331,0.17065263,0.45192972
15914,1,-0.40682504,-0.31997213,0.08685291,0.4458018
15915,1,0.09051464,0.18758175,0.09706711,0.43281424
15916,1,0.6287762,0.61923325,0.009542942,0.41697523
15917,1,0.9953048,0.9445802,0.050724626,0.38980085
15918,1,1.2160492,1.1583381,0.057711124,0.36219287
15919,1,1.3299232,1.1113561,0.21856701,0.34018347
15920,1,1.2118183,0.98353875,0.22827959,0.32921383
15921,1,1.0288574,1.0505346,0.021677256,0.33361876
15922,1,1.0736157,0.93298584,0.14062983,0.33998317
15923,1,0.9265239,0.70432985,0.22219408,0.3376332
15924,1,0.65363497,0.58682233,0.066812634,0.34564644
15925,1,0.52054447,0.3944258,0.12611866,0.35924086
15926,1,0.29381946,0.3470006,0.05318114,0.36515543
15927,1,0.26797113,0.14993124,0.11803989,0.37641785
15928,1,0.03091938,0.060516633,0.029597253,0.37668896
15929,1,-0.048025798,-0.09862328,0.050597485,0.3872009
15930,1,-0.2306942,-0.3197978,0.08910361,0.38962245
15931,1,-0.4948794,-0.45997652,0.03490287,0.39463788
15932,1,-0.6295449,-0.5253602,0.10418469,0.40462974
15933,1,-0.6583309,-0.6756555,0.017324567,0.41126406
15934,1,-0.82473063,-0.91141343,0.0866828,0.4121027
15935,1,-1.0996339,-0.9219062,0.17772776,0.41674024
15936,1,-1.0347703,-1.0908811,0.05611086,0.42867088
15937,1,-1.2264154,-1.3285133,0.10209787,0.42740682
15938,1,-1.4866872,-1.366175,0.12051213,0.43441564
15939,1,-1.4538484,-1.5564028,0.10255444,0.44493264
15940,1,-1.6508116,-1.7489847,0.09817314,0.44681314
15941,1,-1.8228755,-1.8400496,0.017174125,0.45569864
15942,1,-1.8554285,-1.9656452,0.11021674,0.46368426
15943,1,-1.9455769,-1.9004873,0.045089602,0.46826613
15944,1,-1.8030341,-1.9484969,0.14546287,0.47190115
15945,1,-1.8517249,-1.9774092,0.12568438,0.47012964
15946,1,-1.8701388,-2.0077312,0.13759243,0.47207946
15947,1,-1.8917959,-1.9949772,0.10318136,0.47339356
15948,1,-1.8607659,-1.7933357,0.06743026,0.47425517
15949,1,-1.592854,-1.6653696,0.07251561,0.47223178
15950,1,-1.4783342,-1.3745785,0.10375571,0.4642364
15951,1,-1.1261358,-1.1579126,0.031776786,0.45954883
15952,1,-0.9261734,-0.78162307,0.14455032,0.4483881
15953,1,-0.4686851,-0.4067077,0.061977386,0.4437588
15954,1,-0.05621753,0.011746364,0.06796389,0.431851
15955,1,0.3916797,0.45474058,0.06306088,0.41932535
15956,1,0.8235096,0.94338644,0.11987686,0.39992866
15957,1,1.2438728,1.1200488,0.123824,0.37149373
15958,1,1.3122125,1.1360533,0.17615914,0.3410171
15959,1,1.2507633,1.2087028,0.042060494,0.3309205
15960,1,1.2696745,1.1174085,0.15226603,0.32863408
15961,1,1.141895,1.0202821,0.12161291,0.3263101
15962,1,1.0170083,0.86972785,0.14728045,0.33283776
15963,1,0.83893794,0.82673234,0.012205601,0.3399035
15964,1,0.7923892,0.48360524,0.30878398,0.3489948
15965,1,0.38071,0.32692865,0.05378136,0.35122323
15966,1,0.20822656,0.1697749,0.038451657,0.37076116
15967,1,0.038050078,0.029160859,0.008889219,0.3782274
15968,1,-0.10741779,-0.1974731,0.0900553,0.38544005
15969,1,-0.37416434,-0.44066253,0.06649819,0.38953537
15970,1,-0.65189993,-0.46854922,0.18335071,0.3980016
15971,1,-0.608195,-0.5648573,0.043337703,0.4113259
15972,1,-0.6943072,-0.7819807,0.087673485,0.41097373
15973,1,-0.95511204,-0.92303514,0.032076895,0.41257298
15974,1,-1.0859137,-1.1702176,0.084303975,0.4220579
15975,1,-1.3572986,-1.3046638,0.052634835,0.4270006
15976,1,-1.4514501,-1.4249591,0.026491046,0.43801677
15977,1,-1.5350189,-1.5167989,0.018220067,0.4438543
15978,1,-1.5885276,-1.6494584,0.060930848,0.44909298
15979,1,-1.7038472,-1.7100072,0.006160021,0.4533951
15980,1,-1.7215738,-1.7565715,0.0349977,0.45893013
15981,1,-1.7364218,-1.8644964,0.12807453,0.4615422
15982,1,-1.8382754,-1.9222274,0.08395195,0.464201
15983,1,-1.8665957,-2.075679,0.20908332,0.4686061
15984,1,-2.0139775,-2.1363711,0.12239361,0.47247446
15985,1,-2.0301945,-2.0769773,0.046782732,0.4782146
15986,1,-1.9168149,-2.1137786,0.19696367,0.47936076
15987,1,-1.9584346,-2.0652575,0.10682297,0.4779452
15988,1,-1.888484,-1.9761779,0.08769393,0.47850513
15989,1,-1.7855232,-1.8134912,0.027968049,0.47597614
15990,1,-1.6020861,-1.5682379,0.033848166,0.47165683
15991,1,-1.3240323,-1.3089302,0.015102148,0.46494302
15992,1,-1.0518546,-0.83387285,0.21798176,0.45578247
15993,1,-0.4465065,-0.2935176,0.15298891,0.45041826
15994,1,0.18819791,0.16043314,0.027764767,0.43734404
15995,1,0.61379844,0.57587963,0.037918806,0.4150959
15996,1,0.95762026,0.8396353,0.11798495,0.39145392
15997,1,1.1137569,1.0105293,0.103227615,0.36595652
15998,1,1.1921308,1.0152737,0.17685711,0.3487247
15999,1,1.1233315,1.1108563,0.012475252,0.33897358
16000,1,1.1743845,1.0230029,0.15138161,0.3371929
16001,1,1.0481095,0.82768244,0.2204271,0.33317518
16002,1,0.8100301,0.616136,0.19389409,0.3399892
16003,1,0.5531697,0.5838222,0.030652463,0.35187405
16004,1,0.5314227,0.37044224,0.16098043,0.36454073
16005,1,0.2730385,0.13698095,0.13605756,0.36509746
16006,1,-0.0071807727,0.09566699,0.10284776,0.3750448
16007,1,-0.009404883,-0.1650507,0.15564582,0.3885875
16008,1,-0.3336586,-0.3047538,0.028904796,0.38620135
16009,1,-0.46955186,-0.50341845,0.033866584,0.39883482
16010,1,-0.6908388,-0.61301714,0.07782167,0.40293175
16011,1,-0.7756617,-0.72322184,0.05243987,0.4120056
16012,1,-0.8708182,-0.8769941,0.0061758757,0.41605482
16013,1,-1.0321952,-1.0559521,0.023756862,0.41960612
16014,1,-1.2192721,-1.1551234,0.06414878,0.42548263
16015,1,-1.2847487,-1.2377244,0.04702425,0.43339422
16016,1,-1.3377991,-1.3028277,0.034971356,0.43756244
16017,1,-1.3762369,-1.4377016,0.061464667,0.4410643
16018,1,-1.5163939,-1.6710616,0.15466774,0.44378716
16019,1,-1.7627189,-1.7064004,0.05631852,0.45043948
16020,1,-1.7276399,-1.7789855,0.051345587,0.45973253
16021,1,-1.7707236,-1.8591359,0.088412285,0.4615819
16022,1,-1.8289864,-1.9680214,0.13903499,0.46494812
16023,1,-1.9215677,-2.0247147,0.10314703,0.46894565
16024,1,-1.9432471,-1.9710573,0.027810216,0.47328827
16025,1,-1.8398557,-1.9343073,0.094451666,0.4745712
16026,1,-1.7913117,-1.898883,0.107571244,0.47239515
16027,1,-1.7560446,-1.8562256,0.10018098,0.47079924
16028,1,-1.7161653,-1.6191908,0.09697449,0.46919134
16029,1,-1.4116393,-1.4363087,0.024669409,0.4666034
16030,1,-1.2332485,-1.0341768,0.19907165,0.45726722
16031,1,-0.7182125,-0.6493562,0.0688563,0.45301047
16032,1,-0.28888944,-0.20315602,0.08573341,0.44008937
16033,1,0.20680451,0.31052727,0.10372275,0.4289845
16034,1,0.7410141,0.6684887,0.07252544,0.41151637
16035,1,1.0107193,0.89537793,0.115341365,0.38251084
16036,1,1.1353657,1.0839862,0.05137956,0.36003247
16037,1,1.2409594,1.0673783,0.17358112,0.34436235
16038,1,1.1584718,0.91003686,0.24843496,0.3340703
16039,1,0.94467926,0.9395442,0.0051350594,0.3368598
16040,1,0.9557426,0.830677,0.12506562,0.34565866
16041,1,0.8177067,0.6445542,0.1731525,0.34487793
16042,1,0.59258026,0.47017935,0.12240091,0.35175303
16043,1,0.3861243,0.2854562,0.1006681,0.3622695
16044,1,0.17061079,0.18393686,0.013326079,0.37108293
16045,1,0.07478953,0.074166246,0.00062328577,0.38097337
16046,1,-0.035618883,0.01520102,0.050819904,0.38537598
16047,1,-0.075555906,-0.11469693,0.03914102,0.39096874
16048,1,-0.22497815,-0.15760797,0.06737018,0.39202428
16049,1,-0.24417526,-0.43825963,0.19408438,0.3989035
16050,1,-0.6108304,-0.55978113,0.051049292,0.39575332
16051,1,-0.72092676,-0.6756356,0.045291185,0.4093796
16052,1,-0.82625973,-0.90477425,0.07851452,0.4139786
16053,1,-1.0915365,-1.0410786,0.050457954,0.41681302
16054,1,-1.2047622,-1.1588082,0.04595399,0.4269789
16055,1,-1.2960838,-1.2926443,0.0034395456,0.43266448
16056,1,-1.4141848,-1.5704063,0.15622151,0.43752983
16057,1,-1.709713,-1.6306126,0.07910037,0.44387344
16058,1,-1.693474,-1.8358548,0.14238071,0.4554066
16059,1,-1.8854871,-1.9203751,0.03488803,0.4593449
16060,1,-1.9097309,-1.9574035,0.04767263,0.46759242
16061,1,-1.8953494,-2.048852,0.15350258,0.4709057
16062,1,-1.9675971,-2.0095572,0.04196012,0.4732486
16063,1,-1.8784664,-2.0547218,0.17625546,0.4757741
16064,1,-1.9253424,-1.977444,0.052101612,0.47502175
16065,1,-1.8136094,-1.9403414,0.12673199,0.47563732
16066,1,-1.781756,-1.834663,0.05290699,0.47267133
16067,1,-1.6624188,-1.7098271,0.047408223,0.47050557
16068,1,-1.5345895,-1.3861661,0.14842343,0.46596077
16069,1,-1.1249738,-1.0561249,0.06884885,0.46137926
16070,1,-0.753963,-0.5343674,0.21959561,0.45025614
16071,1,-0.09810289,-0.002662699,0.095440194,0.44389868
16072,1,0.48044968,0.46649173,0.0139579475,0.42639726
16073,1,0.8964932,0.8958845,0.00060868263,0.4008016
16074,1,1.2241502,1.0034543,0.22069585,0.3715368
16075,1,1.2136705,1.1088849,0.10478556,0.34564498
16076,1,1.2379793,1.0723414,0.16563785,0.33788633
16077,1,1.142998,1.0773687,0.065629244,0.33259535
16078,1,1.1109954,0.98970884,0.12128657,0.33456936
16079,1,0.99334395,0.8091395,0.18420446,0.335492
16080,1,0.77735484,0.75022554,0.027129292,0.3420364
16081,1,0.7119546,0.62485987,0.087094724,0.35293895
16082,1,0.56813645,0.51839113,0.04974532,0.3565637
16083,1,0.45189822,0.2771822,0.17471603,0.36376694
16084,1,0.15900278,0.10283196,0.05617082,0.3680154
16085,1,-0.036222316,-0.026346399,0.009875918,0.3801878
16086,1,-0.1643311,-0.1056882,0.058642894,0.38846654
16087,1,-0.22346157,-0.19737688,0.026084691,0.39468953
16088,1,-0.3094082,-0.31891105,0.009502858,0.39755356
16089,1,-0.44224882,-0.5074036,0.06515479,0.4004323
16090,1,-0.6672714,-0.64536536,0.021906018,0.40365857
16091,1,-0.80513644,-0.69932044,0.10581601,0.4116435
16092,1,-0.8208176,-0.86779255,0.046974957,0.41820696
16093,1,-1.0156634,-1.0995942,0.08393085,0.41848472
16094,1,-1.2779217,-1.2105789,0.06734276,0.42471763
16095,1,-1.3502601,-1.3019371,0.048323035,0.4351214
16096,1,-1.4067816,-1.5063554,0.09957385,0.43984425
16097,1,-1.61973,-1.5322014,0.08752859,0.4439252
16098,1,-1.5780344,-1.6296661,0.05163169,0.45249075
16099,1,-1.6606724,-1.79408,0.1334076,0.4538894
16100,1,-1.822068,-1.8742436,0.05217564,0.45887312
16101,1,-1.859246,-1.9656293,0.10638332,0.46563682
16102,1,-1.9202185,-1.9504119,0.030193448,0.46943095
16103,1,-1.8539679,-1.7896471,0.0643208,0.47236952
16104,1,-1.6260545,-1.7760274,0.14997292,0.47060135
16105,1,-1.6471369,-1.6141114,0.033025503,0.4646383
16106,1,-1.4496343,-1.5747225,0.12508821,0.46346074
16107,1,-1.4544592,-1.3840612,0.07039797,0.45695925
16108,1,-1.2232201,-1.0545403,0.16867983,0.45558771
16109,1,-0.80324185,-0.6306312,0.17261064,0.45017856
16110,1,-0.27840695,-0.17033397,0.10807298,0.44159222
16111,1,0.24294189,0.28508145,0.04213956,0.42862004
16112,1,0.69447184,0.66442186,0.03004998,0.4093904
16113,1,1.0019705,0.97432816,0.02764237,0.38400245
16114,1,1.217531,1.2557945,0.03826356,0.35918865
16115,1,1.4024312,1.2643447,0.13808656,0.33633876
16116,1,1.3468678,1.2263597,0.120508075,0.32095873
16117,1,1.2655857,1.1327538,0.13283181,0.32128835
16118,1,1.141629,0.891617,0.25001198,0.3250801
16119,1,0.86331236,0.77049166,0.092820704,0.33319315
16120,1,0.72166514,0.7739201,0.052254975,0.34798637
16121,1,0.7380669,0.45733434,0.28073257,0.35512012
16122,1,0.35589603,0.42930034,0.07340431,0.35425055
16123,1,0.35533023,0.23451646,0.12081377,0.373343
16124,1,0.122732006,0.06283823,0.05989378,0.37291017
16125,1,-0.07191005,0.021231918,0.09314197,0.38210344
16126,1,-0.07765746,-0.21986136,0.1422039,0.39176133
16127,1,-0.37945944,-0.4130772,0.033617765,0.38956013
16128,1,-0.5952765,-0.5250037,0.0702728,0.39982784
16129,1,-0.6863463,-0.6315708,0.054775476,0.40863577
16130,1,-0.7778609,-0.7481073,0.029753566,0.41285658
16131,1,-0.8892759,-0.8760698,0.013206124,0.41664538
16132,1,-1.0171359,-1.069708,0.05257213,0.4209065
16133,1,-1.2309703,-1.2089175,0.022052765,0.42532903
16134,1,-1.3511881,-1.3551288,0.0039407015,0.4337355
16135,1,-1.4795275,-1.4695195,0.0100079775,0.4396717
16136,1,-1.5622345,-1.6144426,0.052208066,0.44606385
16137,1,-1.6878783,-1.7935538,0.10567558,0.4513099
16138,1,-1.8462117,-1.860341,0.014129281,0.45830333
16139,1,-1.8538444,-1.9007485,0.046904087,0.4654803
16140,1,-1.8503278,-1.9122474,0.06191957,0.46823868
16141,1,-1.8286676,-1.9179564,0.08928871,0.46975994
16142,1,-1.816104,-1.8373297,0.02122569,0.47021446
16143,1,-1.701949,-1.7971867,0.09523773,0.46972576
16144,1,-1.6680197,-1.6985505,0.03053081,0.4665338
16145,1,-1.5569122,-1.5823143,0.02540207,0.46449736
16146,1,-1.4360914,-1.3660147,0.070076704,0.46035627
16147,1,-1.1788771,-1.0934265,0.08545065,0.45601228
16148,1,-0.8614483,-0.8992737,0.037825406,0.44876674
16149,1,-0.69146585,-0.45101726,0.2404486,0.43826014
16150,1,-0.109131224,0.066156164,0.1752874,0.43732762
16151,1,0.49034154,0.4355021,0.054839432,0.42278478
16152,1,0.8018267,0.7564441,0.04538262,0.39667857
16153,1,1.0438998,0.95558095,0.088318825,0.37477198
16154,1,1.1541984,1.1671209,0.012922525,0.35424298
16155,1,1.2930186,1.1098493,0.18316925,0.3393938
16156,1,1.1802022,1.0489596,0.13124263,0.3287486
16157,1,1.0794678,0.92271733,0.15675044,0.33288252
16158,1,0.91914034,0.7934846,0.12565571,0.33781853
16159,1,0.76222754,0.67095685,0.091270685,0.34605747
16160,1,0.61940897,0.6273273,0.007918358,0.3540063
16161,1,0.5811163,0.45419842,0.1269179,0.36132407
16162,1,0.37592423,0.1963458,0.17957842,0.36320055
16163,1,0.061116837,0.10502838,0.043911546,0.37082678
16164,1,-0.014439888,-0.044247083,0.029807195,0.38514614
16165,1,-0.17799169,-0.19624458,0.018252894,0.38799423
16166,1,-0.34292695,-0.23429039,0.10863656,0.39393127
16167,1,-0.3404499,-0.5145116,0.17406169,0.4021303
16168,1,-0.6989858,-0.6634711,0.035514712,0.39872923
16169,1,-0.84195054,-0.81367934,0.028271198,0.4117182
16170,1,-0.98614675,-1.0199636,0.033816874,0.41734487
16171,1,-1.2047735,-1.17761,0.027163506,0.42265415
16172,1,-1.3411326,-1.3326803,0.008452296,0.4315561
16173,1,-1.4727852,-1.3941506,0.07863462,0.43830025
16174,1,-1.4795079,-1.5733204,0.093812466,0.44507247
16175,1,-1.6603255,-1.6165079,0.04381764,0.44804347
16176,1,-1.6477604,-1.7558734,0.10811305,0.45545864
16177,1,-1.7800862,-1.853493,0.073406816,0.45802978
16178,1,-1.8458493,-2.0507405,0.2048912,0.46406418
16179,1,-2.0286727,-2.0635874,0.034914732,0.46986616
16180,1,-1.9716969,-2.1257942,0.15409732,0.47646314
16181,1,-2.0075643,-2.1962054,0.18864107,0.47768912
16182,1,-2.0560803,-2.0879314,0.031851053,0.4806184
16183,1,-1.8913345,-2.1016798,0.21034527,0.48137483
16184,1,-1.9237373,-2.0298913,0.106153965,0.47813082
16185,1,-1.8388195,-1.9632392,0.12441969,0.47772062
16186,1,-1.7773067,-1.8037694,0.026462674,0.4746679
16187,1,-1.5974511,-1.5181357,0.079315424,0.4711388
16188,1,-1.2575877,-1.3046373,0.04704964,0.4646548
16189,1,-1.0651062,-0.95577353,0.10933262,0.45359436
16190,1,-0.6549974,-0.4337509,0.22124651,0.44788954
16191,1,-0.00080269575,0.03724035,0.038043045,0.44082457
16192,1,0.4840275,0.5163485,0.032320976,0.42132145
16193,1,0.92499995,0.7039836,0.22101635,0.39858785
16194,1,0.9877012,0.91213906,0.07556212,0.3703641
16195,1,1.1120144,1.0198315,0.092182875,0.35779935
16196,1,1.1483288,0.95586735,0.19246143,0.34448338
16197,1,1.0242724,0.92854834,0.095724106,0.33917022
16198,1,0.9600378,0.7688478,0.19119,0.34313956
16199,1,0.75632733,0.57127815,0.18504918,0.3458042
16200,1,0.512202,0.39433712,0.11786491,0.3552838
16201,1,0.30087793,0.35208973,0.051211804,0.36610594
16202,1,0.2785001,0.23889725,0.03960286,0.37647533
16203,1,0.15342042,0.087318495,0.06610192,0.3776954
16204,1,-0.023003772,-0.05751141,0.03450764,0.38225967
16205,1,-0.18469048,-0.19590874,0.011218265,0.38880852
16206,1,-0.33356377,-0.36521572,0.031651944,0.39472616
16207,1,-0.5241704,-0.5393121,0.015141726,0.39939964
16208,1,-0.7137815,-0.61834055,0.095440924,0.40567052
16209,1,-0.7601504,-0.7581924,0.001957953,0.4138868
16210,1,-0.90691936,-0.89992297,0.006996393,0.4157789
16211,1,-1.0504245,-1.076624,0.02619958,0.4211206
16212,1,-1.2357574,-1.2221271,0.013630271,0.4264429
16213,1,-1.3648628,-1.3889608,0.024098039,0.43399844
16214,1,-1.5186505,-1.5131879,0.0054626465,0.44024786
16215,1,-1.6080844,-1.6696767,0.06159222,0.447586
16216,1,-1.7415445,-1.5755588,0.1659857,0.45338786
16217,1,-1.5445864,-1.6770682,0.13248181,0.45919287
16218,1,-1.6677463,-1.8532315,0.18548524,0.4558691
16219,1,-1.8584709,-1.8295212,0.028949738,0.46122414
16220,1,-1.7707871,-1.915919,0.14513183,0.46734855
16221,1,-1.8567184,-1.9844036,0.12768519,0.467323
16222,1,-1.9081453,-2.0158296,0.107684255,0.4710642
16223,1,-1.913237,-1.8576548,0.055582166,0.47372082
16224,1,-1.6862895,-1.8733165,0.18702698,0.47332913
16225,1,-1.7416127,-1.6601369,0.081475735,0.46787968
16226,1,-1.4661674,-1.5190408,0.052873373,0.4672983
16227,1,-1.3394911,-1.1384999,0.20099127,0.45879382
16228,1,-0.8467392,-0.54227334,0.30446583,0.4553779
16229,1,-0.06322554,-0.02952265,0.033702888,0.44812062
16230,1,0.46680558,0.43252096,0.03428462,0.42636728
16231,1,0.8704071,0.76745856,0.10294855,0.40223742
16232,1,1.0959694,0.96300364,0.1329658,0.3748609
16233,1,1.1840645,1.0038823,0.18018222,0.35351375
16234,1,1.139858,0.93548125,0.20437676,0.34182858
16235,1,1.0068502,1.0020766,0.004773617,0.34030086
16236,1,1.0445979,0.8321346,0.21246326,0.34341705
16237,1,0.8297664,0.762406,0.0673604,0.34119743
16238,1,0.74105406,0.5666726,0.17438143,0.35153478
16239,1,0.5032636,0.49442387,0.008839726,0.35565534
16240,1,0.4312358,0.37186706,0.05936873,0.36715937
16241,1,0.29308975,0.16425766,0.12883209,0.37058195
16242,1,0.042138495,-0.09451933,0.13665783,0.3753911
16243,1,-0.271318,-0.19539507,0.07592292,0.38344964
16244,1,-0.34777275,-0.3325852,0.0151875615,0.39693254
16245,1,-0.4862501,-0.514854,0.028603911,0.40003502
16246,1,-0.6891465,-0.6734665,0.015680015,0.40429112
16247,1,-0.8492403,-0.7589301,0.090310216,0.41156662
16248,1,-0.9024632,-0.9947429,0.09227967,0.41870868
16249,1,-1.1765985,-1.122723,0.053875566,0.42014024
16250,1,-1.276124,-1.1411779,0.13494611,0.43069524
16251,1,-1.2304862,-1.2447172,0.014231086,0.43666944
16252,1,-1.3325379,-1.3749888,0.042450905,0.43688837
16253,1,-1.4643764,-1.621659,0.15728259,0.4412396
16254,1,-1.729382,-1.6170934,0.112288594,0.44756854
16255,1,-1.6400169,-1.7162824,0.076265454,0.45737854
16256,1,-1.7269213,-1.8660133,0.13909197,0.45773727
16257,1,-1.8687544,-1.9493663,0.080611944,0.4627753
16258,1,-1.912264,-1.9941059,0.081841946,0.46895966
16259,1,-1.9173807,-2.0365605,0.119179845,0.47230032
16260,1,-1.9338677,-2.0513878,0.117520094,0.47429112
16261,1,-1.9244968,-1.973125,0.04862821,0.4758553
16262,1,-1.8103938,-1.9574388,0.14704502,0.4754839
16263,1,-1.8056171,-1.891718,0.086100936,0.47269553
16264,1,-1.7334614,-1.6890088,0.044452548,0.47154158
16265,1,-1.4848294,-1.4131182,0.07171118,0.468054
16266,1,-1.1627913,-1.0637554,0.09903586,0.46032768
16267,1,-0.75551975,-0.5064905,0.24902922,0.4514359
16268,1,-0.045507953,-0.12584648,0.08033852,0.44496632
16269,1,0.29613692,0.43853754,0.14240062,0.4224542
16270,1,0.87886286,0.7736759,0.10518694,0.40781593
16271,1,1.1036961,1.0155503,0.08814585,0.3744645
16272,1,1.2391955,1.1069212,0.13227427,0.35236776
16273,1,1.2448366,1.1859086,0.058928013,0.3372479
16274,1,1.2636067,1.0500916,0.21351504,0.33069527
16275,1,1.0836734,0.8953149,0.18835849,0.32857084
16276,1,0.88931906,0.8624837,0.026835382,0.33798063
16277,1,0.8445895,0.69557196,0.14901751,0.34724617
16278,1,0.6462835,0.654929,0.008645475,0.34987062
16279,1,0.61049104,0.45485193,0.15563911,0.35986248
16280,1,0.37102526,0.259152,0.11187327,0.36152023
16281,1,0.14089406,0.04885342,0.092040636,0.37168002
16282,1,-0.10407748,-0.09311776,0.010959722,0.38035583
16283,1,-0.24604562,-0.15409409,0.091951534,0.39043134
16284,1,-0.273463,-0.3842998,0.110836804,0.39769417
16285,1,-0.55594385,-0.56654805,0.010604203,0.39659134
16286,1,-0.7516212,-0.7503536,0.001267612,0.40623665
16287,1,-0.9415234,-0.8423663,0.099157095,0.41312766
16288,1,-0.9956118,-1.0569266,0.06131482,0.421488
16289,1,-1.2327847,-1.2485152,0.0157305,0.42377168
16290,1,-1.4158692,-1.3029095,0.11295974,0.43299145
16291,1,-1.4062393,-1.367659,0.0385803,0.44154975
16292,1,-1.4376166,-1.5228975,0.085280895,0.4438051
16293,1,-1.5992918,-1.6242405,0.024948716,0.4467315
16294,1,-1.6725698,-1.6705612,0.0020085573,0.4534915
16295,1,-1.6783715,-1.7765772,0.098205686,0.4577212
16296,1,-1.775027,-1.8571005,0.08207345,0.46023077
16297,1,-1.8308289,-1.9485842,0.117755294,0.4648419
16298,1,-1.9010243,-1.9724134,0.07138908,0.46864504
16299,1,-1.8867543,-1.9816843,0.09493005,0.47202656
16300,1,-1.8713341,-1.9998124,0.12847829,0.47293025
16301,1,-1.8788816,-1.8687074,0.010174155,0.47344366
16302,1,-1.6992371,-1.6453944,0.053842664,0.4728423
16303,1,-1.4277767,-1.5501548,0.12237811,0.4671029
16304,1,-1.3797826,-1.2942562,0.08552635,0.45819017
16305,1,-1.0765436,-0.8992892,0.17725438,0.45509726
16306,1,-0.5809914,-0.48184437,0.09914702,0.4483892
16307,1,-0.10215899,-0.0109620895,0.0911969,0.43661287
16308,1,0.41253585,0.4813827,0.06884685,0.42324698
16309,1,0.8882928,0.70094186,0.18735093,0.401319
16310,1,0.9914582,0.9466076,0.044850588,0.3724234
16311,1,1.1541268,1.0790374,0.075089335,0.3575248
16312,1,1.2115648,1.1035714,0.107993364,0.34158692
16313,1,1.1798122,0.9309301,0.24888211,0.3337662
16314,1,0.9565728,0.88883907,0.067733705,0.33458677
16315,1,0.8899361,0.801061,0.088875115,0.344958
16316,1,0.7801048,0.7283101,0.051794708,0.3480192
16317,1,0.69546545,0.46263638,0.23282906,0.35348308
16318,1,0.37221798,0.31637937,0.055838615,0.35709202
16319,1,0.20967513,0.35108376,0.14140862,0.37192205
16320,1,0.29868752,0.25170985,0.04697767,0.38118505
16321,1,0.18549603,-0.0044536893,0.18994972,0.37792906
16322,1,-0.14107847,-0.0899765,0.051101975,0.3798452
16323,1,-0.21066502,-0.31554502,0.104880005,0.3936907
16324,1,-0.48560444,-0.4002172,0.08538723,0.39421597
16325,1,-0.54273164,-0.64707845,0.10434681,0.40559697
16326,1,-0.8405317,-0.80632305,0.034208655,0.40572053
16327,1,-0.9912684,-0.89926404,0.09200436,0.41658562
16328,1,-1.0480987,-1.1007484,0.052649736,0.42360264
16329,1,-1.2670902,-1.2941599,0.027069688,0.42623797
16330,1,-1.4538838,-1.4419255,0.011958241,0.43489277
16331,1,-1.5678154,-1.568329,0.0005135536,0.44342092
16332,1,-1.6560141,-1.6936862,0.037672162,0.449967
16333,1,-1.7474749,-1.7545719,0.007097006,0.45570162
16334,1,-1.7602558,-1.8189064,0.058650613,0.4609166
16335,1,-1.7945671,-1.9220631,0.127496,0.46369115
16336,1,-1.8833125,-1.9315588,0.048246384,0.467022
16337,1,-1.8504758,-2.0557256,0.20524979,0.47068933
16338,1,-1.9765384,-1.9855993,0.00906086,0.47249722
16339,1,-1.847491,-1.9021671,0.054676056,0.47575146
16340,1,-1.7407491,-1.8416106,0.10086143,0.47260612
16341,1,-1.6865065,-1.7187433,0.032236814,0.46919405
16342,1,-1.5517482,-1.6486431,0.09689498,0.466258
16343,1,-1.506937,-1.3970023,0.10993469,0.46129817
16344,1,-1.192383,-1.06549,0.12689304,0.45869556
16345,1,-0.79074657,-0.6157825,0.17496407,0.4506381
16346,1,-0.23639,-0.027014578,0.20937541,0.44251242
16347,1,0.46176988,0.32594407,0.13582581,0.43058708
16348,1,0.7278453,0.66355455,0.06429076,0.40139928
16349,1,0.9839518,0.91169494,0.07225686,0.38163534
16350,1,1.1407843,0.99607736,0.1447069,0.36011666
16351,1,1.141966,1.0970347,0.044931293,0.34485194
16352,1,1.1864488,1.0169768,0.16947198,0.3385085
16353,1,1.0597816,0.9993561,0.06042546,0.33403748
16354,1,1.0149636,0.801785,0.21317863,0.33881825
16355,1,0.7765774,0.6667427,0.10983473,0.34149718
16356,1,0.61587787,0.64315325,0.027275383,0.35350835
16357,1,0.601924,0.54338527,0.058538735,0.36158413
16358,1,0.48980004,0.37040627,0.119393766,0.36277846
16359,1,0.28381836,0.19566089,0.088157475,0.3675749
16360,1,0.080082886,0.009452163,0.07063072,0.375959
16361,1,-0.13447657,-0.12636577,0.008110806,0.38351008
16362,1,-0.2717951,-0.30699795,0.03520286,0.39213628
16363,1,-0.4739173,-0.47267312,0.0012441874,0.3965228
16364,1,-0.6478107,-0.5988396,0.048971117,0.4036503
16365,1,-0.7617431,-0.7599807,0.0017624497,0.4105652
16366,1,-0.9290786,-0.83013815,0.09894043,0.41470942
16367,1,-0.96176827,-1.0334386,0.071670294,0.42216986
16368,1,-1.1949044,-1.218481,0.023576498,0.42335626
16369,1,-1.3783696,-1.3106817,0.06768787,0.4320029
16370,1,-1.4257772,-1.4763398,0.05056262,0.4401753
16371,1,-1.5833825,-1.5354005,0.047981977,0.44419578
16372,1,-1.5910848,-1.6722403,0.08115542,0.4512635
16373,1,-1.7178988,-1.7359151,0.01801622,0.4542734
16374,1,-1.74153,-1.8250717,0.08354175,0.45997322
16375,1,-1.809504,-1.9225662,0.11306214,0.46306878
16376,1,-1.8860028,-1.91763,0.03162718,0.46724197
16377,1,-1.834055,-2.0564234,0.22236848,0.47056788
16378,1,-1.9809755,-2.0342894,0.05331385,0.4720519
16379,1,-1.909521,-2.0089288,0.09940779,0.4762978
16380,1,-1.8632424,-1.8642179,0.0009754896,0.47528762
16381,1,-1.6771237,-1.7373754,0.060251713,0.47313055
16382,1,-1.5510651,-1.4409839,0.110081196,0.46718365
16383,1,-1.1873679,-1.1252778,0.06209016,0.46222234
16384,1,-0.834571,-0.81000304,0.024567962,0.45189685
16385,1,-0.50375634,-0.33883056,0.16492578,0.44150522
16386,1,0.063068874,0.08546622,0.022397347,0.4349877
16387,1,0.4899997,0.5783246,0.088324904,0.41662565
16388,1,0.9617064,0.84608656,0.11561984,0.3957833
16389,1,1.1224705,0.94842035,0.17405015,0.3657506
16390,1,1.127672,1.1092569,0.018415093,0.34921998
16391,1,1.2236077,1.0781237,0.14548397,0.34094188
16392,1,1.1404419,1.0341059,0.106336,0.33248618
16393,1,1.0603347,0.8355631,0.22477156,0.33488306
16394,1,0.81907296,0.8620774,0.043004453,0.33929688
16395,1,0.8484469,0.6770543,0.17139262,0.35072583
16396,1,0.6277678,0.6067416,0.021026194,0.34989583
16397,1,0.5549306,0.3475291,0.20740151,0.36093035
16398,1,0.23845345,0.15597802,0.082475424,0.3634397
16399,1,0.018182613,-0.07195821,0.09014082,0.37675226
16400,1,-0.24722144,-0.08948537,0.15773606,0.38438487
16401,1,-0.20318115,-0.23196475,0.028783605,0.39773414
16402,1,-0.36320308,-0.3738951,0.01069203,0.39588434
16403,1,-0.51773983,-0.6282551,0.1105153,0.40131426
16404,1,-0.8254133,-0.6209042,0.20450908,0.40457833
16405,1,-0.7352108,-0.8024683,0.06725752,0.41872647
16406,1,-0.9530231,-1.051218,0.09819496,0.41525733
16407,1,-1.2397884,-1.1732831,0.06650531,0.4218479
16408,1,-1.325222,-1.3509784,0.02575636,0.43305606
16409,1,-1.4926453,-1.410503,0.082142234,0.43809244
16410,1,-1.494803,-1.5315746,0.036771655,0.44585317
16411,1,-1.6007148,-1.5057017,0.09501314,0.44853747
16412,1,-1.5090806,-1.7104942,0.20141351,0.4534985
16413,1,-1.7516344,-1.7592238,0.0075894594,0.4534169
16414,1,-1.7548275,-1.8168964,0.06206894,0.46157992
16415,1,-1.7862296,-1.8381205,0.05189085,0.46384278
16416,1,-1.7781608,-1.8425653,0.06440449,0.46611288
16417,1,-1.7616225,-1.8521732,0.09055066,0.46691248
16418,1,-1.7624295,-1.766013,0.0035835505,0.4671541
16419,1,-1.6420875,-1.6210155,0.02107191,0.46688172
16420,1,-1.4661041,-1.5230411,0.05693698,0.46307713
16421,1,-1.3831259,-1.2189628,0.16416311,0.45718914
16422,1,-0.9906949,-0.9318756,0.058819294,0.45458436
16423,1,-0.67219925,-0.6361188,0.03608042,0.44403583
16424,1,-0.35686097,-0.20663606,0.15022491,0.43490598
16425,1,0.15363595,0.1403011,0.013334855,0.42815948
16426,1,0.483824,0.5782069,0.09438288,0.40975612
16427,1,0.9109324,0.8082013,0.10273111,0.3926177
16428,1,1.0515401,1.0513746,0.0001655817,0.36611158
16429,1,1.2206631,1.10749,0.11317313,0.34982076
16430,1,1.2100465,1.0789669,0.13107967,0.33524165
16431,1,1.1335049,1.045445,0.0880599,0.3325723
16432,1,1.0673671,1.0706898,0.0033227205,0.33467644
16433,1,1.075726,0.8683887,0.20733732,0.3361847
16434,1,0.84083474,0.7575508,0.08328396,0.33696607
16435,1,0.7129181,0.5993904,0.113527715,0.34940588
16436,1,0.53021795,0.36220655,0.1680114,0.35606486
16437,1,0.24712199,0.19194174,0.05518025,0.36405414
16438,1,0.05869692,-0.08906306,0.14775997,0.37640563
16439,1,-0.2795089,-0.0668447,0.21266419,0.3818804
16440,1,-0.17172024,-0.3207535,0.14903328,0.39919913
16441,1,-0.49124372,-0.36703384,0.12420988,0.3927547
16442,1,-0.49217647,-0.4595441,0.03263238,0.40658826
16443,1,-0.5793131,-0.65116715,0.071854055,0.40732962
16444,1,-0.8104421,-0.7450046,0.065437496,0.40891576
16445,1,-0.88409007,-0.87557125,0.008518815,0.417744
16446,1,-1.0168827,-0.97309023,0.043792427,0.4207524
16447,1,-1.0985184,-1.2386669,0.14014852,0.42621946
16448,1,-1.408905,-1.3898013,0.019103765,0.42913502
16449,1,-1.5279667,-1.5643198,0.03635311,0.44097233
16450,1,-1.6767005,-1.6607845,0.01591599,0.44782063
16451,1,-1.7201223,-1.7395658,0.019443512,0.4553298
16452,1,-1.7565283,-1.857653,0.10112476,0.45956728
16453,1,-1.8528452,-1.8832424,0.030397177,0.4635212
16454,1,-1.8307868,-1.9669997,0.13621283,0.46797264
16455,1,-1.90133,-2.047819,0.1464889,0.46975318
16456,1,-1.9620883,-1.9836028,0.021514416,0.47354832
16457,1,-1.8446796,-2.0253856,0.18070602,0.47546858
16458,1,-1.8962303,-1.8869838,0.009246588,0.47380936
16459,1,-1.7085896,-1.7834303,0.074840784,0.4738648
16460,1,-1.6076481,-1.6741089,0.06646073,0.46825874
16461,1,-1.5075936,-1.4045647,0.10302889,0.46388254
16462,1,-1.1773088,-1.1594373,0.017871499,0.45974097
16463,1,-0.9221535,-0.69571745,0.22643602,0.44977248
16464,1,-0.32608318,-0.106284134,0.21979904,0.44567734
16465,1,0.3846544,0.32732746,0.057326943,0.4336012
16466,1,0.7627932,0.71256185,0.050231338,0.40604204
16467,1,1.0592971,0.8966871,0.16261,0.3813132
16468,1,1.1321745,1.1671056,0.034931064,0.35748917
16469,1,1.3193297,1.1382527,0.181077,0.3426297
16470,1,1.226263,1.1136135,0.11264956,0.32827336
16471,1,1.1571367,0.9576768,0.19945985,0.33029604
16472,1,0.9622865,0.8864413,0.07584518,0.3337593
16473,1,0.86995,0.69058496,0.17936504,0.34342495
16474,1,0.636763,0.5161954,0.12056756,0.34843707
16475,1,0.43263555,0.34047273,0.09216282,0.35976553
16476,1,0.23068887,0.27575153,0.04506266,0.36891884
16477,1,0.18454182,0.15471973,0.029822096,0.37888482
16478,1,0.054007567,-0.08555838,0.13956594,0.38111767
16479,1,-0.24167746,-0.25000992,0.008332461,0.38419905
16480,1,-0.41661757,-0.33527806,0.08133951,0.3952831
16481,1,-0.47515962,-0.45678386,0.018375754,0.40315726
16482,1,-0.5974404,-0.70979893,0.11235851,0.40557617
16483,1,-0.9039874,-0.7927789,0.1112085,0.40782228
16484,1,-0.94542813,-1.0287284,0.08330023,0.42010054
16485,1,-1.2140874,-0.97468936,0.239398,0.42154136
16486,1,-1.0532869,-1.1802573,0.12697041,0.43387544
16487,1,-1.3080438,-1.2965733,0.011470556,0.42940435
16488,1,-1.4068346,-1.3395505,0.06728411,0.43849042
16489,1,-1.4066015,-1.562755,0.15615344,0.44358528
16490,1,-1.6588069,-1.6853626,0.026555657,0.445753
16491,1,-1.744386,-1.8055042,0.061118245,0.45542747
16492,1,-1.8292676,-1.856013,0.02674532,0.46103808
16493,1,-1.8303273,-2.0106285,0.18030119,0.46586573
16494,1,-1.9740789,-2.028878,0.05479908,0.46938646
16495,1,-1.9375186,-2.0096366,0.072118044,0.47473878
16496,1,-1.8813437,-2.0563316,0.17498791,0.475117
16497,1,-1.9285984,-1.940899,0.012300611,0.47504473
16498,1,-1.7667004,-1.872087,0.105386615,0.47535476
16499,1,-1.7038686,-1.7477106,0.043841958,0.4708018
16500,1,-1.5711067,-1.5054336,0.06567311,0.46752343
16501,1,-1.2832725,-1.2371587,0.04611385,0.46240383
16502,1,-0.9876014,-0.9781812,0.009420216,0.45359772
16503,1,-0.72463965,-0.44072688,0.28391278,0.4441833
16504,1,-0.021391232,0.0227898,0.044181034,0.44188327
16505,1,0.4603305,0.44857544,0.011755049,0.4214775
16506,1,0.8409249,0.7499491,0.09097582,0.3992642
16507,1,1.0473605,0.9077537,0.13960683,0.37406158
16508,1,1.1090059,1.0494891,0.059516788,0.35521618
16509,1,1.180464,1.0770468,0.10341728,0.34426478
16510,1,1.1530749,0.9274509,0.22562397,0.33585647
16511,1,0.9540082,0.87761533,0.07639289,0.33615148
16512,1,0.8785745,0.7804994,0.09807509,0.34525478
16513,1,0.7576328,0.57080996,0.18682283,0.3487754
16514,1,0.50400007,0.5022513,0.0017487407,0.35457516
16515,1,0.43795455,0.27796027,0.15999427,0.36695296
16516,1,0.16537195,0.22248112,0.057109162,0.3690178
16517,1,0.13227993,0.017619826,0.11466011,0.38198507
16518,1,-0.11624128,-0.16018708,0.043945797,0.3820287
16519,1,-0.31681737,-0.33471102,0.017893642,0.3909714
16520,1,-0.506551,-0.4857434,0.020807624,0.3979382
16521,1,-0.6577219,-0.64897877,0.008743107,0.40497142
16522,1,-0.825475,-0.8633201,0.037845135,0.41039166
16523,1,-1.0591339,-0.8438935,0.21524036,0.4159224
16524,1,-0.94786733,-1.0174457,0.06957835,0.42734385
16525,1,-1.1531173,-1.1689876,0.015870333,0.4241799
16526,1,-1.3055141,-1.3871609,0.0816468,0.43148386
16527,1,-1.533419,-1.564732,0.031312943,0.4379151
16528,1,-1.6823931,-1.6836376,0.001244545,0.4477146
16529,1,-1.7511686,-1.6968669,0.05430174,0.4554923
16530,1,-1.6974082,-1.8389571,0.14154887,0.46015763
16531,1,-1.8378026,-1.8587136,0.020910978,0.46178776
16532,1,-1.8093071,-1.9352003,0.12589324,0.46708354
16533,1,-1.8733652,-1.865137,0.008228183,0.46854812
16534,1,-1.7502065,-1.8678523,0.11764586,0.4705462
16535,1,-1.7572175,-1.902592,0.14537442,0.46809468
16536,1,-1.8026271,-1.8565505,0.05392337,0.46851957
16537,1,-1.7353001,-1.8785752,0.14327514,0.46932545
16538,1,-1.7722692,-1.6706148,0.10165441,0.46788967
16539,1,-1.4910948,-1.4764566,0.0146381855,0.46751666
16540,1,-1.2790203,-1.2704339,0.008586407,0.45929968
16541,1,-1.066724,-0.8972838,0.16944015,0.45199284
16542,1,-0.5994178,-0.54856265,0.05085516,0.44723138
16543,1,-0.21926549,-0.080324285,0.1389412,0.43497434
16544,1,0.32082185,0.3827245,0.061902642,0.42576942
16545,1,0.779014,0.7426489,0.03636509,0.40492815
16546,1,1.0585108,0.9033746,0.15513617,0.37791842
16547,1,1.1171142,1.0408853,0.07622886,0.3556854
16548,1,1.1799283,1.0718949,0.10803342,0.34465095
16549,1,1.1534606,0.9941636,0.15929705,0.3364216
16550,1,1.0310161,0.987891,0.043125093,0.33575174
16551,1,1.000987,0.85351944,0.14746761,0.34026468
16552,1,0.8362398,0.7076347,0.12860513,0.3419045
16553,1,0.6625114,0.5886319,0.07387948,0.35039714
16554,1,0.52709323,0.56538576,0.038292527,0.35904676
16555,1,0.5191245,0.39038837,0.12873614,0.36614406
16556,1,0.30930087,0.15043099,0.15886988,0.36642835
16557,1,0.016335472,-0.13306905,0.14940453,0.37403712
16558,1,-0.32701078,-0.19383827,0.13317251,0.38353604
16559,1,-0.33915675,-0.40009305,0.060936302,0.39924708
16560,1,-0.57816577,-0.4886359,0.08952987,0.39858204
16561,1,-0.6370638,-0.79837596,0.16131216,0.40862077
16562,1,-1.0158322,-0.9019922,0.113839984,0.40829647
16563,1,-1.0738523,-1.0824398,0.00858748,0.42315915
16564,1,-1.2534682,-1.2531042,0.00036394596,0.42650002
16565,1,-1.4092889,-1.2409339,0.16835499,0.43415353
16566,1,-1.3126147,-1.4261994,0.11358476,0.44205165
16567,1,-1.524049,-1.4879894,0.036059618,0.44110444
16568,1,-1.5449682,-1.5966283,0.05166006,0.44908795
16569,1,-1.6412745,-1.7058882,0.0646137,0.45195875
16570,1,-1.7322757,-1.8103334,0.07805765,0.45687872
16571,1,-1.8124881,-1.9185876,0.10609949,0.46183622
16572,1,-1.8947003,-2.0398412,0.14514089,0.46668434
16573,1,-1.9881401,-2.117182,0.12904191,0.4718561
16574,1,-2.0242302,-2.0607388,0.03650856,0.4768229
16575,1,-1.9101889,-1.96148,0.051291108,0.47856206
16576,1,-1.7799307,-1.9161615,0.13623083,0.47568676
16577,1,-1.7489123,-1.8166391,0.06772673,0.47189632
16578,1,-1.6449646,-1.643365,0.0015995502,0.46952003
16579,1,-1.4505321,-1.3864015,0.064130545,0.4650866
16580,1,-1.1533854,-1.0412676,0.11211777,0.4585292
16581,1,-0.744571,-0.5943674,0.15020359,0.45049205
16582,1,-0.2063219,-0.06345966,0.14286223,0.4417076
16583,1,0.4001065,0.49763742,0.09753093,0.42870104
16584,1,0.9489126,0.7414762,0.20743644,0.40436643
16585,1,1.0602098,1.0045961,0.055613637,0.37126848
16586,1,1.2249496,1.1815716,0.043377995,0.35436034
16587,1,1.3166648,1.1163176,0.20034719,0.33639657
16588,1,1.1919696,0.944003,0.24796665,0.32783854
16589,1,0.96866953,0.8682391,0.10043043,0.3337335
16590,1,0.8631488,0.70963585,0.15351295,0.34436497
16591,1,0.6693934,0.61833006,0.05106336,0.3495161
16592,1,0.56614804,0.43439755,0.1317505,0.35899308
16593,1,0.3472798,0.2803413,0.06693849,0.36358997
16594,1,0.17314032,0.15313938,0.020000935,0.37321013
16595,1,0.03932739,-0.017850157,0.057177547,0.38081306
16596,1,-0.15564728,-0.17254761,0.01690033,0.38558376
16597,1,-0.32247636,-0.21633682,0.10613954,0.39284003
16598,1,-0.32693508,-0.43179038,0.1048553,0.4011109
16599,1,-0.5937201,-0.5920459,0.0016741753,0.39925766
16600,1,-0.7626534,-0.812216,0.049562573,0.4084201
16601,1,-1.008832,-0.9971376,0.011694372,0.4135971
16602,1,-1.1876564,-1.120204,0.06745243,0.42278963
16603,1,-1.2758261,-1.2401744,0.035651684,0.4308283
16604,1,-1.3688377,-1.355889,0.012948751,0.4359408
16605,1,-1.4607518,-1.4704385,0.009686708,0.44105506
16606,1,-1.5532203,-1.5789149,0.025694609,0.44609758
16607,1,-1.6377332,-1.6741921,0.03645885,0.4511707
16608,1,-1.7056394,-1.7750764,0.06943703,0.4559813
16609,1,-1.7828914,-1.7957932,0.012901783,0.46035296
16610,1,-1.7591524,-1.8995482,0.14039576,0.46424755
16611,1,-1.8590263,-1.9867004,0.1276741,0.46596372
16612,1,-1.9250829,-1.9324715,0.0073885918,0.47054094
16613,1,-1.8158734,-1.9871514,0.171278,0.4729122
16614,1,-1.8789309,-2.0032923,0.124361396,0.47165298
16615,1,-1.8824791,-1.9703498,0.08787072,0.47366515
16616,1,-1.8295399,-1.7851716,0.044368267,0.47384536
16617,1,-1.5898621,-1.7000403,0.11017823,0.47130305
16618,1,-1.5328591,-1.3545988,0.17826033,0.4640469
16619,1,-1.0861151,-0.9809928,0.10512233,0.46118978
16620,1,-0.6494676,-0.70579994,0.05633235,0.44992003
16621,1,-0.40261763,-0.14806342,0.2545542,0.43605378
16622,1,0.29411864,0.31947047,0.025351822,0.4333284
16623,1,0.7452029,0.62933785,0.11586505,0.408404
16624,1,0.95883584,0.8804042,0.078431666,0.38211468
16625,1,1.1182586,0.9974743,0.12078428,0.3624498
16626,1,1.1520704,1.0505143,0.10155606,0.34660918
16627,1,1.1440389,1.0409187,0.10312021,0.33919853
16628,1,1.0903809,1.0085322,0.08184874,0.33634892
16629,1,1.027569,0.87409073,0.15347832,0.3373369
16630,1,0.861298,0.64688164,0.21441638,0.34055895
16631,1,0.5880084,0.5462271,0.041781306,0.34914106
16632,1,0.47803253,0.36862424,0.10940829,0.36256516
16633,1,0.26992983,0.23685768,0.033072144,0.36738253
16634,1,0.1285786,0.08065792,0.04792068,0.3766576
16635,1,-0.04570908,-0.021798922,0.02391016,0.38226983
16636,1,-0.14109725,-0.20717125,0.066074,0.38989025
16637,1,-0.35833707,-0.39353743,0.035200357,0.39237523
16638,1,-0.5675164,-0.48917332,0.07834306,0.39948326
16639,1,-0.63853747,-0.6862645,0.04772705,0.40823895
16640,1,-0.8636513,-0.94905055,0.08539927,0.40995413
16641,1,-1.1611583,-1.0554705,0.10568786,0.41689274
16642,1,-1.2192771,-1.1412257,0.07805145,0.42902485
16643,1,-1.2655869,-1.2487711,0.016815782,0.43346798
16644,1,-1.3556819,-1.2890884,0.06659353,0.43687364
16645,1,-1.3560019,-1.3381457,0.017856121,0.4416128
16646,1,-1.3855462,-1.443254,0.057707787,0.4432567
16647,1,-1.4969738,-1.6123788,0.11540508,0.44530663
16648,1,-1.6772431,-1.779345,0.10210192,0.45024592
16649,1,-1.8267863,-1.8808774,0.054091096,0.4580881
16650,1,-1.8818055,-2.010645,0.12883937,0.4651827
16651,1,-1.9780287,-2.1313558,0.1533271,0.4702179
16652,1,-2.0583193,-2.1244698,0.06615043,0.47610793
16653,1,-1.9912908,-2.1143932,0.12310243,0.4797876
16654,1,-1.9536712,-2.1295192,0.175848,0.47944275
16655,1,-1.9633378,-2.1146376,0.15129983,0.4793261
16656,1,-1.9378705,-2.020752,0.08288145,0.4796038
16657,1,-1.8222926,-1.750154,0.07213855,0.47804612
16658,1,-1.4879215,-1.5395029,0.051581383,0.47301418
16659,1,-1.2901411,-1.2084559,0.081685185,0.46243557
16660,1,-0.91034967,-0.74817836,0.1621713,0.45545113
16661,1,-0.35020044,-0.3281778,0.022022635,0.44708025
16662,1,0.089052044,0.14680685,0.057754807,0.4317801
16663,1,0.5785923,0.51253814,0.066054165,0.41691458
16664,1,0.8731303,0.71597135,0.15715897,0.39221808
16665,1,0.9742341,0.88395506,0.09027904,0.37053508
16666,1,1.0641882,0.9339295,0.13025874,0.3574335
16667,1,1.0470023,0.9082712,0.13873112,0.34722045
16668,1,0.9696101,0.7723281,0.19728202,0.3446072
16669,1,0.78274584,0.6404715,0.14227432,0.34699407
16670,1,0.6123017,0.5650915,0.047210217,0.3552571
16671,1,0.5237211,0.44265664,0.08106446,0.36302337
16672,1,0.37896234,0.30790126,0.071061075,0.3669042
16673,1,0.22274444,0.17148057,0.05126387,0.3730438
16674,1,0.068560116,-0.024355188,0.092915304,0.37941593
16675,1,-0.16499536,-0.20799287,0.04299751,0.3843505
16676,1,-0.37215427,-0.3280494,0.044104874,0.39251062
16677,1,-0.48182803,-0.46974564,0.012082398,0.40086257
16678,1,-0.627252,-0.59906477,0.028187215,0.40490663
16679,1,-0.75346804,-0.61187756,0.14159048,0.41039875
16680,1,-0.7113294,-0.8606552,0.14932579,0.41729805
16681,1,-1.028574,-1.0130323,0.015541673,0.41402024
16682,1,-1.1751217,-1.1939435,0.018821836,0.42505544
16683,1,-1.3542778,-1.2482264,0.106051445,0.4311497
16684,1,-1.3517249,-1.4035275,0.051802635,0.4392976
16685,1,-1.5077636,-1.4826138,0.025149822,0.44139525
16686,1,-1.5501246,-1.5998108,0.049686193,0.44812787
16687,1,-1.6524186,-1.7179593,0.06554067,0.45175788
16688,1,-1.7498281,-1.7247391,0.025089025,0.45708945
16689,1,-1.702674,-1.7688062,0.06613219,0.46162692
16690,1,-1.7303605,-1.8774471,0.14708662,0.46218243
16691,1,-1.8415091,-1.8767838,0.035274744,0.46477243
16692,1,-1.801106,-1.7989442,0.0021617413,0.46860972
16693,1,-1.6816117,-1.8563734,0.17476177,0.46798173
16694,1,-1.7683171,-1.6989837,0.069333434,0.4656348
16695,1,-1.5503104,-1.5358368,0.0144735575,0.46674293
16696,1,-1.3658423,-1.3681613,0.0023189783,0.46036538
16697,1,-1.1945808,-1.1288285,0.06575227,0.45398298
16698,1,-0.9221649,-0.7715607,0.15060419,0.44842088
16699,1,-0.48213062,-0.31740025,0.16473037,0.44245777
16700,1,0.066437535,0.10233031,0.035892777,0.4333326
16701,1,0.49507797,0.56846505,0.07338709,0.4156445
16702,1,0.9381689,0.8874203,0.050748587,0.39482403
16703,1,1.1618557,1.0284797,0.133376,0.36584854
16704,1,1.2071766,1.1142637,0.09291291,0.34574717
16705,1,1.2229326,1.0522957,0.17063689,0.33639672
16706,1,1.1089842,0.98677915,0.12220508,0.33258623
16707,1,1.0069292,0.97542447,0.03150469,0.33695918
16708,1,0.9773191,0.9247157,0.052603424,0.34084046
16709,1,0.9116372,0.7004572,0.21117997,0.3420499
16710,1,0.64708316,0.60072726,0.046355903,0.3461426
16711,1,0.5383171,0.43008748,0.10822961,0.3595106
16712,1,0.34003472,0.2976656,0.042369127,0.36462888
16713,1,0.19658211,0.19617243,0.00040967762,0.37368912
16714,1,0.09689171,-0.014527463,0.11141917,0.38041043
16715,1,-0.1569623,-0.14634335,0.010618955,0.38303608
16716,1,-0.28959563,-0.33536723,0.0457716,0.39316988
16717,1,-0.5047602,-0.5324018,0.027641594,0.39711678
16718,1,-0.7219133,-0.7230607,0.001147449,0.40411884
16719,1,-0.9198774,-0.85821074,0.061666667,0.4117116
16720,1,-1.0328315,-1.0320811,0.0007504225,0.41984528
16721,1,-1.2042361,-1.1003791,0.10385704,0.42475855
16722,1,-1.2236367,-1.2861544,0.06251764,0.43266788
16723,1,-1.421361,-1.3657304,0.055630565,0.43489072
16724,1,-1.4587582,-1.551066,0.092307806,0.44307116
16725,1,-1.646838,-1.6424651,0.004372835,0.44676912
16726,1,-1.6942351,-1.6809427,0.013292432,0.4547042
16727,1,-1.6858839,-1.7659771,0.080093265,0.45848468
16728,1,-1.7563586,-1.85523,0.09887135,0.46052912
16729,1,-1.8285418,-1.9183327,0.08979094,0.46444386
16730,1,-1.8649821,-1.9461534,0.081171274,0.46824315
16731,1,-1.8631504,-1.9573975,0.0942471,0.47071403
16732,1,-1.8526976,-1.8989869,0.046289325,0.47178116
16733,1,-1.7644413,-1.7666113,0.002170086,0.47160214
16734,1,-1.6001062,-1.6350428,0.034936547,0.46860808
16735,1,-1.465009,-1.4152232,0.049785733,0.46312624
16736,1,-1.2122136,-1.0652741,0.14693952,0.4580241
16737,1,-0.7803354,-0.7544113,0.025924146,0.4515141
16738,1,-0.4533069,-0.31007364,0.14323327,0.4394958
16739,1,0.072881125,0.13165298,0.058771856,0.43253934
16740,1,0.5322335,0.39892808,0.1333054,0.41565418
16741,1,0.71685356,0.75232613,0.03547257,0.39261788
16742,1,1.0214398,1.0211449,0.00029492378,0.37691373
16743,1,1.2128813,1.0350791,0.1778022,0.35347703
16744,1,1.1518278,0.9752851,0.1765427,0.33809334
16745,1,1.0364225,0.92305297,0.113369524,0.33807856
16746,1,0.9470165,0.95031625,0.0032997727,0.34207428
16747,1,0.9607372,0.8173537,0.1433835,0.34478807
16748,1,0.79799545,0.75871754,0.03927791,0.34431827
16749,1,0.73008126,0.6351042,0.09497708,0.35242248
16750,1,0.5859659,0.49735442,0.088611454,0.35606825
16751,1,0.42720342,0.31670758,0.110495836,0.36302635
16752,1,0.2145693,0.06774064,0.14682865,0.36980015
16753,1,-0.086583145,-0.038348887,0.048234258,0.37717205
16754,1,-0.1772609,-0.24103548,0.06377457,0.39035523
16755,1,-0.41137397,-0.35287213,0.05850184,0.39267272
16756,1,-0.50662935,-0.5301279,0.023498535,0.40227124
16757,1,-0.70235586,-0.6932844,0.009071469,0.4051479
16758,1,-0.86950946,-0.7856303,0.08387917,0.4120673
16759,1,-0.9320185,-0.8923244,0.03969413,0.41933814
16760,1,-1.0262997,-1.0612392,0.034939528,0.4226296
16761,1,-1.2090836,-1.2740539,0.064970374,0.42619255
16762,1,-1.4335084,-1.347145,0.086363435,0.43312776
16763,1,-1.4515538,-1.5031425,0.051588655,0.44256908
16764,1,-1.5986052,-1.5528601,0.045745015,0.4458089
16765,1,-1.597331,-1.7185446,0.121213555,0.45240834
16766,1,-1.7635489,-1.8490369,0.08548808,0.4552974
16767,1,-1.8635688,-1.957366,0.09379721,0.46267584
16768,1,-1.9328296,-2.0218384,0.08900881,0.46847245
16769,1,-1.9532839,-2.1289017,0.17561781,0.4729011
16770,1,-2.035722,-2.2618523,0.22613025,0.47642365
16771,1,-2.1392705,-2.3379817,0.19871116,0.48173985
16772,1,-2.1688552,-2.292178,0.123322725,0.48680928
16773,1,-2.0717313,-2.2144976,0.14276624,0.4882443
16774,1,-1.9723976,-2.0594425,0.087044954,0.48584127
16775,1,-1.79928,-1.7370636,0.0622164,0.48165053
16776,1,-1.4185952,-1.4435511,0.024955869,0.4744065
16777,1,-1.126507,-1.0474999,0.07900715,0.46219647
16778,1,-0.67893296,-0.6837262,0.0047932267,0.45314535
16779,1,-0.31104127,-0.16226801,0.14877325,0.44004455
16780,1,0.2932806,0.20709558,0.08618502,0.43179178
16781,1,0.60497594,0.63985735,0.034881413,0.40806183
16782,1,0.98964894,0.86912787,0.12052107,0.38860753
16783,1,1.1161795,0.9820178,0.13416165,0.3619709
16784,1,1.1424463,0.96948236,0.17296392,0.3474666
16785,1,1.0626223,0.8827747,0.1798476,0.34118408
16786,1,0.9232452,0.8009962,0.12224901,0.3427683
16787,1,0.80556023,0.7637028,0.04185742,0.3483765
16788,1,0.7534126,0.5877566,0.16565603,0.35336897
16789,1,0.53710645,0.5457274,0.008620918,0.35565692
16790,1,0.49997413,0.32790276,0.17207137,0.3661309
16791,1,0.23185459,0.14713287,0.084721714,0.36696398
16792,1,0.021029733,0.0129258195,0.008103914,0.37781322
16793,1,-0.1187046,-0.08446568,0.03423892,0.38651747
16794,1,-0.20604625,-0.340291,0.13424474,0.39275756
16795,1,-0.522109,-0.4269424,0.095166564,0.39340106
16796,1,-0.5772424,-0.5546519,0.022590458,0.40646684
16797,1,-0.7043728,-0.778344,0.07397115,0.40884405
16798,1,-0.9653779,-0.9477222,0.01765573,0.41208076
16799,1,-1.1289306,-1.0379885,0.090942025,0.42158955
16800,2,-1.1787345,-0.6757589,0.50297564,0.42912528
16801,2,-0.5625857,-0.3945334,0.16805232,0.43971312
16802,2,-0.194747,-0.19476964,2.2634864e-05,0.42621043
16803,2,0.0041955337,0.044656508,0.040460974,0.4145511
16804,2,0.25856566,0.19470222,0.06386344,0.40753368
16805,2,0.3735909,0.39243948,0.018848598,0.39566386
16806,2,0.5650047,0.5073684,0.05763632,0.3888333
16807,2,0.6440559,0.6270974,0.016958475,0.37769762
16808,2,0.74035263,0.73707145,0.003281176,0.37106794
16809,2,0.8296949,0.8698053,0.04011035,0.36372477
16810,2,0.94824517,0.92743987,0.0208053,0.356362
16811,2,0.9812701,1.002085,0.020814896,0.34810656
16812,2,1.0391936,1.0174091,0.021784544,0.34387362
16813,2,1.0362133,1.0425737,0.0063604116,0.33942327
16814,2,1.0494006,1.1162353,0.06683469,0.33819458
16815,2,1.1166943,1.1025951,0.01409924,0.3355773
16816,2,1.0929409,1.0823985,0.010542393,0.3317062
16817,2,1.0654349,1.0692588,0.0038238764,0.3327934
16818,2,1.0481238,1.1348233,0.086699486,0.33413082
16819,2,1.1152949,1.092306,0.022988915,0.33375815
16820,2,1.067853,0.9897341,0.07811886,0.3308325
16821,2,0.9566169,0.9937446,0.037127733,0.33463824
16822,2,0.9654592,1.0510746,0.0856154,0.3404425
16823,2,1.0313478,1.1013618,0.070014,0.3393999
16824,2,1.0845138,0.98112327,0.103390515,0.33536422
16825,2,0.9529996,0.92584246,0.027157128,0.33421755
16826,2,0.8945445,0.864362,0.03018248,0.34170982
16827,2,0.8302281,0.8875909,0.057362795,0.3454529
16828,2,0.8658224,0.73431134,0.13151103,0.34882867
16829,2,0.6902456,0.6872743,0.0029713511,0.34832534
16830,2,0.64711016,0.5668402,0.08026999,0.3575296
16831,2,0.510658,0.46801555,0.042642474,0.36020482
16832,2,0.40428114,0.3403897,0.06389144,0.36698318
16833,2,0.26012093,0.24108471,0.019036219,0.37186497
16834,2,0.15695369,0.23117605,0.074222356,0.3784389
16835,2,0.17763054,0.20204392,0.024413377,0.3843416
16836,2,0.15985864,0.07370133,0.086157314,0.38453785
16837,2,-0.0015528873,0.1252392,0.12679207,0.38426805
16838,2,0.101821326,0.10022413,0.0015971959,0.39288768
16839,2,0.075861834,0.115536906,0.03967507,0.3893735
16840,2,0.10671844,0.022529863,0.08418858,0.39113498
16841,2,-0.022069328,-0.094404414,0.07233509,0.38860464
16842,2,-0.17341095,-0.11425902,0.059151933,0.3919862
16843,2,-0.1733194,-0.18260224,0.009282842,0.39857683
16844,2,-0.2517114,-0.2440483,0.007663101,0.39836508
16845,2,-0.31710604,-0.24694705,0.07015899,0.40112448
16846,2,-0.2958856,-0.2253927,0.07049289,0.40466803
16847,2,-0.24891192,-0.3002495,0.05133757,0.405293
16848,2,-0.3541853,-0.41588348,0.06169817,0.40245545
16849,2,-0.5070713,-0.40385044,0.10322088,0.40439713
16850,2,-0.45790485,-0.38417056,0.07373428,0.41127267
16851,2,-0.41315156,-0.33732748,0.07582408,0.4110033
16852,2,-0.33889884,-0.44314015,0.10424131,0.4108777
16853,2,-0.50127363,-0.4387172,0.062556446,0.40596765
16854,2,-0.4787801,-0.5441646,0.06538451,0.41208854
16855,2,-0.62502253,-0.41390175,0.21112078,0.4097039
16856,2,-0.4028326,-0.5276819,0.12484929,0.41835484
16857,2,-0.58365154,-0.5497681,0.033883452,0.40863007
16858,2,-0.60211486,-0.5140935,0.08802134,0.41456544
16859,2,-0.5358772,-0.39339972,0.14247751,0.4165258
16860,2,-0.35456634,-0.44025588,0.085689545,0.41709733
16861,2,-0.4504667,-0.4189027,0.031563997,0.40922564
16862,2,-0.42469227,-0.32262477,0.1020675,0.4123436
16863,2,-0.28805333,-0.2661417,0.021911621,0.4131964
16864,2,-0.22837976,-0.30080938,0.07242963,0.40884495
16865,2,-0.30438516,-0.11366247,0.19072269,0.40481928
16866,2,-0.03251808,0.08303728,0.11555536,0.41077372
16867,2,0.21300507,0.26107347,0.048068404,0.4033896
16868,2,0.40518114,0.36395985,0.04122129,0.39422256
16869,2,0.48426026,0.547629,0.06336874,0.38463438
16870,2,0.6757556,0.5871356,0.08862001,0.37950906
16871,2,0.67556953,0.6432625,0.03230703,0.36865032
16872,2,0.71058565,0.8562302,0.14564455,0.36632645
16873,2,0.938663,0.9563241,0.017661095,0.3619095
16874,2,1.0188304,1.0602415,0.041411042,0.348541
16875,2,1.103891,1.1897026,0.085811615,0.3413588
16876,2,1.2137005,1.1945044,0.019196153,0.33317554
16877,2,1.1991974,1.2096933,0.010495901,0.32598895
16878,2,1.2001189,1.2949749,0.094856024,0.32542485
16879,2,1.272496,1.3204799,0.047983885,0.3227403
16880,2,1.2879246,1.3187823,0.030857682,0.31759495
16881,2,1.2795094,1.3095499,0.030040503,0.31628013
16882,2,1.2657659,1.2045109,0.06125498,0.316582
16883,2,1.1600053,1.2271374,0.067132115,0.31924796
16884,2,1.1826887,1.182756,6.723404e-05,0.32452297
16885,2,1.1386733,1.2001556,0.06148231,0.32416147
16886,2,1.1581006,1.1590708,0.0009702444,0.3262574
16887,2,1.1177603,1.0754147,0.042345643,0.32607841
16888,2,1.0327939,1.0479286,0.015134692,0.32972974
16889,2,1.0085704,1.0439829,0.03541243,0.3348414
16890,2,1.0098732,0.96868193,0.04119122,0.33645052
16891,2,0.9318863,0.9603346,0.028448284,0.33764336
16892,2,0.9297018,0.7558959,0.17380589,0.34205538
16893,2,0.69929755,0.8006095,0.10131198,0.34395146
16894,2,0.77110565,0.7820828,0.010977149,0.35582614
16895,2,0.75841826,0.6965506,0.061867654,0.3533075
16896,2,0.662683,0.54651123,0.11617178,0.35467172
16897,2,0.4869417,0.5791778,0.0922361,0.35955983
16898,2,0.5520227,0.45774096,0.09428173,0.36870274
16899,2,0.40702295,0.51361823,0.10659528,0.3661608
16900,2,0.50136113,0.57430553,0.0729444,0.37381697
16901,2,0.58646274,0.43696415,0.14949858,0.37065876
16902,2,0.4065899,0.3634933,0.043096602,0.36629784
16903,2,0.3210405,0.2722866,0.048753917,0.37399933
16904,2,0.21462086,0.1292915,0.085329354,0.37743914
16905,2,0.040345334,0.09137062,0.051025286,0.38092345
16906,2,0.021822408,-0.051387552,0.07320996,0.38898027
16907,2,-0.15282547,-0.17295805,0.020132571,0.38868177
16908,2,-0.28847873,-0.100358814,0.18811992,0.39482912
16909,2,-0.13677742,-0.10171766,0.035059758,0.4035166
16910,2,-0.1263726,-0.24408671,0.11771411,0.3991822
16911,2,-0.3249187,-0.29415157,0.030767113,0.39635858
16912,2,-0.37003875,-0.34314218,0.026896566,0.4036742
16913,2,-0.41596353,-0.4504109,0.034447372,0.40555304
16914,2,-0.5484957,-0.40323392,0.1452618,0.40615267
16915,2,-0.44340336,-0.5778023,0.13439894,0.41325718
16916,2,-0.687193,-0.59691525,0.09027773,0.40708888
16917,2,-0.6765782,-0.5176351,0.15894312,0.4164164
16918,2,-0.53152645,-0.55437154,0.02284509,0.41908622
16919,2,-0.5892116,-0.47150436,0.11770722,0.41391397
16920,2,-0.45948726,-0.5361774,0.07669014,0.41768253
16921,2,-0.57026696,-0.5454241,0.024842858,0.4116963
16922,2,-0.57963717,-0.42869866,0.15093851,0.41512606
16923,2,-0.39926162,-0.46332613,0.0640645,0.4181028
16924,2,-0.4735936,-0.43755206,0.036041528,0.41075566
16925,2,-0.44135594,-0.5583285,0.116972566,0.41325986
16926,2,-0.6267712,-0.4068029,0.21996832,0.40936765
16927,2,-0.37850022,-0.3073172,0.071183026,0.41931286
16928,2,-0.2519402,-0.21108884,0.040851355,0.4128321
16929,2,-0.14218815,-0.15428531,0.012097165,0.4091274
16930,2,-0.09654733,0.07017035,0.16671768,0.40467128
16931,2,0.20021862,0.13734503,0.06287359,0.40557933
16932,2,0.23678091,0.15820415,0.07857676,0.39329064
16933,2,0.22112077,0.2589055,0.037784725,0.38956735
16934,2,0.33223888,0.37945202,0.047213137,0.38969767
16935,2,0.46495295,0.34955537,0.11539757,0.38489813
16936,2,0.39031392,0.4648035,0.07448956,0.37735295
16937,2,0.52677876,0.3810158,0.14576295,0.38006017
16938,2,0.39215836,0.564224,0.17206565,0.37247598
16939,2,0.62825394,0.6220465,0.006207466,0.3785259
16940,2,0.6773465,0.83286357,0.15551704,0.36769286
16941,2,0.91119254,0.91019213,0.0010004044,0.3633592
16942,2,0.9696214,1.115159,0.14553761,0.3504211
16943,2,1.1649414,1.2001278,0.03518641,0.34295344
16944,2,1.225548,1.1783757,0.047172308,0.32995337
16945,2,1.1838825,1.2774707,0.09358823,0.3257262
16946,2,1.2667103,1.1756061,0.09110415,0.32482803
16947,2,1.1549284,1.1371013,0.017827153,0.3215272
16948,2,1.1092589,1.1500301,0.040771246,0.32782212
16949,2,1.1200968,1.2002531,0.08015633,0.329724
16950,2,1.1695433,1.0879107,0.081632614,0.32804444
16951,2,1.0519704,1.1390083,0.08703792,0.32723504
16952,2,1.1075727,1.10174,0.005832672,0.33264777
16953,2,1.0691233,1.1324267,0.06330347,0.33044833
16954,2,1.1027203,1.157023,0.054302692,0.33200067
16955,2,1.1281923,1.0931994,0.034992933,0.32985318
16956,2,1.0612197,1.0192356,0.04198408,0.3295761
16957,2,0.98360157,0.93206745,0.051534116,0.33422643
16958,2,0.8917307,0.8018732,0.08985752,0.33944893
16959,2,0.7498838,0.75849986,0.00861609,0.3454685
16960,2,0.7136539,0.759674,0.04602009,0.35333818
16961,2,0.7301424,0.6642255,0.065916896,0.3558926
16962,2,0.62386835,0.6659736,0.042105258,0.35603
16963,2,0.64121354,0.5479528,0.093260765,0.36172515
16964,2,0.5025281,0.43941078,0.063117296,0.36141783
16965,2,0.37926754,0.39302942,0.013761878,0.36792186
16966,2,0.34175515,0.34690753,0.0051523745,0.37412947
16967,2,0.3012042,0.31885165,0.017647445,0.37650168
16968,2,0.2826267,0.2738114,0.008815289,0.37900153
16969,2,0.23684973,0.26129118,0.02444145,0.38017535
16970,2,0.23534548,0.25758597,0.02224049,0.38275167
16971,2,0.24151978,0.26606408,0.024544299,0.38346326
16972,2,0.26041386,0.05383065,0.2065832,0.38379416
16973,2,-0.029078834,0.06934134,0.09842017,0.38002217
16974,2,0.024448238,0.0777729,0.053324662,0.39315572
16975,2,0.053456746,-0.007487251,0.060944,0.3923668
16976,2,-0.0590783,-0.07648509,0.017406791,0.3903324
16977,2,-0.13966125,-0.26593235,0.1262711,0.39413738
16978,2,-0.38850647,-0.31518227,0.0733242,0.3944232
16979,2,-0.41490966,-0.48235148,0.06744182,0.40450394
16980,2,-0.62085426,-0.36763862,0.25321564,0.40392774
16981,2,-0.39586607,-0.38950306,0.0063630044,0.41585225
16982,2,-0.4230773,-0.3711913,0.051885992,0.40881315
16983,2,-0.38923314,-0.37039265,0.018840492,0.41045743
16984,2,-0.38840818,-0.36193684,0.026471347,0.40942213
16985,2,-0.37656337,-0.3500537,0.026509672,0.40955633
16986,2,-0.36122823,-0.45653784,0.095309615,0.409323
16987,2,-0.5210055,-0.5414541,0.020448565,0.40642327
16988,2,-0.6272889,-0.42385775,0.20343113,0.41075465
16989,2,-0.4221976,-0.43033138,0.008133769,0.4179837
16990,2,-0.4417584,-0.42068458,0.021073818,0.4111678
16991,2,-0.43207216,-0.3813035,0.050768673,0.41174018
16992,2,-0.37806958,-0.3067216,0.07134798,0.4120291
16993,2,-0.27757177,-0.2884406,0.010868818,0.41137308
16994,2,-0.27197596,-0.2657033,0.0062726736,0.40744317
16995,2,-0.25424883,-0.2501458,0.0041030347,0.4068637
16996,2,-0.24466586,-0.10986351,0.13480234,0.40586698
16997,2,-0.046930492,-0.04678946,0.00014103204,0.4078782
16998,2,0.012055501,0.009714229,0.0023412723,0.40082648
16999,2,0.06338567,0.20342596,0.14004028,0.39812845
17000,2,0.3131769,0.3323032,0.019126296,0.39786592
17001,2,0.44367176,0.4175045,0.026167274,0.3877943
17002,2,0.5120584,0.41935638,0.092702,0.38079295
17003,2,0.47631454,0.46107513,0.015239418,0.37567526
17004,2,0.5077809,0.62723917,0.11945826,0.37585258
17005,2,0.70276815,0.7721251,0.06935698,0.3738054
17006,2,0.850763,0.79353803,0.05722499,0.3635267
17007,2,0.84600025,0.83247936,0.013520896,0.35491842
17008,2,0.8701357,0.96279263,0.09265691,0.35340732
17009,2,1.0014087,0.9264211,0.07498759,0.34981325
17010,2,0.94272745,1.0096124,0.066884995,0.34276184
17011,2,1.0238961,1.1075175,0.08362138,0.34382465
17012,2,1.1166369,1.216713,0.10007608,0.337568
17013,2,1.215339,1.2275462,0.01220727,0.3300201
17014,2,1.2145731,1.2149078,0.00033462048,0.32385162
17015,2,1.1931319,1.2250646,0.03193271,0.323519
17016,2,1.196907,1.2776883,0.08078122,0.3240008
17017,2,1.2436047,1.2956393,0.052034616,0.32231537
17018,2,1.2565792,1.1720351,0.08454406,0.31908956
17019,2,1.1313486,1.0890568,0.04229176,0.32059094
17020,2,1.0456743,1.1406786,0.09500432,0.328799
17021,2,1.1038893,1.0977113,0.0061780214,0.33255354
17022,2,1.0610485,1.1053199,0.04427135,0.3304195
17023,2,1.0721275,0.91846836,0.1536591,0.3326949
17024,2,0.8708555,0.91186273,0.04100722,0.33459046
17025,2,0.87424546,0.8365451,0.037700355,0.345466
17026,2,0.7962531,0.7132227,0.0830304,0.34646448
17027,2,0.6604823,0.71725625,0.05677396,0.35140246
17028,2,0.6837375,0.5505829,0.13315463,0.35872036
17029,2,0.48820984,0.5533263,0.065116465,0.35832304
17030,2,0.515859,0.42348677,0.09237224,0.36839247
17031,2,0.36267257,0.3882461,0.025573522,0.36746526
17032,2,0.34034067,0.364295,0.023954332,0.3750526
17033,2,0.3285194,0.22565866,0.10286075,0.3769658
17034,2,0.15609747,0.20708992,0.050992444,0.37676656
17035,2,0.1583629,0.16508995,0.0067270547,0.38494396
17036,2,0.11991354,0.08119839,0.038715154,0.38545293
17037,2,0.02039016,0.06237582,0.04198566,0.38664022
17038,2,0.017423488,0.02357898,0.006155491,0.39138716
17039,2,-0.020638965,-0.111345544,0.09070658,0.39183176
17040,2,-0.19688727,-0.19414617,0.0027410984,0.39158866
17041,2,-0.28520495,-0.06227196,0.222933,0.3979551
17042,2,-0.056325812,-0.061559193,0.005233381,0.4055225
17043,2,-0.060896978,-0.102982596,0.042085618,0.3977047
17044,2,-0.12490241,-0.16564037,0.040737957,0.39684594
17045,2,-0.21134385,-0.29661733,0.085273474,0.3980442
17046,2,-0.38751262,-0.32776797,0.059744656,0.39903697
17047,2,-0.40162882,-0.43329602,0.031667203,0.40602025
17048,2,-0.53127813,-0.4142962,0.11698192,0.4056207
17049,2,-0.46843225,-0.45674935,0.011682898,0.41204467
17050,2,-0.5154447,-0.52554166,0.010096967,0.41007388
17051,2,-0.59963006,-0.44073203,0.15889803,0.41107935
17052,2,-0.4489047,-0.42460364,0.024301052,0.41671753
17053,2,-0.4303254,-0.38074756,0.049577832,0.41224968
17054,2,-0.37178773,-0.35602456,0.015763164,0.41226548
17055,2,-0.34825048,-0.38556153,0.037311047,0.4102787
17056,2,-0.40454656,-0.36893687,0.035609692,0.40822917
17057,2,-0.3811831,-0.43071067,0.049527586,0.41027918
17058,2,-0.47609603,-0.36434558,0.11175045,0.40802723
17059,2,-0.36680105,-0.33264145,0.0341596,0.41296917
17060,2,-0.32759896,-0.19253767,0.1350613,0.40983498
17061,2,-0.12922364,-0.15099527,0.021771625,0.41099828
17062,2,-0.10273093,-0.08284462,0.019886307,0.403645
17063,2,-0.030657135,-0.055488877,0.024831742,0.4025647
17064,2,-0.019208431,0.14629138,0.1654998,0.39904964
17065,2,0.2516622,0.23075381,0.020908386,0.40093324
17066,2,0.32354772,0.31486833,0.00867939,0.3900574
17067,2,0.3992243,0.46009415,0.060869843,0.38597587
17068,2,0.5586343,0.5192406,0.039393663,0.38210633
17069,2,0.5965515,0.65121096,0.054659486,0.37369862
17070,2,0.7332028,0.73796946,0.004766643,0.37034088
17071,2,0.807531,0.7558536,0.051677406,0.36230403
17072,2,0.80176574,0.85957104,0.0578053,0.35711908
17073,2,0.90466106,0.90025914,0.004401922,0.35537252
17074,2,0.93193424,0.983418,0.05148375,0.34898347
17075,2,1.0094239,1.2049501,0.19552624,0.34567553
17076,2,1.2248261,1.1825408,0.042285323,0.3370445
17077,2,1.1854537,1.1713808,0.014072895,0.32538307
17078,2,1.1615443,1.2366937,0.07514942,0.32682392
17079,2,1.2177136,1.2625861,0.044872522,0.32611877
17080,2,1.2353898,1.268662,0.033272147,0.3220258
17081,2,1.2352612,1.2502676,0.015006423,0.32049933
17082,2,1.2129018,1.2214769,0.008575082,0.320565
17083,2,1.1817806,1.1081473,0.07363331,0.32215106
17084,2,1.0652032,1.084653,0.01944983,0.32574326
17085,2,1.0438266,1.0783896,0.034563065,0.33244684
17086,2,1.0415397,1.1438046,0.10226488,0.3338626
17087,2,1.1137848,0.96156645,0.15221834,0.3330859
17088,2,0.91937006,0.9588456,0.03947556,0.33198455
17089,2,0.9244615,0.8898687,0.034592807,0.34248057
17090,2,0.8530453,0.88581187,0.03276658,0.34332845
17091,2,0.8576261,0.7783877,0.079238355,0.34736687
17092,2,0.73881024,0.83965075,0.10084051,0.34829983
17093,2,0.82412785,0.8338185,0.009690642,0.35423452
17094,2,0.82140595,0.7800008,0.04140514,0.35070634
17095,2,0.76073104,0.6120258,0.14870524,0.3513617
17096,2,0.56126046,0.546778,0.014482439,0.3547431
17097,2,0.496557,0.4726532,0.023903787,0.3646721
17098,2,0.4199823,0.5393735,0.1193912,0.36823112
17099,2,0.5289675,0.375544,0.15342349,0.37301803
17100,2,0.32114682,0.3322782,0.011131376,0.3678727
17101,2,0.28464434,0.2000173,0.08462703,0.37740955
17102,2,0.12377573,0.10551699,0.018258736,0.37835503
17103,2,0.02207511,0.11282642,0.09075131,0.38493133
17104,2,0.06585487,0.10555012,0.039695248,0.39077172
17105,2,0.0745812,0.08682917,0.012247972,0.39021137
17106,2,0.06024217,-0.038919825,0.099162,0.39033782
17107,2,-0.10820585,-0.15087064,0.04266479,0.3891939
17108,2,-0.24370983,-0.15415365,0.08955619,0.39453405
17109,2,-0.21385914,-0.18952502,0.024334118,0.40111756
17110,2,-0.24447921,-0.28118992,0.03671071,0.4005825
17111,2,-0.35962576,-0.1935084,0.16611736,0.40075588
17112,2,-0.2019292,-0.26846135,0.06653215,0.40797135
17113,2,-0.31307003,-0.34975755,0.036687523,0.40125483
17114,2,-0.41987175,-0.45880747,0.03893572,0.40392616
17115,2,-0.55691856,-0.43361303,0.12330553,0.40636078
17116,2,-0.4851538,-0.45433637,0.03081742,0.41308674
17117,2,-0.50161445,-0.39888516,0.10272929,0.4112206
17118,2,-0.4067874,-0.44581836,0.03903097,0.41357464
17119,2,-0.48132342,-0.52782226,0.046498835,0.40942308
17120,2,-0.5958213,-0.54545593,0.05036539,0.4104206
17121,2,-0.6018877,-0.51668125,0.08520645,0.4146595
17122,2,-0.54381895,-0.43418238,0.109636575,0.41623086
17123,2,-0.417881,-0.44598094,0.028099924,0.4163574
17124,2,-0.45231855,-0.30161887,0.15069968,0.41142714
17125,2,-0.2424711,-0.15252027,0.08995083,0.41521305
17126,2,-0.05509049,-0.17630707,0.12121658,0.41002423
17127,2,-0.1389736,-0.1253649,0.013608694,0.40075928
17128,2,-0.088448554,-0.07326655,0.015182003,0.4032102
17129,2,-0.035155058,0.057766266,0.092921324,0.40123266
17130,2,0.13301289,0.08433555,0.04867734,0.40056318
17131,2,0.13552433,0.11745306,0.018071271,0.3931747
17132,2,0.15744996,0.24238157,0.08493161,0.39212316
17133,2,0.31356752,0.26871756,0.044849962,0.3919375
17134,2,0.31955522,0.47038296,0.15082774,0.38474637
17135,2,0.57019216,0.68358624,0.11339408,0.38490388
17136,2,0.8017535,0.80889493,0.0071414113,0.37313396
17137,2,0.9067312,0.7393779,0.16735327,0.35998973
17138,2,0.78694606,0.773408,0.013538063,0.35298812
17139,2,0.8072581,0.96125466,0.15399653,0.35695177
17140,2,1.0079517,1.0222808,0.014329076,0.35319948
17141,2,1.053576,1.1837131,0.13013709,0.34166783
17142,2,1.2033648,1.1933067,0.010058165,0.33538163
17143,2,1.1958855,1.1941744,0.0017111301,0.32634023
17144,2,1.1838008,1.2516923,0.06789148,0.3257981
17145,2,1.2311476,1.2911396,0.059991956,0.3245586
17146,2,1.2614176,1.1654679,0.09594977,0.32058212
17147,2,1.1312757,1.162216,0.030940294,0.32095125
17148,2,1.1263063,1.2040321,0.07772577,0.32793427
17149,2,1.1683788,1.1212101,0.04716873,0.32730186
17150,2,1.0830617,1.0518286,0.031233072,0.32650903
17151,2,1.011795,1.0790312,0.067236185,0.33220083
17152,2,1.045885,0.96309865,0.08278632,0.3356933
17153,2,0.9228449,1.0433786,0.120533705,0.33569235
17154,2,1.018907,0.94376814,0.07513881,0.3412463
17155,2,0.91138625,0.8366717,0.07471454,0.3379414
17156,2,0.79487276,0.80583906,0.010966301,0.34459433
17157,2,0.7702656,0.80819225,0.037926674,0.3510601
17158,2,0.78402674,0.8177759,0.033749163,0.35285413
17159,2,0.80279386,0.74216425,0.060629606,0.352655
17160,2,0.7168243,0.61588603,0.10093826,0.3524534
17161,2,0.5697427,0.4233097,0.14643297,0.35703236
17162,2,0.3393,0.4684608,0.12916079,0.36364383
17163,2,0.4321785,0.39706835,0.035110146,0.3756588
17164,2,0.35350567,0.345917,0.0075886846,0.37240136
17165,2,0.30325806,0.36871472,0.06545666,0.37624604
17166,2,0.352444,0.29151982,0.060924172,0.37956908
17167,2,0.25618437,0.19234706,0.063837305,0.3773592
17168,2,0.1345684,0.16191748,0.027349085,0.38072872
17169,2,0.115046464,0.14304787,0.028001405,0.38629815
17170,2,0.1073618,0.101715796,0.0056460053,0.38784835
17171,2,0.06327049,0.011845971,0.051424515,0.38832155
17172,2,-0.049392417,0.03591076,0.08530317,0.38924485
17173,2,0.008319132,-0.06182702,0.07014615,0.39509153
17174,2,-0.121662185,-0.1312396,0.009577408,0.39181915
17175,2,-0.2005432,-0.17835435,0.022188842,0.39629552
17176,2,-0.24429905,-0.2203021,0.02399695,0.3994581
17177,2,-0.2825215,-0.41903377,0.13651228,0.40137023
17178,2,-0.5481352,-0.29901218,0.24912304,0.3997357
17179,2,-0.32005733,-0.40622723,0.0861699,0.413718
17180,2,-0.4744816,-0.4240264,0.050455213,0.404523
17181,2,-0.4794795,-0.4481792,0.031300306,0.4102952
17182,2,-0.4994299,-0.38384694,0.11558297,0.4108042
17183,2,-0.38951933,-0.3996995,0.010180175,0.41354734
17184,2,-0.41904345,-0.41603372,0.0030097365,0.4095275
17185,2,-0.44387087,-0.3920772,0.051793665,0.41009036
17186,2,-0.40536928,-0.40501216,0.00035712123,0.41153207
17187,2,-0.4278834,-0.41419762,0.013685763,0.40988666
17188,2,-0.44088373,-0.4306111,0.010272622,0.41043246
17189,2,-0.46297008,-0.4643486,0.0013785362,0.41061163
17190,2,-0.50823903,-0.43902004,0.06921899,0.410843
17191,2,-0.4609512,-0.40835348,0.05259773,0.41328683
17192,2,-0.4151432,-0.35108092,0.06406227,0.41249785
17193,2,-0.33612353,-0.2740659,0.062057614,0.41197264
17194,2,-0.23695022,-0.21754937,0.01940085,0.4103279
17195,2,-0.17780259,-0.105430506,0.07237209,0.40704685
17196,2,-0.037226766,-0.078292504,0.041065738,0.40604842
17197,2,-0.03320256,0.06506378,0.09826634,0.39994878
17198,2,0.1497483,0.23592232,0.086174026,0.40098745
17199,2,0.35224116,0.27151775,0.080723405,0.39498907
17200,2,0.3519155,0.44418544,0.09226993,0.38517076
17201,2,0.55077004,0.5830486,0.032278538,0.3846014
17202,2,0.6877964,0.64219207,0.04560435,0.3748039
17203,2,0.7212522,0.6301005,0.091151714,0.3665699
17204,2,0.67525697,0.88046163,0.20520467,0.3630464
17205,2,0.956408,0.9569909,0.0005828738,0.36240542
17206,2,1.0122802,1.0539205,0.04164028,0.34714714
17207,2,1.092728,1.06639,0.026337981,0.34142375
17208,2,1.0852672,1.2014278,0.11616063,0.33577585
17209,2,1.2084363,1.2981095,0.08967328,0.3325914
17210,2,1.2878094,1.2751135,0.012695909,0.32310817
17211,2,1.2539049,1.2318016,0.02210331,0.31845063
17212,2,1.202939,1.2288141,0.025875092,0.32059473
17213,2,1.1946194,1.1745816,0.02003777,0.32300597
17214,2,1.1371126,1.0764749,0.060637712,0.32421988
17215,2,1.0348455,1.1179874,0.08314192,0.32884288
17216,2,1.0826563,1.0607452,0.021911025,0.33366045
17217,2,1.0243287,0.9504947,0.073834,0.33225513
17218,2,0.90767354,0.98734605,0.079672515,0.33687362
17219,2,0.95774174,0.93593633,0.021805406,0.3427617
17220,2,0.9052342,0.870438,0.034796238,0.3412494
17221,2,0.8367499,0.96311134,0.12636143,0.34481812
17222,2,0.95086515,0.7804858,0.17037934,0.34764278
17223,2,0.7416737,0.728645,0.013028681,0.3437185
17224,2,0.6907508,0.6901969,0.00055390596,0.35470304
17225,2,0.656536,0.6441563,0.012379706,0.35786295
17226,2,0.61177653,0.49313992,0.11863661,0.36018288
17227,2,0.43237293,0.48890314,0.056530207,0.3624498
17228,2,0.45079184,0.4955268,0.044734955,0.3715704
17229,2,0.4758184,0.5092174,0.033398986,0.37186077
17230,2,0.50323576,0.40925574,0.093980014,0.37152907
17231,2,0.3764189,0.35042724,0.025991648,0.37002993
17232,2,0.3113236,0.40351704,0.092193425,0.37555197
17233,2,0.3994651,0.3195122,0.079952925,0.37959674
17234,2,0.28999937,0.29855993,0.008560568,0.37556702
17235,2,0.27374607,0.23112947,0.042616606,0.3804331
17236,2,0.19176984,0.11701657,0.07475327,0.38085142
17237,2,0.048947893,0.049801275,0.00085338205,0.3832302
17238,2,-0.019774288,-0.0922131,0.072438814,0.38900414
17239,2,-0.19504368,-0.16317928,0.031864405,0.39039212
17240,2,-0.2585232,-0.32142392,0.06290072,0.39745522
17241,2,-0.4511558,-0.22726117,0.22389464,0.39838368
17242,2,-0.26117912,-0.2676289,0.006449789,0.4096065
17243,2,-0.31091094,-0.2600194,0.05089155,0.40324938
17244,2,-0.28722462,-0.27313632,0.014088303,0.40577012
17245,2,-0.3012315,-0.3879173,0.08668581,0.4050477
17246,2,-0.46357933,-0.33416945,0.12940988,0.40340754
17247,2,-0.35898882,-0.38669413,0.027705312,0.41116166
17248,2,-0.43329945,-0.36821672,0.06508273,0.40694898
17249,2,-0.3940636,-0.42697594,0.032912344,0.4103597
17250,2,-0.47775596,-0.42693532,0.05082065,0.40806326
17251,2,-0.46457857,-0.45725965,0.007318914,0.41141695
17252,2,-0.5020048,-0.41806865,0.083936155,0.41078094
17253,2,-0.43325105,-0.39477113,0.038479924,0.41332972
17254,2,-0.4010947,-0.31461507,0.086479634,0.411591
17255,2,-0.28776476,-0.33737925,0.04961449,0.41197973
17256,2,-0.34169295,-0.27521664,0.066476315,0.40685946
17257,2,-0.2565218,-0.17190701,0.08461478,0.4095078
17258,2,-0.11956007,-0.16505343,0.045493357,0.40807438
17259,2,-0.13906595,-0.2450146,0.10594864,0.40213725
17260,2,-0.27381042,-0.16891646,0.10489395,0.4000724
17261,2,-0.15706748,-0.07706415,0.08000333,0.40636438
17262,2,-0.033772267,0.015499283,0.04927155,0.40374047
17263,2,0.07703278,0.15550749,0.07847471,0.40004057
17264,2,0.24742618,0.2415083,0.005917877,0.39684278
17265,2,0.32717067,0.35443053,0.027259856,0.38964236
17266,2,0.44510555,0.41919443,0.025911123,0.3857218
17267,2,0.49466282,0.4688505,0.025812328,0.37947583
17268,2,0.52968246,0.54765266,0.017970204,0.3759084
17269,2,0.6076546,0.6067345,0.0009200573,0.37326974
17270,2,0.6594342,0.8340292,0.174595,0.36867234
17271,2,0.9145322,0.8952357,0.019296467,0.3642326
17272,2,0.9538562,0.89098847,0.06286776,0.35050896
17273,2,0.92459285,1.1660459,0.24145305,0.34700885
17274,2,1.201947,1.2451613,0.04321432,0.34296572
17275,2,1.2585825,1.1611967,0.097385764,0.32622316
17276,2,1.1580694,1.1353787,0.022690654,0.32355857
17277,2,1.1205052,1.2075095,0.087004304,0.32865086
17278,2,1.1869329,1.2254586,0.0385257,0.3286957
17279,2,1.1986719,1.2476916,0.049019694,0.3243948
17280,2,1.2157536,1.2223306,0.006577015,0.32295427
17281,2,1.1869473,1.2681093,0.081161976,0.32227403
17282,2,1.2295215,1.322804,0.09328246,0.32267734
17283,2,1.2792423,1.199542,0.07970023,0.3189665
17284,2,1.1566737,1.2853202,0.1286465,0.31861544
17285,2,1.2410982,1.1082764,0.1328218,0.32350975
17286,2,1.0624086,0.97405666,0.088351905,0.32217923
17287,2,0.9216026,0.9346607,0.013058066,0.33389804
17288,2,0.88795847,0.929212,0.041253507,0.34202826
17289,2,0.89283514,0.9353628,0.042527676,0.34435484
17290,2,0.90837467,0.8342104,0.07416427,0.34460264
17291,2,0.79790276,0.79924315,0.0013403893,0.34510207
17292,2,0.7670524,0.87451255,0.10746014,0.3512417
17293,2,0.8654472,0.7301816,0.13526565,0.3527215
17294,2,0.6966897,0.6462583,0.05043143,0.3491119
17295,2,0.604431,0.52523386,0.07919711,0.35779068
17296,2,0.46632528,0.4442061,0.022119194,0.3625055
17297,2,0.38331822,0.48878336,0.105465144,0.36933914
17298,2,0.4671644,0.40164298,0.06552142,0.3745141
17299,2,0.36282954,0.29009417,0.07273537,0.37120634
17300,2,0.22915503,0.119692035,0.109463,0.3753341
17301,2,0.019310474,-0.0047779838,0.024088457,0.37967977
17302,2,-0.11711925,-0.019050296,0.09806895,0.3878517
17303,2,-0.09321733,-0.1696053,0.07638797,0.3950794
17304,2,-0.27977598,-0.041607194,0.23816878,0.39297098
17305,2,-0.04835539,-0.05001754,0.00166215,0.40447077
17306,2,-0.059984926,-0.02813139,0.031853534,0.39669394
17307,2,-0.027250811,-0.059404075,0.032153264,0.39761543
17308,2,-0.07595852,-0.087161735,0.0112032145,0.3957064
17309,2,-0.113248244,-0.21252324,0.09927499,0.39703134
17310,2,-0.2876276,-0.36759248,0.079964876,0.39614528
17311,2,-0.4867632,-0.35906845,0.12769476,0.40031567
17312,2,-0.43044513,-0.49265125,0.06220612,0.40945637
17313,2,-0.60159695,-0.4158471,0.18574986,0.406218
17314,2,-0.44730848,-0.42208534,0.025223136,0.41539025
17315,2,-0.45087793,-0.44991,0.0009679198,0.41088474
17316,2,-0.48810756,-0.40786764,0.08023992,0.41065788
17317,2,-0.41778734,-0.48262143,0.06483409,0.41312927
17318,2,-0.53252244,-0.5004736,0.03204882,0.40918165
17319,2,-0.54691595,-0.50036925,0.046546698,0.4130385
17320,2,-0.53609806,-0.58204883,0.04595077,0.41404474
17321,2,-0.6502725,-0.4074977,0.24277478,0.41241604
17322,2,-0.3658015,-0.33986712,0.025934398,0.4206394
17323,2,-0.29283962,-0.4342514,0.14141178,0.412166
17324,2,-0.4613432,-0.42842162,0.032921582,0.40629333
17325,2,-0.4515714,-0.3104479,0.1411235,0.4117999
17326,2,-0.27447245,-0.22424221,0.050230235,0.41400963
17327,2,-0.17083013,-0.12825237,0.04257776,0.4090307
17328,2,-0.06018863,0.042175855,0.10236448,0.40598047
17329,2,0.15291935,0.10799682,0.04492253,0.40355933
17330,2,0.19574758,0.19547535,0.0002722293,0.39450392
17331,2,0.27859724,0.2788623,0.00026506186,0.39188015
17332,2,0.35731328,0.37620524,0.01889196,0.3876961
17333,2,0.45614862,0.47333938,0.017190754,0.38367385
17334,2,0.5523532,0.6752425,0.12288928,0.37851155
17335,2,0.7778056,0.7053547,0.072450936,0.37298796
17336,2,0.7756762,0.79848504,0.02280885,0.3610012
17337,2,0.85942817,0.9680581,0.10862994,0.35879448
17338,2,1.0277133,1.0778434,0.05013013,0.35167858
17339,2,1.1196616,1.2459133,0.1262517,0.34040684
17340,2,1.2662152,1.2278558,0.038359404,0.33097982
17341,2,1.229303,1.1803036,0.04899943,0.32225925
17342,2,1.1678241,1.1940295,0.026205301,0.3241675
17343,2,1.1726475,1.2506073,0.077959776,0.3265127
17344,2,1.2224202,1.2561756,0.03375542,0.3245902
17345,2,1.2225862,1.1988568,0.023729324,0.32141447
17346,2,1.1620772,1.1136254,0.04845178,0.3222689
17347,2,1.0735258,1.2228763,0.14935052,0.32691884
17348,2,1.18708,1.3013742,0.11429417,0.3295545
17349,2,1.2621421,1.1173859,0.1447562,0.32188484
17350,2,1.0764325,1.1319528,0.055520296,0.32115057
17351,2,1.0940249,1.0647688,0.029256105,0.3311411
17352,2,1.0254781,1.0064095,0.019068599,0.33141023
17353,2,0.9669275,0.93650293,0.030424595,0.336007
17354,2,0.89583254,0.82839763,0.06743491,0.34014493
17355,2,0.78051203,0.82302004,0.042508006,0.34506965
17356,2,0.78831077,0.80502385,0.016713083,0.35143822
17357,2,0.77765554,0.739668,0.03798753,0.35186595
17358,2,0.7080079,0.73393047,0.025922596,0.35321677
17359,2,0.71204543,0.7331472,0.021101773,0.35710394
17360,2,0.7190199,0.64448315,0.07453674,0.35744587
17361,2,0.6152661,0.5984988,0.016767263,0.35761195
17362,2,0.56853056,0.56223476,0.0062958,0.36287048
17363,2,0.5343726,0.41119334,0.12317929,0.3655414
17364,2,0.34988737,0.31616524,0.033722132,0.36681497
17365,2,0.24652207,0.26261118,0.016089112,0.37506106
17366,2,0.20140955,0.1978727,0.0035368502,0.3801973
17367,2,0.13714612,0.11650878,0.020637333,0.38256907
17368,2,0.0482234,0.02656624,0.02165716,0.38524318
17369,2,-0.051760107,-0.060829226,0.009069119,0.3886191
17370,2,-0.14617193,-0.17534886,0.029176936,0.39239982
17371,2,-0.2783737,-0.15134832,0.12702537,0.39534217
17372,2,-0.20373186,-0.15878183,0.04495004,0.4026227
17373,2,-0.19620961,-0.11446125,0.08174836,0.4010508
17374,2,-0.11959064,-0.11880869,0.00078195333,0.40239394
17375,2,-0.12790641,-0.20978066,0.08187425,0.3996776
17376,2,-0.2607046,-0.20969911,0.051005498,0.3980747
17377,2,-0.24518585,-0.22319087,0.021994978,0.40344113
17378,2,-0.2559081,-0.2724765,0.016568393,0.40315354
17379,2,-0.32043996,-0.3183765,0.0020634532,0.40290928
17380,2,-0.3743064,-0.31969392,0.054612488,0.40481707
17381,2,-0.35958454,-0.3650389,0.0054543614,0.407453
17382,2,-0.41660127,-0.5233704,0.106769115,0.40656906
17383,2,-0.6326173,-0.4360932,0.19652408,0.40596172
17384,2,-0.46312022,-0.5661718,0.1030516,0.4166948
17385,2,-0.6501202,-0.51108944,0.13903075,0.40913796
17386,2,-0.54047513,-0.54008317,0.00039196014,0.41750628
17387,2,-0.5800309,-0.53751546,0.042515457,0.41383293
17388,2,-0.5685173,-0.4652363,0.10328102,0.41550368
17389,2,-0.45655078,-0.4810314,0.024480611,0.41686746
17390,2,-0.49387908,-0.3502185,0.14366058,0.41245806
17391,2,-0.30170915,-0.3336533,0.031944156,0.4161585
17392,2,-0.3079158,-0.27483022,0.033085585,0.40899745
17393,2,-0.24136403,-0.24945737,0.008093342,0.40929973
17394,2,-0.22729409,-0.07999482,0.14729926,0.40641493
17395,2,0.0061912313,0.09928535,0.09309412,0.40843454
17396,2,0.2234394,0.22833875,0.004899353,0.40165752
17397,2,0.3494547,0.37490958,0.025454879,0.3928466
17398,2,0.49770498,0.4412173,0.05648768,0.3866896
17399,2,0.53547025,0.53236747,0.0031027794,0.37839854
17400,2,0.61585367,0.4901748,0.12567887,0.3748746
17401,2,0.52845097,0.6383719,0.10992092,0.3692099
17402,2,0.7019739,0.7554622,0.053488314,0.37207526
17403,2,0.8205945,0.814562,0.006032467,0.36297226
17404,2,0.8652774,1.0334061,0.16812873,0.35575843
17405,2,1.0891707,1.056182,0.032988667,0.34977174
17406,2,1.0884473,1.0628757,0.025571585,0.3370874
17407,2,1.0768563,1.1462674,0.06941116,0.3357029
17408,2,1.1502904,1.1871339,0.03684354,0.33389744
17409,2,1.179861,1.1998348,0.019973874,0.32851335
17410,2,1.1830789,1.1931627,0.010083795,0.32602435
17411,2,1.1692924,1.1054637,0.06382871,0.32546037
17412,2,1.0746605,1.2587035,0.18404293,0.3273651
17413,2,1.2286787,1.0514013,0.17727745,0.3291905
17414,2,1.0135498,1.086169,0.0726192,0.32444146
17415,2,1.0539513,0.9798784,0.07407284,0.3356011
17416,2,0.9409288,1.0368237,0.09589493,0.3351013
17417,2,1.0101044,1.0781585,0.06805408,0.34039962
17418,2,1.0567572,0.98067605,0.07608116,0.33654875
17419,2,0.95117116,0.93523496,0.015936196,0.3355509
17420,2,0.9045961,0.9060434,0.00144732,0.34164098
17421,2,0.8774061,0.84102416,0.03638196,0.34455284
17422,2,0.8086061,0.83967763,0.031071544,0.34677568
17423,2,0.81596106,0.78176904,0.034192026,0.3505841
17424,2,0.7540138,0.699318,0.054695785,0.35100818
17425,2,0.66295695,0.5790178,0.083939135,0.3546868
17426,2,0.5256421,0.6182531,0.092611015,0.35951924
17427,2,0.5961524,0.5518358,0.04431665,0.36681044
17428,2,0.521356,0.5116698,0.009686172,0.3643159
17429,2,0.48228925,0.42457974,0.057709515,0.3681484
17430,2,0.3808178,0.3369659,0.043851912,0.37000987
17431,2,0.28165954,0.26302353,0.018636018,0.3744773
17432,2,0.20350504,0.299187,0.095681965,0.37893704
17433,2,0.27795705,0.18046875,0.0974883,0.3838591
17434,2,0.12483821,0.11577598,0.009062231,0.38008425
17435,2,0.05625748,0.06463205,0.008374572,0.38628715
17436,2,0.0072865263,-0.042817794,0.05010432,0.38933936
17437,2,-0.123427175,0.023589972,0.14701715,0.39045718
17438,2,0.0038233846,-0.20316294,0.20698632,0.3981434
17439,2,-0.31108227,-0.18123184,0.12985043,0.3897537
17440,2,-0.23892948,-0.22233787,0.016591609,0.40364587
17441,2,-0.27938977,-0.29585323,0.016463459,0.40149716
17442,2,-0.36805147,-0.38961232,0.021560848,0.40236908
17443,2,-0.48083717,-0.33502737,0.1458098,0.40468246
17444,2,-0.36743483,-0.36340025,0.004034579,0.41124088
17445,2,-0.4024115,-0.41218704,0.009775549,0.40748805
17446,2,-0.46528584,-0.4280785,0.037207335,0.40809464
17447,2,-0.47421074,-0.36406067,0.11015007,0.41055012
17448,2,-0.36710712,-0.4362158,0.069108665,0.41282445
17449,2,-0.480363,-0.47230187,0.008061141,0.40763548
17450,2,-0.52386415,-0.4266959,0.09716824,0.41099685
17451,2,-0.44268268,-0.47096574,0.02828306,0.41400087
17452,2,-0.51035565,-0.5092777,0.00107795,0.41048506
17453,2,-0.5594942,-0.44408685,0.11540735,0.41220367
17454,2,-0.44968778,-0.46865436,0.018966585,0.41572538
17455,2,-0.49325508,-0.42061344,0.07264164,0.41151768
17456,2,-0.42071858,-0.34374452,0.076974064,0.41392365
17457,2,-0.31545535,-0.29437214,0.021083206,0.41283602
17458,2,-0.26363784,-0.22390169,0.03973615,0.40946558
17459,2,-0.18129933,-0.16802026,0.0132790655,0.40809947
17460,2,-0.12536114,-0.09822559,0.027135551,0.40514153
17461,2,-0.048584953,0.08786384,0.1364488,0.4032671
17462,2,0.19492531,0.34395912,0.14903381,0.40255368
17463,2,0.5047277,0.3152251,0.18950263,0.39478523
17464,2,0.40088314,0.46396396,0.06308082,0.37914005
17465,2,0.5632987,0.5467403,0.016558409,0.38210562
17466,2,0.6306845,0.6629331,0.032248616,0.373559
17467,2,0.74370754,0.6743262,0.069381356,0.3686964
17468,2,0.7264199,0.8248971,0.098477185,0.36179268
17469,2,0.8861524,0.8877981,0.0016456842,0.3604019
17470,2,0.93407774,1.0237496,0.08967185,0.35111016
17471,2,1.0642097,1.1154777,0.05126798,0.34579948
17472,2,1.1405315,1.2365347,0.096003175,0.33663797
17473,2,1.2442169,1.280515,0.036298037,0.32915375
17474,2,1.2712722,1.3264241,0.05515194,0.32163578
17475,2,1.3024065,1.2413015,0.061105013,0.31822157
17476,2,1.2113492,1.2443113,0.032962084,0.31762594
17477,2,1.2085814,1.1620711,0.04651034,0.3221691
17478,2,1.122846,1.2426703,0.11982429,0.32359013
17479,2,1.203742,1.2136256,0.009883523,0.3264931
17480,2,1.1738101,1.1677241,0.006085992,0.32272047
17481,2,1.1273437,1.0589352,0.06840849,0.32518017
17482,2,1.0150946,0.9944886,0.020606041,0.3294776
17483,2,0.9507065,0.91800094,0.032705545,0.3364874
17484,2,0.87319696,0.94939137,0.076194406,0.3410128
17485,2,0.9196063,0.9144299,0.005176425,0.3450886
17486,2,0.88625205,0.8707394,0.015512645,0.3436541
17487,2,0.8424489,0.7506411,0.09180778,0.34606794
17488,2,0.70799565,0.76160496,0.05360931,0.3492875
17489,2,0.73531187,0.74831945,0.013007581,0.35634696
17490,2,0.72824746,0.7874126,0.05916512,0.35575598
17491,2,0.78226215,0.6181165,0.16414565,0.35634997
17492,2,0.5775794,0.5877751,0.010195732,0.35431036
17493,2,0.5540397,0.5704022,0.016362488,0.36443084
17494,2,0.54534376,0.435102,0.11024177,0.36620963
17495,2,0.3808717,0.4197938,0.0389221,0.36652073
17496,2,0.38234788,0.28686804,0.095479846,0.37461478
17497,2,0.22000858,0.36753467,0.14752609,0.37418544
17498,2,0.35775143,0.27950233,0.0782491,0.38311687
17499,2,0.24434462,0.19756465,0.046779975,0.37728357
17500,2,0.14601132,0.16773346,0.021722138,0.38153708
17501,2,0.124940015,0.055279084,0.06966093,0.3860705
17502,2,-0.015795901,-0.14244302,0.12664711,0.38602972
17503,2,-0.2686749,-0.14281632,0.12585859,0.389071
17504,2,-0.22066614,-0.1694436,0.051222533,0.40085056
17505,2,-0.23039776,-0.15087295,0.079524815,0.40032676
17506,2,-0.18145737,-0.20209222,0.020634845,0.40228346
17507,2,-0.24743283,-0.3082967,0.060863882,0.4001284
17508,2,-0.38823795,-0.41083306,0.022595108,0.40092734
17509,2,-0.5108388,-0.42717478,0.08366403,0.4049623
17510,2,-0.4994296,-0.47948363,0.01994598,0.41049182
17511,2,-0.55293465,-0.5239545,0.028980136,0.41033816
17512,2,-0.5948637,-0.5196959,0.075167835,0.4123866
17513,2,-0.5661736,-0.44311953,0.12305409,0.41496518
17514,2,-0.44000435,-0.3887346,0.05126974,0.41633552
17515,2,-0.36939412,-0.41136536,0.041971236,0.41315275
17516,2,-0.4207271,-0.41071802,0.01000908,0.40956166
17517,2,-0.4255578,-0.3063489,0.1192089,0.41086888
17518,2,-0.27247483,-0.37404507,0.10157025,0.41307887
17519,2,-0.39541027,-0.3078366,0.08757368,0.4056105
17520,2,-0.2971671,-0.31923756,0.022070467,0.4109295
17521,2,-0.32740885,-0.27715668,0.05025217,0.4068517
17522,2,-0.2703204,-0.28968534,0.019364953,0.4084121
17523,2,-0.30001807,-0.29435158,0.0056664944,0.40569627
17524,2,-0.3108697,-0.22606842,0.08480127,0.40632644
17525,2,-0.21064454,-0.24469689,0.034052342,0.40805224
17526,2,-0.25200376,-0.10403724,0.14796652,0.40366226
17527,2,-0.04787785,0.0017307707,0.049608618,0.40767518
17528,2,0.07663577,0.11163154,0.034995772,0.4013946
17529,2,0.19827187,0.11770381,0.08056806,0.3969857
17530,2,0.16770446,0.33635098,0.16864651,0.3904822
17531,2,0.44923788,0.46165216,0.012414277,0.39294738
17532,2,0.57037866,0.5461126,0.024266064,0.38083223
17533,2,0.6366805,0.6550211,0.018340588,0.37369528
17534,2,0.73823684,0.82455814,0.086321294,0.36874658
17535,2,0.9094581,0.8956913,0.013766825,0.36152434
17536,2,0.95789707,1.1235704,0.16567338,0.3510513
17537,2,1.1765034,1.1267455,0.049757957,0.34359235
17538,2,1.1534938,1.0885752,0.06491852,0.3308892
17539,2,1.0947957,1.1320468,0.037251115,0.33134332
17540,2,1.1278555,1.1624386,0.03458309,0.33273774
17541,2,1.1496364,1.1341816,0.015454769,0.3297725
17542,2,1.1135647,1.032857,0.08070779,0.32860267
17543,2,1.0026057,1.0979279,0.09532225,0.3317243
17544,2,1.0737193,1.1121761,0.038456798,0.33644003
17545,2,1.0878593,1.2088035,0.12094426,0.33256683
17546,2,1.1851183,1.1637882,0.021330118,0.32993478
17547,2,1.1360604,1.1797944,0.043734074,0.32551685
17548,2,1.1502945,1.1121914,0.038103104,0.3276952
17549,2,1.0790395,1.1657174,0.08667791,0.32800427
17550,2,1.1352208,1.0311853,0.1040355,0.33080402
17551,2,0.99335194,1.013172,0.019820094,0.32995778
17552,2,0.97846484,0.9592464,0.019218445,0.337829
17553,2,0.9239001,0.8902786,0.03362155,0.3395157
17554,2,0.8526236,0.84550893,0.007114649,0.34330177
17555,2,0.810166,0.81958544,0.009419441,0.34766632
17556,2,0.7897217,0.6835366,0.10618514,0.3504588
17557,2,0.6349636,0.6293529,0.005610645,0.35244215
17558,2,0.58464587,0.6412296,0.056583762,0.3605726
17559,2,0.61681306,0.63532066,0.0185076,0.36381483
17560,2,0.6196711,0.44591552,0.17375559,0.36310586
17561,2,0.38500202,0.46043047,0.075428456,0.36264688
17562,2,0.42827284,0.34682786,0.08144498,0.3742495
17563,2,0.29131877,0.29718396,0.0058651865,0.37239757
17564,2,0.2465375,0.17712702,0.06941049,0.3787585
17565,2,0.10252822,0.26130784,0.15877962,0.3801559
17566,2,0.25065267,0.07784609,0.17280659,0.38858977
17567,2,0.0029725134,0.035313465,0.03234095,0.38073128
17568,2,-0.0288245,-0.05787311,0.02904861,0.39111102
17569,2,-0.13737959,-0.058269385,0.079110205,0.39193153
17570,2,-0.107681856,-0.1020741,0.005607754,0.39750612
17571,2,-0.15315625,-0.15367348,0.0005172342,0.39666775
17572,2,-0.21025094,-0.18108824,0.029162705,0.3982347
17573,2,-0.23087925,-0.30905062,0.07817137,0.40072864
17574,2,-0.40048575,-0.2369007,0.16358505,0.3996845
17575,2,-0.26069674,-0.22770777,0.032988966,0.40867952
17576,2,-0.24284637,-0.28665343,0.04380706,0.40465522
17577,2,-0.32892245,-0.33382517,0.0049027205,0.40287557
17578,2,-0.38740122,-0.3884314,0.0010301769,0.4053146
17579,2,-0.45240667,-0.4797754,0.027368724,0.40689284
17580,2,-0.5669036,-0.44081286,0.12609074,0.40813768
17581,2,-0.47950763,-0.43904498,0.040462643,0.41412407
17582,2,-0.46857393,-0.4272087,0.041365236,0.41194934
17583,2,-0.4470116,-0.46864566,0.021634072,0.41209844
17584,2,-0.5087679,-0.45533952,0.05342838,0.4105617
17585,2,-0.4810272,-0.49253452,0.011507332,0.41318607
17586,2,-0.5343709,-0.47602618,0.05834472,0.41166356
17587,2,-0.5012977,-0.4345945,0.0667032,0.4141029
17588,2,-0.4381538,-0.32407624,0.11407757,0.41404378
17589,2,-0.28047806,-0.34359056,0.0631125,0.4140675
17590,2,-0.33731154,-0.29032558,0.046985954,0.40727502
17591,2,-0.2704188,-0.14531045,0.12510835,0.40954357
17592,2,-0.071880236,-0.20131893,0.1294387,0.4095122
17593,2,-0.19169939,-0.03597594,0.15572345,0.3998159
17594,2,0.04029443,0.102321155,0.062026724,0.40645272
17595,2,0.20217344,0.17869641,0.023477033,0.39908695
17596,2,0.2648545,0.3469669,0.0821124,0.39198148
17597,2,0.4592294,0.48415688,0.024927467,0.38941175
17598,2,0.595467,0.5222941,0.07317287,0.38031185
17599,2,0.60082054,0.7038544,0.10303384,0.3722682
17600,2,0.79742837,0.72523415,0.07219422,0.37001622
17601,2,0.78743935,0.85731304,0.06987369,0.35924995
17602,2,0.918375,0.84598404,0.07239097,0.35716602
17603,2,0.8803634,0.94922006,0.06885666,0.3495872
17604,2,0.9816065,1.0381705,0.056563973,0.3492159
17605,2,1.0623653,1.1543357,0.091970444,0.34210962
17606,2,1.1681246,1.2104796,0.04235506,0.33510607
17607,2,1.2097759,1.2252107,0.015434742,0.32759982
17608,2,1.2122439,1.2144501,0.0022062063,0.3242385
17609,2,1.1924233,1.2081932,0.01576984,0.32365537
17610,2,1.1798866,1.2413046,0.061418056,0.3243667
17611,2,1.2084863,1.2889403,0.08045399,0.32402498
17612,2,1.2511344,1.1733227,0.07781172,0.32118845
17613,2,1.1337707,1.1170406,0.01673007,0.32093692
17614,2,1.075999,1.1115843,0.035585284,0.32828614
17615,2,1.0731926,1.0235654,0.049627185,0.3315119
17616,2,0.98232365,0.9111239,0.071199775,0.33312654
17617,2,0.86356544,0.8955953,0.032029867,0.33939144
17618,2,0.85737693,0.87613004,0.018753111,0.3460461
17619,2,0.8447861,0.9381331,0.09334701,0.34711885
17620,2,0.92384243,0.859014,0.064828455,0.34762168
17621,2,0.83531845,0.8476464,0.012327969,0.34477544
17622,2,0.82784677,0.77187586,0.055970907,0.34947556
17623,2,0.7432546,0.6451577,0.09809691,0.350581
17624,2,0.5975132,0.65193146,0.054418266,0.35528925
17625,2,0.6233896,0.5162136,0.107176006,0.36287007
17626,2,0.46270204,0.5444269,0.08172488,0.36211386
17627,2,0.5205777,0.44778553,0.0727922,0.37042582
17628,2,0.40568888,0.3649867,0.040702194,0.36820012
17629,2,0.3129627,0.36792937,0.05496666,0.37335572
17630,2,0.33853057,0.23909502,0.09943555,0.378409
17631,2,0.17701644,0.20519891,0.028182477,0.3767308
17632,2,0.15499932,0.1392032,0.01579611,0.38410252
17633,2,0.08336582,0.013898436,0.06946738,0.3851648
17634,2,-0.07095152,-0.09662513,0.025673606,0.38701546
17635,2,-0.19632468,-0.1287402,0.06758447,0.39245996
17636,2,-0.20459676,-0.150567,0.054029763,0.39841715
17637,2,-0.20793408,-0.22004946,0.012115374,0.39988017
17638,2,-0.28880548,-0.25978658,0.029018909,0.3997379
17639,2,-0.32299146,-0.3449053,0.021913826,0.40299204
17640,2,-0.42634183,-0.3664136,0.05992824,0.40352428
17641,2,-0.42998168,-0.3799676,0.05001408,0.40799364
17642,2,-0.42976797,-0.40243888,0.027329087,0.40894437
17643,2,-0.44904932,-0.563551,0.114501685,0.40924752
17644,2,-0.6712607,-0.5297765,0.1414842,0.4073065
17645,2,-0.5829045,-0.542632,0.040272534,0.4169716
17646,2,-0.58771193,-0.50597745,0.08173448,0.41482514
17647,2,-0.52259195,-0.5685987,0.04600674,0.41629496
17648,2,-0.61738056,-0.57006115,0.047319412,0.4129862
17649,2,-0.60821617,-0.501081,0.10713518,0.4164357
17650,2,-0.4981874,-0.45546776,0.042719632,0.41793433
17651,2,-0.44161394,-0.53546464,0.0938507,0.41501898
17652,2,-0.5758574,-0.5211506,0.054706812,0.4108118
17653,2,-0.5476594,-0.4155405,0.13211891,0.41557962
17654,2,-0.3877137,-0.30614862,0.08156508,0.41701475
17655,2,-0.24605256,-0.1288171,0.11723547,0.4133613
17656,2,-0.016987704,-0.1541907,0.13720301,0.41077766
17657,2,-0.10898626,-0.04040611,0.06858015,0.3998106
17658,2,0.030416317,-0.027055265,0.05747158,0.40358084
17659,2,0.013769977,0.11397081,0.10020083,0.39706135
17660,2,0.19422108,0.19910647,0.0048853904,0.39874226
17661,2,0.27751878,0.32813108,0.0506123,0.39157206
17662,2,0.42122823,0.3887248,0.032503426,0.3880118
17663,2,0.4644484,0.396616,0.06783238,0.38081825
17664,2,0.44410807,0.5807418,0.13663375,0.37722993
17665,2,0.6653241,0.61332685,0.051997244,0.3776195
17666,2,0.6741819,0.71298975,0.03880787,0.3667046
17667,2,0.7737336,0.69980955,0.073924065,0.36463282
17668,2,0.7341948,0.7990076,0.06481278,0.3587767
17669,2,0.8392814,0.97804266,0.13876128,0.35911465
17670,2,1.0263964,0.9942279,0.032168508,0.35150856
17671,2,1.022791,1.0514635,0.028672457,0.3411023
17672,2,1.0685914,1.0471908,0.02140057,0.33936667
17673,2,1.0507373,1.100785,0.050047755,0.33620414
17674,2,1.0982742,1.1504784,0.052204132,0.3355909
17675,2,1.1414104,1.1368334,0.0045769215,0.33172274
17676,2,1.1200776,1.1296178,0.0095402,0.3292198
17677,2,1.1077445,1.0606731,0.047071338,0.33010274
17678,2,1.0322883,1.1312277,0.09893942,0.3316009
17679,2,1.1072717,1.1149869,0.007715225,0.33430028
17680,2,1.0887806,1.0634952,0.025285482,0.3306644
17681,2,1.0338084,1.0537477,0.019939303,0.33238402
17682,2,1.0250752,1.0610064,0.03593123,0.33542868
17683,2,1.0348339,0.9368113,0.09802258,0.33586848
17684,2,0.9000467,0.9882335,0.0881868,0.3369925
17685,2,0.96482396,0.8292944,0.13552958,0.34352958
17686,2,0.78726923,0.7436743,0.043594956,0.3420261
17687,2,0.6968092,0.7446492,0.04784,0.35176605
17688,2,0.71357656,0.72460943,0.011032879,0.35682878
17689,2,0.700109,0.51294035,0.18716866,0.3568383
17690,2,0.44496727,0.45772555,0.012758285,0.35767487
17691,2,0.39850694,0.54651546,0.14800853,0.37018168
17692,2,0.53919506,0.45771912,0.08147594,0.3739308
17693,2,0.42902416,0.436795,0.0077708364,0.36814559
17694,2,0.41388443,0.42109677,0.007212341,0.37337565
17695,2,0.40349668,0.26519755,0.13829914,0.3745226
17696,2,0.20279408,0.24465932,0.041865245,0.37382883
17697,2,0.1992374,0.14685456,0.05238284,0.3830594
17698,2,0.082207106,0.11711396,0.034906857,0.38288772
17699,2,0.0659714,-0.027250137,0.09322153,0.38834482
17700,2,-0.11762118,0.059856433,0.17747761,0.3875867
17701,2,0.043547533,0.040128738,0.0034187958,0.39785397
17702,2,0.02100961,-0.08996526,0.11097487,0.3922811
17703,2,-0.15836851,-0.19814432,0.039775804,0.39101723
17704,2,-0.29027778,-0.21478936,0.07548842,0.3966062
17705,2,-0.28094694,-0.29780808,0.01686114,0.40265015
17706,2,-0.37924033,-0.3196527,0.059587628,0.4018873
17707,2,-0.3828527,-0.36066905,0.022183657,0.40626118
17708,2,-0.42268863,-0.36191124,0.060777396,0.40665856
17709,2,-0.40497667,-0.39823025,0.0067464113,0.40899715
17710,2,-0.44749358,-0.47565007,0.02815649,0.40830094
17711,2,-0.5481299,-0.41474316,0.13338676,0.4087763
17712,2,-0.4342537,-0.45753717,0.023283482,0.4144475
17713,2,-0.49763483,-0.53279454,0.035159707,0.410083
17714,2,-0.6001814,-0.46736982,0.13281158,0.41098022
17715,2,-0.48230374,-0.39573678,0.086566955,0.4165559
17716,2,-0.3780213,-0.3674039,0.010617405,0.41438597
17717,2,-0.35303316,-0.34787646,0.005156696,0.4108966
17718,2,-0.33979768,-0.49419662,0.15439895,0.40968478
17719,2,-0.5659497,-0.40558368,0.160366,0.40555352
17720,2,-0.41221598,-0.27208132,0.14013466,0.41570026
17721,2,-0.21847782,-0.30858275,0.09010494,0.4135273
17722,2,-0.30375975,-0.19207972,0.11168003,0.40500078
17723,2,-0.14148891,-0.11004101,0.031447902,0.4096036
17724,2,-0.050039034,-0.035750635,0.014288399,0.40445253
17725,2,0.026194684,0.111238286,0.0850436,0.4010487
17726,2,0.20662382,0.24938704,0.04276322,0.39921707
17727,2,0.3576725,0.3255049,0.032167614,0.39239684
17728,2,0.4159103,0.39722955,0.018680751,0.3849662
17729,2,0.47469556,0.6055618,0.13086623,0.38104612
17730,2,0.71399355,0.6555487,0.058444858,0.37758613
17731,2,0.73469865,0.6850717,0.049626946,0.3652224
17732,2,0.7400862,0.781992,0.04190582,0.36221382
17733,2,0.8349659,0.9398429,0.104876995,0.36008608
17734,2,0.9949626,1.0018678,0.006905198,0.35299295
17735,2,1.0395594,1.0551426,0.015583277,0.34317222
17736,2,1.077596,1.117889,0.040293097,0.33887923
17737,2,1.1279079,1.1944157,0.06650782,0.3348487
17738,2,1.1926494,1.1607066,0.031942725,0.32992154
17739,2,1.1475348,1.2665235,0.11898863,0.32636562
17740,2,1.244874,1.177537,0.067337036,0.32603115
17741,2,1.1496896,1.1723824,0.0226928,0.32209438
17742,2,1.1409556,1.2144728,0.0735172,0.32708043
17743,2,1.1814138,1.2625048,0.08109105,0.32653344
17744,2,1.2264323,1.2161351,0.010297179,0.32322496
17745,2,1.1782665,1.3335878,0.15532124,0.32159084
17746,2,1.2901821,1.1664724,0.12370968,0.32146055
17747,2,1.1242371,1.2327933,0.10855627,0.31859758
17748,2,1.1918783,1.1521461,0.039732218,0.326469
17749,2,1.1104826,1.0192828,0.091199756,0.32439792
17750,2,0.9721687,0.856374,0.11579466,0.33087602
17751,2,0.796527,0.86562574,0.06909871,0.34004894
17752,2,0.82379556,0.74169815,0.08209741,0.34948656
17753,2,0.6888643,0.6582425,0.030621767,0.34961507
17754,2,0.6041492,0.6775375,0.07338828,0.35710523
17755,2,0.6483863,0.6315036,0.016882718,0.36206675
17756,2,0.6027236,0.63921267,0.03648907,0.36093354
17757,2,0.6242732,0.4677724,0.15650079,0.36368662
17758,2,0.41279626,0.4728304,0.060034156,0.36257765
17759,2,0.4413066,0.5455322,0.104225636,0.37300786
17760,2,0.5501203,0.41552034,0.13459995,0.37302595
17761,2,0.38142145,0.23508702,0.14633442,0.36787218
17762,2,0.15292698,0.21574846,0.06282148,0.37376302
17763,2,0.15830904,0.19822398,0.039914936,0.38449398
17764,2,0.15734744,0.20756581,0.050218374,0.3854183
17765,2,0.18739724,0.07113478,0.11626246,0.38661146
17766,2,0.005864367,0.062139522,0.056275155,0.38388798
17767,2,0.018107317,-0.018248588,0.036355905,0.39198947
17768,2,-0.07978349,-0.017307203,0.06247629,0.3910731
17769,2,-0.055437088,-0.13039988,0.074962795,0.39591938
17770,2,-0.20439461,-0.29170242,0.08730781,0.39365602
17771,2,-0.41037455,-0.31419364,0.096180916,0.39707133
17772,2,-0.3991976,-0.2964179,0.102779716,0.40602246
17773,2,-0.34248763,-0.385246,0.042758375,0.40770704
17774,2,-0.45902926,-0.46065027,0.0016210079,0.40480518
17775,2,-0.54552025,-0.49382898,0.051691264,0.40834314
17776,2,-0.56579584,-0.49051222,0.07528362,0.4119367
17777,2,-0.5378359,-0.524021,0.013814867,0.4138744
17778,2,-0.57545865,-0.5409255,0.034533143,0.4130037
17779,2,-0.5871984,-0.5727673,0.014431059,0.41453826
17780,2,-0.6235171,-0.5203737,0.103143394,0.4148469
17781,2,-0.5325913,-0.48860842,0.043982863,0.41768098
17782,2,-0.4898368,-0.44267148,0.047165334,0.41540802
17783,2,-0.43093085,-0.2996064,0.13132444,0.41458526
17784,2,-0.2310876,-0.42627,0.19518241,0.4150667
17785,2,-0.45490235,-0.38492087,0.069981486,0.40414974
17786,2,-0.391781,-0.4059037,0.014122695,0.41227117
17787,2,-0.4297883,-0.3072198,0.12256849,0.40945828
17788,2,-0.28146714,-0.24647067,0.034996465,0.41278237
17789,2,-0.21122336,-0.10823531,0.10298806,0.40836862
17790,2,-0.029685192,0.010946783,0.040631976,0.407695
17791,2,0.10409247,0.10740733,0.0033148602,0.40181306
17792,2,0.19809732,0.23543797,0.037340656,0.3963661
17793,2,0.33673227,0.28122643,0.055505842,0.3924514
17794,2,0.3562773,0.2904885,0.065788776,0.38531634
17795,2,0.3366871,0.4925666,0.1558795,0.38265845
17796,2,0.58797026,0.5203786,0.06759167,0.3837058
17797,2,0.58693504,0.7340784,0.14714336,0.37175572
17798,2,0.8279958,0.8158905,0.012105286,0.36998594
17799,2,0.8892859,0.8568086,0.03247732,0.35699654
17800,2,0.9076273,0.93531364,0.027686357,0.35191336
17801,2,0.9748775,0.9962939,0.021416426,0.34876326
17802,2,1.023408,1.0298603,0.006452203,0.34350634
17803,2,1.0441808,1.1104616,0.06628084,0.3395746
17804,2,1.1172004,1.1523064,0.035106063,0.3363879
17805,2,1.1488941,1.2589768,0.110082746,0.33115393
17806,2,1.2451673,1.2534446,0.008277297,0.32665646
17807,2,1.2305897,1.1824406,0.04814911,0.321021
17808,2,1.1532509,1.1652344,0.011983514,0.32272372
17809,2,1.1324656,1.1159554,0.016510248,0.32694322
17810,2,1.0804315,1.1954327,0.1150012,0.32875437
17811,2,1.1630602,1.1912026,0.028142452,0.33000654
17812,2,1.1576838,1.0846783,0.07300556,0.32573944
17813,2,1.0469468,1.0384278,0.008518934,0.32779
17814,2,1.0005665,0.983295,0.01727146,0.33445245
17815,2,0.94524026,0.9249609,0.020279348,0.33779314
17816,2,0.8868047,1.0284197,0.14161503,0.3415931
17817,2,1.0103161,0.8991377,0.11117846,0.34362873
17818,2,0.86744606,0.8144015,0.053044558,0.33921033
17819,2,0.77606773,0.7096925,0.066375256,0.34734324
17820,2,0.6614474,0.6035739,0.057873487,0.3527274
17821,2,0.54606164,0.6222808,0.07621914,0.35896116
17822,2,0.5916456,0.43199667,0.15964893,0.36534813
17823,2,0.36039144,0.486248,0.12585655,0.36332813
17824,2,0.46083748,0.37500528,0.08583221,0.37523425
17825,2,0.32575288,0.5133574,0.18760452,0.3711117
17826,2,0.5308852,0.4039408,0.12694442,0.3787594
17827,2,0.383442,0.31305417,0.07038784,0.36973092
17828,2,0.27021167,0.243799,0.026412666,0.37546742
17829,2,0.1926828,0.102897115,0.08978569,0.3801407
17830,2,0.017796159,0.11356588,0.09576972,0.38222447
17831,2,0.06643497,0.017173527,0.049261443,0.3909418
17832,2,-0.05124071,-0.016691385,0.034549326,0.38862628
17833,2,-0.07354547,-0.017075721,0.05646975,0.39380667
17834,2,-0.052675616,-0.037905306,0.01477031,0.3958305
17835,2,-0.07019731,-0.095191024,0.024993718,0.39545858
17836,2,-0.1422838,-0.108534776,0.03374902,0.39558864
17837,2,-0.14585963,-0.20894669,0.06308706,0.3987385
17838,2,-0.27972102,-0.22027917,0.05944185,0.3974841
17839,2,-0.27199408,-0.3352646,0.06327051,0.40317038
17840,2,-0.423097,-0.4678009,0.04470387,0.40142894
17841,2,-0.58576775,-0.50515085,0.08061689,0.4053559
17842,2,-0.59772146,-0.47913727,0.118584186,0.41210923
17843,2,-0.52655685,-0.38663515,0.1399217,0.41474923
17844,2,-0.37533548,-0.3918006,0.016465127,0.41525435
17845,2,-0.39639407,-0.42881083,0.03241676,0.40985426
17846,2,-0.45822027,-0.5169704,0.058750123,0.40937197
17847,2,-0.58450365,-0.49521935,0.0892843,0.4096784
17848,2,-0.5324294,-0.39090908,0.14152032,0.41507867
17849,2,-0.36901343,-0.47184086,0.10282743,0.41607773
17850,2,-0.5069431,-0.5223473,0.015404165,0.40843797
17851,2,-0.57646096,-0.38040686,0.1960541,0.41199
17852,2,-0.3487547,-0.38450328,0.03574857,0.41785187
17853,2,-0.3781622,-0.37091276,0.0072494447,0.40965176
17854,2,-0.37061498,-0.3033795,0.06723547,0.41017622
17855,2,-0.2797084,-0.26243576,0.017272621,0.41084468
17856,2,-0.23817322,-0.23827688,0.00010366738,0.40780395
17857,2,-0.22144887,-0.13746504,0.08398382,0.40592748
17858,2,-0.08761482,-0.015341848,0.07227297,0.40661815
17859,2,0.06324468,0.052804075,0.010440603,0.40306348
17860,2,0.12316602,0.175804,0.052637987,0.39701918
17861,2,0.26445112,0.43589437,0.17144325,0.3949097
17862,2,0.58197606,0.44027102,0.14170504,0.39023322
17863,2,0.5300287,0.6016421,0.07161337,0.37471944
17864,2,0.70176286,0.6528816,0.048881233,0.37504554
17865,2,0.7267401,0.78293484,0.056194723,0.36545768
17866,2,0.85516644,0.845495,0.00967145,0.3619609
17867,2,0.8998107,0.94783664,0.048025966,0.3539228
17868,2,0.9930047,1.0012065,0.008201838,0.34926102
17869,2,1.0308874,1.0111018,0.019785523,0.34272718
17870,2,1.0250361,1.1600356,0.13499951,0.3395598
17871,2,1.1692019,1.283845,0.1146431,0.33648497
17872,2,1.277326,1.1901752,0.08715081,0.32566333
17873,2,1.1737072,1.1882024,0.014495134,0.32091627
17874,2,1.1641066,1.2106487,0.04654205,0.32608545
17875,2,1.181654,1.1245781,0.057075858,0.32574922
17876,2,1.0905151,1.119431,0.028915882,0.32608643
17877,2,1.0854173,1.1741753,0.08875799,0.33095932
17878,2,1.1427424,1.1592226,0.016480207,0.3302415
17879,2,1.126811,1.0716532,0.05515778,0.32750896
17880,2,1.0353639,1.058274,0.022910118,0.32977605
17881,2,1.0243433,1.00274,0.021603227,0.3349016
17882,2,0.96763253,0.93610704,0.031525493,0.3364231
17883,2,0.89898014,0.90252185,0.003541708,0.3403604
17884,2,0.8688114,0.95932573,0.0905143,0.34453526
17885,2,0.9411216,0.80511266,0.13600892,0.34585637
17886,2,0.7667439,0.77561307,0.008869171,0.34384635
17887,2,0.74280953,0.74084157,0.0019679666,0.35307372
17888,2,0.7114446,0.68959475,0.02184987,0.35495472
17889,2,0.6590036,0.6364067,0.022596896,0.35713774
17890,2,0.6042613,0.5126116,0.09164965,0.3602153
17891,2,0.4594059,0.45409214,0.005313754,0.36303607
17892,2,0.40384823,0.3931326,0.010715634,0.3701764
17893,2,0.34361368,0.35490987,0.011296183,0.37323916
17894,2,0.31301048,0.327687,0.014676511,0.3765769
17895,2,0.29414308,0.29442698,0.00028389692,0.37861267
17896,2,0.26350403,0.24328025,0.020223781,0.37988865
17897,2,0.20665622,0.105014935,0.10164128,0.38126662
17898,2,0.03006944,-0.040142566,0.07021201,0.3822915
17899,2,-0.14610675,-0.08446674,0.06164001,0.38807333
17900,2,-0.16909644,-0.17655356,0.007457122,0.39593428
17901,2,-0.26985562,-0.20440084,0.06545478,0.396722
17902,2,-0.2753327,-0.17822777,0.09710492,0.4015955
17903,2,-0.21114144,-0.14574286,0.065398574,0.4037813
17904,2,-0.15392348,-0.24000572,0.086082235,0.40290785
17905,2,-0.29200858,-0.27354893,0.018459648,0.39903957
17906,2,-0.3255329,-0.2381483,0.08738461,0.40387
17907,2,-0.2575591,-0.26787242,0.010313332,0.40658012
17908,2,-0.29927748,-0.2811007,0.018176794,0.4038811
17909,2,-0.31230533,-0.4175853,0.10527998,0.40533727
17910,2,-0.5049291,-0.48986867,0.015060455,0.40326267
17911,2,-0.58209866,-0.6252202,0.043121517,0.40958545
17912,2,-0.7478001,-0.58084726,0.16695285,0.4110366
17913,2,-0.63644016,-0.5403691,0.096071064,0.4193521
17914,2,-0.56048155,-0.48463255,0.075849,0.4177174
17915,2,-0.4777814,-0.36088112,0.116900265,0.4166159
17916,2,-0.30453238,-0.41164756,0.10711518,0.41613054
17917,2,-0.41362083,-0.3225081,0.09111273,0.4079616
17918,2,-0.28989094,-0.30948284,0.019591898,0.4127813
17919,2,-0.29421806,-0.25372735,0.040490717,0.4079104
17920,2,-0.22737283,-0.24041028,0.013037458,0.40834552
17921,2,-0.22757927,-0.26950663,0.041927367,0.4053728
17922,2,-0.28409195,-0.21130879,0.07278316,0.40397894
17923,2,-0.20003153,0.055487283,0.25551882,0.4069119
17924,2,0.18233249,0.075180225,0.10715226,0.40869242
17925,2,0.15355852,0.2678339,0.114275366,0.39315623
17926,2,0.388407,0.37072372,0.017683268,0.39476943
17927,2,0.4775746,0.3478051,0.12976947,0.38428837
17928,2,0.40319705,0.50203043,0.09883338,0.37786454
17929,2,0.58449674,0.54664826,0.037848473,0.3803371
17930,2,0.60966563,0.61427873,0.0046131015,0.37128258
17931,2,0.6707406,0.7955457,0.12480509,0.3687365
17932,2,0.8697565,0.88405216,0.014295638,0.36412072
17933,2,0.9436176,0.9236013,0.020016253,0.35284337
17934,2,0.96371365,0.955041,0.008672655,0.3473291
17935,2,0.9800234,1.1064949,0.12647152,0.34470117
17936,2,1.1282187,1.0987346,0.029484034,0.34062487
17937,2,1.1045012,1.1278942,0.023392916,0.3323135
17938,2,1.1235912,1.27324,0.14964879,0.3322483
17939,2,1.2591748,1.2508513,0.00832355,0.3276409
17940,2,1.2281353,1.2080936,0.020041704,0.32030553
17941,2,1.1789951,1.1884881,0.009492993,0.32238266
17942,2,1.1552944,1.0941293,0.061165094,0.32509786
17943,2,1.056183,1.1202979,0.06411493,0.3278009
17944,2,1.086005,1.0776544,0.008350611,0.33263803
17945,2,1.0426952,1.0758494,0.03315425,0.3318736
17946,2,1.0438118,0.9625075,0.08130431,0.33429518
17947,2,0.92311573,0.98494256,0.061826825,0.33588135
17948,2,0.95566523,0.8058387,0.14982653,0.34210792
17949,2,0.7560485,0.7780108,0.021962285,0.34233183
17950,2,0.73756903,0.84925574,0.11168671,0.3530196
17951,2,0.8351202,0.74671805,0.08840215,0.35417777
17952,2,0.717384,0.7727629,0.055378914,0.35057324
17953,2,0.7586129,0.6312466,0.12736624,0.35652387
17954,2,0.5904584,0.50179493,0.08866346,0.35521826
17955,2,0.44047284,0.4466387,0.006165862,0.3632874
17956,2,0.39193884,0.4111504,0.01921156,0.37077883
17957,2,0.36725843,0.38322657,0.015968144,0.3738466
17958,2,0.34868935,0.31608212,0.032607228,0.3757551
17959,2,0.27332664,0.30106497,0.027738333,0.37676358
17960,2,0.2709257,0.24647826,0.024447441,0.38067016
17961,2,0.20923126,0.105305105,0.10392615,0.38090554
17962,2,0.02900102,0.16691223,0.1379112,0.38210157
17963,2,0.14649206,0.1739915,0.027499437,0.39162886
17964,2,0.16484562,0.0980665,0.066779114,0.38801935
17965,2,0.061987333,-0.04038126,0.10236859,0.38638625
17966,2,-0.12071817,-0.09477147,0.025946707,0.38848814
17967,2,-0.16933838,-0.18749689,0.01815851,0.3957449
17968,2,-0.27601576,-0.25986764,0.01614812,0.39710945
17969,2,-0.348983,-0.22413589,0.1248471,0.40108168
17970,2,-0.26360542,-0.29666528,0.033059865,0.40607643
17971,2,-0.3580948,-0.3219765,0.0361183,0.40245706
17972,2,-0.3756253,-0.31183532,0.06378999,0.40614566
17973,2,-0.34446576,-0.38162622,0.037160456,0.4078294
17974,2,-0.44003385,-0.38702005,0.0530138,0.40576884
17975,2,-0.43083018,-0.35198113,0.07884905,0.4096683
17976,2,-0.36784422,-0.40512058,0.037276357,0.41072646
17977,2,-0.44738334,-0.37514353,0.072239816,0.40758747
17978,2,-0.39326105,-0.36969253,0.023568511,0.41126925
17979,2,-0.38595802,-0.28165442,0.1043036,0.40966433
17980,2,-0.25618494,-0.37616968,0.119984746,0.41124326
17981,2,-0.41357142,-0.3854606,0.028110832,0.40414104
17982,2,-0.4205602,-0.49437255,0.073812336,0.40938824
17983,2,-0.5739458,-0.44765913,0.12628669,0.40767857
17984,2,-0.4790813,-0.34452927,0.13455203,0.41480544
17985,2,-0.31980893,-0.29123023,0.028578699,0.41437155
17986,2,-0.26001683,-0.22407863,0.035938203,0.4095786
17987,2,-0.18247002,-0.14305343,0.039416596,0.40791214
17988,2,-0.088687435,-0.060809135,0.0278783,0.40566772
17989,2,0.0015600398,0.08052764,0.0789676,0.4025264
17990,2,0.17405733,0.07383028,0.10022706,0.4002079
17991,2,0.12186397,0.19258058,0.07071661,0.3916255
17992,2,0.26605865,0.3060752,0.040016532,0.39388916
17993,2,0.39081684,0.3515814,0.039235443,0.38817522
17994,2,0.4173081,0.5005132,0.083205104,0.38181156
17995,2,0.58803403,0.5310683,0.05696571,0.38010645
17996,2,0.59346795,0.5727545,0.020713449,0.37132075
17997,2,0.6222618,0.54880047,0.073461354,0.369613
17998,2,0.57235944,0.6769247,0.10456526,0.36704513
17999,2,0.7244351,0.8238363,0.099401236,0.3685446
