z,alpha,dalpha_dz,d2alpha_dz2,Rule1Weight,Rule2Weight,Rule3Weight,DominantRule
-1.0,0.03276818008812061,0.04190781224115699,0.061812018659762547,0.8601114260570519,0.13929687426376977,0.0005916996791782467,1
-0.999,0.032810087900361766,0.041969624259816755,0.09278818125825475,0.8596709169109371,0.13973336429080568,0.0005957187982573164,1
-0.998,0.03285211933664024,0.0420933886036735,0.12390469232396994,0.8592292408547422,0.14017099490007556,0.0005997642451821059,1
-0.997,0.03289427467756911,0.042217433644464696,0.124185472511265,0.8587863961853472,0.14060976763169367,0.0006038361829590131,1
-0.996,0.03293655420392917,0.04234175954869603,0.12446641799689062,0.8583423812061475,0.14104968401833817,0.000607934775514432,1
-0.995,0.032978958196666505,0.04246636648045848,0.12474752634702979,0.8578971942271217,0.14149074558517924,0.0006120601876991348,1
-0.994,0.03302148693689009,0.04259125460139009,0.1250287951001099,0.8574508335649009,0.14193295384980645,0.0006162125852926645,1
-0.993,0.033064140705869285,0.0427164240706587,0.1253102218084361,0.8570032975428362,0.14237631032215614,0.0006203921350077385,1
-0.992,0.033106919785031406,0.042841875045006965,0.12559180402431358,0.8565545844910669,0.1428208165044384,0.0006245990044946753,1
-0.991,0.0331498244559593,0.042967607678707324,0.12587353925494124,0.8561046927465898,0.1432664738910643,0.0006288333623458309,1
-0.99,0.03319285500038882,0.04309362212351685,0.126155425016202,0.8556536206533278,0.14371328396857228,0.0006330953781000457,1
-0.989,0.03323601170020633,0.04321991852873973,0.1264374588430538,0.8552013665621986,0.1441612482155544,0.0006373852222471048,1
-0.988,0.0332792948374463,0.043346497041202955,0.12671963823228372,0.8547479288311849,0.144610368102583,0.0006417030662322165,1
-0.987,0.03332270469428874,0.043473357805204296,0.1270019606841587,0.8542933058254031,0.14506064509213643,0.0006460490824605047,1
-0.986,0.03336624155305671,0.04360050096257127,0.1272844236972075,0.8538374959171736,0.14551208063852483,0.0006504234443015097,1
-0.985,0.03340990569621388,0.04372792665259871,0.12756702474567272,0.8533804974860907,0.14596467618781575,0.000654826326093703,1
-0.984,0.03345369740636191,0.04385563501206262,0.12784976131420533,0.8529223089190917,0.14641843317775932,0.0006592579031490214,1
-0.983,0.03349761696623801,0.04398362617522712,0.1281326308735785,0.852462928610529,0.14687335303771365,0.0006637183517574128,1
-0.982,0.03354166465871236,0.044111900273809776,0.12841563089630015,0.8520023549622393,0.14732943718856945,0.0006682078491913898,1
-0.981,0.03358584076678563,0.04424045743701972,0.12869875883579618,0.8515405863836144,0.1477866870426749,0.0006727265737106002,1
-0.98,0.0336301455735864,0.04436929779148137,0.12898201213855365,0.8510776212916734,0.14824510400376023,0.0006772747045664149,1
-0.979,0.03367457936236859,0.04449842146129683,0.1292653882649374,0.8506134581111318,0.14870468946686158,0.0006818524220065227,1
-0.978,0.033719142416508995,0.044627828568011244,0.12954888464929137,0.8501480952744748,0.14916544481824556,0.0006864599072795461,1
-0.977,0.03376383501950461,0.04475751923059541,0.12983249872075542,0.8496815312220273,0.14962737143533286,0.0006910973426396595,1
-0.976,0.033808657454970185,0.044887493565452755,0.13011622791020405,0.8492137644020267,0.150090470686622,0.0006957649113512299,1
-0.975,0.03385361000663552,0.04501775168641582,0.1304000696485118,0.8487447932706939,0.15055474393161258,0.0007004627976934714,1
-0.974,0.03389869295834302,0.04514829370474978,0.13068402134747126,0.8482746162923059,0.1510201925207289,0.0007051911869651068,1
-0.973,0.03394390659404502,0.045279119729110764,0.13096808041193608,0.8478032319392682,0.1514868177952428,0.0007099502654890421,1
-0.972,0.03398925119780124,0.04541022986557365,0.13125224425890303,0.8473306386921866,0.15195462108719643,0.0007147402206170591,1
-0.971,0.034034727053776165,0.04554162421762857,0.13153651029669522,0.8468568350399402,0.15242360371932517,0.0007195612407345246,1
-0.97,0.034080334446236496,0.04567330288616704,0.13182087590934966,0.8463818194797547,0.15289376700498009,0.0007244135152651037,1
-0.969,0.0341260736595485,0.04580526596944727,0.13210533848437278,0.8459055905172745,0.15336511224805005,0.0007292972346754855,1
-0.968,0.03417194497817539,0.04593751356313579,0.13238989541620994,0.8454281466666361,0.1538376407428839,0.000734212590480132,1
-0.967,0.03421794868667477,0.04607004576027969,0.1326745440941023,0.8449494864505416,0.15431135377421243,0.0007391597752460351,1
-0.966,0.03426408506969595,0.04620286265132399,0.13295928188994377,0.8444696084003323,0.15478625261707013,0.0007441389825974807,1
-0.965,0.03431035441197742,0.04633596432405958,0.13324410617215887,0.8439885110560624,0.1552623385367167,0.0007491504072208347,1
-0.964,0.03435675699834407,0.04646935086366831,0.13352901431611097,0.8435061929665721,0.15573961278855838,0.0007541942448693357,1
-0.963,0.034403293113704755,0.0466030223526918,0.1338140036850204,0.8430226526895628,0.15621807661806933,0.000759270692367906,1
-0.962,0.03444996304304945,0.04673697887103835,0.1340990716473116,0.8425378887916698,0.1566977312607122,0.0007643799476179708,1
-0.961,0.03449676707144683,0.046871220495986424,0.13438421555753133,0.8420518998485381,0.15717857794185966,0.0007695222096022888,1
-0.96,0.034543705484041426,0.047005747302153414,0.13466943276328736,0.8415646844448957,0.15766061787671448,0.000774697678389802,1
-0.959,0.03459077856605114,0.047140559361513,0.13495472061565694,0.8410762411746292,0.15814385227023048,0.0007799065551404932,1
-0.958,0.03463798660276445,0.04727565674338473,0.13524007647959513,0.8405865686408576,0.15862828231703222,0.00078514904211026,1
-0.957,0.03468532987953791,0.04741103951447219,0.13552549769056665,0.8400956654560081,0.15911390920133608,0.0007904253426557945,1
-0.956,0.034732808681793396,0.04754670773876586,0.1358109815788321,0.8396035302418909,0.15960073409686967,0.0007957356612394815,1
-0.955,0.03478042329501544,0.047682661477629854,0.13609652550067286,0.8391101616297741,0.16008875816679163,0.0008010802034343118,1
-0.954,0.034828174004748656,0.04781890078976721,0.13638212678634953,0.8386155582604594,0.16057798256361167,0.0008064591759288018,1
-0.953,0.034876061096594975,0.04795542573120255,0.13666778276612268,0.838119718784358,0.16106840842911005,0.0008118727865319243,1
-0.952,0.03492408485621106,0.04809223635529945,0.13695349077719177,0.8376226418615653,0.16156003689425666,0.0008173212441780525,1
-0.951,0.034972245569305574,0.04822933271275694,0.1372392481602257,0.8371243261619374,0.1620528690791305,0.0008228047589319325,1
-0.95,0.035020543521636575,0.048366714851619905,0.1375250522264031,0.8366247703651675,0.16254690609283884,0.0008283235419936436,1
-0.949,0.035068978999008814,0.04850438281720974,0.1378109002973109,0.8361239731608604,0.16304214903343614,0.0008338778057035823,1
-0.948,0.035117552287270995,0.04864233665221453,0.1380967897240264,0.83562193324861,0.1635385989878424,0.0008394677635474573,1
-0.947,0.03516626367231324,0.048780576396657796,0.13838271781772815,0.8351186493380759,0.16403625703176264,0.0008450936301613046,1
-0.946,0.03521511344006431,0.04891910208784998,0.1386686818895948,0.8346141201490587,0.16453512422960473,0.0008507556213365021,1
-0.945,0.03526410187648894,0.049057913760436986,0.13895467927335636,0.8341083444115772,0.165035201634398,0.0008564539540247953,1
-0.944,0.035313229267585185,0.049197011446396696,0.13924070729406923,0.8336013208659451,0.16553649028771156,0.0008621888463433514,1
-0.943,0.035362495899381736,0.049336395175025125,0.13952676326291202,0.8330930482628478,0.16603899121957244,0.000867960517579812,1
-0.942,0.035411902057935235,0.04947606497292252,0.13981284450494114,0.8325835253634192,0.16654270544838354,0.0008737691881973599,1
-0.941,0.03546144802932758,0.04961602086403501,0.14009894833653935,0.8320727509393189,0.16704763398084127,0.0008796150798397953,1
-0.94,0.035511134099663305,0.0497562628695956,0.14038507207582418,0.8315607237728097,0.16755377781185385,0.0008854984153366313,1
-0.9390000000000001,0.03556096055506677,0.049896791008186656,0.14067121305305616,0.8310474426568335,0.1680611379244583,0.0008914194187081961,1
-0.938,0.03561092768167968,0.05003760529570171,0.14095736857941396,0.8305329063950907,0.16856971528973852,0.0008973783151707474,1
-0.937,0.035661035765658176,0.050178705745345484,0.14124353597474978,0.8300171138021162,0.1690795108667422,0.000903375331141594,1
-0.9359999999999999,0.03571128509317037,0.05032009236765121,0.14152971256412003,0.8295000637033572,0.1695905256023987,0.000909410694244243,1
-0.935,0.03576167595039348,0.050461765170473724,0.14181589567084638,0.8289817549352512,0.17010276043143532,0.0009154846333135382,1
-0.9339999999999999,0.03581220862351132,0.050603724158992905,0.14210208261998522,0.8284621863453037,0.17061621627629553,0.0009215973784008297,1
-0.933,0.035862883398711465,0.050745969335713695,0.14238827073138532,0.8279413567921661,0.17113089404705487,0.0009277491607791369,1
-0.9319999999999999,0.035913700562182745,0.050888500700455676,0.14267445732664058,0.8274192651457128,0.17164679464133883,0.0009339402129483401,1
-0.931,0.035964660400112376,0.051031318250366976,0.14296063974988935,0.8268959102871213,0.17216391894423844,0.000940170768640368,1
-0.9299999999999999,0.03601576319868348,0.051174421979955455,0.14324681533311998,0.8263712911089472,0.17268226782822826,0.0009464410628244083,1
-0.929,0.03606700924407229,0.051317811881033217,0.14353298138751455,0.8258454065152059,0.17320184215308196,0.0009527513317121197,1
-0.9279999999999999,0.036118398822445545,0.051461487942730484,0.14381913525200726,0.8253182554214477,0.17372264276578944,0.000959101812762865,1
-0.927,0.03616993221995775,0.05160545015153723,0.14410527427941008,0.8247898367548384,0.1742446705004727,0.0009654927446889407,1
-0.926,0.03622160972274862,0.051749698491289305,0.14439139580692248,0.8242601494542361,0.17476792617830297,0.0009719243674608378,1
-0.925,0.03627343161694033,0.05189423294315108,0.14467749716653974,0.8237291924702712,0.17529241060741615,0.0009783969223124925,1
-0.924,0.03632539818863492,0.052039053485622384,0.14496357571280857,0.8231969647654239,0.17581812458282958,0.0009849106517465604,1
-0.923,0.03637750972391157,0.052184160094576694,0.14524962879680622,0.8226634653141025,0.1763450688863578,0.0009914657995396977,1
-0.922,0.036429766508824075,0.052329552743216,0.14553565376093633,0.8221286931027233,0.17687324428652898,0.000998062610747858,1
-0.921,0.036482168829398004,0.05247523140209857,0.145821647982297,0.821592647129788,0.17740265153850038,0.0010047013317115879,1
-0.92,0.03653471697162827,0.05262119603918059,0.1461076088137002,0.8210553264059638,0.17793329138397487,0.001011382210061343,1
-0.919,0.036587411221476365,0.05276744661972597,0.14639353361316207,0.8205167299541606,0.1784651645511164,0.001018105494722813,1
-0.918,0.036640251864867725,0.052913983106406916,0.14667941976125018,0.8199768568096117,0.17899827175446595,0.0010248714359222513,1
-0.917,0.03669323918768918,0.05306080545924847,0.14696526462812373,0.8194357060199511,0.17953261369485718,0.0010316802851918277,1
-0.916,0.03674637347578622,0.053207913635663164,0.14725106559955445,0.8188932766452927,0.18006819105933236,0.0010385322953749714,1
-0.915,0.036799655014960506,0.05335530759044758,0.1475368200578446,0.8183495677583104,0.18060500452105788,0.0010454277206317433,1
-0.914,0.03685308409096712,0.05350298727577885,0.14782252540090898,0.8178045784443159,0.1811430547392398,0.001052366816444209,1
-0.913,0.03690666098951206,0.053650952641249396,0.14810817902319293,0.8172583078013383,0.18168234235903974,0.0010593498396218222,1
-0.912,0.036960385996249616,0.05379920363382524,0.14839377831567233,0.816710754940203,0.18222286801149018,0.0010663770483068178,1
-0.911,0.037014259396779714,0.05394774019788074,0.14867932070228282,0.8161619189846104,0.18276463231340992,0.0010734487019796138,1
-0.91,0.03706828147664538,0.054096562275229805,0.14896480360175587,0.8156117990712158,0.18330763586731988,0.0010805650614642327,1
-0.909,0.037122452521330174,0.05424566980508425,0.14925022442241462,0.8150603943497079,0.1838518792613584,0.0010877263889337197,1
-0.908,0.037176772816255546,0.054395062724074635,0.14953558060727665,0.8145077039828879,0.18439736306919655,0.001094932947915574,1
-0.907,0.03723124264677832,0.054544740966298806,0.14982086959242066,0.813953727146749,0.18494408784995386,0.0011021850032971907,1
-0.906,0.037285862298188144,0.054694704463259476,0.15010608881045592,0.8133984630305552,0.18549205414811362,0.001109482821331321,1
-0.905,0.03734063205570484,0.05484495314391972,0.1503912357252167,0.8128419108369204,0.18604126249343814,0.001116826669641518,1
-0.904,0.03739555220447598,0.05499548693470991,0.15067630779706784,0.8122840697818879,0.18659171340088446,0.0011242168172276223,1
-0.903,0.03745062302957426,0.055146305759513854,0.15096130248637415,0.8117249390950092,0.18714340737051943,0.0011316535344712273,1
-0.902,0.03750584481599501,0.05529740953968266,0.15124621727431717,0.8111645180194232,0.1876963448874356,0.0011391370931411805,1
-0.901,0.03756121784865363,0.05544879819406249,0.15153104965422146,0.810602805811935,0.18825052642166587,0.0011466677663990725,1
-0.9,0.037616742412383136,0.0556004716389911,0.15181579711420742,0.8100398017430954,0.18880595242809983,0.0011542458288047437,1
-0.899,0.03767241879193161,0.055752429788290904,0.15210045715627327,0.8094755050972797,0.18936262334639847,0.001161871556321798,1
-0.898,0.03772824727195972,0.05590467255330365,0.15238502728935607,0.8089099151727669,0.1899205396009101,0.0011695452263231281,1
-0.897,0.03778422813703822,0.056057199842869616,0.15266950504667906,0.8083430312818183,0.19047970160058542,0.0011772671175964537,1
-0.896,0.03784036167164546,0.05621001156339701,0.15295388797013906,0.8077748527507567,0.19104010973889343,0.0011850375103498484,1
-0.895,0.03789664816016501,0.056363107618809895,0.15323817358428568,0.8072053789200458,0.19160176439373694,0.0011928566862172986,1
-0.894,0.03795308788688308,0.05651648791056558,0.1535223594500977,0.8066346091443681,0.19216466592736758,0.0012007249282642582,1
-0.893,0.03800968113598614,0.05667015233771009,0.15380644313896227,0.8060625427927047,0.19272881468630218,0.0012086425209932158,1
-0.892,0.0380664281915585,0.0568241007968435,0.15409042222400124,0.8054891792484127,0.19329421100123792,0.0012166097503492623,1
-0.891,0.03812332933757983,0.05697833318215809,0.15437429428701008,0.804914517909306,0.1938608551869682,0.001224626903725672,1
-0.89,0.038180384857922814,0.057132849385417524,0.1546580569340704,0.8043385581877323,0.19442874754229827,0.0012326942699695054,1
-0.889,0.038237595036350665,0.057287649296026234,0.15494170778340685,0.8037612995106517,0.1949978883499611,0.0012408121393871934,1
-0.888,0.038294960156514866,0.05744273280098434,0.1552252444445705,0.8031827413197165,0.19556827787653341,0.001248980803750143,1
-0.887,0.038352480501952634,0.057598099784915376,0.15550866456527632,0.8026028830713485,0.1961399163723512,0.0012572005563003523,1
-0.886,0.0384101563560847,0.05775375013011489,0.1557919657897698,0.802021724236818,0.19671280407142605,0.0012654716917560374,1
-0.885,0.03846798800221286,0.057909683716494915,0.15607514576750067,0.8014392643023216,0.19728694119136111,0.001273794506317248,1
-0.884,0.03852597572351769,0.05806590042164989,0.15635820219649085,0.8008555027690615,0.19786232793326705,0.001282169297671508,1
-0.883,0.03858411980305616,0.0582224001208879,0.15664113276955813,0.800270439153322,0.19843896448167847,0.0012905963649994555,1
-0.882,0.03864242052375946,0.05837918268718901,0.15692393516911193,0.7996840729865492,0.19901685100447022,0.0012990760089804992,1
-0.881,0.03870087816843054,0.05853624799122612,0.15720660711572215,0.7990964038154278,0.19959598765277367,0.0013076085317984684,1
-0.88,0.038759493019741915,0.05869359590142045,0.15748914635252048,0.7985074312019597,0.20017637456089302,0.0013161942371472742,1
-0.879,0.03881826536023338,0.05885122628393116,0.15777155062610113,0.7979171547235413,0.2007580118462221,0.0013248334302365813,1
-0.878,0.03887719547230978,0.059009139002672656,0.15805381768478607,0.7973255739730412,0.20134089960916124,0.0013335264177974854,1
-0.877,0.03893628363823873,0.059167333919300735,0.1583359453116022,0.7967326885588784,0.20192503793303349,0.001342273508088204,1
-0.876,0.03899553014014838,0.05932581089329586,0.1586179313121243,0.7961384981050985,0.20251042688400178,0.00135107501089975,1
-0.875,0.03905493526002532,0.059484569781924984,0.15889977348498827,0.7955430022514522,0.20309706651098616,0.0013599312375616396,1
-0.874,0.03911449927971223,0.05964361044026584,0.1591814696548509,0.7949462006534718,0.20368495684558047,0.001368842500947593,1
-0.873,0.03917422248090585,0.059802932721234686,0.1594630176671856,0.7943480929825488,0.20427409790197,0.0013778091154812448,1
-0.872,0.0392341051451547,0.05996253647560021,0.15974441538828252,0.7937486789260096,0.20486448967684837,0.0013868313971418514,1
-0.871,0.03929414755385705,0.06012242155201125,0.16002566067575816,0.7931479581871942,0.20545613214933564,0.0013959096634700108,1
-0.87,0.03935434998825872,0.060282587796951725,0.16030675142712766,0.7925459304855312,0.20604902528089536,0.0014050442335734046,1
-0.869,0.039414712729450956,0.06044303505486551,0.16058768557460065,0.791942595556615,0.20664316901525256,0.0014142354281325162,1
-0.868,0.03947523605836845,0.06060376316810093,0.1608684610330395,0.7913379531522817,0.20723856327831208,0.001423483569406372,1
-0.867,0.03953592025578716,0.060764771976931586,0.16114907574853163,0.790732003040686,0.2078352079780757,0.0014327889812382824,1
-0.866,0.039596765602322316,0.06092606131959799,0.16142952768971583,0.7901247450063771,0.2084331030045614,0.0014421519890615959,1
-0.865,0.039657772378426354,0.06108763103231102,0.1617098148460476,0.7895161788503733,0.20903224822972116,0.001451572919905457,1
-0.864,0.03971894086438694,0.061249480949290086,0.16198993521739077,0.7889063043902399,0.2096326435073595,0.001461052102400544,1
-0.863,0.039780271340324934,0.0614116109027458,0.16226988683656893,0.7882951214601627,0.2102342886730524,0.0014705898667848555,1
-0.862,0.03984176408619243,0.061574020722963224,0.1625496677485487,0.7876826299110242,0.21083718354406628,0.001480186544909475,1
-0.861,0.03990341938177086,0.0617367102382429,0.16282927600350092,0.7870688296104787,0.21144132791927675,0.0014898424702443434,1
-0.86,0.039965237506668916,0.061899679274970226,0.1631087097053728,0.7864537204430279,0.21204672157908805,0.0014995579778840275,1
-0.859,0.0400272187403208,0.062062927657653644,0.16338796695117272,0.785837302310094,0.2126533642853526,0.0015093334045535164,1
-0.858,0.04008936336198422,0.06222645520887257,0.16366704586913403,0.7852195751300957,0.21326125578129043,0.001519169088614009,1
-0.857,0.040151671650738546,0.06239026174939191,0.16394594461871512,0.7846005388385223,0.21387039579140898,0.001529065370068697,1
-0.856,0.04021414388548301,0.06255434709811,0.1642246613611091,0.7839801933880078,0.21448078402142365,0.0015390225905685642,1
-0.855,0.040276780344934766,0.06271871107211413,0.16450319429914248,0.7833585387484044,0.21509242015817728,0.0015490410934181915,1
-0.854,0.040339581307627236,0.06288335348670829,0.1647815416425806,0.782735574906857,0.2157053038695614,0.001559121223581559,1
-0.853,0.04040254705190818,0.06304827415539929,0.1650597016272097,0.782111301867876,0.21631943480443608,0.0015692633276878567,1
-0.852,0.040465677855938034,0.06321347288996271,0.16533767252351048,0.7814857196534112,0.21693481259255148,0.0015794677540372861,1
-0.851,0.04052897399768811,0.06337894950044631,0.16561545261063723,0.7808588283029242,0.2175514368444689,0.001589734852606888,1
-0.85,0.04059243575493893,0.06354470379518398,0.16589304020243875,0.780230627873462,0.21816930715148178,0.0016000649750563503,1
-0.849,0.04065606340527848,0.06371073558085119,0.16617043364225412,0.7796011184397287,0.21878842308553748,0.0016104584747338457,1
-0.848,0.04071985722610063,0.06387704466246849,0.1664476312803613,0.7789703000941587,0.21940878419915946,0.0016209157066818436,1
-0.847,0.040783817494603414,0.06404363084341191,0.16672463149479386,0.7783381729469883,0.22003039002536878,0.001631437027642941,1
-0.846,0.04084794448778745,0.06421049392545808,0.1670014326982798,0.7777047371263274,0.22065324007760706,0.0016420227960657,1
-0.845,0.04091223848245433,0.06437763370880847,0.16727803332609856,0.7770699927782313,0.2212773338496583,0.001652673372110482,1
-0.844,0.04097669975520507,0.06454504999211028,0.1675544318395504,0.776433940066772,0.22190267081557272,0.0016633891176552735,1
-0.843,0.04104132858243855,0.06471274257248757,0.16783062672422175,0.7757965791741095,0.2225292504295889,0.0016741703963015365,1
-0.842,0.041106125240350046,0.06488071124555872,0.16810661649171985,0.7751579103005619,0.22315707212605806,0.0016850175733800566,1
-0.841,0.04117109000492967,0.06504895580547101,0.16838239968314225,0.774517933664676,0.22378613531936709,0.0016959310159567736,1
-0.84,0.04123622315196099,0.065217476044925,0.16865797486560738,0.7738766495032985,0.2244164394038628,0.001706911092838637,1
-0.839,0.04130152495701952,0.06538627175520223,0.1689333406322545,0.7732340580716442,0.22504798375377624,0.0017179581745794467,1
-0.838,0.04136699569547139,0.06555534272618951,0.16920849560224369,0.7725901596433672,0.2256807677231471,0.0017290726334857217,1
-0.837,0.0414326356424719,0.06572468874640672,0.16948343843116428,0.7719449545106288,0.22631479064574858,0.0017402548436225298,1
-0.836,0.041498445072964206,0.06589430960305184,0.169758167797157,0.771298442984168,0.2269500518350126,0.0017515051808193614,1
-0.835,0.041564424261678,0.06606420508200103,0.17003268240438338,0.7706506253933688,0.2275865505839552,0.0017628240226759684,1
-0.834,0.04163057348312821,0.06623437496786061,0.1703069809934342,0.7700015020863294,0.2282242861651024,0.0017742117485682403,1
-0.833,0.04169689301161372,0.0664048190439879,0.17058106233265577,0.7693510734299298,0.22886325783041617,0.0017856687396540529,1
-0.832,0.041763383121216184,0.06657553709252592,0.17085492521815002,0.7686993398098999,0.22950346481122091,0.0017971953788791216,1
-0.831,0.041830044085798775,0.0667465288944242,0.17112856846336608,0.7680463016308866,0.23014490631813045,0.0018087920509828755,1
-0.83,0.04189687617900503,0.06691779422945265,0.17140199093726424,0.7673919593165213,0.23078758154097453,0.0018204591425043063,1
-0.829,0.04196387967425768,0.06708933287629873,0.17167519154696873,0.7667363133094853,0.2314314896487267,0.0018321970417878473,1
-0.828,0.04203105484475763,0.06726114461254659,0.1719481691839912,0.7660793640715785,0.23207662978943222,0.00184400613898922,1
-0.827,0.04209840196348277,0.06743322921466671,0.17222092279535456,0.7654211120837828,0.2327230010901358,0.001855886826081301,1
-0.826,0.042165921303186964,0.0676055864581373,0.17249345138185807,0.7647615578463299,0.2333706026568101,0.001867839496860001,1
-0.825,0.04223361313639905,0.06777821611743043,0.1727657539668524,0.7641007018787652,0.23401943357428476,0.0018798645469501123,1
-0.8240000000000001,0.042301477735421825,0.067951117966071,0.17303782958409658,0.763438544720013,0.2346694929061757,0.0018919623738111724,1
-0.823,0.04236951537233119,0.06812429177659862,0.17330967730551355,0.762775086928442,0.2353207796948146,0.0019041333767433404,1
-0.8220000000000001,0.04243772631897502,0.06829773732068203,0.1735812962654763,0.7621103290819283,0.23597329296117833,0.0019163779568932486,1
-0.821,0.042506110846972554,0.06847145436912958,0.1738526856052967,0.7614442717779194,0.23662703170482063,0.0019286965172598837,1
-0.8200000000000001,0.04257466922771328,0.06864544269189263,0.17412384450271584,0.7607769156334984,0.23728199490380117,0.0019410894627004227,1
-0.819,0.04264340173235634,0.06881970205813501,0.17439477217884286,0.7601082612854458,0.237938181514618,0.0019535571999361252,1
-0.8180000000000001,0.04271230863182955,0.06899423223625031,0.17466546788427723,0.7594383093903035,0.2385955904721383,0.001966100137558171,1
-0.817,0.04278139019682884,0.06916903299390356,0.17493593090084342,0.7587670606244354,0.23925422068953106,0.001978718686033534,1
-0.8160000000000001,0.04285064669781736,0.069344104098052,0.1752061605606729,0.758094515684091,0.23991407105819818,0.0019914132577108366,1
-0.815,0.042920078405024945,0.06951944531502491,0.1754761562236527,0.7574206752854649,0.2405751404477088,0.0020041842668262182,1
-0.8140000000000001,0.04298968558844741,0.0696950564104993,0.17574591726181293,0.7567455401647595,0.24123742770573134,0.002017032129509171,1
-0.813,0.04305946851784594,0.06987093714954853,0.17601544312351153,0.7560691110782441,0.2419009316579675,0.002029957263788425,1
-0.812,0.043129427462746506,0.07004708729674633,0.176284733284862,0.7553913888023164,0.24256565110808592,0.002042960089597772,1
-0.8109999999999999,0.043199562692439436,0.07022350661611826,0.17655378722544035,0.7547123741335602,0.2432315848376578,0.002056041028781947,1
-0.81,0.04326987447597874,0.07040019487119721,0.17682260449943654,0.7540320678888074,0.24389873160609024,0.0020692005051024453,1
-0.8089999999999999,0.04334036308218183,0.07057715182511713,0.17709118469745583,0.7533504709051938,0.24456709015056283,0.00208243894424341,1
-0.808,0.04341102877962898,0.07075437724059212,0.17735952742396738,0.7526675840402199,0.24523665918596266,0.0020957567738174427,1
-0.8069999999999999,0.043481871836663015,0.07093187087996507,0.1776276323372376,0.751983408171807,0.24590743740482152,0.002109154423371473,1
-0.806,0.04355289252138891,0.0711096325052666,0.1778954991406288,0.751297944198356,0.2465794234772514,0.002122632324392582,1
-0.8049999999999999,0.04362409110167355,0.07128766187824633,0.17816312756005465,0.7506111930388031,0.24725261605088303,0.0021361909103138578,1
-0.804,0.0436954678451454,0.07146595876038671,0.1784305173700011,0.7499231556326773,0.24792701375080248,0.0021498306165202144,1
-0.8029999999999999,0.04376702301919432,0.07164452291298633,0.1786976683969958,0.7492338329401556,0.24860261517949006,0.002163551880354236,1
-0.802,0.04383875689097137,0.0718233540971807,0.1789645804883831,0.7485432259421195,0.2492794189167585,0.0021773551411220005,1
-0.8009999999999999,0.04391066972738868,0.0720024520739631,0.17923125353140595,0.7478513356402083,0.2499574235196927,0.0021912408400989246,1
-0.8,0.0439827617951193,0.07218181660424351,0.17949768747228795,0.747158163056876,0.2506366275225885,0.0022052094205355535,1
-0.7989999999999999,0.04405503336059717,0.07236144744890767,0.17976388230062074,0.746463709235443,0.2513170294368935,0.0022192613276634165,1
-0.798,0.044127484690017114,0.07254134436884475,0.1800298380146696,0.7457679752401515,0.2519986277511477,0.0022333970087008164,1
-0.7969999999999999,0.04420011604933486,0.07272150712493701,0.18029555467341513,0.7450709621562169,0.2526814209309245,0.002247616912858665,1
-0.796,0.04427292770426699,0.07290193547819158,0.18056103241043103,0.7443726710898819,0.2533654074187719,0.002261921491346262,1
-0.7949999999999999,0.044345919920291244,0.07308262918975787,0.18082627135582158,0.7436731031684669,0.25405058563415595,0.002276311197377136,1
-0.794,0.044419092962646504,0.07326358802090323,0.18109127168652855,0.7429722595404229,0.2547369539734023,0.0022907864861748195,1
-0.7929999999999999,0.04449244709633305,0.07344481173313093,0.18135603365235214,0.7422701413753812,0.25542451080964007,0.0023053478149786546,1
-0.792,0.044565982586112766,0.07362630008820793,0.18162055753258283,0.7415667498642049,0.2561132544927454,0.0023199956430495776,1
-0.791,0.044639699696509466,0.0738080528481961,0.1818848436377361,0.7408620862190378,0.25680318334928626,0.002334730431675918,1
-0.79,0.04471359869180916,0.0739900697754834,0.1821488923390428,0.7401561516733539,0.25749429568246696,0.002349552644179169,1
-0.789,0.04478767983606043,0.07417235063287418,0.18241270405283655,0.7394489474820067,0.2581865897720734,0.002364462745919767,1
-0.788,0.04486194339307491,0.07435489518358908,0.18267627922494128,0.7387404749212773,0.25888006387442,0.002379461204302879,1
-0.787,0.04493638962642761,0.07453770319132406,0.18293961836189626,0.7380307352889205,0.2595747162222953,0.002394548488784138,1
-0.786,0.045011018799457556,0.07472077442031287,0.1832027220118741,0.7373197299042147,0.26027054502490987,0.0024097250708754337,1
-0.785,0.04508583117526824,0.07490410863534781,0.18346559076815022,0.7366074601080059,0.26096754846784354,0.0024249914241506595,1
-0.784,0.04516082701672825,0.07508770560184917,0.1837282252708376,0.7358939272627543,0.26166572471299415,0.0024403480242514656,1
-0.783,0.045236006586471936,0.07527156508588949,0.1839906261982131,0.7351791327525806,0.2623650718985264,0.002455795348892981,1
-0.782,0.04531137014690003,0.0754556868542456,0.18425279429794256,0.7344630779833093,0.26306558813882114,0.002471333877869584,1
-0.781,0.04538691796018043,0.07564007067448537,0.18451473035759042,0.7337457643825139,0.26376727152442553,0.00248696409306062,1
-0.78,0.045462650288249,0.07582471631496078,0.18477643518206838,0.7330271933995596,0.2644701201220042,0.002502686478436132,1
-0.779,0.04553856739281035,0.07600962354484951,0.18503790965435069,0.7323073665056474,0.2651741319742901,0.0025185015200625683,1
-0.778,0.0456146695353387,0.07619479213426948,0.1852991547181269,0.7315862851938552,0.2658793051000365,0.0025344097061085033,1
-0.777,0.04569095697707889,0.07638022185428577,0.18556017134657693,0.7308639509791798,0.2665856374939699,0.00255041152685036,1
-0.776,0.04576742997904727,0.07656591247696264,0.18582096054584035,0.7301403653985788,0.26729312712674297,0.002566507474678078,1
-0.775,0.04584408880203281,0.07675186377537745,0.18608152339491518,0.7294155300110109,0.26800177194488845,0.002582698044100833,1
-0.774,0.04592093370659803,0.07693807552375247,0.18634186104218836,0.7286894463974739,0.2687115698707734,0.0025989837317526997,1
-0.773,0.04599796495308032,0.07712454749746182,0.1866019746343121,0.7279621161610467,0.2694225188025549,0.0026153650363983597,1
-0.772,0.04607518280159295,0.07731127947302109,0.18686186538732757,0.7272335409269259,0.2701346166141352,0.002631842458938749,1
-0.771,0.04615258751202636,0.07749827122823648,0.18712153460574682,0.726503722342465,0.27084786115511833,0.0026484165024167174,1
-0.77,0.046230179344049424,0.07768552254223259,0.1873809836096944,0.7257726620772099,0.27156225025076725,0.0026650876720227044,1
-0.769,0.046307958557110826,0.07787303319545587,0.18764021376092826,0.7250403618229381,0.2722777817019616,0.0026818564751003677,1
-0.768,0.046385925410440336,0.07806080296975444,0.18789922649753416,0.7243068232936919,0.2729944532851559,0.0026987234211522464,1
-0.767,0.046464080163050335,0.07824883164845094,0.18815802330270065,0.7235720482258158,0.2737122627523389,0.002715689021845358,1
-0.766,0.04654242307373724,0.07843711901635984,0.18841660571512747,0.72283603837799,0.2744312078309932,0.0027327537910168498,1
-0.765,0.046620954401083055,0.07862566485988119,0.18867497532382133,0.7220987955312651,0.2751512862240552,0.0027499182446796074,1
-0.764,0.046699674403457,0.07881446896700749,0.18893313374901394,0.7213603214890947,0.27587249560987753,0.0027671829010278604,1
-0.763,0.04677858333901707,0.07900353112737922,0.1891910826907343,0.7206206180773679,0.27659483364218934,0.002784548280442771,1
-0.762,0.04685768146571176,0.07919285113238896,0.18944882390972678,0.7198796871444424,0.2773182979500597,0.0028020149054980197,1
-0.761,0.04693696904128185,0.07938242877519867,0.1897063592066343,0.719137530561174,0.2780428861378606,0.0028195833009654085,1
-0.76,0.04701644632326216,0.07957226385080222,0.1899636904289374,0.7183941502209485,0.27876859578523094,0.0028372539938204184,1
-0.759,0.04709611356898345,0.07976235615605655,0.19022081948136244,0.7176495480397111,0.2794954244470411,0.0028550275132477577,1
-0.758,0.04717597103557427,0.07995270548976495,0.19047774833282055,0.7169037259559948,0.28022336965335826,0.0028729043906469236,1
-0.757,0.04725601897996298,0.08014331165272219,0.19073447900599932,0.7161566859309498,0.2809524289094126,0.0028908851596377563,1
-0.756,0.047336257658879714,0.08033417444777695,0.19099101358256693,0.7154084299483702,0.2816825996955638,0.0029089703560659505,1
-0.755,0.04741668732885854,0.08052529367988732,0.19124735418755962,0.7146589600147222,0.28241387946726915,0.0029271605180085872,1
-0.754,0.04749730824623949,0.08071666915615207,0.1915035030015248,0.7139082781591691,0.2831462656550513,0.002945456185779645,1
-0.753,0.04757812066717084,0.08090830068589037,0.1917594622726641,0.7131563864335969,0.2838797556644675,0.0029638579019355027,1
-0.752,0.04765912484761127,0.0811001880806974,0.19201523431336393,0.7124032869126403,0.28461434687607917,0.002982366211280444,1
-0.751,0.047740321043332236,0.0812923311545171,0.19227082147243985,0.711648981693705,0.2853500366454228,0.0030009816608721034,1
-0.75,0.047821709509920304,0.08148472972364228,0.19252622615768805,0.710893472896992,0.28608682230298094,0.0030197048000269754,1
-0.749,0.04790329050277952,0.08167738360683248,0.19278145085323256,0.7101367626655198,0.2868247011541543,0.003038536180325848,1
-0.748,0.04798506427713397,0.08187029262534874,0.19303649807789186,0.7093788531651463,0.2875636704792345,0.003057476355619273,1
-0.747,0.04806703108803022,0.08206345660298826,0.19329137042507755,0.7086197465845895,0.2883037275333776,0.0030765258820329867,1
-0.746,0.048149191190339946,0.0822568753661989,0.1935460705541207,0.707859445135448,0.28904486954657876,0.0030956853179733364,1
-0.745,0.048231544838762616,0.0824505487440965,0.19380060116078163,0.7070979510522203,0.2897870937236469,0.0031149552241327167,1
-0.744,0.04831409228782814,0.08264447656852046,0.19405496499980118,0.7063352665923239,0.2905303972441811,0.003134336163494961,1
-0.743,0.04839683379189966,0.08283865867409611,0.1943091649022481,0.7055713940361122,0.29127477726254697,0.003153828701340727,1
-0.742,0.04847976960517633,0.08303309489832496,0.19456320375643693,0.704806335686893,0.292020230907854,0.0031734334052528706,1
-0.741,0.04856289998169631,0.08322778508160898,0.19481708450098928,0.7040400938709437,0.29276675528393453,0.0031931508451218523,1
-0.74,0.04864622517533955,0.08342272906732694,0.19507081013871147,0.7032726709375271,0.2935143474693218,0.0032129815931510658,1
-0.739,0.04872974543983096,0.0836179267018864,0.19532438373312516,0.7025040692589067,0.29426300451723114,0.0032329262238621785,1
-0.738,0.04881346102874332,0.08381337783479319,0.1955778084136715,0.7017342912303601,0.29501272345553936,0.0032529853141004764,1
-0.737,0.04889737219550055,0.08400908231871375,0.1958310873496903,0.7009633392701926,0.2957635012867673,0.0032731594430401964,1
-0.736,0.04898147919338075,0.08420504000949257,0.19608422379378804,0.7001912158197486,0.2965153349880616,0.0032934491921897987,1
-0.735,0.04906578227551953,0.08440125076630133,0.19633722106969492,0.6994179233434247,0.297268221511178,0.003313855145397302,1
-0.734,0.04915028169491335,0.08459771445163196,0.19659008253236615,0.6986434643286789,0.2980221577824656,0.003334377888855535,1
-0.733,0.0492349777044228,0.08479443093136606,0.19684281160441114,0.6978678412860412,0.2987771407028512,0.0033550180111074266,1
-0.732,0.049319870556776085,0.08499140007484078,0.1970954117812977,0.6970910567491231,0.2995331671478257,0.0033757761030512603,1
-0.731,0.04940496050457248,0.08518862175492865,0.19734788663482145,0.6963131132746245,0.3002902339674294,0.0033966527579459027,1
-0.73,0.04949024780028594,0.08538609584811042,0.19760023976106417,0.695534013442343,0.3010483379862408,0.003417648571416047,1
-0.729,0.0495757326962687,0.08558382223445078,0.1978524748428438,0.6947537598551787,0.3018074760033639,0.0034387641414574204,1
-0.728,0.049661415444754844,0.08578180079779611,0.1981045956427686,0.6939723551391408,0.302567644792417,0.0034600000684420146,1
-0.727,0.04974729629786429,0.08598003142573632,0.1983566059373455,0.693189801943353,0.30332884110152386,0.003481356955123231,1
-0.726,0.04983337550760632,0.0861785140096708,0.19860850961755921,0.692406102940056,0.304091061653303,0.003502835406641091,1
-0.725,0.049919653325883634,0.08637724844497144,0.1988603106229529,0.6916212608246124,0.30485430314486023,0.0035244360305273816,1
-0.724,0.05000613000449626,0.08657623463091671,0.1991120129312544,0.6908352783155083,0.30561856224778094,0.0035461594367108256,1
-0.723,0.05009280579514547,0.08677547247083395,0.19936362060518614,0.6900481581543542,0.3063838356081235,0.0035680062375221828,1
-0.722,0.05017968094943793,0.08697496187212708,0.19961513777512468,0.6892599031058871,0.3071501198464135,0.003589977047699376,1
-0.721,0.05026675571888972,0.0871747027463842,0.1998665686425703,0.6884705159579689,0.30791741155763847,0.003612072484392624,1
-0.72,0.0503540303549307,0.08737469500941222,0.2001179174437177,0.6876799995215859,0.30868570731124456,0.0036342931671695163,1
-0.719,0.050441505108908546,0.08757493858127163,0.20036918850496727,0.6868883566308467,0.30945500365113326,0.00365663971802007,1
-0.718,0.05052918023209324,0.08777543338642216,0.20062038622384298,0.6860955901429795,0.31022529709565866,0.0036791127613618026,1
-0.717,0.05061705597568139,0.08797617935371932,0.20087151503429806,0.6853017029383285,0.31099658413762676,0.003701712924044805,1
-0.716,0.05070513259080068,0.08817717641649075,0.201122579450083,0.6845066979203484,0.31176886124429487,0.0037244408353567463,1
-0.715,0.05079341032851437,0.08837842451261949,0.2013735840612761,0.6837105780156004,0.3125421248573718,0.003747297127027866,1
-0.714,0.05088188943982592,0.08857992358461331,0.2016245335204057,0.6829133461737446,0.31331637139301965,0.0037702824332360198,1
-0.713,0.0509705701756836,0.0887816735796603,0.20187543252857248,0.6821150053675328,0.3140915972418557,0.0037933973906116567,1
-0.712,0.05105945278698524,0.08898367444967045,0.2021262858736132,0.6813155585928011,0.3148677987689561,0.0038166426382427736,1
-0.7110000000000001,0.05114853752458294,0.08918592615140752,0.20237709840928414,0.6805150088684608,0.31564497231385924,0.003840018817679858,1
-0.71,0.051237824639288054,0.08938842864648902,0.20262787502924023,0.6797133592364872,0.3164231141905719,0.0038635265729408705,1
-0.7090000000000001,0.05132731438187592,0.089591181901466,0.20287862071040313,0.6789106127619101,0.31720222068757375,0.00388716655051612,1
-0.708,0.051417007003090986,0.08979418588790983,0.20312934051122647,0.6781067725328014,0.3179822880678256,0.003910939399373201,1
-0.7070000000000001,0.05150690275365174,0.08999744058248846,0.20338003955434872,0.6773018416602623,0.3187633125687759,0.0039348457709618605,1
-0.706,0.051597001884255964,0.09020094596701853,0.20363072301444998,0.6764958232784102,0.3195452904023709,0.003958886319218909,1
-0.7050000000000001,0.051687304645585776,0.09040470202851736,0.20388139613212988,0.6756887205443641,0.32032821775506287,0.003983061700573031,1
-0.704,0.051777811288313,0.09060870875928279,0.20413206421737698,0.6748805366382283,0.321112090787822,0.004007372573949678,1
-0.7030000000000001,0.05186852206310434,0.09081296615695211,0.20438273266344656,0.6740712747630779,0.3218969056361463,0.00403181960077585,1
-0.702,0.0519594372206269,0.09101747422460968,0.20463340692430923,0.6732609381449388,0.3226826584100763,0.0040564034449849145,1
-0.7010000000000001,0.05205055701155356,0.09122223297080073,0.20488409250944675,0.6724495300327729,0.3234693451942059,0.004081124773021426,1
-0.7,0.052141881686568504,0.09142724240962857,0.2051347950185465,0.6716370536984553,0.3242569620476988,0.004105984253845868,1
-0.6990000000000001,0.05223341149637282,0.09163250256083783,0.20538552010333758,0.6708235124367578,0.32504550500430285,0.00413098255893942,1
-0.698,0.05232514669169018,0.09183801344983525,0.20563627347279492,0.6700089095653249,0.32583497007236634,0.004156120362308728,1
-0.6970000000000001,0.05241708752327249,0.09204377510778342,0.20588706092609912,0.6691932484246543,0.3266253532348551,0.004181398340490567,1
-0.696,0.05250923424190575,0.09224978757168745,0.20613788834049332,0.6683765323780719,0.32741665044937135,0.004206817172556624,1
-0.6950000000000001,0.052601587098415864,0.0924560508844644,0.206388761634854,0.6675587648117101,0.32820885764817176,0.004232377540118104,1
-0.694,0.052694146343674676,0.09266256509495716,0.20663968679050773,0.6667399491344809,0.32900197073818865,0.004258080127330486,1
-0.6930000000000001,0.05278691222860578,0.09286933025804542,0.20689066989112972,0.6659200887780523,0.3297959856010496,0.00428392562089811,1
-0.692,0.05287988500419077,0.09307634643473942,0.20714171707590637,0.6650991871968198,0.3305908980931013,0.004309914710078867,1
-0.6910000000000001,0.05297306492147526,0.09328361369219723,0.20739283454473936,0.6642772478678808,0.3313867040454306,0.004336048086688766,1
-0.69,0.05306645223157516,0.0934911321038289,0.20764402857559297,0.6634542742910037,0.3321833992638898,0.0043623264451065884,1
-0.6890000000000001,0.053160047185682915,0.09369890174934842,0.2078953055019426,0.6626302699886006,0.33298097952912087,0.00438875048227843,1
-0.688,0.05325385003507386,0.09390692271483278,0.20814667173879567,0.661805238505696,0.3337794405965818,0.004415320897722292,1
-0.687,0.05334786103111258,0.09411519509282601,0.2083981337826916,0.6609791834098948,0.33457877819657267,0.0044420383935326,1
-0.6859999999999999,0.05344208042525951,0.09432371898239816,0.20864969817700732,0.6601521082913506,0.3353789880342645,0.004468903674384786,1
-0.685,0.05353650846907738,0.09453249448918002,0.20890137152756985,0.6593240167627332,0.3361800657897271,0.004495917447539734,1
-0.6839999999999999,0.05363114541423787,0.0947415217254533,0.20915316054255487,0.6584949124591922,0.3369820071179595,0.004523080422848327,1
-0.683,0.053725991512528284,0.09495080081026513,0.20940507198911865,0.6576647990383242,0.33778480764892,0.004550393312755885,1
-0.6819999999999999,0.0538210470158584,0.09516033186943154,0.20965711268472445,0.6568336801801341,0.3385884629875591,0.004577856832306655,1
-0.681,0.05391631217626715,0.09537011503563458,0.20990928952142865,0.6560015595870012,0.33939296871385066,0.004605471699148196,1
-0.6799999999999999,0.05401178724592967,0.0955801504484744,0.21016160948843213,0.6551684409836371,0.3401983203828271,0.004633238633535868,1
-0.679,0.0541074724771641,0.09579043825461145,0.21041407962350803,0.6543343281170502,0.34100451352461264,0.004661158358337152,1
-0.6779999999999999,0.054203368122438894,0.09600097860772142,0.21066670700606285,0.6534992247565032,0.3418115436444608,0.004689231599036122,1
-0.677,0.05429947443437954,0.09621177166862357,0.21091949885948516,0.6526631346934738,0.3426194062227885,0.004717459083737708,1
-0.6759999999999999,0.05439579166577614,0.09642281760544039,0.21117246242451074,0.6518260617416111,0.34342809671521674,0.004745841543172131,1
-0.675,0.05449232006959042,0.0966341165934726,0.2114256049800393,0.650988009736694,0.3442376105526067,0.004774379710699157,1
-0.6739999999999999,0.05458905989896309,0.09684566881540047,0.2116789339506873,0.6501489825365867,0.3450479431411009,0.004803074322312436,1
-0.673,0.05468601140722122,0.09705747446137397,0.21193245679923514,0.6493089840211936,0.3458590898621626,0.004831926116643782,1
-0.6719999999999999,0.054783174847885835,0.09726953372899894,0.21218618104050493,0.6484680180924134,0.3466710460726192,0.004860935834967447,1
-0.671,0.05488055047467922,0.09748184682345498,0.21244011428472856,0.647626088674093,0.3474838071047028,0.004890104221204335,1
-0.6699999999999999,0.054978138541532745,0.0976944139575684,0.2126942641924449,0.6467831997119783,0.34829736826609536,0.0049194320219262885,1
-0.669,0.05507593930259436,0.09790723535183987,0.21294863849531645,0.6459393551736674,0.34911172483997244,0.004948919986360226,1
-0.6679999999999999,0.055173953012236425,0.09812031123455903,0.21320324501694612,0.6450945590485582,0.34992687208504947,0.004978568866392379,1
-0.667,0.055272179925063475,0.09833364184187376,0.21345809163991739,0.6442488153478003,0.35074280523562723,0.005008379416572451,1
-0.6659999999999999,0.05537062029592017,0.09854722741783886,0.2137131863057943,0.6434021281042411,0.35155951950164105,0.0050383523941177595,1
-0.665,0.05546927437989915,0.09876106821448535,0.2139685370255299,0.6425545013723747,0.3523770100687079,0.005068488558917352,1
-0.6639999999999999,0.055568142432349144,0.09897516449188992,0.21422415189681335,0.6417059392282867,0.35319527209817714,0.005098788673536166,1
-0.663,0.05566722470888293,0.09918951651827898,0.2144800390815186,0.6408564457696011,0.3540143007271799,0.005129253503219038,1
-0.6619999999999999,0.0557665214653857,0.09940412457005296,0.2147362067987655,0.6400060251154231,0.3548340910686821,0.005159883815894862,1
-0.661,0.05586603295802304,0.09961898893187651,0.2149926633492059,0.639154681406284,0.3556546382115356,0.00519068038218054,1
-0.6599999999999999,0.055965759443249455,0.09983410989675137,0.2152494171098194,0.6383024188040819,0.35647593722053295,0.0052216439753851275,1
-0.659,0.05606570117781654,0.10004948776609615,0.21550647651309687,0.6374492414920252,0.357297983136461,0.005252775371513718,1
-0.6579999999999999,0.05616585841878165,0.10026512284977757,0.21576385005397916,0.6365951536745706,0.3581207709761578,0.005284075349271551,1
-0.657,0.0562662314235161,0.10048101546620411,0.21602154631934747,0.635740159577365,0.35894429573256714,0.005315544690067873,1
-0.6559999999999999,0.056366820449714056,0.10069716594241626,0.21627957395853306,0.6348842634471816,0.35976855237479843,0.005347184178019975,1
-0.655,0.05646762575540093,0.10091357461412118,0.21653794166943943,0.6340274695518596,0.3605935358481833,0.005378994599957051,1
-0.6539999999999999,0.0565686475989423,0.10113024182575514,0.21679665824884933,0.6331697821802393,0.36141924107433665,0.0054109767454241535,1
-0.653,0.05666988623905244,0.10134716793061888,0.21705573256639696,0.6323112056420981,0.36224566295121585,0.005443131406686038,1
-0.6519999999999999,0.056771341934803536,0.10156435329088793,0.21731517351602345,0.6314517442680848,0.36307279635318407,0.005475459378731085,1
-0.651,0.056873014945634216,0.10178179827765092,0.21757499008533113,0.6305914024096543,0.36390063613107065,0.0055079614592750785,1
-0.6499999999999999,0.05697490553135884,0.1019995032710586,0.2178351913625224,0.6297301844389982,0.36472917711223674,0.005540638448765103,1
-0.649,0.057077013952176334,0.10221746866037597,0.21809578646878028,0.6288680947489788,0.36555841410063794,0.005573491150383272,1
-0.648,0.05717934046867959,0.10243569484399616,0.21835678457558774,0.6280051377530574,0.36638834187689195,0.005606520370050583,1
-0.647,0.057281885341864326,0.10265418222952714,0.21861819496545012,0.6271413178852265,0.3672189551983428,0.005639726916430616,1
-0.646,0.057384648833138645,0.10287293123392706,0.21888002697985334,0.6262766395999366,0.3680502487991301,0.005673111600933335,1
-0.645,0.05748763120433218,0.10309194228348685,0.21914229001232502,0.6254111073720243,0.3688822173902569,0.005706675237718739,1
-0.644,0.05759083271770562,0.10331121581395171,0.21940499353445533,0.6245447256966403,0.369714855659659,0.005740418643700655,1
-0.643,0.057694253635960084,0.10353075227055576,0.2196681470872234,0.6236774990891739,0.37054815827227566,0.005774342638550341,1
-0.642,0.05779789422224673,0.10375055210812616,0.21993176025844588,0.6228094320851785,0.3713821198701214,0.005808448044700157,1
-0.641,0.05790175474017634,0.10397061579107265,0.22019584272961448,0.6219405292402951,0.37221673507235786,0.005842735687347237,1
-0.64,0.058005835453828876,0.10419094379358539,0.22046040426722238,0.6210707951301758,0.37305199847536713,0.005877206394457047,1
-0.639,0.05811013662776351,0.1044115365996071,0.22072545464296692,0.6202002343504058,0.37388790465282723,0.005911860996767072,1
-0.638,0.05821465852702809,0.10463239470287132,0.22099100373436356,0.6193288515164235,0.37472444815578637,0.005946700327790276,1
-0.637,0.05831940141716925,0.10485351860707583,0.22125706150566396,0.6184566512634417,0.37556162351273964,0.005981725223818745,1
-0.636,0.05842436556424224,0.10507490882588265,0.22152363796448785,0.6175836382463662,0.37639942522970665,0.00601693652392717,1
-0.635,0.058529551234821016,0.1052965658830048,0.2217907431583536,0.6167098171397137,0.3772378477903097,0.006052335069976408,1
-0.634,0.05863495869600825,0.10551849031219936,0.22205838722671992,0.61583519263753,0.37807688565585323,0.006087921706616879,1
-0.633,0.058740588215445415,0.10574068265745824,0.22232658041139422,0.6149597694533047,0.3789165332654032,0.006123697281292126,1
-0.632,0.05884644006132317,0.10596314347302214,0.22259533296632697,0.6140835523198881,0.3797567850358697,0.006159662644242236,1
-0.631,0.05895251450239146,0.1061858733233909,0.22286465521485757,0.6132065459894045,0.3805976353620883,0.006195818648507245,1
-0.63,0.05905881180796995,0.10640887278345186,0.22313455757573522,0.6123287552331662,0.38143907861690324,0.006232166149930547,1
-0.629,0.05916533224795836,0.10663214243854237,0.2234050505266897,0.6114501848415859,0.38228110915125174,0.006268706007162286,1
-0.628,0.059272076092847036,0.10685568288450524,0.22367614459055365,0.6105708396240878,0.3831237212942494,0.006305439081662739,1
-0.627,0.059379043613727374,0.10707949472772348,0.22394785034914025,0.609690724409019,0.3839669093532754,0.0063423662377056,1
-0.626,0.05948623508230248,0.10730357858520352,0.2242201784814072,0.6088098440435583,0.3848106676140603,0.0063794883423813455,1
-0.625,0.05959365077089778,0.10752793508468629,0.2244931397287623,0.6079282033936259,0.38565499034077355,0.006416806265600502,1
-0.624,0.059701290952471855,0.10775256486466105,0.22476674486383832,0.6070458073437903,0.38649987177611284,0.006454320880096972,1
-0.623,0.0598091559006271,0.10797746857441397,0.2250410047373306,0.6061626607971757,0.38734530614139295,0.0064920330614312355,1
-0.622,0.059917245889620684,0.10820264687413571,0.2253159302745276,0.6052787686753683,0.3881912876366379,0.0065299436879935864,1
-0.621,0.060025561194375375,0.10842810043496302,0.22559153246143307,0.6043941359183207,0.3890378104406718,0.0065680536410073695,1
-0.62,0.06013410209049061,0.10865382993905857,0.2258678223360925,0.6035087674842564,0.38988486871121153,0.006606363804532154,1
-0.619,0.06024286885425349,0.10887983607963521,0.22614481099032782,0.6026226683495725,0.39073245658496064,0.006644875065466922,1
-0.618,0.06035186176264988,0.10910611956103923,0.22642250962177904,0.6017358435087431,0.39158056817770376,0.00668358831355319,1
-0.617,0.06046108109337557,0.10933268109887877,0.22670092945931122,0.6008482979742197,0.39242919758440203,0.006722504441378127,1
-0.616,0.06057052712484764,0.10955952141995785,0.22698008177168807,0.5999600367763327,0.39327833887928965,0.006761624344377717,1
-0.615,0.06068020013621549,0.10978664126242214,0.2272599779161442,0.5990710649631894,0.3941279861159707,0.0068009489208397675,1
-0.614,0.06079010040737248,0.11001404137579014,0.2275406293106295,0.5981813876005747,0.39497813332751835,0.006840479071907031,1
-0.613,0.06090022821896707,0.1102417225210434,0.22782204745809534,0.5972910097718472,0.39582877452657256,0.00688021570158016,1
-0.612,0.06101058385241457,0.11046968547070633,0.228104243868432,0.5963999365778376,0.39667990370544143,0.006920159716720849,1
-0.611,0.06112116758990848,0.11069793100878027,0.2283872301209187,0.5955081731367435,0.39753151483620175,0.006960312027054734,1
-0.61,0.06123197971443213,0.11092645993094817,0.22867101790412217,0.5946157245840255,0.39838360187080013,0.007000673545174391,1
-0.609,0.06134302050977038,0.11115527304458851,0.2289556189343648,0.5937225960723005,0.39923615874115714,0.007041245186542294,1
-0.608,0.06145429026052131,0.1113843711688169,0.2292410449609287,0.5928287927712366,0.4000891793592696,0.007082027869493776,1
-0.607,0.06156578925210801,0.11161375513451037,0.22952730781289324,0.591934319867444,0.40094265761731623,0.007123022515239873,1
-0.606,0.06167751777079033,0.11184342578444269,0.2298144194147476,0.5910391825643677,0.401796587387762,0.007164230047870265,1
-0.605,0.061789476103676896,0.11207338397333987,0.23010239170659344,0.5901433860821784,0.4026509625234655,0.0072056513943561246,1
-0.604,0.06190166453873701,0.11230363056785587,0.23039123667190056,0.5892469356576615,0.40350577685778555,0.007247287484552976,1
-0.603,0.06201408336481261,0.11253416644668367,0.23068096638434435,0.5883498365441074,0.40436102420468906,0.007289139251203516,1
-0.602,0.062126732871630376,0.11276499250062456,0.23097159297311134,0.587452094011199,0.40521669835886065,0.007331207629940385,1
-0.601,0.06223961334981386,0.11299610963262989,0.2312631286263687,0.5865537133448991,0.40607279309581185,0.007373493559288987,1
-0.6,0.062352725090895636,0.1132275187578773,0.23155558556524328,0.5856546998473375,0.406929302171992,0.007415997980670222,1
-0.599,0.06246606838732961,0.11345922080376038,0.2318489760559648,0.5847550588366967,0.4077862193249001,0.0074587218384032684,1
-0.598,0.06257964353250316,0.11369121670998923,0.23214331246190748,0.5838547956470955,0.40864353827319616,0.007501666079708245,1
-0.597,0.06269345082074959,0.11392350742868419,0.23243860719848722,0.5829539156284754,0.40950125271681576,0.007544831654708917,1
-0.596,0.06280749054736053,0.1141560939243862,0.23273487271754914,0.5820524241464817,0.4103593563370828,0.007588219516435416,1
-0.595,0.06292176300859836,0.11438897717411929,0.23303212150910227,0.5811503265823474,0.4112178427968256,0.007631830620826845,1
-0.594,0.06303626850170876,0.11462215816740441,0.23333036611519734,0.5802476283327738,0.4120767057404921,0.007675665926733929,1
-0.593,0.06315100732493317,0.11485563790634969,0.23362961917849903,0.5793443348098125,0.4129359387942659,0.007719726395921587,1
-0.592,0.06326597977752146,0.11508941740576141,0.23392989338677486,0.5784404514407441,0.41379553556618437,0.007764012993071579,1
-0.591,0.0633811861597447,0.11532349769312324,0.23423120142085344,0.5775359836679582,0.4146554896462567,0.007808526685785069,1
-0.59,0.06349662677290771,0.11555787980860312,0.23453355605870785,0.5766309369488319,0.4155157946065829,0.007853268444585115,1
-0.589,0.0636123019193619,0.11579256480524065,0.23483697014770022,0.5757253167556076,0.41637644400147317,0.007898239242919219,1
-0.588,0.06372821190251819,0.11602755374889852,0.23514145653172314,0.5748191285752688,0.4172374313675692,0.007943440057161877,1
-0.587,0.0638443570268597,0.1162628477183041,0.2354470281344665,0.5739123779094176,0.4180987502239654,0.007988871866616986,1
-0.586,0.0639607375979548,0.11649844780516745,0.23575369795247858,0.5730050702741493,0.4189603940723305,0.008034535653520351,1
-0.585,0.06407735392247003,0.11673435511420906,0.2360614790065938,0.5720972111999266,0.41982235639703125,0.008080432403042109,1
-0.584,0.06419420630818322,0.11697057076318064,0.2363703843453952,0.5711888062314547,0.4206846306652562,0.008126563103289162,1
-0.583,0.0643112950639964,0.11720709588289985,0.23668042711116172,0.570279860927553,0.4215472103271396,0.008172928745307567,1
-0.5820000000000001,0.06442862049994902,0.11744393161740296,0.23699162047391398,0.5693703808610281,0.4224100888158871,0.008219530323084872,1
-0.581,0.0645461829272312,0.11768107912384768,0.2373039776314143,0.568460371618545,0.4232732595479024,0.008266368833552572,1
-0.5800000000000001,0.06466398265819671,0.11791853957266579,0.23761751185430424,0.5675498388004989,0.42413671592291274,0.00831344527658829,1
-0.579,0.06478202000637653,0.11815631414755629,0.23793223645138228,0.5666387880208841,0.42500045132409786,0.008360760655018252,1
-0.5780000000000001,0.06490029528649183,0.11839440404556856,0.23824816479042754,0.5657272249071638,0.4258644591182168,0.008408315974619456,1
-0.577,0.06501880881446767,0.11863281047713714,0.23856531027044414,0.5648151551001388,0.42672873265573913,0.008456112244122021,1
-0.5760000000000001,0.0651375609074461,0.11887153466610945,0.23888368633206958,0.5639025842538163,0.4275932652709722,0.008504150475211364,1
-0.575,0.06525655188379989,0.11911057784980128,0.23920330645410526,0.5629895180352756,0.42845805028219386,0.008552431682530531,1
-0.5740000000000001,0.0653757820631457,0.11934994127901766,0.23952418417780263,0.5620759621245357,0.429323080991782,0.008600956883682277,1
-0.573,0.06549525176635793,0.11958962621815689,0.2398463330999243,0.5611619222144208,0.4301883506863478,0.008649727099231355,1
-0.5720000000000001,0.06561496131558202,0.1198296339452175,0.2401697668311107,0.560247404010426,0.43105385263686724,0.008698743352706621,1
-0.571,0.06573491103424836,0.12006996575181911,0.24049449901669662,0.5593324132305811,0.4319195800988157,0.008748006670603232,1
-0.5700000000000001,0.06585510124708566,0.1203106229432509,0.24082054336793646,0.5584169556053147,0.43278552631230066,0.008797518082384702,1
-0.569,0.06597553228013486,0.12055160683855498,0.24114791365506516,0.5575010368773174,0.43365168450219754,0.008847278620485094,1
-0.5680000000000001,0.06609620446076277,0.12079291877056103,0.24147662364831768,0.5565846628014048,0.4345180478782841,0.008897289320310985,1
-0.567,0.06621711811767599,0.12103456008585162,0.24180668715262343,0.5556678391443783,0.43538460963537806,0.008947551220243672,1
-0.5660000000000001,0.06633827358093447,0.12127653214486628,0.24213811805270913,0.5547505716848875,0.4362513629534715,0.008998065361641053,1
-0.565,0.06645967118196572,0.12151883632195704,0.24247093026799593,0.5538328662132893,0.4371183009978709,0.009048832788839804,1
-0.5640000000000001,0.06658131125357838,0.12176147400540227,0.2428051377317828,0.5529147285315098,0.43798541691933296,0.009099854549157236,1
-0.563,0.06670319412997652,0.1220044465974206,0.24314075440859373,0.5519961644529016,0.438852703854205,0.00915113169289341,1
-0.562,0.06682532014677323,0.12224775551421946,0.2434777943149944,0.5510771798021044,0.43972015492456284,0.009202665273332964,1
-0.5609999999999999,0.06694768964100496,0.12249140218605059,0.24381627152653107,0.5501577804149009,0.440587763238352,0.00925445634674718,1
-0.56,0.06707030295114533,0.12273538805727252,0.24415620012568895,0.5492379721380768,0.44145552188952736,0.009306505972395771,1
-0.5589999999999999,0.06719316041711951,0.12297971458630197,0.24449759423311712,0.5483177608292757,0.4423234239581954,0.009358815212528895,1
-0.558,0.06731626238031793,0.12322438324573876,0.24484046801803694,0.5473971523568565,0.4431914625107544,0.00941138513238893,1
-0.5569999999999999,0.06743960918361099,0.12346939552233804,0.24518483564273086,0.5464761525997485,0.4440596306000393,0.009464216800212442,1
-0.556,0.06756320117136261,0.12371475291702422,0.2455307113700953,0.5455547674473067,0.4449279212654615,0.0095173112872319,1
-0.5549999999999999,0.06768703868944503,0.12396045694507823,0.24587810945955724,0.5446330027991667,0.4457963275331557,0.009570669667677594,1
-0.554,0.06781112208525276,0.12420650913594333,0.2462270441670742,0.5437108645650989,0.4466648424161218,0.009624293018779373,1
-0.5529999999999999,0.06793545170771692,0.12445291103341238,0.2465775298526871,0.5427883586648605,0.447533458914371,0.009678182420768408,1
-0.552,0.06806002790731959,0.12469966419564871,0.24692958085908967,0.5418654910280509,0.44840217001506993,0.009732338956879,1
-0.5509999999999999,0.06818485103610822,0.12494677019513056,0.24728321156367006,0.5409422675939618,0.44927096869268796,0.009786763713350289,1
-0.55,0.06830992144770985,0.12519423061877605,0.24763843638891925,0.5400186943114301,0.45013984790914185,0.009841457779427938,1
-0.5489999999999999,0.06843523949734577,0.1254420470679084,0.2479952697781449,0.5390947771386893,0.4510088006139449,0.009896422247365906,1
-0.548,0.06856080554184567,0.12569022115833234,0.2483537261920019,0.53817052204322,0.451877819744352,0.009951658212428003,1
-0.5469999999999999,0.06868661993966244,0.1259387545202924,0.248713820136248,0.5372459350016004,0.45274689822550995,0.0100071667728897,1
-0.546,0.06881268305088625,0.12618764879860483,0.24907556614786586,0.5363210219993563,0.453616028970604,0.01006294903003955,1
-0.5449999999999999,0.06893899523725965,0.12643690565258814,0.24943897875689935,0.53539578903081,0.4544852048810089,0.010119006088181079,1
-0.544,0.06906555686219143,0.12668652675611863,0.24980407255584236,0.5344702420989297,0.45535441884643624,0.010175339054634094,1
-0.5429999999999999,0.06919236829077188,0.12693651379769982,0.25017086214412765,0.5335443872151768,0.45622366374508677,0.010231949039736487,1
-0.542,0.06931942988978683,0.1271868684804069,0.2505393621420047,0.5326182303993556,0.45709293244379867,0.01028883715684563,1
-0.5409999999999999,0.0694467420277327,0.12743759252198383,0.2509095872078868,0.5316917776794592,0.4579622177982009,0.01034600452234002,1
-0.54,0.0695743050748308,0.12768868765482266,0.25128155200365687,0.530765035091517,0.45883151265286215,0.010403452255620721,1
-0.5389999999999999,0.06970211940304234,0.12794015562599115,0.25165527123283105,0.5298380086794418,0.45970080984144557,0.01046118147911288,1
-0.538,0.06983018538608278,0.12819199819728833,0.2520307596266811,0.5289107044948747,0.46057010218685807,0.010519193318267214,1
-0.5369999999999999,0.06995850339943692,0.1284442171452445,0.2524080318956621,0.5279831285970322,0.4614393825014063,0.010577488901561474,1
-0.536,0.07008707382037327,0.12869681426107965,0.2527871028022708,0.5270552870525509,0.4623086435869473,0.010636069360501831,1
-0.5349999999999999,0.07021589702795908,0.12894979135084905,0.2531679871436985,0.5261271859353317,0.46317787823504386,0.010694935829624361,1
-0.534,0.07034497340307497,0.12920315023536705,0.2535506996859114,0.5251988313263858,0.46404707922711774,0.01075408944649638,1
-0.5329999999999999,0.07047430332842981,0.12945689275022088,0.25393525524344795,0.5242702293136771,0.4649162393346051,0.01081353135171787,1
-0.532,0.07060388718857541,0.12971102074585394,0.2543216686690106,0.5233413859919674,0.4657853513191098,0.010873262688922756,1
-0.5309999999999999,0.07073372536992152,0.1299655360875589,0.25470995481183234,0.5224123074626587,0.4666544079325609,0.010933284604780363,1
-0.53,0.07086381826075053,0.1302204406554776,0.25510012850726826,0.5214829998336368,0.46752340191736663,0.010993598248996627,1
-0.5289999999999999,0.07099416625123248,0.13047573634457343,0.2554922046357764,0.5205534692191132,0.4683923260065714,0.011054204774315481,1
-0.528,0.07112476973343967,0.13073142506474916,0.25588619811597857,0.5196237217394686,0.46926117292401137,0.011115105336520022,1
-0.5269999999999999,0.07125562910136198,0.1309875087408054,0.2562821238283328,0.5186937635210933,0.4701299353844728,0.01117630109443392,1
-0.526,0.07138674475092129,0.13124398931240583,0.25667999667758323,0.5177636006962302,0.47099860609384736,0.01123779320992249,1
-0.5249999999999999,0.07151811707998679,0.13150086873416056,0.2570798316205156,0.5168332394028146,0.4718671777492914,0.01129958284789406,1
-0.524,0.0716497464883896,0.13175814897564686,0.257481643600038,0.5159026857843171,0.4727356430393819,0.01136167117630105,1
-0.5229999999999999,0.07178163337793808,0.13201583202136064,0.25788544754865006,0.5149719459895818,0.4736039946442769,0.011424059366141293,1
-0.522,0.07191377815243233,0.13227391987074416,0.2582912584370154,0.5140410261726694,0.4744722252358714,0.011486748591459038,1
-0.5209999999999999,0.07204618121767957,0.13253241453823467,0.25869909121845036,0.5131099324926948,0.475340327477959,0.01154974002934623,1
-0.52,0.0721788429815088,0.13279131805318106,0.25910896089137414,0.5121786711136683,0.47620829402638815,0.01161303485994355,1
-0.519,0.07231176385378593,0.13305063246001742,0.2595208824403281,0.5112472482043349,0.4770761175292236,0.011676634266441515,1
-0.518,0.07244494424642883,0.13331035981806172,0.25993487082556754,0.5103156699380131,0.4779437906269054,0.011740539435081668,1
-0.517,0.07257838457342206,0.13357050220166855,0.26035094108714496,0.5093839424924345,0.47881130595240806,0.011804751555157499,1
-0.516,0.07271208525083217,0.133831061700236,0.26076910821654065,0.5084520720495822,0.47967865613140237,0.011869271819015582,1
-0.515,0.07284604669682253,0.13409204041810163,0.2611893872052349,0.5075200647955294,0.4805458337824141,0.011934101422056594,1
-0.514,0.07298026933166837,0.13435344047464648,0.26161179306899407,0.5065879269202777,0.4814128315169861,0.011999241562736325,1
-0.513,0.07311475357777182,0.13461526400423962,0.26203634081664573,0.5056556646175953,0.48227964193983813,0.012064693442566618,1
-0.512,0.07324949985967685,0.13487751315627977,0.26246304548477295,0.5047232840848547,0.48314625764902897,0.012130458266116355,1
-0.511,0.07338450860408438,0.13514019009520917,0.26289192208914214,0.5037907915228705,0.4840126712361169,0.012196537241012474,1
-0.51,0.07351978023986727,0.13540329700045806,0.2633229856073558,0.502858193135737,0.48487887528632206,0.01226293157794085,1
-0.509,0.0736553151980853,0.13566683606642388,0.263756251075997,0.5019254951306652,0.48574486237868775,0.012329642490647176,1
-0.508,0.07379111391200012,0.13593080950261005,0.2641917335524655,0.5009927037178199,0.4866106250862422,0.012396671195937868,1
-0.507,0.07392717681709052,0.1361952195335288,0.26462944800048604,0.5000598251101575,0.48747615597616156,0.012464018913681032,1
-0.506,0.07406350435106718,0.13646006839861102,0.2650694094184778,0.49912686552326146,0.48834144760993126,0.012531686866807225,1
-0.505,0.07420009695388774,0.13672535835236577,0.26551163286037105,0.4981938311751805,0.48920649254350934,0.012599676281310236,1
-0.504,0.07433695506777191,0.13699109166433177,0.2659561333176461,0.49726072828626383,0.490071283327488,0.012667988386248047,1
-0.503,0.0744740791372164,0.13725727061900106,0.2664029257540277,0.4963275630789985,0.49093581250725804,0.012736624413743534,1
-0.502,0.07461146960900991,0.13752389751583982,0.2668520251818127,0.495394341777845,0.49180007262316966,0.01280558559898532,1
-0.501,0.07474912693224808,0.13779097466936469,0.2673034466132982,0.49446107060907407,0.4926640562106974,0.01287487318022839,1
-0.5,0.07488705155834864,0.13805850440906642,0.2677572049844532,0.4935277558006025,0.4935277558006025,0.01294448839879498,1
-0.499,0.07502524394106622,0.1383264890793336,0.26821331525553305,0.492594403581829,0.49439116391909566,0.013014432499075263,2
-0.498,0.07516370453650731,0.13859493103957748,0.2686717924214874,0.49166102018347063,0.4952542730880014,0.013084706728527976,2
-0.497,0.07530243380314537,0.13886383266417657,0.26913265142522436,0.490727611837398,0.4961170758249208,0.013155312337681168,2
-0.496,0.07544143220183566,0.13913319634242793,0.2695959071818963,0.4897941847764715,0.4969795646433955,0.013226250580132848,2
-0.495,0.07558070019583023,0.13940302447854036,0.2700615746309418,0.48886074523437756,0.497841732053071,0.013297522712551656,2
-0.494,0.07572023825079274,0.13967331949168982,0.2705296686909828,0.4879272994454626,0.49870357055986003,0.013369129994677407,2
-0.493,0.07586004683481361,0.13994408381592233,0.27100020424594673,0.48699385364457093,0.4995650726661072,0.01344107368932181,2
-0.492,0.07600012641842459,0.1402153199001817,0.2714731961971082,0.48606041406687905,0.500426230870752,0.013513355062368912,2
-0.491,0.07614047747461397,0.14048703020831654,0.2719486594006252,0.48512698694773143,0.5012870376694929,0.013585975382775778,2
-0.49,0.07628110047884122,0.14075921721898296,0.27242660871616675,0.48419357852247635,0.5021474855549506,0.01365893592257304,2
-0.489,0.07642199590905194,0.14103188342574888,0.27290705898602696,0.4832601950263018,0.5030075670168329,0.013732237956865312,2
-0.488,0.07656316424569272,0.14130503133695502,0.2733900250351249,0.4823268426940705,0.5038672745420978,0.013805882763831821,2
-0.487,0.07670460597172585,0.14157866347581913,0.2738755216571962,0.48139352776015587,0.5047266006151172,0.01387987162472682,2
-0.486,0.07684632157264436,0.1418527823802694,0.27436356360432934,0.4804602564582783,0.5055855377178416,0.013954205823880142,2
-0.485,0.07698831153648639,0.1421273906030278,0.27485416568065446,0.47952703502133964,0.5064440783299631,0.01402888664869746,2
-0.484,0.07713057635385041,0.14240249071163072,0.27534734263479055,0.47859386968126016,0.507302214929079,0.01410391538966095,2
-0.483,0.07727311651790965,0.14267808528829737,0.275843109156376,0.4776607666688139,0.5081599399908564,0.014179293340329564,2
-0.482,0.07741593252442701,0.14295417692994347,0.27634147993157976,0.476727732213465,0.5090172459891956,0.014255021797339477,2
-0.481,0.07755902487176954,0.14323076824816053,0.27684246966738746,0.4757947725432025,0.5098741253963931,0.014331102060404395,2
-0.48,0.07770239406092333,0.14350786186927825,0.2773460930013958,0.4748618938843783,0.5107305706833057,0.014407535432315936,2
-0.479,0.07784604059550809,0.14378546043416332,0.2778523645295681,0.4739291024615416,0.5115865743195144,0.014484323218944033,2
-0.478,0.07798996498179166,0.14406356659833738,0.2783612988825621,0.4729964044972765,0.5124421287734865,0.014561466729237114,2
-0.477,0.07813416772870477,0.14434218303192844,0.2788729106181773,0.47206380621203753,0.51329722651274,0.014638967275222492,2
-0.476,0.07827864934785551,0.14462131241957374,0.27938721429074365,0.47113131382398643,0.5141518600040071,0.014716826172006576,2
-0.475,0.07842341035354392,0.14490095746050993,0.2799042244129577,0.47019893354882913,0.5150060217133956,0.014795044737775187,2
-0.474,0.07856845126277653,0.14518112086839965,0.2804239554246577,0.46926667159965246,0.5158597041065539,0.014873624293793764,2
-0.473,0.07871377259528071,0.14546180537135925,0.2809464218281319,0.46833453418676035,0.5167128996488322,0.01495256616440751,2
-0.472,0.07885937487351925,0.14574301371205592,0.28147163805627956,0.4674025275175124,0.5175656008054459,0.015031871677041678,2
-0.471,0.07900525862270483,0.1460247486474718,0.2819996184448556,0.46647065779615965,0.5184178000416387,0.01511154216220168,2
-0.47,0.0791514243708142,0.14630701294894563,0.2825303773885954,0.46553893122368295,0.5192694898228438,0.015191578953473285,2
-0.469,0.07929787264860272,0.146589809402249,0.28306392922672313,0.46460735399763053,0.5201206626148467,0.015271983387522706,2
-0.46799999999999997,0.0794446039896187,0.14687314080739908,0.28360028821172695,0.46367593231195586,0.5209713108839475,0.015352756804096708,2
-0.46699999999999997,0.07959161893021752,0.14715700997867245,0.2841394686238505,0.4627446723568551,0.5218214270971222,0.015433900546022755,2
-0.46599999999999997,0.07973891800957604,0.14744141974464678,0.28468148466700954,0.461813580318606,0.5226710037221849,0.01551541595920904,2
-0.46499999999999997,0.07988650176970681,0.14772637294800647,0.28522635050001716,0.4608826623794067,0.5235200332279486,0.015597304392644515,2
-0.46399999999999997,0.08003437075547205,0.1480118724456468,0.2857740803233197,0.4599519247172137,0.5243685080843874,0.015679567198398876,2
-0.46299999999999997,0.0801825255145981,0.1482979211086531,0.28632468821246343,0.4590213735055808,0.5252164207627964,0.01576220573162272,2
-0.46199999999999997,0.08033096659768936,0.14858452182207174,0.2868781881944224,0.45809101491349946,0.5260637637359532,0.01584522135054742,2
-0.46099999999999997,0.08047969455824225,0.14887167748504196,0.28743459434127344,0.4571608551052365,0.5269105294782784,0.015928615416485076,2
-0.45999999999999996,0.08062870995265944,0.1491593910107543,0.28799392062101,0.4562309002401759,0.5277567104659956,0.016012389293828484,2
-0.45899999999999996,0.08077801334026376,0.14944766532628398,0.28855618096346153,0.45530115647265706,0.528602299177292,0.016096544350051117,2
-0.45799999999999996,0.08092760528331201,0.1497365033726812,0.28912138928111036,0.4543716299518159,0.5294472880924771,0.016181081955706906,2
-0.45699999999999996,0.08107748634700912,0.1500259081048462,0.28968955939623314,0.45344232682142593,0.5302916696941439,0.016266003484430226,2
-0.45599999999999996,0.0812276570995217,0.15031588249147368,0.29026070513457597,0.452513253219738,0.5311354364673264,0.01635131031293566,2
-0.45499999999999996,0.08137811811199207,0.15060642951511535,0.29083484028372103,0.45158441527932275,0.5319785808996594,0.016437003821017947,2
-0.45399999999999996,0.08152886995855194,0.15089755217204112,0.29141197853063655,0.45065581912691094,0.5328210954815372,0.01652308539155171,2
-0.45299999999999996,0.08167991321633615,0.15118925347217663,0.29199213351718795,0.4497274708832367,0.533662972706272,0.016609556410491264,2
-0.45199999999999996,0.08183124846549629,0.1514815364390755,0.2925753188921795,0.4487993766628785,0.5345042050702511,0.016696418266870374,2
-0.45099999999999996,0.0819828762892143,0.151774404109961,0.293161548245435,0.4478715425741026,0.5353447850730955,0.01678367235280202,2
-0.44999999999999996,0.08213479727371621,0.15206785953556637,0.2937508350488169,0.4469439747187052,0.5361847052178166,0.01687132006347818,2
-0.44899999999999995,0.08228701200828543,0.15236190578005862,0.2943431928054127,0.44601667919185667,0.5370239580109739,0.01695936279716941,2
-0.44799999999999995,0.08243952108527633,0.1526565459211772,0.2949386349489211,0.4450896620819443,0.537862535962831,0.017047801955224574,2
-0.44699999999999995,0.08259232510012779,0.15295178304995646,0.29553717477773217,0.44416292947041697,0.5387004315875125,0.017136638942070598,2
-0.44599999999999995,0.08274542465137624,0.15324762027073266,0.29613882563533894,0.44323648743162913,0.539537637403159,0.01722587516521198,2
-0.44499999999999995,0.08289882034066925,0.15354406070122714,0.29674360079584544,0.44231034203268604,0.5403741459320834,0.017315512035230428,2
-0.44399999999999995,0.0830525127727787,0.15384110747232435,0.2973515134604973,0.4413844993332889,0.5412099497009267,0.01740555096578441,2
-0.44299999999999995,0.0832065025556139,0.15413876372814814,0.2979625767784985,0.44045896538558005,0.542045041240811,0.017495993373608874,2
-0.44199999999999995,0.083360790300235,0.15443703262588135,0.2985768037810918,0.4395337462339897,0.5428794130874955,0.017586840678514664,2
-0.44099999999999995,0.08351537662086567,0.15473591733571032,0.2991942075342144,0.43860884791508237,0.5437130577815298,0.01767809430338801,2
-0.43999999999999995,0.08367026213490641,0.15503542104094978,0.2998148010517618,0.43768427645740293,0.5445459678684069,0.017769755674190084,2
-0.43899999999999995,0.08382544746294757,0.15533554693781385,0.30043859719497384,0.4367600378813255,0.545378135898718,0.017861826219956516,2
-0.43799999999999994,0.08398093322878204,0.15563629823533973,0.30106560880427374,0.4358361381989,0.5462095544283034,0.01795430737279671,2
-0.43699999999999994,0.08413672005941825,0.1559376781554224,0.30169584870620686,0.4349125834137011,0.5470402160184057,0.018047200567893364,2
-0.43599999999999994,0.08429280858509289,0.15623968993275214,0.30232932964405185,0.43398937952067673,0.5478701132358214,0.018140507243501827,2
-0.43499999999999994,0.08444919943928375,0.1565423368147105,0.30296606425700395,0.43306653250599797,0.5486992386530525,0.018234228840949496,2
-0.43399999999999994,0.08460589325872231,0.15684562206126615,0.3036060651218084,0.43214404834690795,0.549527584848457,0.0183283668046352,2
-0.43299999999999994,0.08476289068340628,0.15714954894495411,0.30424934479439364,0.43122193301157224,0.5503551444063995,0.01842292258202839,2
-0.43199999999999994,0.08492019235661222,0.15745412075085494,0.3048959157751771,0.43030019245893036,0.5511819099174011,0.018517897623668542,2
-0.43099999999999994,0.085077798924908,0.15775934077650447,0.3055457904570233,0.42937883263854637,0.5520078739782893,0.01861329338316441,2
-0.42999999999999994,0.08523571103816523,0.15806521233176898,0.3061989811529994,0.42845785949046095,0.5528330291923459,0.01870911131719331,2
-0.42899999999999994,0.08539392934957153,0.15837173873881047,0.3068555001588255,0.42753727894504306,0.5536573681694568,0.01880535288550025,2
-0.42799999999999994,0.08555245451564285,0.15867892333208664,0.3075153596938937,0.4266170969228442,0.5544808835262586,0.01890201955089715,2
-0.42699999999999994,0.0857112871962357,0.15898676945819826,0.308178571859635,0.4256973193344504,0.5553035678862874,0.018999112779262105,2
-0.42599999999999993,0.08587042805455924,0.1592952804758059,0.3088451486915608,0.4247779520803367,0.5561254138801249,0.019096634039538433,2
-0.42499999999999993,0.08602987775718732,0.15960445975558138,0.30951510222171325,0.4238590010507218,0.5569464141455446,0.019194584803733802,2
-0.42399999999999993,0.08618963697407041,0.15991431068024933,0.3101884443953981,0.4229404721254229,0.5577665613276578,0.019292966546919237,2
-0.42300000000000004,0.08634970637854782,0.16022483664437218,0.31086518702955174,0.42202237117371183,0.5585858480790598,0.019391780747228412,2
-0.42200000000000004,0.08651008664735915,0.16053604105430844,0.3115453418786604,0.4211047040541701,0.5594042670599733,0.01949102888585648,2
-0.42100000000000004,0.08667077846065643,0.1608479273281295,0.31222892064516866,0.42018747661454736,0.5602218109383936,0.019590712447059164,2
-0.42000000000000004,0.08683178250201541,0.16116049889559877,0.31291593497600995,0.41927069469161704,0.5610384723902311,0.019690832918151668,2
-0.41900000000000004,0.08699309945844763,0.16147375919808152,0.3136063963932176,0.4183543641110361,0.5618542440994563,0.01979139178950769,2
-0.41800000000000004,0.08715473002041157,0.1617877116883852,0.3143003163667832,0.4174384906872022,0.5626691187582396,0.019892390554558347,2
-0.41700000000000004,0.0873166748818244,0.16210235983081508,0.3149977063077178,0.41652308022311363,0.5634830890670954,0.019993830709791025,2
-0.41600000000000004,0.0874789347400732,0.16241770710100065,0.315698577522949,0.41560813851022904,0.5642961477350227,0.02009571375474825,2
-0.41500000000000004,0.0876415102960264,0.16273375698586098,0.31640294124654605,0.41469367132832824,0.5651082874796451,0.020198041192026558,2
-0.41400000000000003,0.08780440225404493,0.16305051298349374,0.3171108086119642,0.41377968444537266,0.5659195010273521,0.02030081452727527,2
-0.41300000000000003,0.08796761132199339,0.1633679786030849,0.3178221906971476,0.41286618361736743,0.5667297811134373,0.02040403526919532,2
-0.41200000000000003,0.0881311382112511,0.16368615736488804,0.3185370985002431,0.4119531745882239,0.5675391204822382,0.020507704929537896,2
-0.41100000000000003,0.08829498363672317,0.1640050528000854,0.31925554292919184,0.41104066308962284,0.568347511887274,0.020611825023103242,2
-0.41000000000000003,0.08845914831685127,0.16432466845074642,0.3199775348190767,0.4101286548408777,0.569154948091383,0.020716397067739308,2
-0.40900000000000003,0.08862363297362466,0.16464500786972355,0.3207030848800804,0.4092171555487992,0.5699614218668603,0.020821422584340485,2
-0.40800000000000003,0.08878843833259072,0.16496607462050658,0.3214322037599357,0.4083061709075609,0.570766925995593,0.02092690309684609,2
-0.40700000000000003,0.08895356512286567,0.16528787227724343,0.3221649020820891,0.4073957065985641,0.5715714532691969,0.021032840132239022,2
-0.406,0.0891190140771452,0.16561040442467076,0.32290119029998426,0.40648576829030497,0.5723749964891506,0.02113923522054439,2
-0.405,0.08928478593171502,0.1659336746578434,0.3236410787491037,0.40557636163824135,0.5731775484669306,0.021246089894828016,2
-0.404,0.08945088142646089,0.16625768658216897,0.324384577789216,0.404667492284661,0.5739791020241443,0.021353405691194777,2
-0.403,0.08961730130487935,0.16658244381342183,0.3251316976690674,0.40375916585854954,0.5747796499926634,0.021461184148787237,2
-0.402,0.08978404631408773,0.1669079499775071,0.3258824484778097,0.40285138797546016,0.5755791852147557,0.021569426809784086,2
-0.401,0.08995111720483437,0.16723420871037745,0.32663684022132794,0.40194416423738377,0.5763777005432178,0.021678135219398497,2
-0.4,0.09011851473150849,0.16756122365794976,0.3273948828638737,0.40103750023261914,0.5771751888415044,0.021787310925876407,2
-0.399,0.09028623965215027,0.1678889984761052,0.3281565863072486,0.40013140153564497,0.57797164298386,0.021896955480494952,2
-0.398,0.0904542927284607,0.16821753683056426,0.3289219602589652,0.39922587370699164,0.5787670558554474,0.022007070437560762,2
-0.397,0.0906226747258114,0.16854684239662313,0.32969101434326936,0.3983209222931145,0.5795614203524774,0.02211765735440819,2
-0.396,0.09079138641325395,0.1688769188592508,0.3304637582052236,0.3974165528262672,0.5803547293823353,0.022228717791397495,2
-0.395,0.0909604285635299,0.16920776991303357,0.33124020132682647,0.39651277082437625,0.5811469758637106,0.022340253311913118,2
-0.394,0.09112980195308001,0.16953939926190445,0.332020353023543,0.3956095817909169,0.5819381527267213,0.022452265482361844,2
-0.393,0.09129950736205371,0.16987181061908066,0.33280422259002157,0.3947069912147876,0.5827282529130416,0.02256475587217088,2
-0.392,0.09146954557431818,0.1702050077070845,0.3335918192480522,0.39380500457018824,0.5835172693760258,0.02267772605378588,2
-0.391,0.09163991737746788,0.17053899425757676,0.3343831520563609,0.39290362731649736,0.5843051950808336,0.02279117760266913,2
-0.39,0.09181062356283333,0.17087377401119722,0.33517822999734576,0.39200286489814945,0.5850920230045532,0.022905112097297422,2
-0.389,0.09198166492549027,0.17120935071757146,0.3359770619562605,0.3911027227445154,0.5858777461363244,0.023019531119160216,2
-0.388,0.09215304226426847,0.17154572813510974,0.3367796567350781,0.39020320626978144,0.5866623574774612,0.023134436252757327,2
-0.387,0.09232475638176049,0.1718829100310416,0.33758602303172985,0.3893043208728307,0.5874458500415721,0.023249829085597005,2
-0.386,0.09249680808433056,0.1722209001811732,0.33839616938105527,0.38840607193712356,0.5882282168546826,0.02336571120819378,2
-0.385,0.09266919818212284,0.17255970236980372,0.3392101042450077,0.38750846483058105,0.5890094509553527,0.023482084214066227,2
-0.384,0.09284192748907016,0.1728993203896632,0.3400278360474182,0.38661150490546736,0.589789545394798,0.023598949699734768,2
-0.383,0.09301499682290217,0.17323975804189856,0.34084937309067337,0.3857151974982739,0.5905684932370067,0.02371630926471932,2
-0.382,0.09318840700515396,0.17358101913584456,0.34167472348634015,0.38481954792960427,0.5913462875588585,0.023834164511537245,2
-0.381,0.09336215886117386,0.17392310748887124,0.34250389527312713,0.38392456150405946,0.5921229214502397,0.023952517045700818,2
-0.38,0.0935362532201317,0.17426602692639082,0.3433368964238234,0.3830302435101247,0.5928983880141605,0.024071368475714835,2
-0.379,0.09371069091502664,0.1746097812817189,0.3441737348106041,0.38213659922005644,0.5936726803668694,0.02419072041307425,2
-0.378,0.09388547278269514,0.17495437439601202,0.3450144181529887,0.3812436338897705,0.5944457916379676,0.024310574472261804,2
-0.377,0.09406059966381866,0.17529981011802487,0.3458589540421272,0.3803513527587313,0.5952177149705233,0.02443093227074533,2
-0.376,0.09423607240293119,0.17564609230409628,0.3467073500240666,0.3794597610498411,0.5959884435211836,0.024551795428975346,2
-0.375,0.09441189184842685,0.175993224818073,0.34755961354424014,0.37856886396933115,0.5967579704602864,0.024673165570382374,2
-0.374,0.09458805885256734,0.17634121153118476,0.34841575186420026,0.3776786667066532,0.5975262889719722,0.02479504432137443,2
-0.373,0.09476457427148922,0.1766900563218014,0.34927577212753824,0.37678917443437154,0.5982933922542941,0.02491743331133427,2
-0.372,0.09494143896521094,0.17703976307543984,0.35013968143274254,0.37590039230805655,0.5990592735193268,0.02504033417261661,2
-0.371,0.0951186537976401,0.1773903356846669,0.35100748676727933,0.37501232546617863,0.5998239259932759,0.025163748540545462,2
-0.37,0.09529621963658028,0.1777417780489744,0.35187919496942854,0.37412497903000336,0.6005873429165853,0.025287678053411235,2
-0.369,0.09547413735373805,0.17809409407460575,0.35275481272481446,0.37323835810348743,0.6013495175440446,0.025412124352468035,2
-0.368,0.09565240782472949,0.17844728767442403,0.353634346677428,0.372352467773175,0.6021104431448946,0.025537089081930527,2
-0.367,0.0958310319290869,0.1788013627679606,0.3545178033498294,0.37146731310809594,0.6028701130029329,0.025662573888971165,2
-0.366,0.09601001055026541,0.17915632328112369,0.3554051890945761,0.37058289915966386,0.6036285204166191,0.02578858042371715,2
-0.365,0.09618934457564915,0.17951217314614976,0.3562965101497336,0.36969923096157575,0.6043856586991768,0.02591511033924739,2
-0.364,0.09636903489655771,0.17986891630142315,0.35719177267010094,0.3688163135297125,0.6051415211786981,0.02604216529158937,2
-0.363,0.096549082408252,0.18022655669148996,0.3580909827445574,0.36793415186203987,0.6058961011982442,0.02616974693971593,2
-0.362,0.09672948800994069,0.18058509826691227,0.3589941462295295,0.3670527509385106,0.6066493921159472,0.026297856945542347,2
-0.361,0.09691025260478582,0.18094454498394902,0.3599012688704214,0.36617211572096736,0.6074013873051098,0.02642649697392287,2
-0.36,0.09709137709990859,0.1813049008046531,0.3608123564056983,0.3652922511530476,0.608152080154305,0.026555668692647423,2
-0.359,0.09727286240639513,0.18166616969676042,0.3617274143725976,0.36441316216008707,0.6089014640674746,0.02668537377243834,2
-0.358,0.09745470943930211,0.1820283556333983,0.3626464481418231,0.36353485364902643,0.6096495324640266,0.02681561388694701,2
-0.357,0.09763691911766192,0.18239146259304406,0.3635694630320371,0.3626573305083179,0.6103962787789317,0.026946390712750408,2
-0.356,0.0978194923644882,0.18275549455946238,0.36449646423700155,0.36178059760783277,0.6111416964628198,0.027077705929347422,2
-0.355,0.09800243010678085,0.18312045552151807,0.3654274567943535,0.36090465979876984,0.6118857789820746,0.02720956121915553,2
-0.354,0.09818573327553123,0.1834863494730511,0.366362445641116,0.36002952191356496,0.6126285198189279,0.02734195826750718,2
-0.353,0.09836940280572695,0.1838531804128003,0.3673014355685952,0.3591551887658019,0.613369912471552,0.027474898762646045,2
-0.352,0.09855343963635683,0.18422095234418828,0.36824443121891115,0.3582816651501229,0.614109950454154,0.027608384395723284,2
-0.351,0.09873784471041533,0.18458966927523812,0.3691914371821422,0.3574089558421413,0.6148486272970649,0.027742416860793855,2
-0.35,0.09892261897490731,0.18495933521855257,0.3701424578818332,0.3565370655983553,0.6155859365468319,0.027876997854812742,2
-0.349,0.09910776338085243,0.1853299541910018,0.37109749754724,0.3556659991560613,0.6163218717663079,0.02801212907763091,2
-0.348,0.09929327888328932,0.18570153021364705,0.3720565603868017,0.35479576123326917,0.6170564265347394,0.02814781223199153,2
-0.347,0.09947916644127973,0.1860740673117754,0.3730196504632407,0.3539263565286189,0.6177895944478552,0.028284049023525874,2
-0.346,0.09966542701791287,0.18644756951457353,0.3739867716241737,0.353057789721297,0.6185213691179536,0.02842084116074939,2
-0.345,0.09985206158030888,0.18682204085502374,0.3749579276512979,0.35219006547095444,0.6192517441739881,0.02855819035505752,2
-0.344,0.10003907109962291,0.18719748536987613,0.3759331221667158,0.3513231884176258,0.6199807132616527,0.028696098320721484,2
-0.34299999999999997,0.10022645655104863,0.18757390709935717,0.37691235870926343,0.35045716318164916,0.6207082700434667,0.02883456677488414,2
-0.34199999999999997,0.10041421891382163,0.18795131008729465,0.37789564068246817,0.3495919943635868,0.6214344081988575,0.028973597437555607,2
-0.34099999999999997,0.10060235917122322,0.1883296983807221,0.37888297125046566,0.34872768654414665,0.6221591214242441,0.02911319203160915,2
-0.33999999999999997,0.10079087831058307,0.18870907602979559,0.3798743535461665,0.34786424428410573,0.6228824034331178,0.029253352282776424,2
-0.33899999999999997,0.10097977732328281,0.18908944708781444,0.38086979058798953,0.347001672124233,0.6236042479561238,0.02939407991964323,2
-0.33799999999999997,0.1011690572047587,0.18947081561097157,0.38186928516883956,0.3461399745852145,0.6243246487411405,0.02953537667364499,2
-0.33699999999999997,0.10135871895450475,0.18985318565815212,0.38287283995325183,0.34527915616757904,0.6250435995533588,0.029677244279062112,2
-0.33599999999999997,0.10154876357607501,0.19023656129087807,0.3838804575745366,0.3444192213516245,0.6257610941753603,0.02981968447301518,2
-0.33499999999999996,0.10173919207708651,0.1906209465733012,0.38489214047171505,0.3435601745973452,0.6264771264071943,0.029962698995460446,2
-0.33399999999999996,0.10193000546922161,0.1910063455718215,0.38590789087217214,0.34270202034436087,0.6271916900664541,0.030106289589185015,2
-0.33299999999999996,0.10212120476823015,0.19139276235504554,0.3869277109373733,0.3418447630118458,0.6279047789883523,0.030250457999801913,2
-0.33199999999999996,0.1023127909939317,0.19178020099369625,0.3879516027004145,0.3409884069984592,0.6286163870257955,0.030395205975745146,2
-0.33099999999999996,0.10250476517021755,0.19216866556044637,0.38897956802785816,0.3401329566822772,0.629326508049458,0.030540535268264748,2
-0.32999999999999996,0.1026971283250526,0.19255816012975197,0.39001160864748885,0.33927841642072426,0.6300351359478539,0.030686447631421837,2
-0.32899999999999996,0.10288988149047705,0.19294868877774135,0.39104772615872163,0.3384247905505072,0.6307422646274095,0.030832944822083302,2
-0.32799999999999996,0.10308302570260808,0.1933402555820694,0.392087922001377,0.3375720833875495,0.6314478880125337,0.03098002859991671,2
-0.32699999999999996,0.10327656200164119,0.1937328646217441,0.39313219749384476,0.33672029922692615,0.6321520000456888,0.03112770072738503,2
-0.32599999999999996,0.10347049143185157,0.1941265199770571,0.39418055381226746,0.3358694423428004,0.6328545946874584,0.031275962969741326,2
-0.32499999999999996,0.1036648150415953,0.19452122572936864,0.39523299194890693,0.33501951698836063,0.6335556659166159,0.03142481709502339,2
-0.32399999999999995,0.1038595338833103,0.1949169859609549,0.3962895127780638,0.33417052739575875,0.6342552077301932,0.0315742648740481,2
-0.32299999999999995,0.10405464901351721,0.19531380475492477,0.3973501170664858,0.33332247777604956,0.6349532141435444,0.031724308080406036,2
-0.32199999999999995,0.10425016149282015,0.19571168619508789,0.39841480541438734,0.3324753723191305,0.6356496791904138,0.03187494849045577,2
-0.32099999999999995,0.10444607238590739,0.19611063436575354,0.3994835782242242,0.33162921519368266,0.6363445969229989,0.032026187883318305,2
-0.31999999999999995,0.10464238276155166,0.19651065335153634,0.4005564357839605,0.3307840105471139,0.6370379614120149,0.032178028040871116,2
-0.31899999999999995,0.10483909369261046,0.19691174723732147,0.4016333783121714,0.32993976250550083,0.6377297667467569,0.03233047074774238,2
-0.31799999999999995,0.1050362062560263,0.19731392010816068,0.4027144057949791,0.32909647517353313,0.6384200070351616,0.03248351779130517,2
-0.31699999999999995,0.10523372153282678,0.19771717604891142,0.40379951802421676,0.3282541526344591,0.6391086764038695,0.032637170961671395,2
-0.31599999999999995,0.10543164060812413,0.1981215191442091,0.4048887147396759,0.327412798950031,0.6397957689982833,0.032791432051685596,2
-0.31499999999999995,0.1056299645711152,0.19852695347839078,0.4059819955458396,0.3265724181604527,0.6404812789826285,0.03294630285691887,2
-0.31399999999999995,0.10582869451508091,0.1989334831353008,0.40707935983902394,0.3257330142843267,0.6411652005400105,0.033101785175662785,2
-0.31299999999999994,0.1060278315373858,0.19934111219806883,0.4081808068212563,0.32489459131860426,0.6418475278724728,0.03325788080892298,2
-0.31199999999999994,0.10622737673947705,0.1997498447489433,0.40928633565293043,0.32405715323853446,0.6425282552010531,0.03341459156041261,2
-0.31099999999999994,0.10642733122688369,0.2001596848693747,0.41039594532096785,0.32322070399761516,0.6432073767658387,0.03357191923654611,2
-0.30999999999999994,0.1066276961092158,0.20057063663958524,0.4115096345451426,0.32238524752754505,0.6438848868260224,0.033729865646432586,2
-0.30899999999999994,0.10682847250016286,0.20098270413846497,0.41262740202788156,0.32155078773817686,0.6445607796599542,0.03388843260186909,2
-0.30799999999999994,0.10702966151749273,0.201395891443641,0.41374924630854754,0.3207173285174701,0.645235049565196,0.03404762191733397,2
-0.30699999999999994,0.10723126428305015,0.20181020263108207,0.4148751657009893,0.31988487373144686,0.645907690858573,0.03420743540998006,2
-0.30599999999999994,0.10743328192275489,0.20222564177504299,0.4160051584010945,0.3190534272241473,0.6465786978762249,0.03436787489962784,2
-0.30499999999999994,0.10763571556660023,0.20264221294788426,0.4171392224243394,0.31822299281758576,0.6472480649736558,0.03452894220875845,2
-0.30399999999999994,0.10783856634865066,0.20305992021989167,0.41827735567516416,0.3173935743117092,0.6479157865257842,0.03469063916250653,2
-0.30299999999999994,0.10804183540704002,0.2034787676592346,0.41941955592621166,0.3165651754843557,0.6485818569269911,0.03485296758865316,2
-0.30199999999999994,0.10824552388396913,0.2038987593317441,0.4205658207211134,0.31573780009121355,0.6492462705911678,0.035015929317618634,2
-0.30099999999999993,0.1084496329257035,0.20431989930067682,0.42171614745428704,0.3149114518657824,0.6499090219517624,0.035179526182455234,2
-0.29999999999999993,0.10865416368257048,0.20474219162665266,0.42287053340569997,0.3140861345193346,0.6505701054618257,0.03534376001883958,2
-0.29899999999999993,0.10885911730895681,0.20516564036748822,0.42402897570265013,0.3132618517408779,0.651229515594057,0.03550863266506532,2
-0.29799999999999993,0.10906449496330546,0.20559024957805797,0.42519147128508533,0.3124386071971182,0.6518872468408464,0.03567414596203549,2
-0.29699999999999993,0.10927029780811293,0.2060160233100584,0.4263580169125421,0.3116164045324249,0.6525432937143202,0.035840301753254936,2
-0.29600000000000004,0.10947652700992558,0.20644296561188305,0.4275286092265958,0.31079524736879616,0.6531976507463816,0.036007101884822285,2
-0.29500000000000004,0.10968318373933669,0.20687108052851158,0.42870324469534943,0.30997513930582427,0.6538503124887535,0.0361745482054223,2
-0.29400000000000004,0.1098902691709826,0.20730037210127375,0.429881919655067,0.30915608392066407,0.654501273513018,0.03634264256631784,2
-0.29300000000000004,0.11009778448353924,0.20773084436782172,0.4310646302546624,0.3083380847680009,0.6551505284106572,0.036511386821341855,2
-0.29200000000000004,0.11030573085971825,0.20816250136178308,0.43225137243141326,0.3075211453800194,0.6557980717930915,0.036680782826889205,2
-0.29100000000000004,0.11051410948626281,0.20859534711268454,0.43344214203239156,0.3067052692663741,0.6564438982917176,0.03685083244190837,2
-0.29000000000000004,0.11072292155394362,0.20902938564584786,0.43463693476589144,0.3058904599141603,0.6570880025579465,0.03702153752789317,2
-0.28900000000000003,0.1109321682575545,0.20946462098221633,0.43583574610775405,0.30507672078788634,0.6577303792632394,0.0371928999488742,2
-0.28800000000000003,0.11114185079590805,0.20990105713806337,0.4370385713568788,0.30426405532944634,0.6583710230991431,0.03736492157141061,2
-0.28700000000000003,0.11135197037183063,0.21033869812493008,0.4382454057358372,0.30345246695809425,0.6590099287773248,0.037537604264581005,2
-0.28600000000000003,0.11156252819215791,0.21077754794953504,0.43945624426944235,0.3026419590704188,0.6596470910296063,0.037710949899975046,2
-0.28500000000000003,0.1117735254677297,0.21121761061346897,0.4406710818020961,0.30183253504031915,0.6602825046079964,0.037884960351684496,2
-0.28400000000000003,0.11198496341338485,0.21165889011313924,0.4418899129630945,0.3010241982189818,0.6609161642847238,0.03805963749629433,2
-0.28300000000000003,0.11219684324795598,0.21210139043939516,0.4431127322637725,0.30021695193485815,0.6615480648522682,0.038234983212873615,2
-0.28200000000000003,0.11240916619426364,0.21254511557766678,0.4443395341668928,0.2994107994936434,0.6621782011233903,0.03841099938296617,2
-0.281,0.11262193347911131,0.21299006950772895,0.4455703127848039,0.29860574417825564,0.6628065679311625,0.038587687890581826,2
-0.28,0.1128351463332791,0.2134362562032364,0.446805062087607,0.29780178924881656,0.6634331601289969,0.03876505062218664,2
-0.279,0.11304880599151779,0.21388367963190416,0.4480437760107088,0.2969989379426331,0.6640579725906735,0.03894308946669351,2
-0.278,0.1132629136925429,0.2143323437552578,0.4492864482397159,0.2961971934741793,0.664681000210368,0.03912180631545263,2
-0.277,0.1134774706790283,0.2147822525283836,0.4505330722139041,0.2953965590350799,0.6653022379026783,0.03930120306224186,2
-0.276,0.11369247819759967,0.21523340989968562,0.45178364129622134,0.2945970377940944,0.6659216806026487,0.03948128160325696,2
-0.275,0.11390793749882767,0.21568581981097604,0.45303814873165443,0.293798632897102,0.6665393232657966,0.039662043837101355,2
-0.274,0.11412384983722162,0.21613948619714893,0.4542965874876344,0.29300134746708784,0.6671551608681358,0.03984349166477659,2
-0.273,0.11434021647122197,0.2165944129859513,0.4555589503997533,0.2922051846041294,0.6677691884061987,0.04002562698967192,2
-0.272,0.11455703866319353,0.21705060409794844,0.4568252301301308,0.2914101473853852,0.6683814008970606,0.04020845171755421,2
-0.271,0.11477431767941787,0.21750806344621157,0.4580954191743532,0.2906162388650825,0.66899179337836,0.04039196775655742,2
-0.27,0.11499205479008595,0.21796679493629714,0.4593695098892288,0.2898234620745074,0.6696003609083203,0.04057617701717223,2
-0.269,0.11521025126929046,0.21842680246599003,0.46064749439911307,0.2890318200219956,0.6702070985657688,0.040761081412235584,2
-0.268,0.11542890839501793,0.21888808992509537,0.4619293646583585,0.28824131569292316,0.6708120014501572,0.040946682856919756,2
-0.267,0.11564802744914066,0.21935066119530675,0.4632151125102953,0.28745195204969914,0.6714150646815792,0.041132983268721696,2
-0.266,0.11586760971740855,0.21981452015011596,0.46450472963865913,0.2866637320317589,0.6720162834007891,0.04131998456745199,2
-0.265,0.11608765648944089,0.22027967065458406,0.46579820745309936,0.2858766585555579,0.6726156527692182,0.04150768867522398,2
-0.264,0.11630816905871771,0.22074611656502216,0.46709553718979296,0.28509073451456657,0.673213167968991,0.04169609751644248,2
-0.263,0.11652914872257093,0.22121386172896365,0.46839671001899746,0.28430596277926656,0.6738088242029411,0.04188521301779241,2
-0.262,0.11675059678217564,0.22168290998506016,0.46970171691321183,0.2835223461971469,0.6744026166946255,0.04207503710822746,2
-0.261,0.11697251454254105,0.22215326516279008,0.4710105485847267,0.28273988759270213,0.6749945406883392,0.04226557171895862,2
-0.26,0.11719490331250122,0.2226249310822296,0.47232319558970737,0.28195858976743005,0.6755845914491275,0.042456818783442485,2
-0.259,0.11741776440470551,0.2230979115539695,0.4736396483906442,0.2811784554998316,0.676172764262799,0.04264878023736936,2
-0.258,0.11764109913560916,0.2235722103790109,0.47495989728002463,0.2803994875454107,0.6767590544359378,0.04284145801865143,2
-0.257,0.11786490882546354,0.22404783134852954,0.4762839322276775,0.27962168863667536,0.6773434572959136,0.04303485406741084,2
-0.256,0.11808919479830622,0.22452477824346626,0.47761174302995935,0.2788450614831395,0.6779259681908931,0.04322897032596749,2
-0.255,0.11831395838195047,0.22500305483458946,0.47894331952832947,0.27806960877132575,0.678506582489848,0.043423808738826404,2
-0.254,0.1185392009079754,0.22548266488252292,0.480278651283222,0.2772953331647689,0.6790852955825654,0.04361937125266573,2
-0.253,0.11876492371171551,0.2259636121371559,0.4816177275185347,0.27652223730402037,0.6796621028796554,0.0438156598163242,2
-0.252,0.11899112813224971,0.22644590033755999,0.48296053741306255,0.27575032380665354,0.6802369998125584,0.04401267638078816,2
-0.251,0.11921781551239063,0.22692953321198203,0.48430707000335316,0.2749795952672695,0.6808099818335516,0.04421042289917893,2
-0.25,0.11944498719867368,0.2274145144775667,0.4856573140865623,0.2742100542575044,0.6813810444157559,0.044408901326739775,2
-0.249,0.11967264454134577,0.22790084784015516,0.4870112582586179,0.27344170332603684,0.68195018305314,0.04460811362082306,2
-0.248,0.11990078889435399,0.22838853699408393,0.48836889094891434,0.27267454499859656,0.6825173932605266,0.044808061740876724,2
-0.247,0.12012942161533394,0.228877585622053,0.48973020047235427,0.27190858177797395,0.683082670573595,0.04500874764843111,2
-0.246,0.1203585440655981,0.22936799739502864,0.4910951749217958,0.2711438161440297,0.6836460105488849,0.045210173307085384,2
-0.245,0.120588157610124,0.22985977597189658,0.4924638021472356,0.2703802505537068,0.684207408763799,0.045412340682494175,2
-0.244,0.12081826361754189,0.2303529249993231,0.49383606986336215,0.2696178874410412,0.6847668608166052,0.045615251742353494,2
-0.243,0.12104886346012264,0.2308474481116233,0.4952119655905747,0.2688567292171753,0.6853243623264378,0.04581890845638695,2
-0.242,0.12127995851376513,0.23134334893050426,0.4965914767382502,0.2680967782703709,0.6858799089332974,0.04602331279633177,2
-0.241,0.12151155015798365,0.2318406310650998,0.4979745904867823,0.2673380369660236,0.6864334962980518,0.04622846673592449,2
-0.24,0.12174363977589533,0.23233929811147783,0.4993612937320697,0.26658050764667773,0.6869851201024353,0.04643437225088692,2
-0.239,0.1219762287542066,0.23283935365256395,0.5007515733040919,0.26582419263204204,0.6875347760490466,0.046641031318911286,2
-0.238,0.12220931848320046,0.233340801258086,0.5021454158558865,0.26506909421900654,0.6880824598613475,0.04684844591964588,2
-0.237,0.12244291035672278,0.23384364448427572,0.5035428078149768,0.2643152146816596,0.6886281672836602,0.04705661803468024,2
-0.236,0.12267700577216901,0.23434788687371597,0.5049437353556031,0.26356255627130587,0.6891718940811636,0.04726554964753037,2
-0.235,0.12291160613047021,0.23485353195498693,0.5063481845340857,0.2628111212164859,0.6897136360398906,0.04747524274362344,2
-0.23399999999999999,0.12314671283607899,0.23536058324278414,0.5077561413373284,0.26206091172299506,0.6902533889667223,0.047685699310282645,2
-0.23299999999999998,0.12338232729695578,0.23586904423766158,0.5091675913983236,0.26131192997390396,0.6907911486893838,0.047896921336712146,2
-0.23199999999999998,0.12361845092455431,0.2363789184255808,0.5105825201280607,0.2605641781295803,0.6913269110564383,0.048108910813981394,2
-0.23099999999999998,0.12385508513380694,0.2368902092779177,0.5120009129028209,0.25981765832771003,0.6918606719372806,0.048321669735009294,2
-0.22999999999999998,0.12409223134311015,0.23740292025138643,0.5134227548733712,0.2590723726833204,0.6923924272221309,0.04853520009454868,2
-0.22899999999999998,0.12432989097430971,0.23791705478766445,0.5148480309233312,0.2583283232888031,0.6929221728220265,0.04874950388917034,2
-0.22799999999999998,0.12456806545268548,0.2384326163132331,0.5162767258010121,0.25758551221393894,0.6934499046688143,0.04896458311724673,2
-0.22699999999999998,0.12480675620693618,0.23894960823926648,0.517708824074314,0.25684394150592194,0.693975618715142,0.04918043977893592,2
-0.22599999999999998,0.125045964669164,0.23946803396138172,0.5191443101168476,0.2561036131893857,0.6944993109344493,0.049397075876165084,2
-0.22499999999999998,0.12528569227485895,0.23998789685950017,0.5205831681218127,0.255364529266429,0.6950209773209571,0.0496144934126139,2
-0.22399999999999998,0.125525940462883,0.24050920029762535,0.52202538202567,0.2546266917166434,0.6955406138896585,0.049832694393698015,2
-0.22299999999999998,0.1257667106754542,0.2410319476235515,0.5234709356052853,0.25389010249714083,0.6960582166763074,0.050051680826551904,2
-0.22199999999999998,0.12600800435813012,0.24155614216883592,0.5249198125334416,0.25315476354258165,0.6965737817374065,0.050271454720011946,2
-0.22099999999999997,0.12624982295979187,0.2420817872486184,0.5263719962400599,0.2524206767652047,0.6970873051501961,0.05049201808459918,2
-0.21999999999999997,0.12649216793262735,0.24260888616131604,0.5278274698775061,0.2516878440548562,0.6975987830126416,0.05071337293250215,2
-0.21899999999999997,0.1267350407321145,0.2431374421883734,0.5292862164663066,0.2509562672790209,0.6981082114434201,0.05093552127755905,2
-0.21799999999999997,0.1269784428170041,0.24366745859424865,0.5307482189298436,0.25022594828285327,0.6986155865819066,0.05115846513524019,2
-0.21699999999999997,0.127222375649303,0.2441989386262331,0.5322134598931267,0.24949688888920904,0.6991209045881609,0.051382206522630175,2
-0.21599999999999997,0.12746684069425657,0.2447318855140349,0.53368192170361,0.24876909089867827,0.6996241616429117,0.051606747458409964,2
-0.21499999999999997,0.12771183942033107,0.24526630246964032,0.5351535866809916,0.2480425560896186,0.7001253539475429,0.051832089962838425,2
-0.21399999999999997,0.12795737329919585,0.2458021926873969,0.5366284369992531,0.24731728621818885,0.7006244777240771,0.05205823605773399,2
-0.21299999999999997,0.12820344380570586,0.24633955934363883,0.5381064544160425,0.2465932830183839,0.7011215292151595,0.05228518776645657,2
-0.21199999999999997,0.12845005241788313,0.24687840559622898,0.5395876205571688,0.24587054820206997,0.7016165046840416,0.05251294711388842,2
-0.21099999999999997,0.12869720061689832,0.24741873458475316,0.5410719170276241,0.24514908345902067,0.7021094004145639,0.052741516126415366,2
-0.20999999999999996,0.12894488988705263,0.24796054943028423,0.542559325092395,0.24442889045695312,0.702600212711139,0.052970896831907824,2
-0.20899999999999996,0.1291931217157589,0.24850385323493795,0.5440498257805455,0.24370997084156565,0.7030889378987327,0.05320109125970172,2
-0.20799999999999996,0.1294418975935225,0.24904864908184532,0.5455434000031785,0.24299232623657557,0.7035755723228455,0.05343210144057894,2
-0.20699999999999996,0.12969121901392258,0.2495949400349443,0.5470400284909855,0.24227595824375753,0.704060112349495,0.05366392940674767,2
-0.20599999999999996,0.1299410874735924,0.2501427291388273,0.5485396917734304,0.24156086844298283,0.7045425543651943,0.053896577191822906,2
-0.20499999999999996,0.13019150447220024,0.2506920194184912,0.55004237010936,0.24084705839225884,0.7050228947769347,0.05413004683080658,2
-0.20399999999999996,0.13044247151242938,0.251242813879046,0.5515480435980264,0.24013452962777002,0.7055011300121626,0.054364340360067286,2
-0.20299999999999996,0.13069399009995833,0.25179511550568723,0.5530566921860265,0.23942328366391827,0.7059772565187618,0.054599459817320076,2
-0.20199999999999996,0.13094606174344076,0.25234892726341807,0.5545682955909732,0.23871332199336462,0.7064512707650293,0.054835407241606016,2
-0.20099999999999996,0.13119868795448517,0.2529042520968692,0.556082833315374,0.23800464608707206,0.7069231692396563,0.05507218467327172,2
-0.19999999999999996,0.1314518702476345,0.2534610929300488,0.5576002846535695,0.2372972573943475,0.7073929484517041,0.05530979415394837,2
-0.19899999999999995,0.13170561014034526,0.2540194526661763,0.5591206287541834,0.2365911573428856,0.7078606049305837,0.05554823772653078,2
-0.19799999999999995,0.13195990915296685,0.2545793341875572,0.5606438445784896,0.23588634733881292,0.7083261352260309,0.0557875174351562,2
-0.19699999999999995,0.13221476880872038,0.2551407403553333,0.5621699108171447,0.235182828766732,0.7087895359080848,0.05602763532518317,2
-0.19599999999999995,0.13247019063367751,0.2557036740091915,0.563698805938761,0.23448060298976686,0.7092508035670632,0.05626859344316984,2
-0.19499999999999995,0.13272617615673876,0.2562681379672108,0.5652305082870507,0.23377967134960875,0.7097099348135392,0.05651039383685214,2
-0.19399999999999995,0.13298272690961194,0.2568341350257656,0.5667649960600091,0.23308003516656228,0.7101669262783157,0.056753038555122017,2
-0.19299999999999995,0.1332398444267903,0.25740166795933084,0.5683022471364424,0.23238169573959225,0.7106217746124023,0.05699652964800535,2
-0.19199999999999995,0.1334975302455306,0.25797073952003846,0.5698422391731123,0.23168465434637114,0.7110744764869893,0.057240869166639737,2
-0.19099999999999995,0.13375578590583037,0.25854135243767706,0.571384949785147,0.23098891224332707,0.711525028593421,0.057486059163251786,2
-0.18999999999999995,0.13401461295040595,0.25911350941960876,0.5729303562962412,0.23029447066569242,0.711973427643173,0.05773210169113463,2
-0.18899999999999995,0.1342740129246696,0.25968721315026955,0.5744784357317173,0.22960133082755244,0.7124196703678224,0.0579789988046252,2
-0.18799999999999994,0.1345339873767065,0.2602624662910722,0.5760291650128141,0.22890949392189547,0.7128637535190235,0.05822675255908096,2
-0.18699999999999994,0.13479453785725173,0.2608392714802952,0.5775825209289315,0.2282189611206626,0.7133056738684809,0.05847536501085661,2
-0.18599999999999994,0.13505566591966708,0.26141763133293006,0.5791384800266081,0.2275297335747983,0.7137454282079209,0.058724838217280875,2
-0.18499999999999994,0.1353173731199176,0.2619975484403484,0.5806970185054378,0.22684181241430185,0.7141830133490653,0.05897517423663295,2
-0.18399999999999994,0.13557966101654778,0.26257902536994093,0.5822581124539922,0.22615519874827883,0.7146184261236028,0.05922637512811843,2
-0.18299999999999994,0.13584253117065748,0.2631620646652564,0.5838217378775762,0.2254698936649934,0.7150516633831612,0.0594784429518453,2
-0.18199999999999994,0.1361059851458783,0.2637466688456961,0.5853878704414889,0.22478589823192088,0.7154827219992793,0.05973137976879991,2
-0.18099999999999994,0.13637002450834887,0.26433284040613936,0.5869564856098014,0.22410321349580115,0.7159115988633765,0.059985187640822474,2
-0.17999999999999994,0.13663465082669057,0.2649205818169157,0.5885275586592348,0.22342184048269176,0.7163382908867258,0.06023986863058242,2
-0.17899999999999994,0.1368998656719827,0.26550989552345783,0.5901010646999766,0.22274178019802304,0.7167627950004234,0.060495424801553635,2
-0.17799999999999994,0.1371656706177375,0.26610078394631564,0.591676978668742,0.22206303362665175,0.7171851081553589,0.060751858217989285,2
-0.17699999999999994,0.13743206723987533,0.2666932494807953,0.5932552751761183,0.22138560173291721,0.7176052273221859,0.061009170944896905,2
-0.17599999999999993,0.13769905711669908,0.2672872944966679,0.5948359286869759,0.22070948546069585,0.7180231494912913,0.06126736504801278,2
-0.17499999999999993,0.13796664182886867,0.26788292133816927,0.596418913478835,0.22003468573345802,0.7184388716727655,0.061526442593776265,2
-0.17399999999999993,0.13823482295937542,0.26848013232362555,0.5980042036071714,0.21936120345432447,0.7188523908963714,0.06178640564930408,2
-0.17299999999999993,0.13850360209351592,0.2690789297453836,0.5995917729470496,0.21868903950612295,0.719263704211513,0.06204725628236412,2
-0.17199999999999993,0.1387729808188662,0.26967931586951965,0.601181595102917,0.2180181947514459,0.7196728086872047,0.0623089965613495,2
-0.17099999999999993,0.13904296072525496,0.27028129293558945,0.6027736435404435,0.21734867003270836,0.7200797014120398,0.0625716285552518,2
-0.16999999999999993,0.13931354340473737,0.27088486315660054,0.6043678915518264,0.21668046617220635,0.7204843794941592,0.06283515433363446,2
-0.16899999999999993,0.13958473045156816,0.2714900287186931,0.6059643120961961,0.21601358397217524,0.7208868400612186,0.0630995759666061,2
-0.16799999999999993,0.13985652346217475,0.27209679178079293,0.6075628779522718,0.21534802421484944,0.7212870802603573,0.06336489552479341,2
-0.16700000000000004,0.14012892403512975,0.27270515447459764,0.6091635617808117,0.21468378766252186,0.7216850972581647,0.06363111507931347,2
-0.16600000000000004,0.14040193377112395,0.27331511890435456,0.6107663359997123,0.21402087505760356,0.7220808882406498,0.06389823670174676,2
-0.16500000000000004,0.14067555427293846,0.27392668714659707,0.6123711728187037,0.2133592871226848,0.7224744504132061,0.06416626246410903,2
-0.16400000000000003,0.14094978714541714,0.27453986124999197,0.6139780442185322,0.2126990245605955,0.7228657810005806,0.06443519443882377,2
-0.16300000000000003,0.14122463399543844,0.27515464323503414,0.6155869219093274,0.21204008805446672,0.7232548772468393,0.06470503469869382,2
-0.16200000000000003,0.1415000964318872,0.2757710350938106,0.617197777462441,0.21138247826779205,0.723641736415335,0.06497578531687294,2
-0.16100000000000003,0.14177617606562606,0.276389038789959,0.6188105823382023,0.21072619584448996,0.7240263557886727,0.06524744836683731,2
-0.16000000000000003,0.14205287450946713,0.27700865625848703,0.6204253076777516,0.21007124140896608,0.7244087326686771,0.0655200259223568,2
-0.15900000000000003,0.14233019337814304,0.2776298894053145,0.6220419243307956,0.20941761556617589,0.724788864376358,0.065793520057466,2
-0.15800000000000003,0.14260813428827776,0.2782527401071486,0.6236604030707132,0.20876531890168828,0.725166748251877,0.06606793284643483,2
-0.15700000000000003,0.14288669885835734,0.27887721021145595,0.625280714497411,0.20811435198174882,0.725542381654512,0.06634326636373905,2
-0.15600000000000003,0.14316588870870067,0.27950330153614344,0.6269028288707895,0.20746471535334382,0.7259157619626253,0.06661952268403089,2
-0.15500000000000003,0.14344570546142962,0.28013101586919753,0.6285267162078884,0.20681640954426445,0.7262868865736266,0.06689670388210889,2
-0.15400000000000003,0.14372615074043907,0.2807603549685592,0.6301523464632691,0.20616943506317184,0.7266557529039405,0.06717481203288783,2
-0.15300000000000002,0.14400722617136674,0.28139132056212407,0.6317796894250433,0.20552379239966143,0.7270223583889702,0.06745384921136821,2
-0.15200000000000002,0.14428893338156332,0.2820239143474093,0.6334087144926887,0.20487948202432904,0.7273867004830648,0.0677338174926062,2
-0.15100000000000002,0.14457127400006156,0.28265813799110945,0.6350393908435831,0.20423650438883587,0.7277487766594817,0.06801471895168247,2
-0.15000000000000002,0.14485424965754554,0.2832939931290965,0.6366716875996764,0.2035948599259751,0.7281085844103539,0.0682965556636711,2
-0.14900000000000002,0.14513786198631975,0.2839314813663088,0.6383055736816629,0.20295454904973778,0.7284661212466537,0.06857932970360851,2
-0.14800000000000002,0.14542211262027815,0.2845706042764598,0.6399410176077808,0.20231557215537996,0.7288213846981578,0.06886304314646206,2
-0.14700000000000002,0.14570700319487268,0.28521136340152436,0.6415779877436129,0.20167792961948947,0.7291743723134122,0.06914769806709829,2
-0.14600000000000002,0.1459925353470812,0.28585376025194703,0.6432164524200473,0.20104162180005297,0.7295250816596962,0.0694332965402507,2
-0.14500000000000002,0.14627871071537657,0.28649779630636446,0.6448563796349055,0.2004066490365241,0.7298735103229879,0.06971984064048803,2
-0.14400000000000002,0.14656553093969393,0.28714347301121684,0.6464977371153918,0.19977301164989117,0.7302196559079271,0.0700073324421817,2
-0.14300000000000002,0.146852997661399,0.28779079178059525,0.6481404923805439,0.19914070994274516,0.7305635160377817,0.07029577401947328,2
-0.14200000000000002,0.14714111252325512,0.28843975399597793,0.6497846128314383,0.19850974419934866,0.73090508835441,0.07058516744624135,2
-0.14100000000000001,0.14742987716939096,0.2890903610062581,0.6514300656679234,0.1978801146857043,0.731244370518227,0.0708755147960687,2
-0.14,0.14771929324526764,0.2897426141273138,0.6530768177914753,0.19725182164962435,0.7315813602081668,0.07116681814220897,2
-0.139,0.1480093623976456,0.2903965146418411,0.6547248358815255,0.19662486532079948,0.7319160551216474,0.07145907955755311,2
-0.138,0.14830008627455132,0.29105206379907683,0.6563740864509721,0.19599924591086887,0.7322484529745357,0.07175230111459555,2
-0.137,0.14859146652524374,0.291709262814743,0.6580245358392406,0.19537496361348997,0.7325785515011098,0.07204648488540004,2
-0.136,0.1488835048001808,0.2923681128707553,0.6596761501220788,0.1947520186044087,0.7329063484540255,0.07234163294156577,2
-0.135,0.14917620275098525,0.2930286151149872,0.6613288950907398,0.1941304110415298,0.7332318416042776,0.07263774735419262,2
-0.134,0.14946956203041079,0.2936907706609368,0.6629827364046376,0.19351014106498765,0.733555028741166,0.07293483019384646,2
-0.133,0.14976358429230713,0.29435458058779645,0.6646376396468584,0.19289120879721744,0.7338759076722586,0.07323288353052396,2
-0.132,0.15005827119158638,0.2950200459402305,0.6662935699633382,0.1922736143430258,0.7341944762233563,0.07353190943361797,2
-0.131,0.1503536243841876,0.29568716772772313,0.6679504922571516,0.1916573577896625,0.7345107322384558,0.07383190997188169,2
-0.13,0.15064964552704183,0.2963559469247448,0.6696083714452511,0.19104243920689262,0.7348246735797145,0.07413288721339291,2
-0.129,0.15094633627803708,0.29702638447061364,0.6712671721739721,0.19042885864706752,0.7351362981274142,0.07443484322551813,2
-0.128,0.15124369829598305,0.29769848126909276,0.6729268587010723,0.1898166161451976,0.7354456037799256,0.07473778007487672,2
-0.127,0.15154173324057527,0.2983722381880158,0.6745873951177755,0.18920571171902453,0.7357525884536711,0.07504169982730427,2
-0.126,0.15184044277235909,0.2990476560593283,0.6762487454875504,0.18859614536909375,0.7360572500830906,0.07534660454781561,2
-0.125,0.15213982855269392,0.2997247356789909,0.6779108736101874,0.18798791707882714,0.7363595866206044,0.07565249630056844,2
-0.124,0.15243989224371707,0.3004034778065487,0.6795737428899601,0.18738102681459604,0.7366595960365778,0.0759593771488261,2
-0.123,0.15274063550830702,0.3010838831647708,0.6812373165784863,0.18677547452579474,0.7369572763192853,0.07626724915492003,2
-0.122,0.1530420600100466,0.30176595243970566,0.682901557857995,0.1861712601449132,0.7372526254748746,0.07657611438021215,2
-0.121,0.15334416741318643,0.3024496862804868,0.6845664296054038,0.18556838358761138,0.7375456415273317,0.07688597488505698,2
-0.12,0.15364695938260758,0.3031350852989165,0.6862318944270135,0.18496684475279232,0.7378363225184439,0.07719683272876375,2
-0.119,0.15395043758378427,0.3038221500693408,0.687897914776469,0.18436664352267645,0.7381246665077656,0.07750868996955781,2
-0.118,0.15425460368274627,0.3045108811284694,0.689564452885371,0.1837677797628755,0.7384106715725824,0.077821548664542,2
-0.11699999999999999,0.1545594593460412,0.30520127897511157,0.6912314708118477,0.1831702533224671,0.738694335807875,0.07813541086965789,2
-0.11599999999999999,0.1548650062406965,0.3058933440700931,0.6928989303642268,0.18257406403406867,0.7389756573262846,0.07845027863964671,2
-0.11499999999999999,0.1551712460341814,0.30658707683584,0.6945667930247084,0.18197921171391251,0.7392546342580775,0.07876615402801003,2
-0.11399999999999999,0.15547818039436817,0.3072824776561425,0.6962350202061034,0.18138569616192038,0.7395312647511098,0.07908303908696987,2
-0.11299999999999999,0.15578581098949368,0.30797954687625223,0.6979035731477505,0.18079351716177852,0.7398055469707925,0.07940093586742909,2
-0.11199999999999999,0.15609413948812068,0.30867828480243803,0.699572412728166,0.18020267448101254,0.7400774791000563,0.07971984641893123,2
-0.11099999999999999,0.15640316755909855,0.30937869170170856,0.7012414996593324,0.17961316787106268,0.7403470593393171,0.08003977278962028,2
-0.10999999999999999,0.1567128968715241,0.3100807678017567,0.7029107945005768,0.17902499706735941,0.7406142859064407,0.08036071702619975,2
-0.10899999999999999,0.15702332909470207,0.3107845132907097,0.7045802575891817,0.17843816178939864,0.7408791570367093,0.0806826811738921,2
-0.10799999999999998,0.1573344658981055,0.31148992831693506,0.7062498489154849,0.17785266174081732,0.741141670982785,0.08100566727639756,2
-0.10699999999999998,0.15764630895133594,0.3121970129885407,0.7079195283032906,0.17726849660946944,0.7414018260146777,0.08132967737585291,2
-0.10599999999999998,0.1579588599240826,0.31290576737354164,0.7095892555764032,0.17668566606750177,0.741659620419709,0.08165471351278922,2
-0.10499999999999998,0.15827212048608302,0.3136161914996935,0.7112589901492321,0.17610416977142973,0.7419150525024794,0.08198077772609082,2
-0.10399999999999998,0.15858609230708198,0.3143282853538401,0.7129286911516923,0.17552400736221369,0.7421681205848335,0.08230787205295276,2
-0.10299999999999998,0.1589007770567907,0.3150420488819969,0.7145983176443098,0.1749451784653351,0.7424188230058264,0.08263599852883852,2
-0.10199999999999998,0.15921617640484598,0.31575748198912873,0.7162678284516881,0.17436768269087272,0.74266715812169,0.0829651591874372,2
-0.10099999999999998,0.15953229202076896,0.31647458453890026,0.7179371821625085,0.1737915196335792,0.7429131243058,0.08329535606062081,2
-0.09999999999999998,0.15984912557392378,0.31719335635345375,0.7196063371434074,0.17321668887295744,0.7431567199486414,0.08362659117840121,2
-0.09899999999999998,0.16016667873347587,0.3179137972131871,0.7212752514904046,0.17264318997333736,0.7433979434577762,0.08395886656888647,2
-0.09799999999999998,0.16048495316835015,0.31863590685643456,0.7229438832162531,0.17207102248395242,0.7436367932578103,0.08429218425823738,2
-0.09699999999999998,0.16080395054718874,0.3193596849796196,0.7246121901463558,0.17150018593901642,0.7438732677903601,0.08462654627062333,2
-0.09599999999999997,0.1611236725383094,0.32008513123672727,0.7262801296689652,0.1709306798578007,0.7441073655140207,0.08496195462817858,2
-0.09499999999999997,0.1614441208096622,0.3208122452389575,0.7279476590682503,0.17036250374471038,0.7443390849043321,0.08529841135095752,2
-0.09399999999999997,0.1617652970287873,0.3215410265548638,0.7296147354965414,0.16979565708936206,0.7445684244537482,0.08563591845688984,2
-0.09299999999999997,0.16208720286277192,0.3222714747099506,0.7312813158771851,0.1692301393666605,0.7447953826716037,0.08597447796173582,2
-0.09199999999999997,0.1624098399782072,0.32300358918661815,0.7329473568698501,0.16866595003687584,0.745019958084083,0.08631409187904115,2
-0.09099999999999997,0.16273321004114516,0.3237373694236903,0.7346128148358326,0.16810308854572087,0.7452421492341876,0.08665476222009152,2
-0.08999999999999997,0.1630573147170546,0.3244728148162898,0.7362776460809177,0.167541554324428,0.7454619546817054,0.08699649099386662,2
-0.08899999999999997,0.16338215567077774,0.32520992471585214,0.7379418067166015,0.16698134678982704,0.7456793730031785,0.08733928020699433,2
-0.08799999999999997,0.1637077345664863,0.325948698429723,0.7396052525004964,0.16642246534442218,0.7458944027918731,0.08768313186370466,2
-0.08699999999999997,0.1640340530676372,0.32668913522085313,0.7412679389473535,0.1658649093764692,0.7461070426577475,0.08802804796578316,2
-0.08599999999999997,0.164361112836928,0.3274312343076177,0.7429298214955964,0.1653086782600536,0.7463172912274225,0.08837403051252395,2
-0.08499999999999996,0.16468891553625242,0.3281749948638443,0.7445908554726259,0.16475377135516725,0.7465251471441501,0.08872108150068272,2
-0.08399999999999996,0.1650174628266557,0.328920416018563,0.7462509958033874,0.16420018800778638,0.7467306090677835,0.08906920292442999,2
-0.08299999999999996,0.16534675636828955,0.3296674968554511,0.7479101971075146,0.163647927549949,0.7469336756747478,0.08941839677530311,2
-0.08199999999999996,0.1656767978203666,0.330416236412778,0.749568414032397,0.16309698929983235,0.7471343456580092,0.08976866504215851,2
-0.08099999999999996,0.1660075888411151,0.3311666336835159,0.751225600975624,0.1625473725618305,0.7473326177270458,0.09012000971112359,2
-0.07999999999999996,0.16633913108773363,0.33191868761472926,0.7528817119878399,0.1619990766266319,0.7475284906078191,0.09047243276554894,2
-0.07899999999999996,0.16667142621634456,0.3326723971074916,0.7545367010086672,0.16145210077129718,0.7477219630427437,0.09082593618595895,2
-0.07799999999999996,0.1670044758819486,0.3334277610167466,0.7561905217973168,0.16090644425933637,0.74791303379066,0.0911805219500037,2
-0.07699999999999996,0.16733828173837806,0.3341847781510862,0.7578431278493218,0.1603621063407867,0.7481017016268038,0.09153619203240937,2
-0.07599999999999996,0.16767284543825078,0.33494344727244524,0.7594944724104151,0.15981908625229047,0.7482879653427802,0.09189294840492938,2
-0.07499999999999996,0.16800816863292295,0.33570376709590705,0.7611445086083684,0.15927738321717194,0.7484718237465336,0.09225079303629433,2
-0.07399999999999995,0.1683442529724426,0.336465736289662,0.7627931892864586,0.15873699644551575,0.7486532756623218,0.09260972789216239,2
-0.07299999999999995,0.16868110010550227,0.33722935347447996,0.7644404671214293,0.15819792513424388,0.7488323199306872,0.09296975493506908,2
-0.07199999999999995,0.16901871167939156,0.33799461722390484,0.7660862946790019,0.15766016846719352,0.7490089554084298,0.09333087612437672,2
-0.07099999999999995,0.16935708933995008,0.33876152606383797,0.7677306241016251,0.15712372561519453,0.7491831809685809,0.09369309341622438,2
-0.06999999999999995,0.16969623473151924,0.3395300784721081,0.7693734073929697,0.156588595736147,0.7493549955003767,0.09405640876347629,2
-0.06899999999999995,0.1700361494968943,0.3403002728786239,0.7710145965567066,0.15605477797509876,0.7495243979092305,0.09442082411567086,2
-0.06799999999999995,0.17037683527727648,0.3410721076652215,0.7726541432218064,0.15552227146432265,0.7496913871167077,0.09478634141896952,2
-0.06699999999999995,0.17071829371222474,0.3418455811650675,0.7742919985939671,0.15499107532339435,0.7498559620605006,0.09515296261610498,2
-0.06599999999999995,0.17106052643960662,0.34262069166240944,0.775928114003787,0.15446118865926958,0.7500181216944015,0.09552068964632897,2
-0.06499999999999995,0.17140353509554956,0.3433974373930751,0.7775624406916308,0.15393261056636134,0.7501778649882788,0.09588952444535986,2
-0.06399999999999995,0.17174732131439277,0.3441758165437927,0.779194929280385,0.15340534012661744,0.7503351909280512,0.09625946894533124,2
-0.06299999999999994,0.17209188672863715,0.34495582725163587,0.7808255302818583,0.15287937640959773,0.7504900985156641,0.09663052507473827,2
-0.061999999999999944,0.17243723296889604,0.3457374676043564,0.7824541942494372,0.1523547184725514,0.7506425867690639,0.09700269475838473,2
-0.06099999999999994,0.17278336166384586,0.34652073564013475,0.7840808714590357,0.15183136536049394,0.750792654722176,0.0973759799173301,2
-0.05999999999999994,0.1731302744401763,0.3473056293472745,0.7857055117979621,0.15130931610628445,0.7509403014248794,0.09775038246883605,2
-0.05899999999999994,0.1734779729225404,0.3480921466637307,0.7873280649800523,0.1507885697307029,0.7510855259429844,0.09812590432631267,2
-0.05799999999999994,0.17382645873350377,0.3488802854772346,0.7889484807399587,0.1502691252425267,0.7512283273582092,0.09850254739926402,2
-0.05699999999999994,0.17417573349349488,0.3496700436252106,0.7905667085209005,0.14975098163860795,0.7513687047681578,0.0988803135932343,2
-0.05599999999999994,0.1745257988207542,0.3504614188942764,0.7921826974538464,0.1492341379039502,0.7515066572862964,0.09925920480975342,2
-0.05499999999999994,0.17487665633128344,0.3512544090201183,0.7937963964685373,0.1487185930117855,0.7516421840419325,0.09963922294628198,2
-0.05399999999999994,0.17522830763879443,0.3520490116872135,0.7954077543975695,0.14820434592365067,0.7517752841801933,0.10002036989615606,2
-0.052999999999999936,0.17558075435465786,0.3528452245289134,0.7970167199208837,0.1476913955894644,0.7519059568620035,0.10040264754853216,2
-0.051999999999999935,0.17593399808785226,0.35364304512705524,0.7986232413922927,0.14717974094760364,0.7520342012640646,0.10078605778833172,2
-0.050999999999999934,0.17628804044491198,0.354442471011698,0.8002272669505033,0.14666938092498016,0.7521600165788347,0.10117060249618505,2
-0.04999999999999993,0.17664288302987566,0.35524349966095625,0.8018287446093224,0.14616031443711677,0.7522834020145079,0.10155628354837545,2
-0.04899999999999993,0.1769985274442339,0.35604612850091666,0.8034276223201069,0.14565254038822398,0.7524043567949934,0.10194310281678265,2
-0.04799999999999993,0.1773549752868775,0.35685035490559647,0.8050238476456355,0.1451460576712759,0.7525228801598974,0.10233106216882662,2
-0.04699999999999993,0.17771222815404508,0.35765617619620793,0.8066173678017423,0.1446408651680866,0.7526389713645029,0.10272016346741057,2
-0.04599999999999993,0.1780702876392699,0.35846358964119995,0.8082081301430393,0.14413696174938595,0.7527526296797507,0.1031104085708635,2
-0.04499999999999993,0.17842915533332748,0.359272592456494,0.8097960818437271,0.1436343462748959,0.7528638543922209,0.10350179933288323,2
-0.04399999999999993,0.1787888328241829,0.3600831818048874,0.8113811695992228,0.14313301759340588,0.7529726448041151,0.10389433760247899,2
-0.04299999999999993,0.17914932169693726,0.36089535479569246,0.8129633399731043,0.1426329745428487,0.753079000233238,0.10428802522391317,2
-0.041999999999999926,0.17951062353377428,0.3617091084848336,0.8145425395011944,0.14213421595037654,0.7531829200129802,0.1046828640366433,2
-0.040999999999999925,0.17987273991390693,0.36252443987469485,0.8161187144972707,0.14163674063243578,0.7532844034923003,0.1050788558752638,2
-0.040000000000000036,0.18023567241352367,0.36334134591382816,0.8176918109836776,0.1411405473948429,0.7533834500357096,0.10547600256944743,2
-0.039000000000000035,0.18059942260573458,0.3641598234966622,0.819261774816226,0.14064563503285962,0.7534800590232541,0.10587430594388637,2
-0.038000000000000034,0.180963992060517,0.3649798694634606,0.8208285516286821,0.1401520023312679,0.7535742298504989,0.10627376781823315,2
-0.03700000000000003,0.1813293823446615,0.36580148059991957,0.8223920869576676,0.1396596480644453,0.7536659619285135,0.10667439000704121,2
-0.03600000000000003,0.18169559502171684,0.36662465363737595,0.8239523262565377,0.13916857099643953,0.7537552546838553,0.10707617431970512,2
-0.03500000000000003,0.18206263165193626,0.36744938525243265,0.8255092145276192,0.13867876988104366,0.753842107558555,0.10747912256040146,2
-0.03400000000000003,0.1824304937922217,0.3682756720664312,0.8270626966275222,0.13819024346187028,0.7539265200101016,0.10788323652802802,2
-0.03300000000000003,0.18279918299606912,0.3691035106456877,0.828612717405918,0.1377029904724264,0.7540084915114299,0.10828851801614368,2
-0.03200000000000003,0.18316870081351308,0.36993289750124303,0.8301592214626777,0.13721700963618774,0.7540880215509046,0.10869496881290776,2
-0.031000000000000028,0.1835390487910716,0.37076382908861305,0.83170215316175,0.13673229966667286,0.7541651096323078,0.1091025907010195,2
-0.030000000000000027,0.1839102284716903,0.37159630180756653,0.8332414566519778,0.1362488592675174,0.7542397552748258,0.10951138545765673,2
-0.029000000000000026,0.18428224139468674,0.372430312001917,0.8347770759642429,0.13576668713254808,0.7543119580130374,0.10992135485441452,2
-0.028000000000000025,0.18465508909569414,0.373265855959495,0.8363089550322825,0.13528578194585644,0.7543817173969,0.11033250065724369,2
-0.027000000000000024,0.18502877310660573,0.3741029299119816,0.8378370374498282,0.13480614238187244,0.7544490329917384,0.11074482462638915,2
-0.026000000000000023,0.1854032949555181,0.3749415300343947,0.8393612666093834,0.13432776710543812,0.7545139043782342,0.11115832851632783,2
-0.025000000000000022,0.18577865616667452,0.37578165244520034,0.8408815859242683,0.13385065477188107,0.7545763311524128,0.11157301407570609,2
-0.02400000000000002,0.1861548582604085,0.3766232932062432,0.8423979385788197,0.13337480402708743,0.7546363129256348,0.1119888830472776,2
-0.02300000000000002,0.186531902753087,0.377466448322358,0.8439102674104296,0.13290021350757505,0.7546938493245844,0.11240593716784039,2
-0.02200000000000002,0.18690979115705322,0.3783111137410641,0.8454185151524066,0.13242688184056647,0.7547489399912594,0.1128241781681742,2
-0.02100000000000002,0.18728852498056914,0.3791572853526628,0.8469226244756093,0.13195480764406153,0.7548015845829619,0.11324360777297654,2
-0.020000000000000018,0.18766810572775855,0.3800049589900153,0.848422537863546,0.13148398952691012,0.75485178277229,0.11366422770079991,2
-0.019000000000000017,0.18804853489854917,0.3808541304283899,0.8499181975429863,0.1310144260888844,0.7548995342471277,0.11408603966398781,2
-0.018000000000000016,0.18842981398861533,0.38170479538510127,0.8514095454700824,0.1305461159207513,0.7549448387106377,0.11450904536861112,2
-0.017000000000000015,0.18881194448931937,0.38255694951933006,0.8528965236287426,0.13007905760434443,0.7549876958812523,0.11493324651440338,2
-0.016000000000000014,0.189194927887654,0.38341058843235876,0.8543790738987914,0.12961324971263602,0.7550281054926673,0.11535864479469678,2
-0.015000000000000013,0.1895787656661841,0.38426570766712764,0.85585713774372,0.12914869080980876,0.7550660672938335,0.11578524189635774,2
-0.014000000000000012,0.18996345930298825,0.3851223027078462,0.8573306564604858,0.12868537945132724,0.7551015810489511,0.11621303949972175,2
-0.013000000000000012,0.19034901027159978,0.3859803689800486,0.8587995713946187,0.12822331418400942,0.7551346465374623,0.11664203927852831,2
-0.01200000000000001,0.19073542004094834,0.38683990185063544,0.8602638237389929,0.12776249354609787,0.7551652635540466,0.11707224289985563,2
-0.01100000000000001,0.19112269007530105,0.3877008966275266,0.8617233543117823,0.1273029160673307,0.755193431908614,0.11750365202405541,2
-0.010000000000000009,0.1915108218342034,0.388563348559259,0.8631781037438105,0.1268445802690124,0.7552191514263007,0.11793626830468701,2
-0.009000000000000008,0.19189981677241957,0.3894272528350142,0.8646280127352904,0.1263874846640847,0.7552424219474643,0.11837009338845099,2
-0.008000000000000007,0.19228967633987343,0.3902926045847296,0.8660730218199012,0.12593162775719693,0.7552632433276797,0.11880512891512342,2
-0.007000000000000006,0.19268040198158903,0.39115939887865403,0.8675130711566218,0.12547700804477624,0.7552816154377341,0.11924137651748962,2
-0.006000000000000005,0.19307199513763074,0.39202763072704283,0.8689481007934089,0.12502362401509765,0.7552975381636252,0.1196788378212771,2
-0.0050000000000000044,0.19346445724304312,0.39289729508024085,0.8703780507851581,0.12457147414835427,0.7553110114065569,0.12011751444508889,2
-0.0040000000000000036,0.19385778972779122,0.39376838682861315,0.8718028609855369,0.12412055691672676,0.7553220350829369,0.12055740800033643,2
-0.0030000000000000027,0.19425199401670035,0.3946409008022119,0.8732224709775963,0.12367087078445275,0.7553306091243746,0.12099852009117266,2
-0.0020000000000000018,0.19464707152939564,0.39551483177056834,0.8746368202056091,0.1232224142078965,0.7553367334776793,0.1214408523144241,2
-0.0010000000000000009,0.19504302368024148,0.39639017444262314,0.8760458480722148,0.12277518563561783,0.7553404081048589,0.1218844062595233,2
0.0,0.1954398518782809,0.3972669234667128,0.8774494938135194,0.12232918350844094,0.7553416329831182,0.12232918350844094,2
0.001000000000000112,0.1958375575271749,0.3981450734302502,0.8788476964435846,0.12188440625952321,0.7553404081048588,0.12277518563561787,2
0.0020000000000000018,0.1962361420251414,0.39902461885959994,0.8802403948793273,0.12144085231442413,0.7553367334776794,0.12322241420789652,2
0.0030000000000001137,0.1966356067648941,0.39990555422000884,0.8816275278572531,0.12099852009117266,0.7553306091243746,0.12367087078445275,2
0.0040000000000000036,0.1970359531335814,0.40078787391531445,0.8830090339334565,0.12055740800033642,0.7553220350829368,0.12412055691672674,2
0.0050000000000001155,0.19743718251272474,0.40167157228787576,0.8843848516848488,0.12011751444508877,0.7553110114065569,0.12457147414835433,2
0.006000000000000005,0.19783929627815716,0.40255664361868415,0.8857549194524187,0.1196788378212771,0.7552975381636252,0.12502362401509765,2
0.007000000000000117,0.1982422957999621,0.4034430821267806,0.8871191753204158,0.1192413765174896,0.755281615437734,0.12547700804477627,2
0.008000000000000007,0.19864618244241072,0.404330881969325,0.8884775574008456,0.11880512891512342,0.7552632433276797,0.12593162775719693,2
0.009000000000000119,0.19905095756390076,0.4052200372415823,0.8898300035975463,0.11837009338845088,0.7552424219474643,0.12638748466408475,2
0.010000000000000009,0.1994566225168939,0.4061105419765201,0.891176451661673,0.11793626830468701,0.7552191514263007,0.1268445802690124,2
0.01100000000000012,0.1998631786478538,0.40700239014490563,0.8925168393167086,0.1175036520240554,0.7551934319086139,0.1273029160673307,2
0.01200000000000001,0.2002706272971837,0.4078955756551535,0.8938511040362799,0.11707224289985563,0.7551652635540466,0.12776249354609787,2
0.013000000000000123,0.2006789697991641,0.4087900923529782,0.8951791831621195,0.11664203927852822,0.7551346465374623,0.12822331418400948,2
0.014000000000000012,0.20108820748188966,0.40968593402147774,0.8965010140082877,0.11621303949972175,0.7551015810489511,0.12868537945132724,2
0.015000000000000124,0.20149834166720706,0.4105830943809948,0.8978165336737113,0.11578524189635771,0.7550660672938334,0.1291486908098088,2
0.016000000000000014,0.20190937367065165,0.41148156708882516,0.8991256791462946,0.11535864479469678,0.7550281054926673,0.12961324971263602,2
0.017000000000000126,0.20232130480138472,0.41238134573928736,0.900428387358431,0.11493324651440326,0.7549876958812521,0.13007905760434446,2
0.018000000000000016,0.20273413636213022,0.413282423863542,0.9017245950274081,0.11450904536861109,0.7549448387106376,0.13054611592075127,2
0.019000000000000128,0.2031478696491118,0.4141847949293422,0.903014238773369,0.11408603966398781,0.7548995342471277,0.13101442608888442,2
0.020000000000000018,0.2035625059519889,0.41508845234108876,0.9042972551054343,0.1136642277007999,0.7548517827722899,0.1314839895269101,2
0.02100000000000013,0.20397804655379398,0.41599338943955305,0.9055735804563972,0.11324360777297646,0.754801584582962,0.13195480764406162,2
0.02200000000000002,0.20439449273086802,0.41689959950200156,0.9068431511410894,0.1128241781681742,0.7547489399912594,0.13242688184056647,2
0.02300000000000013,0.20481184575279798,0.41780707574183523,0.9081059032314812,0.1124059371678404,0.7546938493245845,0.13290021350757514,2
0.02400000000000002,0.2052301068823517,0.4187158113084645,0.9093617728689322,0.11198888304727761,0.7546363129256349,0.13337480402708746,2
0.02499999999999991,0.2056492773754149,0.4196257992875731,0.9106106960005126,0.11157301407570612,0.754576331152413,0.13385065477188104,2
0.026000000000000023,0.20606935848092683,0.42053703270046555,0.9118526084136983,0.1111583285163278,0.7545139043782341,0.1343277671054381,2
0.026999999999999913,0.20649035144081584,0.4214495045044005,0.9130874458543318,0.11074482462638927,0.7544490329917384,0.13480614238187236,2
0.028000000000000025,0.20691225748993564,0.4223632075921742,0.9143151439294775,0.11033250065724369,0.7543817173969,0.13528578194585644,2
0.028999999999999915,0.2073350778560002,0.42327813479225945,0.9155356382462002,0.10992135485441455,0.7543119580130375,0.13576668713254805,2
0.030000000000000027,0.20775881375952016,0.4241942788686666,0.9167488642103364,0.10951138545765673,0.7542397552748258,0.1362488592675174,2
0.030999999999999917,0.20818346641373753,0.4251116325206801,0.917954757082006,0.10910259070101955,0.7541651096323075,0.13673229966667277,2
0.03200000000000003,0.20860903702456152,0.42603018838283063,0.9191532521074511,0.10869496881290776,0.7540880215509046,0.13721700963618774,2
0.03299999999999992,0.2090355267905032,0.42694993902489503,0.9203442844218915,0.1082885180161437,0.7540084915114301,0.13770299047242637,2
0.03400000000000003,0.2094629369026113,0.4278708769516744,0.9215277891258525,0.10788323652802805,0.7539265200101017,0.1381902434618703,2
0.03499999999999992,0.20989126854440654,0.42879299460314674,0.9227037011810816,0.10747912256040153,0.7538421075585549,0.13867876988104358,2
0.03600000000000003,0.2103205228918176,0.4297162843540366,0.9238719553272815,0.10707617431970513,0.7537552546838554,0.13916857099643956,2
0.03699999999999992,0.2107507011131146,0.4306407385138013,0.9250324864151774,0.10667439000704121,0.7536659619285135,0.13965964806444525,2
0.038000000000000034,0.2111818043688452,0.43156634932686694,0.9261852291567166,0.10627376781823315,0.7535742298504989,0.1401520023312679,2
0.038999999999999924,0.21161383381176835,0.43249310897211474,0.9273301181250685,0.10587430594388646,0.753480059023254,0.1406456350328596,2
0.040000000000000036,0.21204679058678944,0.4334210095631171,0.9284670878795246,0.10547600256944743,0.7533834500357096,0.1411405473948429,2
0.040999999999999925,0.21248067583089458,0.4343500431478738,0.9295960727712097,0.10507885587526382,0.7532844034923005,0.1416367406324358,2
0.04200000000000004,0.21291549067308518,0.4352802017086595,0.9307170072830876,0.10468286403664323,0.7531829200129803,0.14213421595037662,2
0.04299999999999993,0.2133512362343119,0.43621147716243996,0.9318298257593441,0.10428802522391317,0.753079000233238,0.1426329745428487,2
0.04400000000000004,0.21378791362741006,0.4371438613601782,0.932934462231915,0.10389433760247899,0.7529726448041151,0.14313301759340588,2
0.04499999999999993,0.21422552395703226,0.4380773460869038,0.9340308509964138,0.10350179933288323,0.7528638543922209,0.1436343462748959,2
0.04600000000000004,0.21466406831958387,0.439011923062171,0.9351189261680429,0.1031104085708634,0.7527526296797505,0.14413696174938598,2
0.04699999999999993,0.2151035478031566,0.4399475839392399,0.9361986216260824,0.10272016346741057,0.7526389713645029,0.1446408651680866,2
0.04800000000000004,0.21554396348746235,0.4408843203054232,0.9372698714787956,0.10233106216882662,0.7525228801598974,0.14514605767127597,2
0.04899999999999993,0.21598531644376745,0.4418221236821975,0.9383326095985236,0.10194310281678265,0.7524043567949934,0.14565254038822398,2
0.050000000000000044,0.21642760773482675,0.44276098552462023,0.9393867697327076,0.10155628354837536,0.7522834020145078,0.14616031443711683,2
0.050999999999999934,0.2168708384148167,0.4437008972216629,0.9404322857675664,0.10117060249618505,0.7521600165788347,0.14666938092498016,2
0.052000000000000046,0.21731500952927008,0.44464185009615537,0.9414690914158466,0.1007860577883317,0.7520342012640645,0.1471797409476037,2
0.052999999999999936,0.217760122115009,0.4455838354044946,0.94249712029315,0.10040264754853216,0.7519059568620035,0.1476913955894644,2
0.05400000000000005,0.21820617720007907,0.44652684433674167,0.9435163060844678,0.10002036989615597,0.7517752841801932,0.14820434592365073,2
0.05499999999999994,0.2186531758036825,0.4474708680166635,0.944526582398463,0.099639222946282,0.7516421840419326,0.1487185930117855,2
0.05600000000000005,0.2191011189361124,0.4484158975015386,0.9455278827397153,0.09925920480975342,0.7515066572862963,0.1492341379039503,2
0.05699999999999994,0.21955000759868556,0.44936192378214296,0.9465201405989268,0.0988803135932343,0.7513687047681578,0.14975098163860795,2
0.05800000000000005,0.21999984278367668,0.45030893778273645,0.9475032894529214,0.09850254739926395,0.7512283273582093,0.15026912524252678,2
0.05899999999999994,0.22045062547425104,0.4512569303610488,0.9484772627715845,0.0981259043263127,0.7510855259429845,0.1507885697307029,2
0.06000000000000005,0.22090235664439878,0.4522058923082796,0.9494419938721457,0.09775038246883605,0.7509403014248793,0.1513093161062845,2
0.06099999999999994,0.2213550372588676,0.4531558143487931,0.9503974160648956,0.0973759799173301,0.750792654722176,0.15183136536049394,2
0.062000000000000055,0.22180866827309637,0.4541066871404094,0.9513434628197195,0.09700269475838466,0.7506425867690639,0.15235471847255144,2
0.06299999999999994,0.22226325063314842,0.45505850127443254,0.9522800673913969,0.09663052507473827,0.7504900985156641,0.15287937640959773,2
0.06400000000000006,0.22271878527564523,0.4560112472751922,0.9532071629791963,0.09625946894533123,0.7503351909280511,0.1534053401266175,2
0.06499999999999995,0.2231752731276988,0.45696491560039093,0.9541246829281027,0.09588952444535986,0.7501778649882788,0.15393261056636134,2
0.06600000000000006,0.22363271510684601,0.4579194966410484,0.9550325604720791,0.09552068964632886,0.7500181216944014,0.1544611886592696,2
0.06699999999999995,0.2240911121209809,0.4588749807213351,0.9559307287340659,0.09515296261610498,0.7498559620605006,0.15499107532339435,2
0.06800000000000006,0.22455046506828868,0.45983135809851655,0.9568191209688428,0.09478634141896954,0.7496913871167078,0.15552227146432276,2
0.06899999999999995,0.22501077483717793,0.4607886189632728,0.9576976705075171,0.09442082411567085,0.7495243979092304,0.15605477797509873,2
0.07000000000000006,0.22547204230621523,0.4617467534395316,0.958566310431396,0.0940564087634762,0.7493549955003767,0.15658859573614706,2
0.07099999999999995,0.225934268344057,0.46270575158413557,0.9594249738495422,0.09369309341622438,0.7491831809685809,0.15712372561519453,2
0.07200000000000006,0.2263974538093835,0.4636656033872307,0.960273594037552,0.09333087612437672,0.7490089554084297,0.15766016846719358,2
0.07299999999999995,0.22686159955083146,0.4646262987722107,0.9611121042085715,0.09296975493506905,0.7488323199306871,0.15819792513424386,2
0.07400000000000007,0.22732670640692793,0.4655878275956478,0.9619404374786025,0.09260972789216232,0.7486532756623219,0.15873699644551575,2
0.07499999999999996,0.22779277520602276,0.4665501796471679,0.9627585270330354,0.09225079303629433,0.7484718237465336,0.15927738321717194,2
0.07600000000000007,0.22825980676622226,0.4675133446497139,0.9635663061682833,0.09189294840492937,0.7482879653427801,0.15981908625229047,2
0.07699999999999996,0.22872780189532219,0.46847731225950445,0.9643637080280756,0.09153619203240937,0.7481017016268038,0.1603621063407867,2
0.07800000000000007,0.22919676139074127,0.46944207206577004,0.9651506657770417,0.09118052195000362,0.74791303379066,0.16090644425933642,2
0.07899999999999996,0.22966668603945373,0.47040761359105854,0.9659271127809834,0.09082593618595897,0.747721963042744,0.1614521007712972,2
0.08000000000000007,0.2301375766179234,0.471373926291332,0.966692982287686,0.09047243276554894,0.7475284906078191,0.161999076626632,2
0.08099999999999996,0.2306094338920364,0.4723409995556339,0.9674482074756288,0.0901200097111236,0.747332617727046,0.16254737256183052,2
0.08200000000000007,0.23108225861703466,0.47330882270628327,0.9681927217730637,0.08976866504215843,0.7471343456580092,0.16309698929983243,2
0.08299999999999996,0.23155605153744896,0.47427738499918004,0.9689264585457926,0.08941839677530311,0.7469336756747478,0.163647927549949,2
0.08400000000000007,0.23203081338703302,0.47524667562337486,0.9696493510485951,0.08906920292443,0.7467306090677837,0.16420018800778644,2
0.08499999999999996,0.2325065448886957,0.47621668370127723,0.9703613327582952,0.08872108150068272,0.7465251471441501,0.16475377135516725,2
0.08600000000000008,0.23298324675443557,0.47718739828889145,0.9710623371655949,0.08837403051252385,0.7463172912274224,0.16530867826005366,2
0.08699999999999997,0.2334609196852735,0.4781588083756084,0.9717522976779294,0.08802804796578317,0.7461070426577477,0.16586490937646922,2
0.08800000000000008,0.2339395643711868,0.4791309028842473,0.972431147890084,0.08768313186370466,0.7458944027918731,0.16642246534442223,2
0.08899999999999997,0.234419181491042,0.4801036706713886,0.9730988214176608,0.08733928020699434,0.7456793730031787,0.16698134678982707,2
0.09000000000000008,0.23489977171252957,0.48107710052708264,0.9737552518207506,0.08699649099386655,0.7454619546817054,0.16754155432442808,2
0.09099999999999997,0.23538133569209616,0.4820511811750301,0.9744003728121,0.08665476222009151,0.7452421492341875,0.16810308854572084,2
0.09200000000000008,0.23586387407487963,0.48302590127270684,0.97503411813915,0.08631409187904115,0.745019958084083,0.16866595003687593,2
0.09299999999999997,0.23634738749464157,0.4840012494113084,0.975656421646486,0.08597447796173582,0.7447953826716037,0.1692301393666605,2
0.09400000000000008,0.23683187657370225,0.4849772141159998,0.9762672171648159,0.08563591845688977,0.7445684244537482,0.16979565708936212,2
0.09499999999999997,0.23731734192287357,0.48595378384563803,0.9768664385872974,0.08529841135095755,0.7443390849043322,0.1703625037447104,2
0.09600000000000009,0.23780378414139353,0.4869309469931744,0.9774540200360717,0.0849619546281786,0.7441073655140207,0.17093067985780075,2
0.09699999999999998,0.23829120381685992,0.4879086918857102,0.9780298955291968,0.08462654627062333,0.7438732677903601,0.17150018593901642,2
0.09800000000000009,0.23877960152516495,0.4888870067842328,0.9785939991679973,0.08429218425823731,0.7436367932578103,0.17207102248395245,2
0.09899999999999998,0.2392689778304284,0.4898658798840462,0.9791462652550256,0.08395886656888647,0.7433979434577762,0.17264318997333736,2
0.10000000000000009,0.23975933328493304,0.49084529931474286,0.9796866280997731,0.0836265911784012,0.7431567199486413,0.1732166888729575,2
0.10099999999999998,0.24025066842905787,0.4918252531402457,0.9802150220949981,0.08329535606062081,0.7429131243058,0.1737915196335792,2
0.10200000000000009,0.24074298379121353,0.49280572935893285,0.9807313817583587,0.08296515918743715,0.74266715812169,0.1743676826908728,2
0.10299999999999998,0.24123627988777574,0.49378671590376244,0.9812356416630243,0.0826359985288385,0.7424188230058263,0.17494517846533508,2
0.10400000000000009,0.24173055722302106,0.4947682006422589,0.9817277364584922,0.08230787205295277,0.7421681205848336,0.17552400736221377,2
0.10499999999999998,0.24222581628906026,0.4957501713766794,0.982207600960793,0.08198077772609083,0.7419150525024795,0.17610416977142976,2
0.1060000000000001,0.24272205756577442,0.4967326158441805,0.9826751700831018,0.08165471351278916,0.741659620419709,0.17668566606750186,2
0.10699999999999998,0.24321928152074862,0.49771552171684563,0.9831303787871661,0.08132967737585291,0.7414018260146777,0.17726849660946944,2
0.1080000000000001,0.2437174886092081,0.4986988766017548,0.9835731621526946,0.08100566727639757,0.741141670982785,0.1778526617408174,2
0.10899999999999999,0.24421667927395213,0.499682668041151,0.9840034554398072,0.0806826811738921,0.7408791570367093,0.17843816178939864,2
0.1100000000000001,0.2447168539452904,0.5006668835126344,0.9844211940196459,0.0803607170261997,0.740614285906441,0.1790249970673595,2
0.11099999999999999,0.2452180130409774,0.5016515104291903,0.9848263132911086,0.08003977278962028,0.7403470593393171,0.17961316787106268,2
0.1120000000000001,0.2457201569661488,0.5026365361392167,0.985218748784932,0.07971984641893122,0.7400774791000562,0.1802026744810126,2
0.11299999999999999,0.24622328611325583,0.5036219479267602,0.9855984362955308,0.07940093586742909,0.7398055469707925,0.18079351716177852,2
0.1140000000000001,0.24672740086200232,0.5046077330118077,0.9859653116728309,0.07908303908696987,0.7395312647511098,0.18138569616192043,2
0.11499999999999999,0.24723250157927945,0.5055938785501058,0.9863193107945136,0.07876615402801003,0.7392546342580775,0.18197921171391251,2
0.1160000000000001,0.24773858861910253,0.5065803716333968,0.9866603698158163,0.07845027863964672,0.7389756573262847,0.18257406403406876,2
0.11699999999999999,0.24824566232254625,0.5075671992897375,0.986988425086265,0.07813541086965789,0.738694335807875,0.1831702533224671,2
0.1180000000000001,0.248753723017682,0.5085543484835693,0.987303412899875,0.07782154866454193,0.7384106715725824,0.1837677797628756,2
0.119,0.24926277101951338,0.5095418061155372,0.9876052697449502,0.07750868996955783,0.7381246665077658,0.18436664352267648,2
0.1200000000000001,0.24977280662991308,0.5105295590230592,0.987893932491434,0.07719683272876375,0.7378363225184439,0.1849668447527924,2
0.121,0.2502838301375595,0.5115175939805201,0.9881693379398806,0.07688597488505697,0.7375456415273316,0.18556838358761135,2
0.12200000000000011,0.2507958418178741,0.512505897698939,0.9884314230018667,0.07657611438021208,0.7372526254748747,0.1861712601449133,2
0.123,0.2513088419329574,0.5134944568265238,0.9886801249914248,0.07626724915492002,0.7369572763192852,0.1867754745257947,2
0.12400000000000011,0.25182283073152717,0.5144832579489218,0.988915381236465,0.0759593771488261,0.7366595960365779,0.18738102681459612,2
0.125,0.2523378084488552,0.5154722875889968,0.9891371291620423,0.07565249630056844,0.7363595866206044,0.18798791707882714,2
0.1260000000000001,0.25285377530670516,0.5164615322072459,0.9893453065956672,0.07534660454781555,0.7360572500830906,0.18859614536909386,2
0.127,0.2533707315132697,0.5174509782021881,0.9895398513926059,0.07504169982730427,0.7357525884536711,0.18920571171902453,2
0.1280000000000001,0.25388867726310954,0.5184406119100311,0.9897207014775136,0.07473778007487673,0.7354456037799256,0.18981661614519774,2
0.129,0.2544076127370898,0.5194304196051431,0.9898877952330123,0.07443484322551815,0.7351362981274143,0.19042885864706754,2
0.13000000000000012,0.25492753810231983,0.5204203875004971,0.9900410711527465,0.07413288721339284,0.7348246735797144,0.19104243920689268,2
0.131,0.2554484535120908,0.5214105017474486,0.9901804676887274,0.07383190997188169,0.7345107322384558,0.1916573577896625,2
0.13200000000000012,0.2559703591058147,0.5224007484358746,0.9903059237231773,0.07353190943361795,0.7341944762233562,0.19227361434302587,2
0.133,0.25649325500896253,0.523391113594895,0.9904173784158745,0.07323288353052396,0.7338759076722586,0.19289120879721744,2
0.13400000000000012,0.2570171413330045,0.5243815831927063,0.9905147708572084,0.07293483019384639,0.7335550287411658,0.1935101410649878,2
0.135,0.25754201817534794,0.5253721431366094,0.9905980404983907,0.07263774735419262,0.7332318416042776,0.1941304110415298,2
0.13600000000000012,0.25806788561927774,0.5263627792737031,0.9906671271098224,0.07234163294156577,0.7329063484540255,0.19475201860440874,2
0.137,0.25859474373389535,0.527353477390829,0.9907219705174155,0.07204648488540005,0.73257855150111,0.19537496361349,2
0.13800000000000012,0.2591225925740594,0.528344223214738,0.9907625107830045,0.07175230111459548,0.7322484529745356,0.19599924591086895,2
0.139,0.2596514321803248,0.5293350024123951,0.990788688218224,0.07145907955755311,0.7319160551216474,0.19662486532079948,2
0.14000000000000012,0.2601812625788842,0.5303258005911744,0.9908004434400199,0.07116681814220897,0.7315813602081667,0.19725182164962443,2
0.14100000000000001,0.2607120837815072,0.5313166032992751,0.9907977172318718,0.0708755147960687,0.731244370518227,0.1978801146857043,2
0.14200000000000013,0.26124389578548274,0.5323073960256381,0.9907804505437925,0.07058516744624126,0.73090508835441,0.19850974419934872,2
0.14300000000000002,0.26177669857355845,0.5332981642003627,0.9907485847004951,0.07029577401947328,0.7305635160377817,0.19914070994274516,2
0.14400000000000013,0.26231049211388346,0.5342888931950391,0.9907020612348596,0.07000733244218171,0.7302196559079271,0.19977301164989125,2
0.14500000000000002,0.26284527635994853,0.5352795683228324,0.990640821874055,0.06971984064048803,0.7298735103229879,0.2004066490365241,2
0.14600000000000013,0.26338105125052913,0.5362701748387873,0.9905648085534171,0.06943329654025066,0.7295250816596963,0.20104162180005306,2
0.14700000000000002,0.2639178167096261,0.5372606979399392,0.9904739636384932,0.0691476980670983,0.7291743723134123,0.2016779296194895,2
0.14800000000000013,0.264455572646409,0.5382511227660642,0.990368229716875,0.06886304314646206,0.7288213846981578,0.20231557215538004,2
0.14900000000000002,0.26499431895515824,0.539241434399373,0.9902475494177878,0.06857932970360851,0.7284661212466537,0.20295454904973778,2
0.15000000000000013,0.26553405551520776,0.5402316178648998,0.990111865883935,0.06829655566367104,0.7281085844103539,0.20359485992597512,2
0.15100000000000002,0.26607478219088804,0.5412216581311409,0.98996112250782,0.06801471895168247,0.7277487766594817,0.20423650438883587,2
0.15200000000000014,0.26661649883147004,0.5422115401099155,0.9897952627929687,0.0677338174926062,0.7273867004830648,0.2048794820243291,2
0.15300000000000002,0.26715920527110787,0.5432012486567268,0.9896142307702629,0.06745384921136822,0.7270223583889704,0.20552379239966145,2
0.15399999999999991,0.2677029013287835,0.544190768571456,0.9894179705677288,0.06717481203288783,0.7266557529039405,0.20616943506317173,2
0.15500000000000003,0.2682475868082508,0.5451800845978623,0.9892064265354374,0.06689670388210889,0.7262868865736266,0.20681640954426445,2
0.15599999999999992,0.2687932614979792,0.5461691814245269,0.9889795435785711,0.06661952268403094,0.7259157619626254,0.20746471535334374,2
0.15700000000000003,0.26933992517109984,0.5471580436850194,0.9887372667549679,0.06634326636373905,0.725542381654512,0.20811435198174882,2
0.15799999999999992,0.26988757758534926,0.5481466559580368,0.9884795413445104,0.06606793284643483,0.725166748251877,0.2087653189016882,2
0.15900000000000003,0.2704362184830159,0.5491350027677084,0.9882063130850485,0.06579352005746601,0.7247888643763581,0.2094176155661759,2
0.15999999999999992,0.2709858475908847,0.5501230685842069,0.9879175279919874,0.06552002592235685,0.7244087326686771,0.21007124140896596,2
0.16100000000000003,0.2715364646201843,0.5511108378236924,0.9876131322611439,0.06524744836683731,0.7240263557886727,0.21072619584448996,2
0.16199999999999992,0.27208806926653206,0.5520982948487292,0.9872930725324238,0.06497578531687292,0.723641736415335,0.211382478267792,2
0.16300000000000003,0.2726406612098818,0.5530854239687573,0.9869572957926778,0.06470503469869383,0.7232548772468395,0.21204008805446675,2
0.16399999999999992,0.2731942401144696,0.5540722094403145,0.9866057493063121,0.06443519443882385,0.7228657810005807,0.21269902456059542,2
0.16500000000000004,0.2737488056287624,0.5550586354673699,0.9862383805875332,0.06416626246410903,0.7224744504132061,0.2133592871226848,2
0.16599999999999993,0.2743043573854043,0.5560446862014896,0.9858551375807592,0.06389823670174676,0.7220808882406499,0.21402087505760353,2
0.16700000000000004,0.2748608950011654,0.5570303457425314,0.9854559686467415,0.06363111507931347,0.7216850972581647,0.21468378766252186,2
0.16799999999999993,0.2754184180768894,0.5580155981387831,0.9850408223266429,0.06336489552479341,0.7212870802603573,0.21534802421484944,2
0.16900000000000004,0.27597692619744296,0.5590004273871847,0.9846096475363266,0.0630995759666061,0.7208868400612185,0.21601358397217532,2
0.16999999999999993,0.27653641893166375,0.5599848174338558,0.9841623936635004,0.06283515433363446,0.7204843794941592,0.21668046617220635,2
0.17100000000000004,0.2770968958323107,0.5609687521745117,0.983699010373428,0.06257162855525172,0.7200797014120398,0.2173486700327085,2
0.17199999999999993,0.2776583564360128,0.5619522154546026,0.9832194476227509,0.06230899656134949,0.7196728086872046,0.21801819475144588,2
0.17300000000000004,0.2782208002632199,0.5629351910697572,0.9827236558401222,0.062047256282364106,0.7192637042115129,0.21868903950612303,2
0.17399999999999993,0.2787842268181523,0.5639176627662829,0.9822115858149063,0.06178640564930408,0.7188523908963714,0.21936120345432447,2
0.17500000000000004,0.27934863558875245,0.564899614241387,0.9816831886277901,0.06152644259377622,0.7184388716727657,0.2200346857334581,2
0.17599999999999993,0.27991402604663507,0.5658810291435384,0.9811384157759608,0.06126736504801278,0.7180231494912913,0.22070948546069585,2
0.17700000000000005,0.2804803976470395,0.5668618910729389,0.9805772192006392,0.061009170944896905,0.7176052273221858,0.2213856017329173,2
0.17799999999999994,0.28104774982878095,0.5678421835819397,0.979999551176113,0.06075185821798929,0.717185108155359,0.22206303362665178,2
0.17900000000000005,0.2816160820142034,0.5688218901752912,0.9794053643236147,0.06049542480155358,0.7167627950004234,0.22274178019802304,2
0.17999999999999994,0.28218539360913153,0.569800994310587,0.9787946117084658,0.06023986863058242,0.7163382908867258,0.22342184048269176,2
0.18100000000000005,0.2827556840028246,0.5707794793987081,0.9781672468123217,0.05998518764082246,0.7159115988633764,0.22410321349580115,2
0.18199999999999994,0.28332695256792895,0.5717573288042116,0.9775232234776601,0.0597313797687999,0.7154827219992792,0.22478589823192086,2
0.18300000000000005,0.283899198660433,0.5727345258456634,0.9768624959077812,0.05947844295184523,0.7150516633831612,0.22546989366499348,2
0.18399999999999994,0.2844724216196203,0.5737110537960272,0.976185018847219,0.05922637512811843,0.7146184261236028,0.22615519874827883,2
0.18500000000000005,0.28504662076802506,0.5746868958833579,0.9754907474290855,0.05897517423663294,0.7141830133490652,0.22684181241430187,2
0.18599999999999994,0.285621795411387,0.5756620352908853,0.9747796370085373,0.058724838217280875,0.7137454282079209,0.2275297335747983,2
0.18700000000000006,0.28619794483860683,0.5766364551573749,0.9740516436207427,0.05847536501085655,0.7133056738684808,0.2282189611206627,2
0.18799999999999994,0.28677506832170174,0.5776101385781268,0.9733067237033257,0.05822675255908096,0.7128637535190235,0.22890949392189547,2
0.18900000000000006,0.2873531651157631,0.5785830686047816,0.9725448338604439,0.0579789988046252,0.7124196703678223,0.22960133082755255,2
0.18999999999999995,0.2879322344589113,0.5795552282458477,0.971765931334633,0.05773210169113463,0.711973427643173,0.23029447066569242,2
0.19100000000000006,0.2885122755722548,0.5805266004674509,0.9709699738819069,0.05748605916325173,0.7115250285934213,0.23098891224332724,2
0.19199999999999995,0.2890932876598462,0.5814971681936115,0.9701569196052242,0.057240869166639737,0.7110744764869893,0.23168465434637114,2
0.19300000000000006,0.289675269908642,0.5824669143066613,0.969326727037755,0.056996529648005355,0.7106217746124024,0.23238169573959233,2
0.19399999999999995,0.29025822148845953,0.583435821647687,0.9684793551983919,0.05675303855512201,0.7101669262783156,0.23308003516656225,2
0.19500000000000006,0.2908421415519374,0.5844038730170581,0.9676147634946055,0.05651039383685214,0.7097099348135391,0.23377967134960884,2
0.19599999999999995,0.29142702923449365,0.5853710511746762,0.9667329118057113,0.05626859344316985,0.7092508035670633,0.23448060298976692,2
0.19700000000000006,0.29201288365428674,0.5863373388406695,0.965833760649403,0.056027635325183185,0.7087895359080848,0.23518282876673208,2
0.19799999999999995,0.292599703912175,0.5873027186959751,0.9649172708764411,0.05578751743515619,0.7083261352260308,0.23588634733881286,2
0.19900000000000007,0.2931874890916787,0.5882671733824224,0.9639834037122865,0.05554823772653073,0.7078606049305836,0.2365911573428857,2
0.19999999999999996,0.29377623825893984,0.5892306855033996,0.963032120979145,0.05530979415394837,0.7073929484517041,0.2372972573943475,2
0.20100000000000007,0.2943659504626855,0.5901932376243807,0.9620633850404561,0.05507218467327172,0.7069231692396563,0.23800464608707214,2
0.20199999999999996,0.2949566247341886,0.5911548122734805,0.961077158662115,0.054835407241606016,0.7064512707650293,0.23871332199336462,2
0.20300000000000007,0.29554826008723245,0.5921153919417049,0.9600734049847173,0.054599459817320034,0.7059772565187618,0.2394232836639183,2
0.20399999999999996,0.296140855518072,0.59307495908345,0.9590520878705036,0.054364340360067286,0.7055011300121626,0.24013452962777002,2
0.20500000000000007,0.29673441000539935,0.5940334961174459,0.9580131715841702,0.05413004683080656,0.7050228947769345,0.2408470583922589,2
0.20599999999999996,0.2973289225103069,0.5949909854266183,0.9569566207651139,0.053896577191822906,0.7045425543651943,0.24156086844298283,2
0.20700000000000007,0.2979243919762526,0.5959474093589762,0.955882400788254,0.053663929406747614,0.7040601123494947,0.2422759582437576,2
0.20799999999999996,0.29852081732902486,0.5969027502281948,0.9547904774170881,0.05343210144057894,0.7035755723228455,0.24299232623657557,2
0.20900000000000007,0.299118197476709,0.5978569903138103,0.953680816845325,0.05320109125970171,0.7030889378987325,0.2437099708415657,2
0.20999999999999996,0.2997165313096525,0.5988101118618855,0.9525533858772963,0.05297089683190784,0.7026002127111391,0.24442889045695315,2
0.21100000000000008,0.30031581770043275,0.5997620970855649,0.9514081519557118,0.05274151612641532,0.7021094004145639,0.24514908345902076,2
0.21199999999999997,0.3009160555038236,0.6007129281657969,0.950245082870226,0.05251294711388842,0.7016165046840416,0.24587054820206997,2
0.21300000000000008,0.30151724355676435,0.6016625872513054,0.9490641468684604,0.05228518776645656,0.7011215292151594,0.24659328301838399,2
0.21399999999999997,0.3021193806783262,0.6026110564595338,0.947865313016826,0.05205823605773399,0.7006244777240771,0.24731728621818885,2
0.21500000000000008,0.3027224656696834,0.603558317877339,0.9466485507425562,0.051832089962838376,0.7001253539475429,0.24804255608961864,2
0.21599999999999997,0.3033264973140809,0.604504353561019,0.9454138299863626,0.051606747458409964,0.6996241616429117,0.24876909089867827,2
0.21700000000000008,0.30393147437680545,0.6054491455373118,0.9441611213134573,0.05138220652263017,0.6991209045881607,0.24949688888920907,2
0.21799999999999997,0.3045373956051555,0.6063926758036459,0.9428903957470194,0.05115846513524019,0.6986155865819066,0.25022594828285327,2
0.21900000000000008,0.30514425972841275,0.6073349263288058,0.9416016250041173,0.05093552127755901,0.69810821144342,0.25095626727902104,2
0.21999999999999997,0.30575206545781314,0.6082758790536541,0.9402947812459086,0.05071337293250215,0.6975987830126416,0.2516878440548562,2
0.22100000000000009,0.30636081148652006,0.6092155158912976,0.9389698372164181,0.050492018084599175,0.697087305150196,0.2524206767652048,2
0.22199999999999998,0.30697049648959573,0.6101538187280869,0.9376267663119267,0.05027145472001194,0.6965737817374064,0.25315476354258165,2
0.2230000000000001,0.30758111912397623,0.6110907694239215,0.9362655422617819,0.05005168082655186,0.6960582166763073,0.25389010249714083,2
0.22399999999999998,0.3081926780284436,0.6120263498126105,0.9348861396141209,0.04983269439369802,0.6955406138896586,0.2546266917166435,2
0.2250000000000001,0.30880517182360145,0.6129605417031497,0.9334885335554591,0.04961449341261389,0.695020977320957,0.25536452926642905,2
0.22599999999999998,0.3094185991118499,0.6138933268797214,0.932072699466601,0.04939707587616507,0.6944993109344492,0.2561036131893856,2
0.2270000000000001,0.3100329584773609,0.6148246871020829,0.9306386135887738,0.049180439778935894,0.693975618715142,0.2568439415059221,2
0.22799999999999998,0.31064824848605405,0.615754604106899,0.9291862528709719,0.04896458311724673,0.6934499046688143,0.25758551221393894,2
0.2290000000000001,0.3112644676855747,0.6166830596078249,0.9277155945536234,0.04874950388917034,0.6929221728220265,0.2583283232888032,2
0.22999999999999998,0.3118816146052697,0.6176100352960062,0.9262266166404346,0.04853520009454868,0.6923924272221309,0.2590723726833204,2
0.2310000000000001,0.3124996877561667,0.6185355128411058,0.9247192977457345,0.04832166973500925,0.6918606719372805,0.2598176583277101,2
0.23199999999999998,0.3131186856309519,0.6194594738914977,0.9231936169834524,0.048108910813981394,0.6913269110564383,0.2605641781295803,2
0.2330000000000001,0.3137386067039497,0.6203819000750727,0.9216495542030404,0.04789692133671215,0.6907911486893838,0.26131192997390407,2
0.23399999999999999,0.31435944943110206,0.6213027729999038,0.9200870897396732,0.047685699310282645,0.6902533889667223,0.26206091172299506,2
0.2350000000000001,0.3149812122499495,0.622222074254552,0.9185062046362927,0.04747524274362337,0.6897136360398906,0.26281112121648603,2
0.236,0.31560389357961116,0.6231397854091764,0.9169068805603412,0.04726554964753037,0.6891718940811636,0.26356255627130587,2
0.2370000000000001,0.31622749182076787,0.6240558880156727,0.9152890996233501,0.04705661803468024,0.68862816728366,0.26431521468165964,2
0.238,0.3168520053556425,0.6249703636084231,0.9136528447556406,0.04684844591964588,0.6880824598613475,0.26506909421900654,2
0.2390000000000001,0.3174774325479847,0.625883193705184,0.9119980994981561,0.04664103131891125,0.6875347760490467,0.26582419263204216,2
0.24,0.3181037717430529,0.6267943598074194,0.9103248479747076,0.04643437225088692,0.6869851201024353,0.26658050764667773,2
0.2410000000000001,0.31873102126759956,0.6277038434011334,0.9086330749613617,0.04622846673592449,0.6864334962980517,0.26733803696602365,2
0.242,0.31935917942985514,0.6286116259573421,0.9069227657337856,0.04602331279633176,0.6858799089332973,0.2680967782703709,2
0.2430000000000001,0.31998824451951424,0.629517688932601,0.9051939063725581,0.04581890845638691,0.6853243623264378,0.26885672921717535,2
0.244,0.32061821480772035,0.6304220137700872,0.9034464836937809,0.045615251742353494,0.6847668608166052,0.2696178874410412,2
0.2450000000000001,0.3212490885470544,0.6313245818999885,0.9016804849298891,0.045412340682494175,0.6842074087637989,0.27038025055370685,2
0.246,0.3218808639715203,0.632225374739947,0.8998958979933295,0.045210173307085384,0.6836460105488849,0.2711438161440297,2
0.2470000000000001,0.3225135392965343,0.6331243736959752,0.898092711643094,0.045008747648431054,0.683082670573595,0.271908581777974,2
0.248,0.3231471127189123,0.6340215601632332,0.8962709151655305,0.044808061740876724,0.6825173932605266,0.27267454499859656,2
0.2490000000000001,0.3237815824168608,0.6349169155263062,0.8944304984576094,0.044608113620823064,0.68195018305314,0.27344170332603696,2
0.25,0.3244169465499649,0.6358104211601484,0.8925714521657017,0.044408901326739775,0.6813810444157559,0.2742100542575044,2
0.2510000000000001,0.3250532032591811,0.6367020584306377,0.8906937675329233,0.04421042289917887,0.6808099818335515,0.27497959526726967,2
0.252,0.32569035066682617,0.6375918086952143,0.8887974365795462,0.04401267638078816,0.6802369998125584,0.27575032380665354,2
0.2530000000000001,0.3263283868765715,0.6384796533037967,0.8868824519919764,0.0438156598163242,0.6796621028796553,0.2765222373040205,2
0.254,0.32696730997343376,0.6393655735991982,0.884948807011731,0.04361937125266573,0.6790852955825654,0.2772953331647689,2
0.2550000000000001,0.3276071180237699,0.6402495509178202,0.8829964955880946,0.04342380873882634,0.6785065824898479,0.27806960877132586,2
0.256,0.3282478090752694,0.6411315665903744,0.8810255124197522,0.04322897032596749,0.6779259681908931,0.2788450614831395,2
0.2570000000000001,0.32888938115695066,0.6420116019426597,0.8790358528992784,0.043034854067410845,0.6773434572959137,0.27962168863667547,2
0.258,0.3295318322791547,0.642889638296173,0.8770275130576258,0.04284145801865143,0.6767590544359378,0.2803994875454107,2
0.2590000000000001,0.330175160433543,0.643765656968775,0.8750004896473921,0.042648780237369295,0.6761727642627989,0.2811784554998317,2
0.26,0.3308193635930923,0.6446396392754677,0.8729547801011864,0.042456818783442485,0.6755845914491275,0.28195858976743005,2
0.2610000000000001,0.33146443971209394,0.6455115665289773,0.8708903825038742,0.04226557171895862,0.6749945406883391,0.28273988759270224,2
0.262,0.33211038672615023,0.6463814200404755,0.8688072957591101,0.042075037108227464,0.6744026166946256,0.28352234619714695,2
0.2630000000000001,0.3327572025521749,0.6472491811204956,0.866705519353416,0.041885213017792404,0.673808824202941,0.28430596277926656,2
0.264,0.3334048850883912,0.6481148310791823,0.8645850534394476,0.04169609751644248,0.673213167968991,0.28509073451456657,2
0.2650000000000001,0.33405343221433326,0.6489783512273745,0.8624458991690612,0.041507688675223975,0.6726156527692181,0.28587665855555794,2
0.266,0.334702841790846,0.6498397228775205,0.8602880581937137,0.04131998456745199,0.6720162834007891,0.2866637320317589,2
0.2670000000000001,0.3353531116600883,0.6506989273437619,0.8581115326367065,0.041132983268721654,0.6714150646815792,0.2874519520496992,2
0.268,0.3360042396455335,0.6515559459427939,0.855916325745442,0.040946682856919756,0.6708120014501572,0.28824131569292316,2
0.26900000000000013,0.3366562235519739,0.6524107599952528,0.8537024414612119,0.040761081412235584,0.6702070985657687,0.2890318200219957,2
0.27,0.337309061165524,0.6532633508257163,0.8514698841277638,0.040576177017172234,0.6696003609083204,0.28982346207450743,2
0.27100000000000013,0.3379627502536253,0.6541136997635083,0.8492186590047793,0.040391967756557366,0.66899179337836,0.29061623886508253,2
0.272,0.338617288565051,0.6549617881437259,0.8469487721846073,0.04020845171755422,0.6683814008970607,0.29141014738538523,2
0.27300000000000013,0.3392726738299128,0.6558075973078775,0.8446602303702192,0.04002562698967192,0.6677691884061986,0.2922051846041295,2
0.274,0.3399289037596668,0.6566511086044663,0.8423530409168426,0.03984349166477658,0.6671551608681356,0.2930013474670878,2
0.27500000000000013,0.3405859760471217,0.6574923033897112,0.8400272120401279,0.03966204383710132,0.6665393232657966,0.2937986328971021,2
0.276,0.3412438883664462,0.6583311630285466,0.8376827526773704,0.03948128160325695,0.6659216806026486,0.29459703779409435,2
0.27700000000000014,0.3419026383731788,0.659167668895066,0.8353196724597548,0.03930120306224186,0.6653022379026782,0.29539655903508,2
0.278,0.34256222370423633,0.6600018023734661,0.8329379818094998,0.03912180631545263,0.664681000210368,0.2961971934741793,2
0.27900000000000014,0.34322264197792574,0.660833544858685,0.8305376917594468,0.038943089466693476,0.6640579725906733,0.29699893794263316,2
0.28,0.3438838907939537,0.661662877756985,0.8281188143138821,0.03876505062218664,0.6634331601289969,0.29780178924881656,2
0.2809999999999999,0.3445459677334397,0.6624897824873127,0.8256813621015927,0.038587687890581854,0.6628065679311625,0.2986057441782555,2
0.28200000000000003,0.34520887035892833,0.6633142404811881,0.8232253483897437,0.03841099938296617,0.6621782011233903,0.2994107994936434,2
0.2829999999999999,0.3458725962144021,0.6641362331840922,0.8207507873614343,0.038234983212873615,0.6615480648522684,0.3002169519348581,2
0.28400000000000003,0.3465371428252965,0.664955742055911,0.8182576938936529,0.03805963749629434,0.6609161642847239,0.3010241982189818,2
0.2849999999999999,0.3472025076985139,0.6657727485718795,0.8157460836127887,0.03788496035168453,0.6602825046079964,0.30183253504031904,2
0.28600000000000003,0.3478686883224403,0.6665872342231366,0.8132159729362646,0.037710949899975046,0.6596470910296063,0.3026419590704188,2
0.2869999999999999,0.3485356821669602,0.667399180517752,0.8106673790031487,0.037537604264581005,0.6590099287773248,0.30345246695809414,2
0.28800000000000003,0.3492034866834758,0.6682085689811429,0.8081003196741536,0.03736492157141061,0.6583710230991431,0.30426405532944634,2
0.2889999999999999,0.34987209930492247,0.6690153811571004,0.8055148137120487,0.03719289994887425,0.6577303792632395,0.3050767207878862,2
0.29000000000000004,0.35054151744579,0.669819598608567,0.8029108804902256,0.03702153752789317,0.6570880025579465,0.3058904599141603,2
0.2909999999999999,0.3512117385021396,0.6706212029180808,0.8002885401592323,0.03685083244190837,0.6564438982917177,0.306705269266374,2
0.29200000000000004,0.35188275985162615,0.6714201756888855,0.7976478137716729,0.036680782826889205,0.6557980717930915,0.3075211453800194,2
0.2929999999999999,0.3525545788535174,0.6722164985456242,0.7949887230879187,0.03651138682134188,0.6551505284106574,0.3083380847680008,2
0.29400000000000004,0.3532271928487174,0.6730101531350613,0.7923112905067191,0.03634264256631785,0.6545012735130181,0.3091560839206641,2
0.29499999999999993,0.3539005991597875,0.6738011211266376,0.78961553932888,0.0361745482054223,0.6538503124887536,0.3099751393058242,2
0.29600000000000004,0.3545747950909707,0.6745893842137191,0.7869014937156298,0.036007101884822285,0.6531976507463816,0.31079524736879616,2
0.29699999999999993,0.35524977792821494,0.6753749241140689,0.7841691783694309,0.035840301753254936,0.6525432937143202,0.3116164045324249,2
0.29800000000000004,0.3559255449391988,0.6761577225704579,0.7814186188948018,0.03567414596203548,0.6518872468408462,0.31243860719711825,2
0.29899999999999993,0.35660209337335586,0.6769377613518585,0.7786498417011727,0.035508632665065314,0.6512295155940568,0.31326185174087784,2
0.30000000000000004,0.35727942046190253,0.6777150222538603,0.7758628739473743,0.03534376001883956,0.6505701054618258,0.31408613451933476,2
0.30099999999999993,0.3579575234178636,0.6784894870997532,0.7730577436110269,0.035179526182455234,0.6499090219517624,0.3149114518657824,2
0.30200000000000005,0.35863639943610204,0.6792611377410823,0.7702344793081288,0.03501592931761864,0.6492462705911678,0.31573780009121366,2
0.30299999999999994,0.35931604569334574,0.6800299560583695,0.7673931105428571,0.03485296758865316,0.6485818569269911,0.3165651754843557,2
0.30400000000000005,0.3599964593482188,0.680795923962168,0.7645336676243002,0.03469063916250648,0.6479157865257841,0.31739357431170934,2
0.30499999999999994,0.3606776375412701,0.6815590233936181,0.7616561816387029,0.03452894220875845,0.6472480649736558,0.31822299281758576,2
0.30600000000000005,0.361359577395006,0.6823192363254454,0.7587606844494659,0.03436787489962784,0.6465786978762248,0.31905342722414737,2
0.30699999999999994,0.36204227601392097,0.683076544762517,0.7558472085722461,0.03420743540998006,0.645907690858573,0.31988487373144686,2
0.30800000000000005,0.36272573048453105,0.6838309307425899,0.7529157874247565,0.034047621917333924,0.645235049565196,0.3207173285174702,2
0.30899999999999994,0.36340993787540615,0.6845823763373665,0.7499664553406442,0.033888432601869085,0.6445607796599541,0.3215507877381768,2
0.31000000000000005,0.3640948952372058,0.6853308636532712,0.7469992472364233,0.033729865646432586,0.6438848868260223,0.32238524752754516,2
0.31099999999999994,0.3647805996027127,0.6860763748318394,0.7440141987918862,0.03357191923654611,0.6432073767658387,0.32322070399761516,2
0.31200000000000006,0.36546704798686946,0.686818892050855,0.7410113467137263,0.03341459156041258,0.642528255201053,0.32405715323853457,2
0.31299999999999994,0.3661542373868144,0.6875583975252668,0.7379907283610592,0.03325788080892298,0.6418475278724728,0.32489459131860426,2
0.31400000000000006,0.36684216478192,0.6882948735075771,0.734952381731268,0.033101785175662785,0.6411652005400104,0.32573301428432677,2
0.31499999999999995,0.36753082713382956,0.6890283022887294,0.731896345779192,0.03294630285691887,0.6404812789826285,0.3265724181604527,2
0.31600000000000006,0.36822022138649746,0.6897586661991355,0.7288226603480157,0.032791432051685575,0.6397957689982834,0.32741279895003117,2
0.31699999999999995,0.36891034446622784,0.6904859476094254,0.7257313658914903,0.032637170961671395,0.6391086764038695,0.3282541526344591,2
0.31800000000000006,0.3696011932817163,0.6912101289309185,0.7226225036682792,0.03248351779130518,0.6384200070351616,0.3290964751735333,2
0.31899999999999995,0.3702927647240897,0.691931192616762,0.7194961157974682,0.032330470747742375,0.6377297667467567,0.3299397625055008,2
0.32000000000000006,0.37098505566694984,0.6926491211625134,0.7163522451614217,0.032178028040871075,0.637037961412015,0.3307840105471141,2
0.32099999999999995,0.3716780629664147,0.6933638971070848,0.7131909354474157,0.032026187883318305,0.6363445969229989,0.33162921519368266,2
0.32200000000000006,0.372371783461164,0.6940755030334083,0.7100122310921269,0.031874948490455766,0.6356496791904137,0.33247537231913055,2
0.32299999999999995,0.3730662139724815,0.694783921569269,0.70681617742041,0.031724308080406036,0.6349532141435444,0.33332247777604956,2
0.32400000000000007,0.37376135130430255,0.6954891353882491,0.7036028203816207,0.03157426487404807,0.6342552077301931,0.33417052739575887,2
0.32499999999999996,0.374457192243258,0.6961911272100323,0.7003722067855371,0.03142481709502339,0.6335556659166159,0.33501951698836063,2
0.32600000000000007,0.3751537335587226,0.6968898798018202,0.6971243844133828,0.031275962969741326,0.6328545946874582,0.3358694423428005,2
0.32699999999999996,0.37585097200286166,0.6975853759788591,0.6938594016570037,0.03112770072738503,0.6321520000456888,0.33672029922692615,2
0.32800000000000007,0.37654890431068033,0.6982775986051342,0.6905773076576465,0.030980028599916682,0.6314478880125337,0.3375720833875495,2
0.32899999999999996,0.37724752720007193,0.6989665305941744,0.6872781523614696,0.030832944822083302,0.6307422646274095,0.3384247905505072,2
0.33000000000000007,0.3779468373718687,0.6996521549098571,0.6839619866305652,0.030686447631421837,0.6300351359478538,0.33927841642072437,2
0.33099999999999996,0.37864683150989165,0.7003344545674355,0.6806288620347928,0.030540535268264748,0.629326508049458,0.3401329566822772,2
0.3320000000000001,0.37934750628100355,0.7010134126339267,0.6772788309350458,0.03039520597574511,0.6286163870257955,0.34098840699845945,2
0.33299999999999996,0.3800488583351595,0.7016890122293056,0.6739119465526405,0.030250457999801913,0.6279047789883523,0.3418447630118458,2
0.3340000000000001,0.38075088430546217,0.702361236527032,0.6705282627333936,0.030106289589185015,0.627191690066454,0.3427020203443609,2
0.33499999999999996,0.38145358080821357,0.7030300687547724,0.6671278341696668,0.029962698995460446,0.6264771264071943,0.3435601745973452,2
0.3360000000000001,0.3821569444429717,0.7036954921953713,0.6637107164697559,0.029819684473015147,0.6257610941753603,0.3444192213516246,2
0.33699999999999997,0.3828609717926043,0.7043574901877119,0.6602769659913571,0.029677244279062112,0.6250435995533588,0.34527915616757904,2
0.3380000000000001,0.38356565942334714,0.705016046127354,0.6568266396195227,0.02953537667364499,0.6243246487411404,0.34613997458521456,2
0.33899999999999997,0.384271003884859,0.7056711434669509,0.65335979521075,0.02939407991964323,0.6236042479561238,0.347001672124233,2
0.3400000000000001,0.38497700171028104,0.7063227657177755,0.6498764916484928,0.029253352282776396,0.6228824034331178,0.34786424428410584,2
0.34099999999999997,0.38568364941629457,0.7069708964502479,0.6463767882186605,0.02911319203160915,0.6221591214242441,0.34872768654414665,2
0.3420000000000001,0.38639094350318154,0.7076155192942128,0.6428607450537077,0.028973597437555607,0.6214344081988575,0.3495919943635869,2
0.34299999999999997,0.387098880454883,0.7082566179403553,0.6393284233130453,0.02883456677488414,0.6207082700434667,0.35045716318164916,2
0.3440000000000001,0.38780745673906225,0.7088941761408389,0.6357798845862955,0.028696098320721484,0.6199807132616526,0.35132318841762583,2
0.345,0.3885166688071647,0.7095281777095279,0.6322151913790147,0.02855819035505752,0.6192517441739881,0.35219006547095444,2
0.3460000000000001,0.3892265130944813,0.710158606523597,0.6286344072098377,0.02842084116074939,0.6185213691179535,0.3530577897212971,2
0.347,0.3899369860202119,0.7107854465239476,0.6250375960692439,0.028284049023525874,0.6177895944478552,0.3539263565286189,2
0.3480000000000001,0.3906480839875292,0.7114086817157355,0.6214248227248692,0.028147812231991493,0.6170564265347392,0.3547957612332693,2
0.349,0.39135980338364335,0.7120282961693973,0.6177961528186499,0.02801212907763091,0.6163218717663079,0.3556659991560613,2
0.3500000000000001,0.392072140579868,0.7126442740213728,0.6141516528807006,0.027876997854812742,0.6155859365468319,0.3565370655983554,2
0.351,0.3927850919316861,0.7132565994751587,0.6104913900101255,0.02774241686079385,0.6148486272970648,0.3574089558421412,2
0.3520000000000001,0.3934986537788183,0.713865256801393,0.606815431999918,0.027608384395723263,0.6141099504541538,0.35828166515012294,2
0.353,0.3942128224452889,0.7144702303391586,0.6031238476561501,0.027474898762646045,0.613369912471552,0.3591551887658019,2
0.3540000000000001,0.39492759423949664,0.7150715044967053,0.5994167063816386,0.02734195826750718,0.6126285198189277,0.36002952191356513,2
0.355,0.3956429654542823,0.7156690637519219,0.5956940784257453,0.02720956121915553,0.6118857789820746,0.36090465979876984,2
0.3560000000000001,0.3963589323670005,0.7162628926535568,0.5919560347872327,0.027077705929347384,0.6111416964628197,0.3617805976078328,2
0.357,0.3970754912395894,0.7168529758214963,0.5882026471171192,0.026946390712750408,0.6103962787789317,0.3626573305083179,2
0.3580000000000001,0.3977926383186435,0.717439297947791,0.5844339878990906,0.02681561388694701,0.6096495324640265,0.3635348536490265,2
0.359,0.398510369835485,0.7180218437972945,0.580650130310722,0.026685373772438334,0.6089014640674746,0.364413162160087,2
0.3600000000000001,0.39922868200623807,0.7186005982084125,0.5768511484038891,0.026555668692647385,0.6081520801543049,0.3652922511530477,2
0.361,0.3999475710319018,0.7191755460941023,0.5730371169104792,0.02642649697392287,0.6074013873051098,0.36617211572096736,2
0.3620000000000001,0.4006670330984263,0.7197466724422334,0.569208111200758,0.026297856945542344,0.606649392115947,0.3670527509385106,2
0.363,0.4013870643767863,0.7203139623165038,0.5653642075886806,0.02616974693971593,0.6058961011982442,0.36793415186203987,2
0.3640000000000001,0.4021076610230593,0.7208774008574108,0.5615054829988249,0.026042165291589342,0.605141521178698,0.36881631352971256,2
0.365,0.4028288191785011,0.7214369732825014,0.5576320149802689,0.02591511033924739,0.6043856586991768,0.36969923096157575,2
0.3660000000000001,0.4035505349696243,0.7219926648873713,0.5537438820257807,0.02578858042371715,0.603628520416619,0.37058289915966397,2
0.367,0.40427280450827585,0.722544461046553,0.5498411633775286,0.025662573888971165,0.6028701130029329,0.37146731310809594,2
0.3680000000000001,0.4049956238917174,0.7230923472141264,0.5459239389021815,0.025537089081930503,0.6021104431448944,0.37235246777317504,2
0.369,0.4057189892027041,0.7236363089243574,0.5419922890770308,0.02541212435246803,0.6013495175440445,0.3732383581034874,2
0.3700000000000001,0.4064428965095661,0.7241763317922805,0.5380462952120353,0.025287678053411235,0.6005873429165853,0.37412497903000347,2
0.371,0.40716734186628867,0.7247124015147814,0.53408603951921,0.025163748540545462,0.5998239259932759,0.37501232546617863,2
0.3720000000000001,0.4078923213125957,0.7252445038713189,0.5301116047101702,0.025040334172616592,0.5990592735193268,0.3759003923080566,2
0.373,0.4086178308740313,0.7257726247242018,0.5261230741210317,0.024917433311334274,0.5982933922542942,0.3767891744343716,2
0.3740000000000001,0.4093438665620441,0.726296750019561,0.5221205321009887,0.024795044321374433,0.5975262889719722,0.37767866670665334,2
0.375,0.41007042437407043,0.7268168657884038,0.5181040635127139,0.024673165570382374,0.5967579704602864,0.37856886396933115,2
0.3760000000000001,0.4107975002936209,0.7273329581465864,0.5140737538433799,0.02455179542897532,0.5959884435211835,0.37945976104984125,2
0.377,0.4115250902903636,0.7278450132960905,0.5100296895932384,0.02443093227074533,0.5952177149705233,0.3803513527587313,2
0.3780000000000001,0.41225319032021307,0.7283530175257729,0.5059719577066297,0.024310574472261804,0.5944457916379675,0.3812436338897706,2
0.379,0.41298179632541515,0.7288569572115038,0.5019006457523951,0.024190720413074247,0.5936726803668693,0.3821365992200564,2
0.3800000000000001,0.4137109042346361,0.7293568188172777,0.4978158421459207,0.024071368475714804,0.5928983880141604,0.3830302435101248,2
0.381,0.4144405099630497,0.7298525888957956,0.4937176360936264,0.02395251704570082,0.5921229214502398,0.3839245615040595,2
0.3820000000000001,0.41517060941242767,0.7303442540894649,0.4896061173847994,0.023834164511537245,0.5913462875588584,0.3848195479296043,2
0.383,0.41590119847122864,0.7308318011305652,0.4854813762389383,0.02371630926471932,0.5905684932370067,0.3857151974982739,2
0.3840000000000001,0.4166322730146888,0.7313152168419428,0.4813435039302534,0.023598949699734736,0.5897895453947979,0.3866115049054674,2
0.385,0.4173638289049125,0.7317944881384257,0.47719259228806665,0.023482084214066227,0.5890094509553527,0.38750846483058105,2
0.3860000000000001,0.41809586199096566,0.7322696020265189,0.4730287336135448,0.02336571120819378,0.5882282168546825,0.38840607193712373,2
0.387,0.41882836810896557,0.7327405456056528,0.46885202122093306,0.023249829085597012,0.5874458500415722,0.38930432087283073,2
0.3880000000000001,0.41956134308217696,0.7332073060689608,0.46466254881305474,0.023134436252757306,0.5866623574774611,0.3902032062697816,2
0.389,0.4202947827211035,0.7336698707032789,0.4604604108282558,0.023019531119160216,0.5858777461363244,0.3911027227445154,2
0.3900000000000001,0.4210286828235835,0.7341282268906173,0.456245702440405,0.02290511209729742,0.585092023004553,0.39200286489814945,2
0.391,0.4217630391748847,0.7345823621081597,0.4520185193090938,0.02279117760266913,0.5843051950808336,0.39290362731649736,2
0.3920000000000001,0.42249784754779984,0.7350322639292355,0.4477789579404586,0.022677726053785856,0.5835172693760258,0.3938050045701884,2
0.393,0.4232331037027432,0.7354779200240407,0.44352711528472494,0.022564755872170876,0.5827282529130415,0.39470699121478753,2
0.39400000000000013,0.4239688033878479,0.7359193181598049,0.4392630890137635,0.022452265482361844,0.5819381527267212,0.39560958179091693,2
0.395,0.4247049423390628,0.7363564462020682,0.4349869775904787,0.02234025331191312,0.5811469758637106,0.3965127708243763,2
0.39600000000000013,0.42544151628025206,0.7367892921149859,0.430698879880231,0.022228717791397463,0.5803547293823352,0.39741655282626726,2
0.397,0.4261785209232928,0.7372178439618287,0.4263988953312477,0.022117657354408186,0.5795614203524773,0.39832092229311444,2
0.39800000000000013,0.4269159519681757,0.7376420899056484,0.422087124196668,0.022007070437560766,0.5787670558554475,0.39922587370699186,2
0.399,0.4276538051031041,0.738062018210222,0.4177636674235204,0.021896955480494956,0.5779716429838601,0.400131401535645,2
0.40000000000000013,0.42839207600459617,0.7384776172404954,0.41342862633353367,0.02178731092587639,0.5771751888415043,0.4010375002326193,2
0.401,0.42913076033758507,0.7388888754628891,0.40908210285905927,0.021678135219398497,0.5763777005432178,0.40194416423738377,2
0.40200000000000014,0.42986985375552195,0.7392957814462136,0.4047241997096048,0.021569426809784086,0.5755791852147556,0.4028513879754603,2
0.403,0.4306093519004775,0.7396983238623083,0.40035502010815593,0.021461184148787234,0.5747796499926633,0.4037591658585495,2
0.40400000000000014,0.43134925040324656,0.7400964914864299,0.39597466788832103,0.021353405691194746,0.5739791020241441,0.4046674922846611,2
0.405,0.43208954488345036,0.7404902731980849,0.39158324739718664,0.021246089894828016,0.5731775484669306,0.40557636163824135,2
0.40600000000000014,0.43283023094964274,0.7408796579812242,0.3871808635369508,0.021139235220544395,0.5723749964891506,0.40648576829030514,2
0.40700000000000003,0.4335713041994128,0.7412646349251588,0.38276762212574555,0.021032840132239022,0.5715714532691969,0.4073957065985641,2
0.4079999999999999,0.43431276021949305,0.7416451932254757,0.3783436291482364,0.020926903096846094,0.5707669259955932,0.4083061709075608,2
0.40900000000000003,0.43505459458586376,0.7420213221834553,0.37390899119971144,0.020821422584340485,0.5699614218668603,0.4092171555487992,2
0.4099999999999999,0.43579680286385997,0.7423930112078752,0.36946381568037057,0.02071639706773934,0.5691549480913831,0.41012865484087757,2
0.41100000000000003,0.4365393806082795,0.742760249814816,0.36500821039286946,0.020611825023103242,0.568347511887274,0.41104066308962284,2
0.4119999999999999,0.4372823233634896,0.7431230276286609,0.36054228368109753,0.020507704929537896,0.5675391204822382,0.4119531745882238,2
0.41300000000000003,0.43802562666353684,0.7434813343821782,0.35606614441630013,0.02040403526919532,0.5667297811134373,0.41286618361736743,2
0.4139999999999999,0.43876928603225396,0.7438351599174935,0.35157990224687874,0.020300814527275293,0.5659195010273521,0.4137796844453725,2
0.41500000000000004,0.4395132969833718,0.744184494186672,0.3470836670571572,0.020198041192026558,0.5651082874796451,0.41469367132832824,2
0.4159999999999999,0.4402576550206273,0.7445293272516078,0.3425775492310598,0.02009571375474825,0.5642961477350227,0.41560813851022904,2
0.41700000000000004,0.44100235563787504,0.7448696492851341,0.3380616600268113,0.019993830709791025,0.5634830890670954,0.41652308022311363,2
0.4179999999999999,0.4417473943191976,0.7452054505716614,0.3335361110357035,0.019892390554558374,0.5626691187582397,0.417438490687202,2
0.41900000000000004,0.44249276653901837,0.7455367215072055,0.3290010141959729,0.01979139178950769,0.5618542440994563,0.4183543641110361,2
0.41999999999999993,0.443238467762212,0.7458634526000534,0.3244564821813786,0.01969083291815167,0.5610384723902313,0.41927069469161704,2
0.42100000000000004,0.4439844934442185,0.7461856344715683,0.3199026281514025,0.01959071244705916,0.5602218109383935,0.4201874766145473,2
0.42199999999999993,0.4447308390311551,0.7465032578563562,0.31533956561247106,0.019491028885856503,0.5594042670599735,0.42110470405417005,2
0.42300000000000004,0.4454774999599312,0.7468163136027932,0.3107674086816334,0.019391780747228412,0.5585858480790598,0.42202237117371183,2
0.42399999999999993,0.4462244716583607,0.7471247926737195,0.30618627200329457,0.019292966546919237,0.5577665613276578,0.4229404721254229,2
0.42500000000000004,0.44697174954527863,0.7474286861467998,0.30159627062431554,0.019194584803733775,0.5569464141455444,0.4238590010507218,2
0.42599999999999993,0.4477193290306543,0.7477279852149681,0.29699751993850193,0.01909663403953843,0.5561254138801248,0.4247779520803366,2
0.42700000000000005,0.44846720551570857,0.7480226811866768,0.29239013600579317,0.018999112779262108,0.5553035678862875,0.42569731933445054,2
0.42799999999999994,0.44921537439302767,0.7483127654869797,0.28777423548287356,0.018902019550897153,0.5544808835262586,0.4266170969228443,2
0.42900000000000005,0.4499638310466825,0.7485982296576426,0.28314993512357195,0.018805352885500223,0.5536573681694567,0.42753727894504323,2
0.42999999999999994,0.45071257085234295,0.7488790653572268,0.2785173522507065,0.018709111317193307,0.5528330291923458,0.4284578594904609,2
0.43100000000000005,0.451461589177397,0.749155264362144,0.27387660485322907,0.01861329338316441,0.5520078739782891,0.4293788326385466,2
0.43199999999999994,0.45221088138106724,0.7494268185669333,0.2692278110866251,0.018517897623668542,0.5511819099174011,0.43030019245893036,2
0.43300000000000005,0.45296044281453085,0.7496937199843172,0.26457108955046915,0.01842292258202836,0.5503551444063993,0.43122193301157236,2
0.43399999999999994,0.4537102688210359,0.7499559607460342,0.2599065595104697,0.018328366804635197,0.549527584848457,0.43214404834690784,2
0.43500000000000005,0.4544603547360229,0.7502135331033382,0.25523434048213534,0.0182342288409495,0.5486992386530524,0.43306653250599814,2
0.43599999999999994,0.45521069588724256,0.7504664294269985,0.2505545523973083,0.01814050724350183,0.5478701132358214,0.4339893795206768,2
0.43700000000000006,0.4559612875948769,0.7507146422081328,0.24586731556253105,0.018047200567893336,0.5470402160184055,0.4349125834137011,2
0.43799999999999994,0.4567121251716588,0.7509581640581235,0.24117275072843536,0.01795430737279671,0.5462095544283034,0.4358361381989,2
0.43900000000000006,0.45746320392299317,0.7511969877095896,0.23647097918688664,0.017861826219956516,0.545378135898718,0.43676003788132556,2
0.43999999999999995,0.458214519147078,0.7514311060164973,0.2317621223130171,0.017769755674190084,0.5445459678684069,0.43768427645740293,2
0.44100000000000006,0.45896606613502616,0.7516605119542157,0.2270463020925815,0.017678094303387987,0.5437130577815297,0.4386088479150824,2
0.44199999999999995,0.45971784017098644,0.7518851986206825,0.22232364094154614,0.017586840678514664,0.5428794130874955,0.4395337462339897,2
0.44300000000000006,0.46046983653226753,0.7521051592360988,0.21759426137302176,0.017495993373608878,0.542045041240811,0.44045896538558016,2
0.44399999999999995,0.46122205048945863,0.7523203871434285,0.2128582864274751,0.01740555096578441,0.5412099497009267,0.4413844993332889,2
0.44500000000000006,0.4619744773065544,0.7525308758089537,0.20811583956170646,0.017315512035230404,0.5403741459320834,0.4423103420326862,2
0.44599999999999995,0.46272711224107654,0.7527366188225519,0.20336704451007195,0.01722587516521198,0.539537637403159,0.44323648743162913,2
0.44700000000000006,0.4634799505441995,0.7529376098979739,0.1986120252428501,0.017136638942070594,0.5387004315875124,0.4441629294704171,2
0.44799999999999995,0.4642329874608725,0.7531338428730376,0.19385090629930862,0.017047801955224578,0.5378625359628311,0.4450896620819444,2
0.44900000000000007,0.46498621822994557,0.7533253117105725,0.1890838124823933,0.016959362797169385,0.5370239580109739,0.4460166791918567,2
0.44999999999999996,0.46573963808429364,0.7535120104980024,0.18431086859504991,0.01687132006347818,0.5361847052178167,0.4469439747187053,2
0.45100000000000007,0.4664932422509416,0.7536939334477626,0.17953220020350252,0.01678367235280202,0.5353447850730954,0.4478715425741027,2
0.45199999999999996,0.46724702595118917,0.7538710748984094,0.1747479331237754,0.016696418266870374,0.5345042050702511,0.4487993766628785,2
0.45300000000000007,0.4680009844007384,0.7540434293140101,0.16995819307474833,0.01660955641049124,0.5336629727062719,0.4497274708832368,2
0.45399999999999996,0.4687551128098172,0.7542109912845589,0.16516310642755702,0.01652308539155171,0.5328210954815373,0.450655819126911,2
0.45500000000000007,0.4695094063833075,0.7543737555268653,0.160362799900282,0.016437003821017943,0.5319785808996592,0.45158441527932275,2
0.45599999999999996,0.4702638603208709,0.7545317168843595,0.15555740023875927,0.016351310312935657,0.5311354364673263,0.45251325321973795,2
0.4570000000000001,0.47101846981707624,0.7546848703273428,0.15074703452189184,0.016266003484430202,0.5302916696941438,0.453442326821426,2
0.45799999999999996,0.4717732300615256,0.7548332109534033,0.1459318302032829,0.01618108195570691,0.5294472880924772,0.454371629951816,2
0.4590000000000001,0.47252813623898304,0.7549767339877493,0.14111191504184703,0.016096544350051114,0.5286022991772918,0.45530115647265706,2
0.45999999999999996,0.4732831835295011,0.755115434783487,0.13628741686588774,0.016012389293828484,0.5277567104659956,0.4562309002401759,2
0.4610000000000001,0.47403836710855,0.7552493088214811,0.13145846369799752,0.015928615416485055,0.5269105294782782,0.4571608551052367,2
0.46199999999999997,0.47479368214714407,0.755378351710883,0.1266251841297582,0.01584522135054742,0.5260637637359532,0.45809101491349946,2
0.4630000000000001,0.4755491238119718,0.7555025591897406,0.12178770682214057,0.01576220573162272,0.5252164207627963,0.459021373505581,2
0.46399999999999997,0.47630468726552355,0.7556219271245272,0.11694616046387098,0.015679567198398876,0.5243685080843874,0.4599519247172137,2
0.4650000000000001,0.47706036766622084,0.7557364515106684,0.1121006742293983,0.015597304392644498,0.5235200332279486,0.4608826623794069,2
0.46599999999999997,0.4778161601685449,0.755846128472986,0.10725137737643821,0.015515415959209043,0.522671003722185,0.46181358031860603,2
0.4670000000000001,0.4785720599231668,0.7559509542654212,0.102398399315362,0.015433900546022755,0.5218214270971222,0.4627446723568552,2
0.46799999999999997,0.47932806207707573,0.7560509252716168,0.09754186987287464,0.015352756804096708,0.5209713108839475,0.46367593231195586,2
0.4690000000000001,0.48008416177371005,0.756146038005167,0.09268191897282554,0.015271983387522687,0.5201206626148466,0.4646073539976307,2
0.47,0.48084035415308607,0.7562362891095624,0.08781867648355304,0.015191578953473282,0.5192694898228437,0.4655389312236829,2
0.4710000000000001,0.4815966343519292,0.7563216753581341,0.08295227263421794,0.01511154216220168,0.5184178000416386,0.46647065779615976,2
0.472,0.48235299750380234,0.7564021936548309,0.07808283801480347,0.015031871677041678,0.5175656008054459,0.4674025275175124,2
0.4730000000000001,0.48310943873923884,0.7564778410341637,0.07321050306263725,0.014952566164407495,0.516712899648832,0.4683345341867605,2
0.474,0.48386595318587067,0.7565486146609561,0.06833539840933595,0.014873624293793764,0.5158597041065539,0.46926667159965246,2
0.4750000000000001,0.48462253596856075,0.7566145118309824,0.06345765504733863,0.014795044737775187,0.5150060217133955,0.47019893354882936,2
0.476,0.48537918220953263,0.7566755299710508,0.05857740396908446,0.014716826172006576,0.5141518600040071,0.47113131382398643,2
0.4770000000000001,0.48613588702850286,0.7567316666389206,0.0536947763057904,0.014638967275222474,0.5132972265127399,0.4720638062120376,2
0.478,0.4868926455428105,0.7567829195236624,0.04880990323030683,0.014561466729237112,0.5124421287734864,0.4729964044972764,2
0.4790000000000001,0.4876494528675502,0.7568292864453812,0.0439229160265064,0.014484323218944033,0.5115865743195143,0.4739291024615418,2
0.48,0.48840630411570124,0.7568707653557154,0.03903394639459542,0.014407535432315936,0.5107305706833057,0.4748618938843783,2
0.4810000000000001,0.4891631943982616,0.7569073543381704,0.03414312582661336,0.014331102060404378,0.509874125396393,0.4757947725432026,2
0.482,0.4899201188243776,0.7569390516073686,0.029250585911744207,0.014255021797339477,0.5090172459891956,0.476727732213465,2
0.4830000000000001,0.49067707250147635,0.7569658555099938,0.024356458502849933,0.014179293340329566,0.5081599399908564,0.4776607666688141,2
0.484,0.49143405053539757,0.7569877645243743,0.019460875355647982,0.01410391538966095,0.507302214929079,0.47859386968126016,2
0.4850000000000001,0.4921910480305251,0.7570047772607051,0.014563968461778197,0.014028886648697444,0.5064440783299629,0.4795270350213397,2
0.486,0.492948060089919,0.7570168924612979,0.009665869757369263,0.013954205823880138,0.5055855377178416,0.4804602564582782,2
0.4870000000000001,0.4937050818154477,0.7570241090002199,0.0047667112756943865,0.013879871624726823,0.5047266006151172,0.48139352776015604,2
0.488,0.4944621083079194,0.7570264258838493,-0.0001333748944620793,0.01380588276383182,0.5038672745420977,0.4823268426940704,2
0.4890000000000001,0.4952191346672154,0.757023842250431,-0.005034256678193567,0.013732237956865302,0.5030075670168328,0.48326019502630185,2
0.49,0.4959761559924203,0.7570163573704929,-0.009935801847937844,0.01365893592257304,0.5021474855549506,0.48419357852247635,2
0.4910000000000001,0.4967331673819564,0.7570039706467351,-0.014837878301032767,0.013585975382775778,0.5012870376694927,0.4851269869477315,2
0.492,0.49749016393371376,0.7569866816138908,-0.019740353754404954,0.013513355062368912,0.500426230870752,0.48606041406687905,2
0.4930000000000001,0.49824714074518417,0.7569644899392263,-0.024643095966614383,0.013441073689321811,0.4995650726661071,0.48699385364457104,2
0.494,0.4990040929135922,0.7569373954219576,-0.029545972848876695,0.013369129994677407,0.49870357055986003,0.4879272994454626,2
0.4950000000000001,0.4997610155360281,0.7569053979935285,-0.03444885210424073,0.013297522712551652,0.4978417320530708,0.48886074523437756,2
0.496,0.5005179037095793,0.7568684977177491,-0.03935160149126645,0.01322625058013285,0.4969795646433956,0.48979418477647163,2
0.4970000000000001,0.5012747525314636,0.756826694790546,-0.044254088824025,0.013155312337681158,0.49611707582492076,0.49072761183739805,2
0.498,0.5020315570991604,0.7567799895401011,-0.049156181985976447,0.013084706728527976,0.4952542730880014,0.49166102018347063,2
0.4990000000000001,0.5027883125105438,0.756728382426574,-0.05405774886058085,0.013014432499075265,0.49439116391909554,0.49259440358182915,2
0.5,0.5035450138640135,0.7566718740423799,-0.05895865726190935,0.01294448839879498,0.4935277558006025,0.4935277558006025,2
0.5010000000000001,0.5043016562586286,0.7566104651120502,-0.0638587752121999,0.01287487318022838,0.4926640562106974,0.49446107060907424,3
0.502,0.5050582347942376,0.7565441564919555,-0.06875797067817929,0.01280558559898532,0.49180007262316966,0.495394341777845,3
0.5030000000000001,0.5058147445716125,0.7564729491706939,-0.0736561117375966,0.012736624413743534,0.49093581250725793,0.4963275630789986,3
0.504,0.506571180692579,0.7563968442684803,-0.07855306660697885,0.012667988386248049,0.49007128332748806,0.4972607282862639,3
0.5050000000000001,0.5073275382601494,0.7563158430374799,-0.0834487033640751,0.012599676281310226,0.4892064925435092,0.4981938311751806,3
0.506,0.508083812378654,0.7562299468617522,-0.08834289036419021,0.012531686866807225,0.48834144760993126,0.49912686552326146,3
0.5070000000000001,0.5088399981538729,0.7561391572567515,-0.09323549601814021,0.01246401891368103,0.4874761559761614,0.5000598251101575,3
0.508,0.5095960906931675,0.7560434758697159,-0.09812638879225224,0.012396671195937868,0.4866106250862422,0.5009927037178199,3
0.5090000000000001,0.5103520851056124,0.755942904479167,-0.10301543740265363,0.012329642490647153,0.4857448623786876,0.5019254951306653,3
0.51,0.5111079765021258,0.7558374449949106,-0.10790251042669387,0.012262931577940851,0.4848788752863221,0.5028581931357371,3
0.5110000000000001,0.5118637599956022,0.7557270994583136,-0.11278747660825585,0.012196537241012472,0.48401267123611674,0.5037907915228707,3
0.512,0.5126194307010424,0.7556118700416941,-0.11767020507980053,0.012130458266116353,0.4831462576490289,0.5047232840848547,3
0.5130000000000001,0.5133749837356856,0.755491759048154,-0.12255056494603334,0.012064693442566608,0.482279641939838,0.5056556646175954,3
0.514,0.5141304142191387,0.755366768911802,-0.12742842533941523,0.011999241562736325,0.4814128315169861,0.5065879269202777,3
0.5150000000000001,0.5148857172735092,0.7552369021974752,-0.13230365564220736,0.011934101422056594,0.480545833782414,0.5075200647955295,3
0.516,0.5156408880235337,0.7551021616005176,-0.1371761254587155,0.01186927181901558,0.47967865613140226,0.5084520720495821,3
0.5170000000000001,0.5163959215967102,0.7549625499465578,-0.14204570450426765,0.011804751555157488,0.47881130595240806,0.5093839424924346,3
0.518,0.5171508131234268,0.754818070191509,-0.1469122626607254,0.011740539435081666,0.4779437906269053,0.510315669938013,3
0.5190000000000001,0.5179055577370932,0.7546687254212363,-0.15177566994872813,0.011676634266441515,0.4770761175292236,0.511247248204335,3
0.52,0.5186601505742693,0.7545145188516116,-0.15663579663871538,0.01161303485994355,0.47620829402638815,0.5121786711136683,3
0.5210000000000001,0.5194145867747965,0.7543554538279589,-0.16149251330643807,0.011549740029346212,0.47534032747795885,0.5131099324926951,3
0.522,0.5201688614819252,0.7541915338249987,-0.16634569036111366,0.01148674859145904,0.47447222523587146,0.5140410261726696,3
0.5230000000000001,0.5209229698424465,0.7540227624472366,-0.17119519868380437,0.011424059366141274,0.4736039946442766,0.5149719459895821,3
0.524,0.5216769070068197,0.7538491434276311,-0.17604090957190605,0.01136167117630105,0.4727356430393819,0.5159026857843171,3
0.5250000000000001,0.5224306681293017,0.7536706806280928,-0.1808826941285256,0.011299582847894039,0.47186717774929116,0.5168332394028148,3
0.526,0.5231842483680759,0.753487378039374,-0.18572042390085902,0.01123779320992249,0.47099860609384736,0.5177636006962302,3
0.5270000000000001,0.5239376428853805,0.7532992397802911,-0.190553970658147,0.011176301094433919,0.4701299353844725,0.5186937635210934,3
0.528,0.5246908468476364,0.7531062700980578,-0.19538320639167478,0.011115105336520022,0.46926117292401137,0.5196237217394686,3
0.5290000000000001,0.5254438554255766,0.7529084733675078,-0.20020800342579453,0.011054204774315462,0.46839232600657116,0.5205534692191134,3
0.53,0.5261966637943715,0.7527058540912062,-0.20502823422363628,0.010993598248996627,0.46752340191736663,0.5214829998336368,3
0.5310000000000001,0.526949267133759,0.7524984168990605,-0.20984377152588587,0.010933284604780352,0.46665440793256074,0.5224123074626589,3
0.532,0.5277016606281696,0.7522861665481544,-0.2146544882952737,0.010873262688922756,0.4657853513191098,0.5233413859919674,3
0.5330000000000001,0.5284538394668553,0.75206910792247,-0.21946025807739725,0.010813531351717861,0.4649162393346049,0.5242702293136773,3
0.534,0.5292057988440145,0.7518472460319996,-0.224260954417854,0.010754089446496381,0.4640470792271178,0.5251988313263859,3
0.5350000000000001,0.5299575339589193,0.7516205860136342,-0.22905645105653052,0.010694935829624353,0.4631778782350437,0.5261271859353319,3
0.536,0.5307090400160418,0.7513891331298865,-0.23384662234393597,0.010636069360501831,0.4623086435869473,0.5270552870525509,3
0.5369999999999999,0.5314603122251791,0.7511528927689464,-0.2386313427416018,0.010577488901561474,0.4614393825014063,0.5279831285970322,3
0.538,0.5322113458015797,0.7509118704444033,-0.24341048709963764,0.010519193318267214,0.46057010218685807,0.5289107044948747,3
0.5389999999999999,0.5329621359660679,0.7506660717947471,-0.24818393054570875,0.010461181479112878,0.45970080984144546,0.5298380086794416,3
0.54,0.5337126779451692,0.7504155025833119,-0.2529515485127918,0.010403452255620721,0.45883151265286215,0.530765035091517,3
0.5409999999999999,0.5344629669712345,0.7501601686977215,-0.25771321687795257,0.010346004522340019,0.4579622177982008,0.5316917776794591,3
0.542,0.5352129982825646,0.749900076149556,-0.2624688117958127,0.01028883715684563,0.45709293244379867,0.5326182303993556,3
0.5429999999999999,0.5359627671235336,0.7496352310741299,-0.2672182096985496,0.010231949039736487,0.45622366374508677,0.5335443872151768,3
0.544,0.5367122687447129,0.7493656397301589,-0.2719612872958963,0.010175339054634094,0.45535441884643624,0.5344702420989297,3
0.5449999999999999,0.537461498402994,0.7490913084995381,-0.27669792190820863,0.010119006088181079,0.4544852048810089,0.53539578903081,3
0.546,0.538210451361712,0.7488122438863425,-0.2814279912166648,0.010062949030039552,0.45361602897060405,0.5363210219993564,3
0.5469999999999999,0.5389591228907666,0.7485284525171048,-0.286151373041221,0.010007166772889698,0.4527468982255099,0.5372459350016004,3
0.548,0.5397075082667462,0.74823994114026,-0.29086794570143376,0.009951658212428003,0.451877819744352,0.53817052204322,3
0.5489999999999999,0.5404556027730472,0.7479467166257019,-0.2955775879054376,0.009896422247365906,0.4510088006139449,0.5390947771386893,3
0.55,0.5412034016999976,0.7476487859644492,-0.3002801787499451,0.00984145777942794,0.4501398479091419,0.5400186943114302,3
0.5509999999999999,0.5419509003449761,0.747346156268202,-0.30497559769249144,0.009786763713350287,0.44927096869268784,0.5409422675939618,3
0.552,0.542698094012534,0.7470388347690642,-0.309663724690212,0.009732338956879,0.44840217001506993,0.5418654910280509,3
0.5529999999999999,0.5434449780145142,0.7467268288188216,-0.3143444400610648,0.009678182420768408,0.447533458914371,0.5427883586648605,3
0.554,0.5441915476701716,0.7464101458889421,-0.3190176245393414,0.009624293018779371,0.44666484241612175,0.5437108645650988,3
0.5549999999999999,0.5449377983062921,0.7460887935697429,-0.32368315922015584,0.009570669667677596,0.4457963275331558,0.5446330027991667,3
0.556,0.5456837252573111,0.7457627795705017,-0.3283409256427114,0.009517311287231899,0.4449279212654614,0.5455547674473066,3
0.5569999999999999,0.5464293238654331,0.7454321117184575,-0.3329908059845896,0.009464216800212442,0.4440596306000392,0.5464761525997484,3
0.558,0.547174589480748,0.7450967979585326,-0.33763268247888306,0.009411385132388931,0.44319146251075453,0.5473971523568566,3
0.5589999999999999,0.5479195174613501,0.7447568463534997,-0.3422664381635962,0.009358815212528895,0.4423234239581954,0.5483177608292757,3
0.56,0.548664103173455,0.7444122650822054,-0.3468919565485781,0.009306505972395773,0.44145552188952747,0.5492379721380769,3
0.5609999999999999,0.5494083419915146,0.7440630624404025,-0.35150912122694467,0.009254456346747179,0.44058776323835197,0.5501577804149008,3
0.562,0.5501522292983358,0.7437092468397515,-0.3561178164857012,0.009202665273332964,0.43972015492456284,0.5510771798021044,3
0.563,0.5508957604851941,0.7433508268074311,-0.3607179270281865,0.00915113169289341,0.438852703854205,0.5519961644529016,3
0.5640000000000001,0.5516389309519507,0.7429878109856951,-0.36530933833489565,0.009099854549157236,0.43798541691933296,0.5529147285315098,3
0.565,0.5523817361071655,0.7426202081307614,-0.36989193608061266,0.009048832788839804,0.4371183009978709,0.5538328662132893,3
0.5660000000000001,0.5531241713682122,0.7422480271135339,-0.3744656062454329,0.008998065361641053,0.43625136295347144,0.5547505716848874,3
0.567,0.5538662321613925,0.7418712769182705,-0.3790302356698746,0.008947551220243672,0.43538460963537806,0.5556678391443783,3
0.5680000000000001,0.5546079139220488,0.7414899666421941,-0.383585711583034,0.008897289320310985,0.4345180478782841,0.5565846628014048,3
0.569,0.5553492120946769,0.7411041054951044,-0.38813192163034105,0.008847278620485094,0.43365168450219754,0.5575010368773174,3
0.5700000000000001,0.556090122133039,0.7407137027989334,-0.3926687540678483,0.008797518082384702,0.43278552631230066,0.5584169556053147,3
0.571,0.5568306395002748,0.7403187679869687,-0.39719609756794194,0.008748006670603232,0.4319195800988157,0.5593324132305811,3
0.5720000000000001,0.5575707596690129,0.7399193106037976,-0.40171384141363087,0.008698743352706621,0.43105385263686724,0.560247404010426,3
0.573,0.5583104781214824,0.7395153403041415,-0.4062218755263022,0.008649727099231355,0.4301883506863478,0.5611619222144208,3
0.5740000000000001,0.5590497903496212,0.739106866852745,-0.41072009002163196,0.008600956883682277,0.429323080991782,0.5620759621245357,3
0.575,0.5597886918551879,0.7386939001240982,-0.4152083758479637,0.008552431682530531,0.42845805028219386,0.5629895180352756,3
0.5760000000000001,0.5605271781498694,0.738276450101049,-0.4196866244254856,0.008504150475211365,0.42759326527097224,0.5639025842538165,3
0.577,0.56126524475539,0.7378545268752472,-0.4241547275352083,0.008456112244122021,0.42672873265573913,0.5648151551001388,3
0.5780000000000001,0.5620028872036199,0.7374281406459786,-0.428612577901832,0.008408315974619454,0.42586445911821674,0.5657272249071637,3
0.579,0.5627401010366819,0.7369973017194436,-0.4330600685553683,0.00836076065501825,0.42500045132409775,0.566638788020884,3
0.5800000000000001,0.5634768818070588,0.7365620205088679,-0.43749709299767364,0.00831344527658829,0.42413671592291274,0.5675498388004989,3
0.581,0.5642132250776997,0.7361223075334482,-0.441923545535516,0.008266368833552572,0.4232732595479024,0.568460371618545,3
0.5820000000000001,0.5649491264221257,0.7356781734177968,-0.44633932091975265,0.008219530323084872,0.4224100888158871,0.5693703808610281,3
0.583,0.5656845814245353,0.7352296288916087,-0.45074431440084123,0.008172928745307565,0.42154721032713954,0.5702798609275529,3
0.5840000000000001,0.5664195856799089,0.7347766847889952,-0.45513842195088433,0.00812656310328916,0.4206846306652561,0.5711888062314547,3
0.585,0.5671541347941133,0.7343193520477069,-0.4595215401803628,0.008080432403042109,0.41982235639703125,0.5720972111999266,3
0.5860000000000001,0.5678882243840043,0.7338576417086344,-0.4638935661716022,0.008034535653520337,0.4189603940723303,0.5730050702741493,3
0.587,0.5686218500775305,0.7333915649153637,-0.46825439764530646,0.007988871866616986,0.4180987502239654,0.5739123779094176,3
0.5880000000000001,0.569355007513835,0.7329211329133438,-0.4726039328217797,0.007943440057161877,0.41723743136756913,0.574819128575269,3
0.589,0.5700876923433572,0.7324463570497202,-0.4769420706429712,0.007898239242919219,0.41637644400147317,0.5757253167556076,3
0.5900000000000001,0.5708199002279345,0.7319672487720579,-0.4812687108002307,0.007853268444585101,0.4155157946065828,0.5766309369488322,3
0.591,0.5715516268409013,0.7314838196281197,-0.4855837532902192,0.007808526685785069,0.4146554896462567,0.5775359836679582,3
0.5920000000000001,0.5722828678671907,0.7309960812654774,-0.4898870988589983,0.007764012993071579,0.4137955355661842,0.5784404514407442,3
0.593,0.5730136190034323,0.7305040454304017,-0.4941786490575413,0.007719726395921587,0.4129359387942659,0.5793443348098125,3
0.5940000000000001,0.5737438759580515,0.7300077239673624,-0.49845830590866624,0.007675665926733925,0.4120767057404921,0.5802476283327741,3
0.595,0.574473634451367,0.7295071288185844,-0.5027259719625472,0.007631830620826846,0.41121784279682566,0.5811503265823476,3
0.5960000000000001,0.5752028902156887,0.7290022720234373,-0.506981550435492,0.007588219516435416,0.4103593563370827,0.5820524241464818,3
0.597,0.5759316389954139,0.7284931657177134,-0.5112249454042312,0.007544831654708917,0.40950125271681576,0.5829539156284754,3
0.5980000000000001,0.5766598765471241,0.7279798221326288,-0.5154560615561183,0.007501666079708233,0.40864353827319605,0.5838547956470957,3
0.599,0.5773875986396791,0.7274622535946011,-0.5196748039948402,0.0074587218384032684,0.4077862193249001,0.5847550588366967,3
0.6000000000000001,0.5781148010543133,0.7269404725246391,-0.52388107860124,0.007415997980670223,0.406929302171992,0.5856546998473378,3
0.601,0.5788414795847284,0.7264144914373987,-0.5280747919500501,0.007373493559288987,0.40607279309581185,0.5865537133448991,3
0.6020000000000001,0.5795676300371881,0.725884322940739,-0.5322558513098925,0.007331207629940373,0.40521669835886054,0.587452094011199,3
0.603,0.5802932482306099,0.7253499797347789,-0.5364241645045005,0.007289139251203516,0.40436102420468906,0.5883498365441074,3
0.6040000000000001,0.5810183299966577,0.72481147461173,-0.5405796400237413,0.007247287484552976,0.40350577685778544,0.5892469356576616,3
0.605,0.5817428711798334,0.7242688204547314,-0.544722187273416,0.0072056513943561246,0.4026509625234655,0.5901433860821784,3
0.6060000000000001,0.5824668676375672,0.7237220302371832,-0.5488517160756596,0.007164230047870258,0.4017965873877619,0.5910391825643678,3
0.607,0.5831903152403077,0.7231711170225801,-0.5529681368632295,0.007123022515239873,0.40094265761731623,0.591934319867444,3
0.6080000000000001,0.5839132098716123,0.7226160939634567,-0.5570713609570617,0.007082027869493776,0.4000891793592695,0.5928287927712367,3
0.609,0.5846355474282346,0.722056974300666,-0.561161300455248,0.007041245186542294,0.39923615874115714,0.5937225960723005,3
0.6100000000000001,0.5853573238202137,0.7214937713625462,-0.5652378679832365,0.0070006735451743855,0.3983836018708001,0.5946157245840256,3
0.611,0.5860785349709597,0.7209264985646995,-0.5693009767493423,0.006960312027054734,0.39753151483620175,0.5955081731367435,3
0.6120000000000001,0.5867991768173431,0.7203551694090475,-0.5733505407667921,0.006920159716720849,0.3966799037054413,0.5963999365778379,3
0.613,0.5875192453097778,0.7197797974831659,-0.5773864748259688,0.00688021570158016,0.39582877452657256,0.5972910097718472,3
0.6140000000000001,0.5882387364123094,0.7192003964593956,-0.5814086945499225,0.006840479071907024,0.39497813332751824,0.5981813876005747,3
0.615,0.5889576461026966,0.718616980094066,-0.5854171159225258,0.006800948920839769,0.3941279861159708,0.5990710649631895,3
0.6160000000000001,0.5896759703724975,0.7180295622275505,-0.5894116556492962,0.006761624344377717,0.39327833887928954,0.5999600367763328,3
0.617,0.5903937052271517,0.7174381567827675,-0.5933922314904633,0.006722504441378128,0.3924291975844021,0.6008482979742198,3
0.6180000000000001,0.5911108466860631,0.7168427777645696,-0.5973587617058568,0.00668358831355318,0.39158056817770376,0.6017358435087432,3
0.619,0.5918273907826809,0.7162434392593557,-0.6013111652769515,0.006644875065466922,0.39073245658496064,0.6026226683495725,3
0.6200000000000001,0.5925433335645818,0.7156401554340157,-0.6052493619623783,0.006606363804532154,0.3898848687112115,0.6035087674842564,3
0.621,0.5932586710935489,0.715032940535431,-0.609173272186902,0.006568053641007371,0.38903781044067187,0.6043941359183208,3
0.6220000000000001,0.5939733994456526,0.7144218088896419,-0.613082817041421,0.006529943687993575,0.3881912876366379,0.6052787686753686,3
0.623,0.5946875147113282,0.7138067749013481,-0.6169779185050123,0.0064920330614312355,0.38734530614139295,0.6061626607971757,3
0.6240000000000001,0.5954010129954553,0.7131878530526319,-0.6208584993894201,0.006454320880096972,0.3864998717761127,0.6070458073437903,3
0.625,0.5961138904174335,0.7125650579025693,-0.6247244828116999,0.006416806265600503,0.3856549903407736,0.607928203393626,3
0.6260000000000001,0.5968261431112605,0.7119384040870085,-0.6285757928603525,0.006379488342381333,0.38481066761406024,0.6088098440435584,3
0.627,0.5975377672256075,0.7113079063168486,-0.6324123545953236,0.0063423662377056,0.3839669093532754,0.609690724409019,3
0.6280000000000001,0.5982487589238942,0.7106735793778178,-0.6362340934928928,0.006305439081662739,0.3831237212942493,0.6105708396240879,3
0.629,0.5989591143843631,0.7100354381298628,-0.640040935917518,0.006268706007162286,0.38228110915125174,0.6114501848415859,3
0.6300000000000001,0.5996688298001539,0.7093934975059828,-0.6438328089275464,0.006232166149930542,0.38143907861690307,0.6123287552331663,3
0.631,0.6003779013793751,0.7087477725120077,-0.6476096403584813,0.006195818648507245,0.3805976353620883,0.6132065459894045,3
0.6320000000000001,0.6010863253451779,0.7080982782252658,-0.6513713587952269,0.006159662644242236,0.37975678503586957,0.6140835523198882,3
0.633,0.6017940979358256,0.7074450297944173,-0.6551178934888208,0.006123697281292126,0.3789165332654032,0.6149597694533047,3
0.6340000000000001,0.6025012154047668,0.7067880424382882,-0.6588491746617459,0.006087921706616873,0.3780768856558531,0.6158351926375301,3
0.635,0.6032076740207022,0.7061273314450938,-0.6625651330915966,0.006052335069976409,0.37723784779030983,0.6167098171397138,3
0.6360000000000001,0.6039134700676569,0.705462912172105,-0.6662657004163902,0.00601693652392717,0.3763994252297066,0.6175836382463663,3
0.637,0.6046185998450464,0.704794800044261,-0.6699508089402778,0.005981725223818745,0.37556162351273964,0.6184566512634417,3
0.6380000000000001,0.6053230596677455,0.7041230105542244,-0.6736203917445666,0.0059467003277902716,0.37472444815578626,0.6193288515164236,3
0.639,0.6060268458661549,0.7034475592607718,-0.6772743828820088,0.005911860996767072,0.37388790465282723,0.6202002343504058,3
0.6400000000000001,0.606729954786267,0.7027684617884604,-0.6809127167661794,0.005877206394457047,0.3730519984753671,0.6210707951301759,3
0.641,0.6074323827897318,0.7020857338272395,-0.6845353289763872,0.005842735687347236,0.3722167350723578,0.621940529240295,3
0.6420000000000001,0.6081341262539215,0.7013993911305076,-0.6881421557858307,0.0058084480447001575,0.3713821198701213,0.6228094320851786,3
0.643,0.6088351815719928,0.7007094495156678,-0.6917331339117976,0.005774342638550341,0.37054815827227566,0.6236774990891739,3
0.6440000000000001,0.6095355451529528,0.700015924862684,-0.6953082011817984,0.005740418643700655,0.36971485565965884,0.6245447256966405,3
0.645,0.6102352134217182,0.6993188331133042,-0.6988672961172331,0.005706675237718739,0.3688822173902569,0.6254111073720243,3
0.6460000000000001,0.6109341828191794,0.6986181902704496,-0.7024103579889023,0.005673111600933324,0.36805024879913,0.6262766395999366,3
0.647,0.6116324498022591,0.6979140123973264,-0.7059373267059847,0.005639726916430616,0.3672189551983428,0.6271413178852265,3
0.6480000000000001,0.6123300108439741,0.6972063156170376,-0.7094481432323712,0.005606520370050583,0.36638834187689184,0.6280051377530576,3
0.649,0.6130268624334931,0.6964951161108617,-0.7129427492813527,0.005573491150383272,0.36555841410063794,0.6288680947489788,3
0.6500000000000001,0.6137230010761958,0.6957804301184749,-0.7164210869547987,0.005540638448765098,0.3647291771122365,0.6297301844389984,3
0.651,0.6144184232937301,0.6950622739369521,-0.7198830994370458,0.0055079614592750785,0.36390063613107065,0.6305914024096543,3
0.6520000000000001,0.6151131256240697,0.6943406639196008,-0.723328730745098,0.005475459378731075,0.36307279635318385,0.631451744268085,3
0.653,0.6158071046215693,0.6936156164754619,-0.7267579255898486,0.005443131406686038,0.36224566295121585,0.6323112056420981,3
0.6540000000000001,0.6165003568570206,0.6928871480684211,-0.7301706294593473,0.005410976745424144,0.36141924107433643,0.6331697821802394,3
0.655,0.6171928789177061,0.6921552752165432,-0.7335667885355328,0.005378994599957051,0.3605935358481833,0.6340274695518596,3
0.6560000000000001,0.6178846674074537,0.69142001449135,-0.7369463499440336,0.00534718417801997,0.35976855237479827,0.6348842634471817,3
0.657,0.6185757189466888,0.6906813825166551,-0.7403092615598788,0.005315544690067873,0.35894429573256714,0.635740159577365,3
0.6580000000000001,0.619266030172487,0.6899393959682303,-0.7436554718687198,0.005284075349271543,0.3581207709761577,0.6365951536745709,3
0.659,0.6199555977386253,0.6891940715729177,-0.7469849303554092,0.005252775371513718,0.357297983136461,0.6374492414920252,3
0.6600000000000001,0.6206444183156329,0.6884454261075195,-0.7502975872264444,0.005221643975385119,0.3564759372205328,0.6383024188040821,3
0.661,0.6213324885908403,0.6876934763984648,-0.7535933932988896,0.00519068038218054,0.3556546382115356,0.639154681406284,3
0.6620000000000001,0.6220198052684298,0.6869382393209217,-0.756872300444688,0.005159883815894851,0.3548340910686819,0.6400060251154231,3
0.663,0.6227063650694822,0.6861797317975754,-0.7601342613128275,0.005129253503219038,0.3540143007271799,0.6408564457696011,3
0.6640000000000001,0.623392164732025,0.685417970798296,-0.7633792290240298,0.005098788673536157,0.35319527209817697,0.6417059392282868,3
0.665,0.6240772010110788,0.6846529733395273,-0.7666071576428728,0.005068488558917352,0.3523770100687079,0.6425545013723747,3
0.6659999999999999,0.624761470678704,0.6838847564830103,-0.7698180022885908,0.0050383523941177595,0.35155951950164105,0.6434021281042411,3
0.667,0.6254449705240448,0.6831133373349502,-0.7730117184412404,0.005008379416572451,0.35074280523562723,0.6442488153478003,3
0.6679999999999999,0.6261276973533739,0.6823387330461278,-0.7761882626355903,0.004978568866392379,0.34992687208504947,0.6450945590485582,3
0.669,0.626809647990137,0.681560960809679,-0.7793475922390762,0.004948919986360226,0.34911172483997244,0.6459393551736674,3
0.6699999999999999,0.6274908192749933,0.6807800378616496,-0.7824896649799566,0.0049194320219262885,0.34829736826609536,0.6467831997119783,3
0.671,0.6281712080658604,0.6799959814797191,-0.7856144398077352,0.0048901042212043345,0.3474838071047027,0.6476260886740929,3
0.6719999999999999,0.6288508112379527,0.6792088089820342,-0.788721876421316,0.004860935834967446,0.34667104607261917,0.6484680180924133,3
0.673,0.6295296256838244,0.6784185377268764,-0.7918119351857371,0.004831926116643782,0.3458590898621626,0.6493089840211936,3
0.6739999999999999,0.6302076483134065,0.6776251851116627,-0.7948845771321704,0.004803074322312436,0.3450479431411009,0.6501489825365867,3
0.675,0.6308848760540477,0.6768287685726121,-0.7979397641799661,0.004774379710699157,0.3442376105526067,0.650988009736694,3
0.6759999999999999,0.6315613058505517,0.6760293055833028,-0.8009774592754308,0.004745841543172131,0.34342809671521674,0.6518260617416111,3
0.677,0.6322369346652144,0.6752268136540612,-0.8039976257534491,0.004717459083737708,0.3426194062227885,0.6526631346934738,3
0.6779999999999999,0.6329117594778598,0.6744213103317959,-0.8070002278925952,0.004689231599036121,0.34181154364446076,0.6534992247565031,3
0.679,0.633585777285878,0.673612813198276,-0.8099852309428883,0.004661158358337153,0.3410045135246127,0.6543343281170503,3
0.6799999999999999,0.6342589851042564,0.6728013398699101,-0.8129526005151703,0.004633238633535868,0.3401983203828271,0.6551684409836371,3
0.681,0.6349313799656178,0.6719869079972457,-0.8159023032749949,0.004605471699148195,0.3393929687138506,0.6560015595870011,3
0.6819999999999999,0.6356029589202509,0.6711695352633601,-0.8188343068038498,0.004577856832306656,0.3385884629875592,0.6568336801801342,3
0.683,0.6362737190361445,0.670349239383638,-0.8217485792105786,0.004550393312755885,0.33778480764892,0.6576647990383242,3
0.6839999999999999,0.6369436573990181,0.6695260381049389,-0.8246450893811811,0.004523080422848327,0.3369820071179595,0.6584949124591922,3
0.685,0.6376127711123544,0.6686999492048756,-0.8275238069510574,0.004495917447539734,0.3361800657897271,0.6593240167627332,3
0.6859999999999999,0.6382810572974279,0.6678709904910368,-0.8303847025825642,0.004468903674384786,0.3353789880342645,0.6601521082913506,3
0.687,0.6389485130933364,0.6670391797997105,-0.8332277477429698,0.0044420383935326,0.33457877819657267,0.6609791834098948,3
0.688,0.6396151356570273,0.6662045349955509,-0.8360529141770981,0.004415320897722292,0.3337794405965818,0.661805238505696,3
0.6890000000000001,0.6402809221633275,0.6653670739713563,-0.8388601746012184,0.00438875048227843,0.33298097952912087,0.6626302699886006,3
0.69,0.64094586980497,0.6645268146463484,-0.8416495029528451,0.0043623264451065884,0.33218339926388973,0.6634542742910036,3
0.6910000000000001,0.6416099757926202,0.6636837749654506,-0.8444208735580708,0.004336048086688765,0.3313867040454305,0.6642772478678807,3
0.692,0.6422732373549009,0.6628379728992323,-0.8471742613258552,0.004309914710078867,0.3305908980931013,0.6650991871968198,3
0.6930000000000001,0.6429356517384187,0.6619894264427989,-0.8499096421366029,0.004283925620898109,0.32979598560104956,0.6659200887780522,3
0.694,0.6435972162077865,0.6611381536149591,-0.852626992842164,0.004258080127330486,0.32900197073818865,0.6667399491344809,3
0.6950000000000001,0.6442579280456486,0.6602841724571146,-0.8553262908772555,0.004232377540118105,0.3282088576481718,0.6675587648117102,3
0.696,0.6449177845527008,0.6594275010332046,-0.8580075142039504,0.004206817172556624,0.32741665044937135,0.6683765323780719,3
0.6970000000000001,0.645576783047715,0.6585681574287067,-0.8606706418390334,0.004181398340490567,0.3266253532348551,0.6691932484246543,3
0.698,0.6462349208675582,0.6577061597495265,-0.86331565354869,0.004156120362308728,0.32583497007236634,0.6700089095653249,3
0.6990000000000001,0.6468921953672141,0.6568415261216093,-0.8659425297374838,0.00413098255893942,0.32504550500430285,0.6708235124367578,3
0.7,0.6475486039198014,0.6559742746900515,-0.8685512516426456,0.004105984253845868,0.3242569620476988,0.6716370536984553,3
0.7010000000000001,0.6482041439165942,0.655104423618324,-0.8711418011952957,0.004081124773021425,0.32346934519420584,0.6724495300327727,3
0.702,0.648858812767038,0.654231991087661,-0.873714161075955,0.0040564034449849145,0.3226826584100763,0.6732609381449388,3
0.7030000000000001,0.6495126078987695,0.6533569952961721,-0.876268314770056,0.00403181960077585,0.3218969056361463,0.6740712747630779,3
0.704,0.6501655267576304,0.6524794544581208,-0.8788042464014093,0.004007372573949678,0.321112090787822,0.6748805366382283,3
0.7050000000000001,0.6508175668076858,0.6515993868033693,-0.881321941065271,0.003983061700573031,0.32032821775506287,0.6756887205443641,3
0.706,0.6514687255312371,0.6507168105759903,-0.8838213844120083,0.003958886319218909,0.3195452904023709,0.6764958232784102,3
0.7070000000000001,0.6521190004288377,0.6498317440345452,-0.8863025626748559,0.00393484577096186,0.3187633125687758,0.6773018416602622,3
0.708,0.6527683890193062,0.6489442054506406,-0.8887654633082934,0.003910939399373201,0.3179822880678255,0.6781067725328013,3
0.7090000000000001,0.653416888839739,0.6480542131079287,-0.8912100741553789,0.00388716655051612,0.31720222068757375,0.6789106127619101,3
0.71,0.6540644974455221,0.6471617853023298,-0.8936363836420372,0.0038635265729408705,0.3164231141905719,0.6797133592364872,3
0.7110000000000001,0.6547112124103437,0.6462669403406446,-0.896044381332172,0.003840018817679858,0.31564497231385924,0.6805150088684608,3
0.712,0.6553570313262034,0.6453696965396655,-0.8984340573447983,0.0038166426382427736,0.3148677987689561,0.6813155585928011,3
0.7130000000000001,0.656001951803423,0.644470072225955,-0.9008054024095539,0.003793397390611656,0.31409159724185554,0.6821150053675327,3
0.714,0.6566459714706553,0.6435680857348464,-0.9031584081164993,0.0037702824332360193,0.3133163713930196,0.6829133461737443,3
0.7150000000000001,0.6572890879748927,0.642663755409722,-0.9054930667495845,0.003747297127027859,0.31254212485737165,0.6837105780156004,3
0.716,0.6579312989814747,0.6417570996013472,-0.9078093713421601,0.0037244408353567463,0.31176886124429487,0.6845066979203484,3
0.7170000000000001,0.6585726021740954,0.6408481366670377,-0.9101073155659548,0.0037017129240448044,0.31099658413762665,0.6853017029383285,3
0.718,0.6592129952548088,0.6399368849702153,-0.9123868937588312,0.0036791127613618026,0.31022529709565866,0.6860955901429795,3
0.7190000000000001,0.6598524759440358,0.63902336287952,-0.9146481012578526,0.0036566397180200633,0.30945500365113315,0.6868883566308467,3
0.72,0.6604910419805679,0.6381075887676996,-0.916890933871927,0.0036342931671695163,0.30868570731124456,0.6876799995215859,3
0.7210000000000001,0.6611286911215712,0.6371895810117761,-0.9191153879650741,0.003612072484392624,0.30791741155763835,0.688470515957969,3
0.722,0.6617654211425914,0.6362693579917694,-0.9213214610670476,0.003589977047699376,0.3071501198464135,0.6892599031058871,3
0.7230000000000001,0.6624012298375548,0.635346938089642,-0.9235091510684238,0.00356800623752218,0.30638383560812343,0.6900481581543544,3
0.724,0.6630361150187707,0.6344223396896326,-0.925678456442646,0.0035461594367108247,0.3056185622477809,0.6908352783155082,3
0.7250000000000001,0.663670074516934,0.6334955811767568,-0.9278293767733806,0.0035244360305273816,0.3048543031448601,0.6916212608246125,3
0.726,0.6643031061811242,0.6325666809360858,-0.9299619121438943,0.0035028354066410903,0.30409106165330296,0.6924061029400559,3
0.7270000000000001,0.6649352078788062,0.631635657352469,-0.9320760631925654,0.003481356955123228,0.3033288411015237,0.6931898019433531,3
0.728,0.6655663774958291,0.6307025288097007,-0.9341718313349282,0.0034600000684420155,0.30256764479241705,0.693972355139141,3
0.7290000000000001,0.6661966129364256,0.6297673136897991,-0.9362492187914288,0.0034387641414574204,0.3018074760033638,0.6947537598551788,3
0.73,0.6668259121232087,0.6288300303721178,-0.9383082283376245,0.0034176485714160474,0.30104833798624087,0.6955340134423432,3
0.7310000000000001,0.6674542729971699,0.6278906972331239,-0.9403488633874515,0.003396652757945897,0.3002902339674293,0.6963131132746248,3
0.732,0.668081693517675,0.6269493326453429,-0.9423711281597571,0.0033757761030512603,0.2995331671478257,0.6970910567491231,3
0.7330000000000001,0.6687081716624605,0.6260059549768043,-0.9443750274285003,0.003355018011107427,0.2987771407028513,0.6978678412860413,3
0.734,0.6693337054276286,0.6250605825904859,-0.9463605668835742,0.003334377888855535,0.2980221577824656,0.6986434643286789,3
0.7350000000000001,0.6699582928276415,0.6241132338430372,-0.948327752714472,0.003313855145397299,0.29726822151117793,0.6994179233434248,3
0.736,0.6705819318953147,0.623163927085057,-0.9502765913604874,0.0032934491921897987,0.2965153349880616,0.7001912158197486,3
0.7370000000000001,0.6712046206818116,0.6222126806603162,-0.9522070905099147,0.003273159443040196,0.2957635012867672,0.7009633392701925,3
0.738,0.6718263572566353,0.6212595129040371,-0.9541192586559601,0.0032529853141004764,0.29501272345553936,0.7017342912303601,3
0.7390000000000001,0.6724471397076197,0.6203044421430043,-0.9560131042918298,0.003232926223862176,0.2942630045172311,0.7025040692589067,3
0.74,0.6730669661409213,0.6193474866954535,-0.9578886368266639,0.0032129815931510658,0.2935143474693218,0.7032726709375271,3
0.7410000000000001,0.6736858346810106,0.618388664869351,-0.9597458665300254,0.0031931508451218523,0.2927667552839344,0.7040400938709438,3
0.742,0.67430374347066,0.6174279949623934,-0.9615848040322996,0.003173433405252871,0.29202023090785406,0.7048063356868931,3
0.7430000000000001,0.6749206906709354,0.6164654952612864,-0.963405460824295,0.0031538287013407242,0.29127477726254686,0.7055713940361124,3
0.744,0.6755366744611826,0.6155011840407448,-0.9652078489241758,0.003134336163494961,0.2905303972441811,0.7063352665923239,3
0.7450000000000001,0.6761516930390169,0.614535079563438,-0.9669919809607288,0.0031149552241327167,0.2897870937236468,0.7070979510522204,3
0.746,0.6767657446203095,0.6135672000788234,-0.9687578703121416,0.0030956853179733364,0.28904486954657876,0.707859445135448,3
0.7470000000000001,0.6773788274391745,0.6125975638228137,-0.9705055307729351,0.0030765258820329806,0.28830372753337746,0.7086197465845895,3
0.748,0.6779909397479551,0.6116261890172775,-0.9722349769702978,0.003057476355619273,0.2875636704792345,0.7093788531651463,3
0.7490000000000001,0.6786020798172091,0.6106530938688731,-0.9739462241142851,0.003038536180325848,0.2868247011541543,0.7101367626655198,3
0.75,0.6792122459356928,0.6096782965690489,-0.9756392878867972,0.0030197048000269754,0.28608682230298094,0.710893472896992,3
0.7510000000000001,0.6798214364103472,0.6087018152930995,-0.977314184774646,0.0030009816608721008,0.28535003664542274,0.7116489816937052,3
0.752,0.680429649566279,0.6077236681994996,-0.978970931819755,0.002982366211280444,0.28461434687607917,0.7124032869126403,3
0.7530000000000001,0.6810368837467462,0.60674387342946,-0.9806095465081368,0.002963857901935503,0.2838797556644674,0.7131563864335971,3
0.754,0.681643137313138,0.6057624491064834,-0.9822300471307157,0.0029454561857796446,0.28314626565505124,0.713908278159169,3
0.7550000000000001,0.6822484086449592,0.6047794133351986,-0.9838324525612832,0.002927160518008583,0.2824138794672691,0.7146589600147224,3
0.756,0.6828526961398084,0.6037947842013608,-0.9854167821177198,0.0029089703560659505,0.2816825996955638,0.7154084299483702,3
0.7570000000000001,0.6834559982133619,0.6028085797709631,-0.9869830558673067,0.002890885159637756,0.2809524289094124,0.7161566859309498,3
0.758,0.6840583132993503,0.6018208180896262,-0.9885312943769256,0.0028729043906469236,0.28022336965335826,0.7169037259559948,3
0.7590000000000001,0.6846596398495411,0.6008315171822093,-0.9900615188795916,0.002855027513247755,0.279495424447041,0.7176495480397113,3
0.76,0.6852599763337147,0.599840695051867,-0.9915737510524094,0.002837253993820419,0.278768595785231,0.7183941502209487,3
0.7610000000000001,0.6858593212396449,0.5988483696801045,-0.9930680131831062,0.0028195833009654085,0.27804288613786043,0.7191375305611741,3
0.762,0.6864576730730749,0.5978545590255008,-0.9945443283088098,0.0028020149054980193,0.27731829795005963,0.7198796871444423,3
0.7630000000000001,0.6870550303576959,0.5968592810234868,-0.9960027199384927,0.002784548280442769,0.27659483364218923,0.720620618077368,3
0.764,0.6876513916351219,0.5958625535856238,-0.997443211997461,0.0027671829010278604,0.27587249560987753,0.7213603214890947,3
0.7650000000000001,0.6882467554648671,0.5948643945994919,-0.9988658290216437,0.0027499182446796074,0.2751512862240552,0.7220987955312652,3
0.766,0.6888411204243209,0.5938648219275805,-1.0002705963241256,0.0027327537910168498,0.2744312078309932,0.72283603837799,3
0.7670000000000001,0.6894344851087223,0.5928638534068437,-1.0016575396343255,0.0027156890218453557,0.2737122627523389,0.7235720482258158,3
0.768,0.6900268481311346,0.5918615068483118,-1.0030266851535066,0.0026987234211522464,0.2729944532851559,0.7243068232936919,3
0.7690000000000001,0.6906182081224189,0.5908578000365367,-1.004378059499266,0.0026818564751003677,0.2722777817019615,0.7250403618229381,3
0.77,0.6912085637312076,0.5898527507293133,-1.005711690316157,0.0026650876720227044,0.27156225025076725,0.7257726620772099,3
0.7710000000000001,0.6917979136238775,0.5888463766559043,-1.0070276055540441,0.002648416502416713,0.2708478611551182,0.7265037223424652,3
0.772,0.6923862564845195,0.5878386955182052,-1.0083258332183034,0.0026318424589387495,0.27013461661413524,0.727233540926926,3
0.7730000000000001,0.692973591014914,0.5868297249894677,-1.009606402646578,0.0026153650363983597,0.26942251880255486,0.7279621161610468,3
0.774,0.6935599159344984,0.5858194827129121,-1.0108693432042672,0.0025989837317526997,0.2687115698707734,0.7286894463974739,3
0.7750000000000001,0.6941452299803398,0.5848079863030592,-1.0121146846175924,0.0025826980441008276,0.2680017719448883,0.7294155300110108,3
0.776,0.6947295319071045,0.5837952533436769,-1.0133424578617758,0.002566507474678078,0.26729312712674297,0.7301403653985788,3
0.7770000000000001,0.6953128204870271,0.5827813013873356,-1.0145526938010176,0.00255041152685036,0.26658563749396985,0.7308639509791798,3
0.778,0.6958950945098792,0.5817661479560748,-1.0157454237713628,0.002534409706108503,0.26587930510003643,0.7315862851938549,3
0.7790000000000001,0.6964763527829393,0.5807498105397929,-1.01692068002479,0.0025185015200625636,0.26517413197429,0.7323073665056473,3
0.78,0.6970565941309588,0.5797323065960253,-1.018078495229612,0.002502686478436132,0.2644701201220042,0.7330271933995596,3
0.7810000000000001,0.6976358173961313,0.5787136535493337,-1.0192189022206746,0.00248696409306062,0.2637672715244255,0.733745764382514,3
0.782,0.6982140214380574,0.5776938687915839,-1.0203419343046685,0.0024713338778695835,0.2630655881388211,0.7344630779833092,3
0.7830000000000001,0.6987912051337145,0.5766729696807243,-1.0214476259817742,0.0024557953488929768,0.26236507189852637,0.7351791327525806,3
0.784,0.6993673673774189,0.5756509735396204,-1.022536011696661,0.002440348024251466,0.26166572471299415,0.7358939272627544,3
0.7850000000000001,0.6999425070807938,0.574627897657331,-1.0236071261437987,0.0024249914241506595,0.2609675484678434,0.7366074601080059,3
0.786,0.7005166231727336,0.5736037592873328,-1.024661004961346,0.002409725070875434,0.26027054502490987,0.7373197299042148,3
0.7870000000000001,0.7010897145993684,0.5725785756474083,-1.0256976841760403,0.002394548488784134,0.2595747162222953,0.7380307352889206,3
0.788,0.7016617803240284,0.5715523639189807,-1.0267172002031968,0.002379461204302879,0.25888006387442,0.7387404749212773,3
0.7890000000000001,0.7022328193272064,0.5705251412470019,-1.0277195897079308,0.0023644627459197673,0.25818658977207337,0.7394489474820068,3
0.79,0.7028028306065224,0.5694969247395648,-1.0287048901047582,0.002349552644179169,0.25749429568246696,0.7401561516733539,3
0.7910000000000001,0.7033718131766855,0.5684677314667924,-1.0296731393077954,0.002334730431675918,0.25680318334928615,0.7408620862190378,3
0.792,0.703939766069456,0.5674375784609492,-1.0306243754809588,0.0023199956430495776,0.2561132544927454,0.7415667498642049,3
0.7929999999999999,0.7045066883336074,0.5664064827158305,-1.031558637371032,0.002305347814978655,0.2554245108096401,0.7422701413753813,3
0.794,0.7050725790348876,0.5653744611862072,-1.032475964085621,0.0022907864861748195,0.2547369539734023,0.7429722595404229,3
0.7949999999999999,0.7056374372559798,0.5643415307876593,-1.0333763952041766,0.002276311197377136,0.25405058563415595,0.7436731031684669,3
0.796,0.706201262096463,0.5633077083957988,-1.0342599706114055,0.002261921491346262,0.2533654074187719,0.7443726710898819,3
0.7969999999999999,0.7067640526727714,0.5622730108464364,-1.0351267308028036,0.0022476169128586646,0.25268142093092444,0.7450709621562168,3
0.798,0.7073258081181558,0.5612374549341932,-1.0359767168843783,0.0022333970087008164,0.2519986277511477,0.7457679752401515,3
0.7989999999999999,0.7078865275826398,0.5602010574126677,-1.0368099698787594,0.0022192613276634165,0.2513170294368935,0.746463709235443,3
0.8,0.7084462102329812,0.5591638349944357,-1.037626531474877,0.0022052094205355535,0.2506366275225885,0.747158163056876,3
0.8009999999999999,0.7090048552526287,0.5581258043497179,-1.0384264439722282,0.0021912408400989246,0.2499574235196927,0.7478513356402083,3
0.802,0.7095624618416806,0.5570869821064912,-1.0392097498645994,0.0021773551411220005,0.2492794189167585,0.7485432259421195,3
0.8029999999999999,0.7101190292168417,0.5560473848499887,-1.0399764919788437,0.002163551880354236,0.2486026151794901,0.7492338329401558,3
0.804,0.7106745566113806,0.5550070291225335,-1.040726713613659,0.0021498306165202144,0.24792701375080248,0.7499231556326773,3
0.8049999999999999,0.7112290432750867,0.5539659314227614,-1.041460458761633,0.0021361909103138578,0.24725261605088303,0.7506111930388031,3
0.806,0.7117824884742261,0.5529241082050103,-1.042177771387597,0.002122632324392582,0.2465794234772514,0.751297944198356,3
0.8069999999999999,0.7123348914914968,0.5518815758799862,-1.0428786958449612,0.002109154423371473,0.24590743740482152,0.751983408171807,3
0.808,0.7128862516259861,0.5508383508133203,-1.043563277347558,0.0020957567738174422,0.24523665918596263,0.7526675840402198,3
0.8089999999999999,0.7134365681931234,0.5497944493252911,-1.0442315610537092,0.00208243894424341,0.24456709015056283,0.7533504709051938,3
0.81,0.7139858405246367,0.5487498876912129,-1.044883592454803,0.0020692005051024453,0.24389873160609024,0.7540320678888074,3
0.8109999999999999,0.7145340679685058,0.5477046821403815,-1.0455194177916285,0.002056041028781947,0.2432315848376578,0.7547123741335602,3
0.812,0.7150812498889174,0.5466588488556297,-1.0461390834437525,0.002042960089597772,0.24256565110808592,0.7553913888023164,3
0.813,0.7156273856662171,0.545612403973494,-1.046742635985031,0.002029957263788425,0.2419009316579675,0.7560691110782441,3
0.8140000000000001,0.7161724746968644,0.5445653635836596,-1.0473301225721867,0.002017032129509171,0.24123742770573134,0.7567455401647595,3
0.815,0.7167165163933844,0.5435177437283496,-1.0479015908892988,0.0020041842668262182,0.2405751404477088,0.7574206752854649,3
0.8160000000000001,0.7172595101843211,0.542469560401881,-1.0484570886759572,0.0019914132577108366,0.23991407105819818,0.758094515684091,3
0.817,0.7178014555141882,0.5414208295509977,-1.0489966639770634,0.001978718686033534,0.23925422068953106,0.7587670606244354,3
0.8180000000000001,0.7183423518434231,0.5403715670739269,-1.049520365337119,0.001966100137558171,0.2385955904721383,0.7594383093903035,3
0.819,0.718882198648336,0.5393217888203234,-1.050028241550426,0.0019535571999361252,0.237938181514618,0.7601082612854458,3
0.8200000000000001,0.7194209954210637,0.538271510590826,-1.0505203419941536,0.001941089462700423,0.2372819949038012,0.7607769156334985,3
0.821,0.7199587416695177,0.5372207481363351,-1.0509967161287372,0.001928696517259884,0.2366270317048207,0.7614442717779195,3
0.8220000000000001,0.7204954369173364,0.5361695171585685,-1.0514574135256352,0.001916377956893249,0.2359732929611784,0.7621103290819284,3
0.823,0.7210310807038348,0.5351178333092839,-1.0519024844501947,0.0019041333767433404,0.2353207796948146,0.762775086928442,3
0.8240000000000001,0.721565672583955,0.5340657121896681,-1.0523319796673638,0.0018919623738111728,0.23466949290617575,0.7634385447200132,3
0.825,0.7220992121282142,0.5330131693499491,-1.052745949886579,0.0018798645469501123,0.23401943357428476,0.7641007018787652,3
0.8260000000000001,0.7226316989226549,0.531960220289895,-1.0531444457617658,0.001867839496860001,0.23337060265680998,0.76476155784633,3
0.827,0.7231631325687939,0.5309068804584256,-1.0535275188627837,0.001855886826081301,0.2327230010901358,0.7654211120837828,3
0.8280000000000001,0.7236935126835717,0.5298531652521694,-1.0538952212590926,0.0018440061389892167,0.23207662978943217,0.7660793640715785,3
0.829,0.7242228388992983,0.5287990900159074,-1.054247604714841,0.0018321970417878473,0.2314314896487267,0.7667363133094853,3
0.8300000000000001,0.7247511108636036,0.5277446700427397,-1.0545847212994888,0.0018204591425043063,0.23078758154097445,0.7673919593165213,3
0.831,0.7252783282393838,0.5266899205733084,-1.054906623776385,0.0018087920509828755,0.23014490631813045,0.7680463016308866,3
0.8320000000000001,0.7258044907047502,0.525634856795187,-1.0552133651031683,0.0017971953788791203,0.22950346481122086,0.7686993398099,3
0.833,0.7263295979529741,0.5245794938431021,-1.055504998209721,0.0017856687396540529,0.22886325783041617,0.7693510734299298,3
0.8340000000000001,0.7268536496924364,0.5235238467987675,-1.055781576553282,0.0017742117485682403,0.22822428616510235,0.7700015020863294,3
0.835,0.7273766456465717,0.5224679306899955,-1.05604315384089,0.0017628240226759684,0.2275865505839552,0.7706506253933688,3
0.8360000000000001,0.7278985855538164,0.5214117604910857,-1.056289783973873,0.0017515051808193582,0.2269500518350125,0.771298442984168,3
0.837,0.7284194691675538,0.5203553511220478,-1.056521521214381,0.0017402548436225298,0.22631479064574858,0.7719449545106288,3
0.8380000000000001,0.7289392962560605,0.519298717448657,-1.056738419991098,0.0017290726334857215,0.22568076772314705,0.7725901596433672,3
0.839,0.7294580666024512,0.5182418742820656,-1.0569405350935304,0.0017179581745794467,0.22504798375377624,0.7732340580716442,3
0.8400000000000001,0.7299757800046246,0.5171848363784699,-1.0571279214222065,0.0017069110928386343,0.22441643940386277,0.7738766495032987,3
0.841,0.7304924362752081,0.5161276184392212,-1.0573006341274551,0.0016959310159567738,0.2237861353193671,0.7745179336646761,3
0.8420000000000001,0.731008035241503,0.515070235110215,-1.0574587286649164,0.0016850175733800566,0.22315707212605798,0.7751579103005619,3
0.843,0.7315225767454285,0.5140127009818913,-1.0576022607955418,0.0016741703963015365,0.2225292504295889,0.7757965791741095,3
0.8440000000000001,0.7320360606434668,0.5129550305886239,-1.057731286585594,0.0016633891176552707,0.22190267081557263,0.7764339400667721,3
0.845,0.7325484868066058,0.5118972384087201,-1.0578458621013356,0.001652673372110482,0.2212773338496583,0.7770699927782313,3
0.8460000000000001,0.7330598551202843,0.5108393388644212,-1.0579460435200518,0.0016420227960657,0.22065324007760692,0.7777047371263275,3
0.847,0.7335701654843346,0.50978134632168,-1.0580318874908725,0.001631437027642941,0.22003039002536878,0.7783381729469883,3
0.8480000000000001,0.7340794178129276,0.5087232750894395,-1.0581034511070166,0.0016209157066818425,0.2194087841991594,0.7789703000941588,3
0.849,0.7345876120345135,0.507665139419466,-1.0581607912396587,0.0016104584747338457,0.21878842308553748,0.7796011184397287,3
0.8500000000000001,0.7350947480917666,0.5066069535069602,-1.0582039650097732,0.0016000649750563501,0.21816930715148164,0.7802306278734619,3
0.851,0.7356008259415274,0.5055487314894465,-1.0582330301489575,0.001589734852606888,0.2175514368444689,0.7808588283029242,3
0.8520000000000001,0.7361058455547455,0.5044904874466623,-1.0582480441667643,0.0015794677540372861,0.21693481259255146,0.7814857196534113,3
0.853,0.7366098069164208,0.5034322354011129,-1.0582490647392797,0.0015692633276878567,0.21631943480443608,0.782111301867876,3
0.8540000000000001,0.7371127100255477,0.5023739893171837,-1.058236150125457,0.001559121223581559,0.21570530386956133,0.782735574906857,3
0.855,0.7376145548950551,0.501315763100862,-1.0582093586397603,0.0015490410934181915,0.21509242015817728,0.7833585387484044,3
0.8560000000000001,0.7381153415517494,0.5002575705999042,-1.0581687485966542,0.0015390225905685619,0.21448078402142357,0.783980193388008,3
0.857,0.7386150700362549,0.4991994256036687,-1.0581143783938698,0.001529065370068697,0.21387039579140898,0.7846005388385223,3
0.8580000000000001,0.7391137404029567,0.4981413418431164,-1.0580463070397608,0.0015191690886140088,0.21326125578129032,0.7852195751300955,3
0.859,0.7396113527199412,0.4970833329895892,-1.0579645935704365,0.0015093334045535164,0.2126533642853526,0.785837302310094,3
0.8600000000000001,0.7401079070689359,0.49602541265597555,-1.0578692969387395,0.001499557977884026,0.21204672157908802,0.7864537204430279,3
0.861,0.7406034035452531,0.4949675943957117,-1.0577604765693573,0.0014898424702443436,0.21144132791927678,0.787068829610479,3
0.8620000000000001,0.7410978422577273,0.49390989170283683,-1.0576381917481994,0.001480186544909475,0.2108371835440662,0.7876826299110242,3
0.863,0.7415912233286588,0.4928523180122153,-1.05750250223302,0.0014705898667848555,0.2102342886730524,0.7882951214601627,3
0.8640000000000001,0.7420835468937518,0.4917948866983708,-1.057353467809329,0.0014610521024005414,0.2096326435073594,0.78890630439024,3
0.865,0.7425748131020555,0.49073761107659664,-1.057191148290392,0.001451572919905457,0.20903224822972116,0.7895161788503733,3
0.8660000000000001,0.743065022115905,0.48968050440179,-1.057015603961319,0.0014421519890615957,0.20843310300456128,0.7901247450063771,3
0.867,0.7435541741108591,0.488623579868674,-1.0568268947741535,0.0014327889812382824,0.2078352079780757,0.790732003040686,3
0.8680000000000001,0.7440422692756423,0.4875668506122417,-1.0566250811527835,0.0014234835694063705,0.207238563278312,0.7913379531522816,3
0.869,0.7445293078120836,0.4865103297063684,-1.0564102239096753,0.0014142354281325162,0.20664316901525256,0.791942595556615,3
0.8700000000000001,0.7450152899350551,0.48545403016442235,-1.0561823832189168,0.0014050442335734046,0.20604902528089525,0.7925459304855313,3
0.871,0.7455002158724124,0.4843979649399306,-1.0559416199207297,0.0013959096634700108,0.20545613214933564,0.7931479581871942,3
0.8720000000000001,0.7459840858649349,0.4833421469245809,-1.055687995299425,0.001386831397141849,0.20486448967684837,0.7937486789260099,3
0.873,0.7464669001662616,0.48228658894933174,-1.0554215700286909,0.0013778091154812448,0.20427409790197,0.7943480929825488,3
0.8740000000000001,0.7469486590428336,0.4812313037845235,-1.0551424051430383,0.0013688425009475932,0.2036849568455804,0.794946200653472,3
0.875,0.7474293627738307,0.48017630413904566,-1.054850562121067,0.0013599312375616396,0.20309706651098616,0.7955430022514522,3
0.8760000000000001,0.7479090116511117,0.47912160266028136,-1.054546102274844,0.001351075010899749,0.20251042688400173,0.7961384981050986,3
0.877,0.7483876059791512,0.478067211934496,-1.0542290868886797,0.001342273508088204,0.20192503793303349,0.7967326885588784,3
0.8780000000000001,0.7488651460749807,0.477013144486504,-1.0538995777464857,0.0013335264177974859,0.20134089960916118,0.7973255739730414,3
0.879,0.7493416322681242,0.475959412779003,-1.0535576364656398,0.0013248334302365813,0.2007580118462221,0.7979171547235413,3
0.8800000000000001,0.7498170649005387,0.4749060292135727,-1.05320332466352,0.0013161942371472718,0.20017637456089296,0.7985074312019598,3
0.881,0.7502914443265514,0.47385300612967596,-1.052836704346082,0.0013076085317984686,0.19959598765277373,0.7990964038154279,3
0.8820000000000001,0.750764770912798,0.47280035580488056,-1.0524578374082596,0.0012990760089804992,0.19901685100447022,0.7996840729865493,3
0.883,0.7512370450381611,0.47174809045485944,-1.0520667859115198,0.0012905963649994558,0.1984389644816785,0.8002704391533221,3
0.8840000000000001,0.7517082670937077,0.4706962222330575,-1.0516636119450853,0.0012821692976715058,0.19786232793326697,0.8008555027690615,3
0.885,0.7521784374826272,0.46964476323096926,-1.0512483777091732,0.001273794506317248,0.19728694119136111,0.8014392643023216,3
0.8860000000000001,0.7526475566201697,0.46859372547763917,-1.050821145542862,0.0012654716917560374,0.196712804071426,0.802021724236818,3
0.887,0.7531156249335825,0.46754312093988354,-1.0503819777574188,0.0012572005563003523,0.1961399163723512,0.8026028830713485,3
0.8880000000000001,0.7535826428620495,0.4664929615221243,-1.049930936691811,0.001248980803750141,0.1955682778765334,0.8031827413197166,3
0.889,0.7540486108566268,0.4654432590664999,-1.0494680848516227,0.0012408121393871934,0.1949978883499611,0.8037612995106517,3
0.8900000000000001,0.7545135293801825,0.4643940253524211,-1.0489934849089435,0.0012326942699695052,0.19442874754229816,0.8043385581877323,3
0.891,0.7549773989073316,0.463345272096682,-1.0485071993970854,0.0012246269037256721,0.19386085518696822,0.8049145179093061,3
0.8920000000000001,0.7554402199243758,0.4622970109536269,-1.0480092909326268,0.0012166097503492604,0.1932942110012379,0.8054891792484128,3
0.893,0.7559019929292389,0.46124925351481677,-1.0474998223264356,0.0012086425209932156,0.19272881468630215,0.8060625427927045,3
0.8940000000000001,0.7563627184314055,0.46020201130897403,-1.0469788563616236,0.0012007249282642584,0.19216466592736753,0.8066346091443682,3
0.895,0.7568223969518568,0.4591552958020935,-1.0464464557380362,0.0011928566862172986,0.19160176439373694,0.8072053789200458,3
0.8960000000000001,0.7572810290230096,0.45810911839749796,-1.045902683266541,0.0011850375103498467,0.19104010973889338,0.8077748527507568,3
0.897,0.7577386151886518,0.45706349043556044,-1.0453476020078059,0.0011772671175964535,0.1904797016005854,0.8083430312818181,3
0.8980000000000001,0.7581951560038808,0.45601842319348235,-1.0447812749669874,0.0011695452263231281,0.18992053960091,0.8089099151727669,3
0.899,0.7586506520350388,0.45497392788562646,-1.044203764899442,0.001161871556321798,0.18936262334639847,0.8094755050972797,3
0.9000000000000001,0.759105103859652,0.45393001566368346,-1.0436151349213487,0.0011542458288047416,0.18880595242809975,0.8100398017430954,3
0.901,0.7595585120663662,0.45288669761578376,-1.0430154480933753,0.0011466677663990728,0.1882505264216659,0.8106028058119351,3
0.9020000000000001,0.7600108772548836,0.4518439847674967,-1.0424047673096561,0.0011391370931411805,0.18769634488743556,0.8111645180194232,3
0.903,0.7604622000359011,0.45080188808116445,-1.041783155825148,0.0011316535344712275,0.18714340737051946,0.8117249390950093,3
0.9040000000000001,0.7609124810310459,0.4497604184558464,-1.0411506767282743,0.0011242168172276204,0.18659171340088437,0.8122840697818879,3
0.905,0.7613617208728128,0.4487195867277079,-1.0405073930519473,0.001116826669641518,0.18604126249343814,0.8128419108369204,3
0.9060000000000001,0.7618099202045013,0.4476794036697425,-1.0398533679401014,0.0011094828213313208,0.18549205414811348,0.8133984630305552,3
0.907,0.7622570796801523,0.4466398799918277,-1.0391886645644268,0.0011021850032971907,0.18494408784995386,0.813953727146749,3
0.9080000000000001,0.762703199964485,0.44560102634061366,-1.0385133459855913,0.0010949329479155723,0.1843973630691965,0.8145077039828881,3
0.909,0.7631482817328336,0.4445628532998565,-1.0378274754585517,0.0010877263889337197,0.1838518792613584,0.8150603943497079,3
0.9100000000000001,0.7635923256710847,0.44352537138969655,-1.0371311161272425,0.001080565061464233,0.18330763586731982,0.8156117990712161,3
0.911,0.764035332475613,0.442488591067602,-1.0364243309690648,0.0010734487019796138,0.18276463231340992,0.8161619189846104,3
0.9120000000000001,0.7644773028532199,0.4414525227277584,-1.0357071833222422,0.001066377048306817,0.18222286801149012,0.8167107549402031,3
0.913,0.7649182375210685,0.44041717670095754,-1.034979736275198,0.0010593498396218224,0.18168234235903977,0.8172583078013385,3
0.9140000000000001,0.7653581372066218,0.439382563255208,-1.0342420528886,0.001052366816444209,0.18114305473923975,0.817804578444316,3
0.915,0.7657970026475789,0.43834869259518033,-1.0334941962786273,0.0010454277206317433,0.18060500452105788,0.8183495677583104,3
0.9160000000000001,0.7662348345918122,0.43731557486265077,-1.0327362295614586,0.0010385322953749697,0.18006819105933236,0.8188932766452927,3
0.917,0.7666716337973042,0.4362832201360574,-1.0319682159365398,0.0010316802851918277,0.17953261369485718,0.8194357060199511,3
0.9180000000000001,0.7671074010320843,0.4352516384307777,-1.0311902183257606,0.0010248714359222513,0.1789982717544659,0.819976856809612,3
0.919,0.7675421370741657,0.4342208396994059,-1.0304022995677444,0.0010181054947228131,0.17846516455111644,0.8205167299541608,3
0.9199999999999999,0.7679758427114831,0.4331908338316422,-1.029604522917448,0.0010113822100613428,0.17793329138397493,0.8210553264059637,3
0.921,0.768408518741829,0.432161630653571,-1.0287969514632946,0.0010047013317115879,0.17740265153850038,0.821592647129788,3
0.9219999999999999,0.7688401659727903,0.4311332399287156,-1.027979647960641,0.0009980626107478588,0.176873244286529,0.8221286931027231,3
0.923,0.7692707852216865,0.4301056713576497,-1.02715267524811,0.0009914657995396977,0.1763450688863578,0.8226634653141025,3
0.9239999999999999,0.7697003773155056,0.4290789345782194,-1.0263160962753473,0.0009849106517465602,0.17581812458282958,0.8231969647654238,3
0.925,0.7701289430908429,0.428053039165099,-1.0254699739364872,0.0009783969223124927,0.17529241060741618,0.8237291924702714,3
0.9259999999999999,0.7705564833938358,0.4270279946303464,-1.0246143709591307,0.0009719243674608394,0.17476792617830297,0.8242601494542361,3
0.927,0.7709829990801036,0.42600381042318075,-1.0237493500708785,0.0009654927446889407,0.1742446705004727,0.8247898367548384,3
0.9279999999999999,0.7714084910146821,0.42498049593020465,-1.0228749738605538,0.000959101812762865,0.17372264276578944,0.8253182554214477,3
0.929,0.771832960071964,0.42395806047545964,-1.0219913051945353,0.0009527513317121197,0.17320184215308196,0.8258454065152059,3
0.9299999999999999,0.772256407135633,0.4229365133198156,-1.0210984065783792,0.0009464410628244083,0.17268226782822826,0.8263712911089472,3
0.931,0.7726788330986036,0.4219158636623029,-1.020196340378864,0.0009401707686403679,0.1721639189442384,0.8268959102871212,3
0.9319999999999999,0.7731002388629576,0.42089612063905785,-1.0192851693791019,0.0009339402129483401,0.17164679464133883,0.8274192651457128,3
0.933,0.7735206253398818,0.4198772933235447,-1.018364955807093,0.0009277491607791369,0.17113089404705487,0.8279413567921661,3
0.9339999999999999,0.7739399934496047,0.41885939072744366,-1.0174357618908383,0.0009215973784008297,0.17061621627629553,0.8284621863453037,3
0.935,0.7743583441213366,0.417842421799763,-1.0164976501358938,0.0009154846333135382,0.17010276043143532,0.8289817549352512,3
0.9359999999999999,0.7747756782932043,0.41682639542717187,-1.015550682714749,0.0009094106942442428,0.16959052560239868,0.829500063703357,3
0.937,0.775191996912191,0.4158113204343335,-1.014594921744382,0.000903375331141594,0.1690795108667422,0.8300171138021162,3
0.938,0.7756073009340729,0.4147972055836831,-1.01363042928626,0.0008973783151707474,0.16856971528973852,0.8305329063950907,3
0.9390000000000001,0.7760215913233584,0.413784059575761,-1.0126572673463388,0.0008914194187081961,0.1680611379244583,0.8310474426568335,3
0.94,0.7764348690532245,0.4127718910489904,-1.0116754979305744,0.000885498415336631,0.16755377781185382,0.8315607237728095,3
0.9410000000000001,0.7768471351054563,0.4117607085798998,-1.0106851828228782,0.0008796150798397938,0.16704763398084121,0.832072750939319,3
0.942,0.7772583904703843,0.41075052068334467,-1.009686383779406,0.0008737691881973599,0.16654270544838354,0.8325835253634192,3
0.9430000000000001,0.777668636146823,0.409741335812341,-1.0086791626118243,0.0008679605175798118,0.1660389912195724,0.8330930482628478,3
0.944,0.7780778731420089,0.408733162358121,-1.0076635807154668,0.0008621888463433514,0.16553649028771156,0.8336013208659451,3
0.9450000000000001,0.7784861024715393,0.4077260086509101,-1.0066396995689333,0.0008564539540247937,0.16503520163439792,0.8341083444115772,3
0.946,0.7788933251593108,0.40671988295898315,-1.0056075809283518,0.0008507556213365023,0.16453512422960476,0.8346141201490588,3
0.9470000000000001,0.7792995422374572,0.40571479348905337,-1.0045672859670665,0.0008450936301613049,0.1640362570317626,0.8351186493380761,3
0.948,0.7797047547462889,0.404710748387049,-1.0035188758306104,0.0008394677635474575,0.16353859898784243,0.8356219332486101,3
0.9490000000000001,0.7801089637342313,0.40370775573739215,-1.0024624116644612,0.0008338778057035809,0.16304214903343608,0.8361239731608604,3
0.95,0.7805121702577636,0.4027058235637201,-1.0013979544754017,0.0008283235419936436,0.16254690609283884,0.8366247703651675,3
0.9510000000000001,0.7809143753813588,0.40170495982844134,-1.0003255654089651,0.0008228047589319326,0.1620528690791304,0.8371243261619377,3
0.952,0.7813155801774205,0.40070517243290216,-0.9992453051943508,0.0008173212441780525,0.16156003689425666,0.8376226418615653,3
0.9530000000000001,0.7817157857262246,0.39970646921805264,-0.9981572344774916,0.0008118727865319228,0.16106840842911005,0.838119718784358,3
0.954,0.7821149931158566,0.39870885796394717,-0.997061414043098,0.000806459175928802,0.1605779825636117,0.8386155582604595,3
0.9550000000000001,0.7825132034421525,0.39771234638996644,-0.9959579043428137,0.0008010802034343118,0.1600887581667916,0.8391101616297741,3
0.956,0.7829104178086366,0.39671694215526154,-0.9948467656895046,0.0007957356612394815,0.15960073409686967,0.8396035302418909,3
0.9570000000000001,0.783306637326463,0.39572265285858743,-0.9937280585348143,0.000790425342655793,0.15911390920133603,0.8400956654560081,3
0.958,0.7837018631143537,0.3947294860381919,-0.9926018430805863,0.00078514904211026,0.15862828231703222,0.8405865686408576,3
0.9590000000000001,0.7840960962985394,0.39373744917242626,-0.9914681792511084,0.000779906555140493,0.15814385227023037,0.8410762411746292,3
0.96,0.7844893380126986,0.3927465496796897,-0.9903271271094463,0.000774697678389802,0.15766061787671448,0.8415646844448957,3
0.9610000000000001,0.7848815893978988,0.39175679491820736,-0.9891787464688653,0.0007695222096022874,0.15717857794185963,0.8420518998485381,3
0.962,0.785272851602535,0.39076819218675196,-0.9880230969205863,0.0007643799476179708,0.1566977312607122,0.8425378887916698,3
0.9630000000000001,0.7856631257822723,0.3897807487243662,-0.9868602382778748,0.000759270692367906,0.15621807661806927,0.8430226526895628,3
0.964,0.7860524130999837,0.3887944717101962,-0.9856902299376626,0.0007541942448693358,0.1557396127885584,0.8435061929665723,3
0.9650000000000001,0.7864407147256927,0.38780936826449086,-0.9845131310193258,0.0007491504072208341,0.15526233853671664,0.8439885110560625,3
0.966,0.7868280318365127,0.38682544544815756,-0.9833290010308184,0.0007441389825974807,0.15478625261707013,0.8444696084003323,3
0.9670000000000001,0.787214365616589,0.3858427102624292,-0.982137899063761,0.0007391597752460351,0.15431135377421237,0.8449494864505417,3
0.968,0.7875997172570376,0.38486116965003003,-0.9809398837101737,0.0007342125904801317,0.15383764074288386,0.845428146666636,3
0.9690000000000001,0.787984087955889,0.3838808304950089,-0.9797350141171881,0.0007292972346754842,0.15336511224805,0.8459055905172745,3
0.97,0.7883674789180276,0.38290169962179565,-0.9785233489323355,0.0007244135152651039,0.1528937670049801,0.8463818194797549,3
0.9710000000000001,0.7887498913551326,0.3819237837971442,-0.9773049463868135,0.0007195612407345246,0.15242360371932512,0.8468568350399402,3
0.972,0.7891313264856219,0.380947089729022,-0.9760798653501981,0.000714740220617059,0.1519546210871964,0.8473306386921865,3
0.9730000000000001,0.7895117855345907,0.3799716240664438,-0.9748481639426645,0.0007099502654890409,0.15148681779524273,0.8478032319392682,3
0.974,0.7898912697337548,0.3789973934011367,-0.9736099000900991,0.0007051911869651068,0.1510201925207289,0.8482746162923059,3
0.9750000000000001,0.790269780321393,0.3780244042662636,-0.9723651319404327,0.0007004627976934715,0.15055474393161256,0.8487447932706941,3
0.976,0.7906473185422873,0.37705266313725583,-0.9711139173085295,0.0006957649113512299,0.150090470686622,0.8492137644020267,3
0.9770000000000001,0.7910238856476675,0.37608217643164654,-0.969856313898231,0.0006910973426396584,0.1496273714353328,0.8496815312220275,3
0.978,0.7913994828951506,0.37511295050945936,-0.9685923792468456,0.0006864599072795461,0.14916544481824556,0.8501480952744748,3
0.9790000000000001,0.7917741115486864,0.37414499167315285,-0.9673221707806592,0.0006818524220065228,0.14870468946686155,0.850613458111132,3
0.98,0.7921477728784969,0.37317830616789804,-0.9660457457039131,0.0006772747045664148,0.1482451040037602,0.8510776212916733,3
0.9810000000000001,0.7925204681610222,0.372212900181745,-0.9647631611653376,0.0006727265737105991,0.14778668704267486,0.8515405863836146,3
0.982,0.7928921986788604,0.37124877984556737,-0.963474474036107,0.0006682078491913897,0.14732943718856942,0.8520023549622392,3
0.9830000000000001,0.7932629657207133,0.3702859512336728,-0.9621797410763735,0.0006637183517574128,0.14687335303771357,0.852462928610529,3
0.984,0.7936327705813278,0.3693244203634146,-0.9608790191573116,0.0006592579031490214,0.14641843317775932,0.8529223089190917,3
0.9850000000000001,0.7940016145614401,0.3683641931953582,-0.9595723646504952,0.0006548263260937019,0.14596467618781567,0.8533804974860907,3
0.986,0.7943694989677185,0.3674052756341136,-0.9582598336221873,0.0006504234443015097,0.14551208063852483,0.8538374959171736,3
0.9870000000000001,0.7947364251127084,0.3664476735281138,-0.9569414824994729,0.0006460490824605047,0.14506064509213643,0.8542933058254031,3
0.988,0.7951023943147747,0.3654913926691147,-0.9556173673486148,0.0006417030662322165,0.144610368102583,0.8547479288311849,3
0.9890000000000001,0.7954674078980466,0.3645364387934166,-0.9542875436807643,0.0006373852222471037,0.14416124821555432,0.8552013665621986,3
0.99,0.7958314671923615,0.36358281758175315,-0.9529520674234062,0.0006330953781000456,0.14371328396857225,0.8556536206533276,3
0.9910000000000001,0.7961945735332101,0.36263053465856976,-0.9516109942264697,0.0006288333623458309,0.14326647389106426,0.85610469274659,3
0.992,0.7965567282616787,0.3616795955933002,-0.9502643790459944,0.0006245990044946753,0.1428208165044384,0.8565545844910669,3
0.9930000000000001,0.7969179327243967,0.36073000590047777,-0.9489122772543537,0.0006203921350077374,0.14237631032215609,0.8570032975428362,3
0.994,0.7972781882734796,0.3597817710387915,-0.9475547440296319,0.0006162125852926645,0.14193295384980645,0.8574508335649009,3
0.9950000000000001,0.7976374962664743,0.3588348964124185,-0.9461918340225575,0.0006120601876991348,0.1414907455851792,0.8578971942271217,3
0.996,0.7979958580663045,0.3578893873707464,-0.944823601800592,0.000607934775514432,0.14104968401833817,0.8583423812061475,3
0.9970000000000001,0.7983532750412158,0.3569452492088173,-0.9434501019589527,0.0006038361829590119,0.14060976763169364,0.8587863961853472,3
0.998,0.7987097485647221,0.3560024871668285,-0.9420713890651014,0.000599764245182106,0.1401709949000756,0.8592292408547424,3
0.9990000000000001,0.7990652800155494,0.3550611064306871,-0.7058625663969302,0.0005957187982573164,0.13973336429080566,0.8596709169109371,3
1.0,0.7994198707775835,0.3545907620340346,-0.4703443966524996,0.0005916996791782467,0.13929687426376977,0.8601114260570519,3
